
**********************************************************
VitHeadlessServer session log
Log started: 5 Apr 2026 6:06:25pm

VitHeadlessServer: application startup.
Settings file: D:\Vit_DAW\VitApp\Workspace\Settings\Settings.xml
Audio block size: 480  Rate: 48000
Creating Default Controllers...
VitEngineDevice: initialising Tracktion Engine device manager.
Audio block size: 480  Rate: 48000
Rebuilding Wave Device List...
Wave In: Input 1 (enabled): 0 (L)
Wave In: Input 2 (enabled): 1 (L)
Wave Out: Output 1 + 2 (enabled): 0 (L), 1 (R)
Default Wave Out: Output 1 + 2
Default MIDI Out: 
Default Wave In: Input 1
Default MIDI In: 
VitEngineDevice: audio IO ready for playback graph: "扬声器 (USB AUDIO  CODEC)" 48000.00 Hz, block 480 samples
VitEngineDevice: audio setup outputDevice="扬声器 (USB AUDIO  CODEC)" inputDevice="麦克风 (Sonic Studio Virtual Mixer)" sampleRate=48000.00 bufferSize=480 inputChannels=11 outputChannels=11
VitEngineDevice: current audio device name="扬声器 (USB AUDIO  CODEC)" type="Windows Audio" activeOutputChannels=Output channel 1, Output channel 2" activeInputChannels=Input channel 1, Input channel 2"
VitHeadlessService: edit loaded from D:\Vit_DAW\VitApp\Workspace\default_project.xml
VitEngineDevice: audio IO ready for playback graph: "扬声器 (USB AUDIO  CODEC)" 48000.00 Hz, block 480 samples
VitKernelUtils: wave clip 1011 forced direct file rebind: D:\Vit_DAW\test_target_3s.wav
VitHeadlessService: project reload complete.
ZmqGateway: bound command endpoint to tcp://127.0.0.1:5555
ZmqGateway: bound publish endpoint to tcp://127.0.0.1:5556
ZmqGateway: bound log endpoint to tcp://127.0.0.1:5557
ZmqGateway: started network thread.
VitHeadlessService: service started successfully.
VitHeadlessServer: startup complete, entering background message loop.
MIDI Input devices scanned in: 0
Updating MIDI I/O devices
Found MIDI in: all_midi_in ("All MIDI Ins") (enabled)
Found MIDI out: out_81b0d7ef ("Microsoft GS Wavetable Synth") (enabled)
opening MIDI out device: out_81b0d7ef (Microsoft GS Wavetable Synth)
ZmqGateway: received command payload: {"cmd":"get_recent_projects"}
ZmqGateway: dispatching payload to JUCE message thread.
VitHeadlessService: processing queued command on JUCE message thread: {"cmd":"get_recent_projects"}
Command received: {"cmd":"get_recent_projects"}
Command executed: get_recent_projects, result: {
  "status": "ok",
  "recent_projects": [
    "D:\\Godot\\project\\vit-daw-frontend\\4.4.3.vit",
    "D:\\Godot\\project\\vit-daw-frontend\\4.4.2.vit",
    "D:\\Godot\\project\\vit-daw-frontend\\4.4.1.vit",
    "D:\\Godot\\project\\vit-daw-frontend\\4.4.vit",
    "D:\\4.1.tracktionedit"
  ]
}
VitHeadlessService: command reply (truncated): {
  "status": "ok",
  "recent_projects": [
    "D:\\Godot\\project\\vit-daw-frontend\\4.4.3.vit",
    "D:\\Godot\\project\\vit-daw-frontend\\4.4.2.vit",
    "D:\\Godot\\project\\vit-daw-frontend\\4.4.1.vit",
    "D
ZmqGateway: received command payload: {"cmd":"open_project","file_path":"D:\\Godot\\project\\vit-daw-frontend\\4.4.3.vit"}
ZmqGateway: dispatching payload to JUCE message thread.
VitHeadlessService: processing queued command on JUCE message thread: {"cmd":"open_project","file_path":"D:\\Godot\\project\\vit-daw-frontend\\4.4.3.vit"}
Command received: {"cmd":"open_project","file_path":"D:\\Godot\\project\\vit-daw-frontend\\4.4.3.vit"}
VitEngineDevice: audio IO ready for playback graph: "扬声器 (USB AUDIO  CODEC)" 48000.00 Hz, block 480 samples
VitKernelUtils: wave clip 1011 forced direct file rebind: D:\Vit_DAW\test_target_3s.wav
VitHeadlessService: loaded project from D:\Godot\project\vit-daw-frontend\4.4.3.vit
Command executed: open_project, result: {
  "status": "ok",
  "message": "Project opened"
}
VitHeadlessService: command reply (truncated): {
  "status": "ok",
  "message": "Project opened"
}
ZmqGateway: received command payload: {"cmd":"ping"}
ZmqGateway: dispatching payload to JUCE message thread.
VitHeadlessService: processing queued command on JUCE message thread: {"cmd":"ping"}
Command received: {"cmd":"ping"}
CommandDispatcher: handled ping command.
Command executed: ping, result: {
  "status": "ok",
  "message": "pong"
}
VitHeadlessService: command reply (truncated): {
  "status": "ok",
  "message": "pong"
}
ZmqGateway: received command payload: {"cmd":"get_project_state"}
ZmqGateway: dispatching payload to JUCE message thread.
VitHeadlessService: processing queued command on JUCE message thread: {"cmd":"get_project_state"}
Command received: {"cmd":"get_project_state"}
Command executed: get_project_state, result: {
  "status": "ok",
  "project_path": "D:\\Godot\\project\\vit-daw-frontend\\4.4.3.vit",
  "tracks": [
    {
      "id": "1002",
      "name": "Arranger",
      "type": "audio",
      "plugins": [],
      "clips": []
    },
    {
      "id": "1003",
      "name": "Chord",
      "type": "audio",
      "plugins": [],
      "clips": []
    },
    {
      "id": "1004",
      "name": "Marker",
      "type": "audio",
      "plugins": [],
      "clips": []
    },
    {
      "id": "1005",
      "name": "Tempo",
      "type": "audio",
      "plugins": [],
      "clips": []
    },
    {
      "id": "1006",
      "name": "Master",
      "type": "master",
      "plugins": [],
      "clips": []
    },
    {
      "id": "1007",
      "name": "Audio Track 1",
      "type": "audio",
      "plugins": [
        {
          "id": "1012",
          "name": "SPAN",
          "type": "vst",
          "enabled": true
        },
        {
          "id": "1008",
          "name": "Volume & Pan Plugin",
          "type": "volume",
          "enabled": true
        },
        {
          "id": "1009",
          "name": "Level Meter",
          "type": "level",
          "enabled": true
        }
      ],
      "clips": [
        {
          "id": "1011",
          "name": "test_target_3s",
          "clip_type": "wave",
          "start_seconds": 0.0,
          "end_seconds": 3.0,
          "length_seconds": 3.0,
          "file_path": "D:\\Vit_DAW\\test_target_3s.wav",
          "current_source_path": "D:\\Vit_DAW\\test_target_3s.wav",
          "playback_source_valid": true
        }
      ],
      "output_to_device_resolved": true,
      "output_device_enabled": true,
      "output_device_id": "out_b7a4b4c1",
      "output_routing_name": "(default audio output)"
    },
    {
      "id": "1013",
      "name": "Audio Track 2",
      "type": "audio",
      "plugins": [
        {
          "id": "1016",
          "name": "TDR Nova",
          "type": "vst",
          "enabled": true
        },
        {
          "id": "1014",
          "name": "Volume & Pan Plugin",
          "type": "volume",
          "enabled": true
        },
        {
          "id": "1015",
          "name": "Level Meter",
          "type": "level",
          "enabled": true
        }
      ],
      "clips": [],
      "output_to_device_resolved": true,
      "output_device_enabled": true,
      "output_device_id": "out_b7a4b4c1",
      "output_routing_name": "(default audio output)"
    }
  ]
}
VitHeadlessService: command reply (truncated): {
  "status": "ok",
  "project_path": "D:\\Godot\\project\\vit-daw-frontend\\4.4.3.vit",
  "tracks": [
    {
      "id": "1002",
      "name": "Arranger",
      "type": "audio",
      "plugins": [],
      "clips
ZmqGateway: received command payload: {"cmd":"list_tracks"}
ZmqGateway: dispatching payload to JUCE message thread.
VitHeadlessService: processing queued command on JUCE message thread: {"cmd":"list_tracks"}
Command received: {"cmd":"list_tracks"}
Command executed: list_tracks, result: {
  "status": "ok",
  "message": "Track list fetched",
  "tracks": [
    {
      "id": "1002",
      "name": "Arranger",
      "track_type": "track",
      "is_audio": false,
      "is_audio_track": false,
      "vit_type": "",
      "vit_intent": "",
      "plugin_count": 0,
      "plugins": []
    },
    {
      "id": "1003",
      "name": "Chord",
      "track_type": "track",
      "is_audio": false,
      "is_audio_track": false,
      "vit_type": "",
      "vit_intent": "",
      "plugin_count": 0,
      "plugins": []
    },
    {
      "id": "1004",
      "name": "Marker",
      "track_type": "track",
      "is_audio": false,
      "is_audio_track": false,
      "vit_type": "",
      "vit_intent": "",
      "plugin_count": 0,
      "plugins": []
    },
    {
      "id": "1005",
      "name": "Tempo",
      "track_type": "track",
      "is_audio": false,
      "is_audio_track": false,
      "vit_type": "",
      "vit_intent": "",
      "plugin_count": 0,
      "plugins": []
    },
    {
      "id": "1006",
      "name": "Master",
      "track_type": "master",
      "is_audio": false,
      "is_audio_track": false,
      "vit_type": "",
      "vit_intent": "",
      "plugin_count": 0,
      "plugins": []
    },
    {
      "id": "1007",
      "name": "Audio Track 1",
      "track_type": "audio",
      "is_audio": true,
      "is_audio_track": true,
      "vit_type": "audio",
      "vit_intent": "",
      "plugin_count": 3,
      "plugins": [
        {
          "name": "SPAN",
          "type": "vst",
          "enabled": true
        },
        {
          "name": "Volume & Pan Plugin",
          "type": "volume",
          "enabled": true
        },
        {
          "name": "Level Meter",
          "type": "level",
          "enabled": true
        }
      ]
    },
    {
      "id": "1013",
      "name": "Audio Track 2",
      "track_type": "audio",
      "is_audio": true,
      "is_audio_track": true,
      "vit_type": "audio",
      "vit_intent": "",
      "plugin_count": 3,
      "plugins": [
        {
          "name": "TDR Nova",
          "type": "vst",
          "enabled": true
        },
        {
          "name": "Volume & Pan Plugin",
          "type": "volume",
          "enabled": true
        },
        {
          "name": "Level Meter",
          "type": "level",
          "enabled": true
        }
      ]
    }
  ]
}
VitHeadlessService: command reply (truncated): {
  "status": "ok",
  "message": "Track list fetched",
  "tracks": [
    {
      "id": "1002",
      "name": "Arranger",
      "track_type": "track",
      "is_audio": false,
      "is_audio_track": false,
    
ZmqGateway: received command payload: {"cmd":"warm_waveform_bake","file_path":"D:\\Vit_DAW\\test_target_3s.wav","track_id":"1007"}
ZmqGateway: dispatching payload to JUCE message thread.
VitHeadlessService: processing queued command on JUCE message thread: {"cmd":"warm_waveform_bake","file_path":"D:\\Vit_DAW\\test_target_3s.wav","track_id":"1007"}
Command received: {"cmd":"warm_waveform_bake","file_path":"D:\\Vit_DAW\\test_target_3s.wav","track_id":"1007"}
Command executed: warm_waveform_bake, result: {
  "status": "ok",
  "cmd": "warm_waveform_bake",
  "track_id": "1007",
  "file_path": "D:\\Vit_DAW\\test_target_3s.wav",
  "message": "Waveform bake started (no new clip inserted)"
}
VitHeadlessService: command reply (truncated): {
  "status": "ok",
  "cmd": "warm_waveform_bake",
  "track_id": "1007",
  "file_path": "D:\\Vit_DAW\\test_target_3s.wav",
  "message": "Waveform bake started (no new clip inserted)"
}
ZmqGateway: received command payload: {"cmd":"list_tracks"}
ZmqGateway: dispatching payload to JUCE message thread.
VitHeadlessService: processing queued command on JUCE message thread: {"cmd":"list_tracks"}
Command received: {"cmd":"list_tracks"}
Command executed: list_tracks, result: {
  "status": "ok",
  "message": "Track list fetched",
  "tracks": [
    {
      "id": "1002",
      "name": "Arranger",
      "track_type": "track",
      "is_audio": false,
      "is_audio_track": false,
      "vit_type": "",
      "vit_intent": "",
      "plugin_count": 0,
      "plugins": []
    },
    {
      "id": "1003",
      "name": "Chord",
      "track_type": "track",
      "is_audio": false,
      "is_audio_track": false,
      "vit_type": "",
      "vit_intent": "",
      "plugin_count": 0,
      "plugins": []
    },
    {
      "id": "1004",
      "name": "Marker",
      "track_type": "track",
      "is_audio": false,
      "is_audio_track": false,
      "vit_type": "",
      "vit_intent": "",
      "plugin_count": 0,
      "plugins": []
    },
    {
      "id": "1005",
      "name": "Tempo",
      "track_type": "track",
      "is_audio": false,
      "is_audio_track": false,
      "vit_type": "",
      "vit_intent": "",
      "plugin_count": 0,
      "plugins": []
    },
    {
      "id": "1006",
      "name": "Master",
      "track_type": "master",
      "is_audio": false,
      "is_audio_track": false,
      "vit_type": "",
      "vit_intent": "",
      "plugin_count": 0,
      "plugins": []
    },
    {
      "id": "1007",
      "name": "Audio Track 1",
      "track_type": "audio",
      "is_audio": true,
      "is_audio_track": true,
      "vit_type": "audio",
      "vit_intent": "",
      "plugin_count": 3,
      "plugins": [
        {
          "name": "SPAN",
          "type": "vst",
          "enabled": true
        },
        {
          "name": "Volume & Pan Plugin",
          "type": "volume",
          "enabled": true
        },
        {
          "name": "Level Meter",
          "type": "level",
          "enabled": true
        }
      ]
    },
    {
      "id": "1013",
      "name": "Audio Track 2",
      "track_type": "audio",
      "is_audio": true,
      "is_audio_track": true,
      "vit_type": "audio",
      "vit_intent": "",
      "plugin_count": 3,
      "plugins": [
        {
          "name": "TDR Nova",
          "type": "vst",
          "enabled": true
        },
        {
          "name": "Volume & Pan Plugin",
          "type": "volume",
          "enabled": true
        },
        {
          "name": "Level Meter",
          "type": "level",
          "enabled": true
        }
      ]
    }
  ]
}
VitHeadlessService: command reply (truncated): {
  "status": "ok",
  "message": "Track list fetched",
  "tracks": [
    {
      "id": "1002",
      "name": "Arranger",
      "track_type": "track",
      "is_audio": false,
      "is_audio_track": false,
    
ZmqGateway: received command payload: {"cmd":"instantiate_plugin","plugin_path":"C:/Program Files/Common Files/VST3/TDR Nova.vst3","track_id":"1007"}
ZmqGateway: dispatching payload to JUCE message thread.
VitHeadlessService: processing queued command on JUCE message thread: {"cmd":"instantiate_plugin","plugin_path":"C:/Program Files/Common Files/VST3/TDR Nova.vst3","track_id":"1007"}
Command received: {"cmd":"instantiate_plugin","plugin_path":"C:/Program Files/Common Files/VST3/TDR Nova.vst3","track_id":"1007"}
VitHeadlessService: project saved to D:\Vit_DAW\VitApp\Workspace\default_project.xml
Command executed: instantiate_plugin, result: {
  "status": "ok",
  "message": "Plugin instantiated",
  "track_id": "1007",
  "plugin_id": "1017",
  "plugin_name": "TDR Nova"
}
VitHeadlessService: command reply (truncated): {
  "status": "ok",
  "message": "Plugin instantiated",
  "track_id": "1007",
  "plugin_id": "1017",
  "plugin_name": "TDR Nova"
}
ZmqGateway: received command payload: {"cmd":"get_project_state"}
ZmqGateway: dispatching payload to JUCE message thread.
VitHeadlessService: processing queued command on JUCE message thread: {"cmd":"get_project_state"}
Command received: {"cmd":"get_project_state"}
Command executed: get_project_state, result: {
  "status": "ok",
  "project_path": "D:\\Godot\\project\\vit-daw-frontend\\4.4.3.vit",
  "tracks": [
    {
      "id": "1002",
      "name": "Arranger",
      "type": "audio",
      "plugins": [],
      "clips": []
    },
    {
      "id": "1003",
      "name": "Chord",
      "type": "audio",
      "plugins": [],
      "clips": []
    },
    {
      "id": "1004",
      "name": "Marker",
      "type": "audio",
      "plugins": [],
      "clips": []
    },
    {
      "id": "1005",
      "name": "Tempo",
      "type": "audio",
      "plugins": [],
      "clips": []
    },
    {
      "id": "1006",
      "name": "Master",
      "type": "master",
      "plugins": [],
      "clips": []
    },
    {
      "id": "1007",
      "name": "Audio Track 1",
      "type": "audio",
      "plugins": [
        {
          "id": "1017",
          "name": "TDR Nova",
          "type": "vst",
          "enabled": true
        },
        {
          "id": "1012",
          "name": "SPAN",
          "type": "vst",
          "enabled": true
        },
        {
          "id": "1008",
          "name": "Volume & Pan Plugin",
          "type": "volume",
          "enabled": true
        },
        {
          "id": "1009",
          "name": "Level Meter",
          "type": "level",
          "enabled": true
        }
      ],
      "clips": [
        {
          "id": "1011",
          "name": "test_target_3s",
          "clip_type": "wave",
          "start_seconds": 0.0,
          "end_seconds": 3.0,
          "length_seconds": 3.0,
          "file_path": "D:\\Vit_DAW\\test_target_3s.wav",
          "current_source_path": "D:\\Vit_DAW\\test_target_3s.wav",
          "playback_source_valid": true
        }
      ],
      "output_to_device_resolved": true,
      "output_device_enabled": true,
      "output_device_id": "out_b7a4b4c1",
      "output_routing_name": "(default audio output)"
    },
    {
      "id": "1013",
      "name": "Audio Track 2",
      "type": "audio",
      "plugins": [
        {
          "id": "1016",
          "name": "TDR Nova",
          "type": "vst",
          "enabled": true
        },
        {
          "id": "1014",
          "name": "Volume & Pan Plugin",
          "type": "volume",
          "enabled": true
        },
        {
          "id": "1015",
          "name": "Level Meter",
          "type": "level",
          "enabled": true
        }
      ],
      "clips": [],
      "output_to_device_resolved": true,
      "output_device_enabled": true,
      "output_device_id": "out_b7a4b4c1",
      "output_routing_name": "(default audio output)"
    }
  ]
}
VitHeadlessService: command reply (truncated): {
  "status": "ok",
  "project_path": "D:\\Godot\\project\\vit-daw-frontend\\4.4.3.vit",
  "tracks": [
    {
      "id": "1002",
      "name": "Arranger",
      "type": "audio",
      "plugins": [],
      "clips
ZmqGateway: received command payload: {"cmd":"warm_waveform_bake","file_path":"D:\\Vit_DAW\\test_target_3s.wav","track_id":"1007"}
ZmqGateway: dispatching payload to JUCE message thread.
VitHeadlessService: processing queued command on JUCE message thread: {"cmd":"warm_waveform_bake","file_path":"D:\\Vit_DAW\\test_target_3s.wav","track_id":"1007"}
Command received: {"cmd":"warm_waveform_bake","file_path":"D:\\Vit_DAW\\test_target_3s.wav","track_id":"1007"}
Command executed: warm_waveform_bake, result: {
  "status": "ok",
  "cmd": "warm_waveform_bake",
  "track_id": "1007",
  "file_path": "D:\\Vit_DAW\\test_target_3s.wav",
  "message": "Waveform bake started (no new clip inserted)"
}
VitHeadlessService: command reply (truncated): {
  "status": "ok",
  "cmd": "warm_waveform_bake",
  "track_id": "1007",
  "file_path": "D:\\Vit_DAW\\test_target_3s.wav",
  "message": "Waveform bake started (no new clip inserted)"
}
ZmqGateway: received command payload: {"cmd":"list_tracks"}
ZmqGateway: dispatching payload to JUCE message thread.
VitHeadlessService: processing queued command on JUCE message thread: {"cmd":"list_tracks"}
Command received: {"cmd":"list_tracks"}
Command executed: list_tracks, result: {
  "status": "ok",
  "message": "Track list fetched",
  "tracks": [
    {
      "id": "1002",
      "name": "Arranger",
      "track_type": "track",
      "is_audio": false,
      "is_audio_track": false,
      "vit_type": "",
      "vit_intent": "",
      "plugin_count": 0,
      "plugins": []
    },
    {
      "id": "1003",
      "name": "Chord",
      "track_type": "track",
      "is_audio": false,
      "is_audio_track": false,
      "vit_type": "",
      "vit_intent": "",
      "plugin_count": 0,
      "plugins": []
    },
    {
      "id": "1004",
      "name": "Marker",
      "track_type": "track",
      "is_audio": false,
      "is_audio_track": false,
      "vit_type": "",
      "vit_intent": "",
      "plugin_count": 0,
      "plugins": []
    },
    {
      "id": "1005",
      "name": "Tempo",
      "track_type": "track",
      "is_audio": false,
      "is_audio_track": false,
      "vit_type": "",
      "vit_intent": "",
      "plugin_count": 0,
      "plugins": []
    },
    {
      "id": "1006",
      "name": "Master",
      "track_type": "master",
      "is_audio": false,
      "is_audio_track": false,
      "vit_type": "",
      "vit_intent": "",
      "plugin_count": 0,
      "plugins": []
    },
    {
      "id": "1007",
      "name": "Audio Track 1",
      "track_type": "audio",
      "is_audio": true,
      "is_audio_track": true,
      "vit_type": "audio",
      "vit_intent": "",
      "plugin_count": 4,
      "plugins": [
        {
          "name": "TDR Nova",
          "type": "vst",
          "enabled": true
        },
        {
          "name": "SPAN",
          "type": "vst",
          "enabled": true
        },
        {
          "name": "Volume & Pan Plugin",
          "type": "volume",
          "enabled": true
        },
        {
          "name": "Level Meter",
          "type": "level",
          "enabled": true
        }
      ]
    },
    {
      "id": "1013",
      "name": "Audio Track 2",
      "track_type": "audio",
      "is_audio": true,
      "is_audio_track": true,
      "vit_type": "audio",
      "vit_intent": "",
      "plugin_count": 3,
      "plugins": [
        {
          "name": "TDR Nova",
          "type": "vst",
          "enabled": true
        },
        {
          "name": "Volume & Pan Plugin",
          "type": "volume",
          "enabled": true
        },
        {
          "name": "Level Meter",
          "type": "level",
          "enabled": true
        }
      ]
    }
  ]
}
VitHeadlessService: command reply (truncated): {
  "status": "ok",
  "message": "Track list fetched",
  "tracks": [
    {
      "id": "1002",
      "name": "Arranger",
      "track_type": "track",
      "is_audio": false,
      "is_audio_track": false,
    
ZmqGateway: received command payload: {"cmd":"instantiate_plugin","plugin_path":"C:/Program Files/Common Files/VST3/SPAN.vst3","track_id":"1007"}
ZmqGateway: dispatching payload to JUCE message thread.
VitHeadlessService: processing queued command on JUCE message thread: {"cmd":"instantiate_plugin","plugin_path":"C:/Program Files/Common Files/VST3/SPAN.vst3","track_id":"1007"}
Command received: {"cmd":"instantiate_plugin","plugin_path":"C:/Program Files/Common Files/VST3/SPAN.vst3","track_id":"1007"}
VitHeadlessService: project saved to D:\Vit_DAW\VitApp\Workspace\default_project.xml
Command executed: instantiate_plugin, result: {
  "status": "ok",
  "message": "Plugin instantiated",
  "track_id": "1007",
  "plugin_id": "1018",
  "plugin_name": "SPAN"
}
VitHeadlessService: command reply (truncated): {
  "status": "ok",
  "message": "Plugin instantiated",
  "track_id": "1007",
  "plugin_id": "1018",
  "plugin_name": "SPAN"
}
ZmqGateway: received command payload: {"cmd":"get_project_state"}
ZmqGateway: dispatching payload to JUCE message thread.
VitHeadlessService: processing queued command on JUCE message thread: {"cmd":"get_project_state"}
Command received: {"cmd":"get_project_state"}
Command executed: get_project_state, result: {
  "status": "ok",
  "project_path": "D:\\Godot\\project\\vit-daw-frontend\\4.4.3.vit",
  "tracks": [
    {
      "id": "1002",
      "name": "Arranger",
      "type": "audio",
      "plugins": [],
      "clips": []
    },
    {
      "id": "1003",
      "name": "Chord",
      "type": "audio",
      "plugins": [],
      "clips": []
    },
    {
      "id": "1004",
      "name": "Marker",
      "type": "audio",
      "plugins": [],
      "clips": []
    },
    {
      "id": "1005",
      "name": "Tempo",
      "type": "audio",
      "plugins": [],
      "clips": []
    },
    {
      "id": "1006",
      "name": "Master",
      "type": "master",
      "plugins": [],
      "clips": []
    },
    {
      "id": "1007",
      "name": "Audio Track 1",
      "type": "audio",
      "plugins": [
        {
          "id": "1018",
          "name": "SPAN",
          "type": "vst",
          "enabled": true
        },
        {
          "id": "1017",
          "name": "TDR Nova",
          "type": "vst",
          "enabled": true
        },
        {
          "id": "1012",
          "name": "SPAN",
          "type": "vst",
          "enabled": true
        },
        {
          "id": "1008",
          "name": "Volume & Pan Plugin",
          "type": "volume",
          "enabled": true
        },
        {
          "id": "1009",
          "name": "Level Meter",
          "type": "level",
          "enabled": true
        }
      ],
      "clips": [
        {
          "id": "1011",
          "name": "test_target_3s",
          "clip_type": "wave",
          "start_seconds": 0.0,
          "end_seconds": 3.0,
          "length_seconds": 3.0,
          "file_path": "D:\\Vit_DAW\\test_target_3s.wav",
          "current_source_path": "D:\\Vit_DAW\\test_target_3s.wav",
          "playback_source_valid": true
        }
      ],
      "output_to_device_resolved": true,
      "output_device_enabled": true,
      "output_device_id": "out_b7a4b4c1",
      "output_routing_name": "(default audio output)"
    },
    {
      "id": "1013",
      "name": "Audio Track 2",
      "type": "audio",
      "plugins": [
        {
          "id": "1016",
          "name": "TDR Nova",
          "type": "vst",
          "enabled": true
        },
        {
          "id": "1014",
          "name": "Volume & Pan Plugin",
          "type": "volume",
          "enabled": true
        },
        {
          "id": "1015",
          "name": "Level Meter",
          "type": "level",
          "enabled": true
        }
      ],
      "clips": [],
      "output_to_device_resolved": true,
      "output_device_enabled": true,
      "output_device_id": "out_b7a4b4c1",
      "output_routing_name": "(default audio output)"
    }
  ]
}
VitHeadlessService: command reply (truncated): {
  "status": "ok",
  "project_path": "D:\\Godot\\project\\vit-daw-frontend\\4.4.3.vit",
  "tracks": [
    {
      "id": "1002",
      "name": "Arranger",
      "type": "audio",
      "plugins": [],
      "clips
ZmqGateway: received command payload: {"cmd":"warm_waveform_bake","file_path":"D:\\Vit_DAW\\test_target_3s.wav","track_id":"1007"}
ZmqGateway: dispatching payload to JUCE message thread.
VitHeadlessService: processing queued command on JUCE message thread: {"cmd":"warm_waveform_bake","file_path":"D:\\Vit_DAW\\test_target_3s.wav","track_id":"1007"}
Command received: {"cmd":"warm_waveform_bake","file_path":"D:\\Vit_DAW\\test_target_3s.wav","track_id":"1007"}
Command executed: warm_waveform_bake, result: {
  "status": "ok",
  "cmd": "warm_waveform_bake",
  "track_id": "1007",
  "file_path": "D:\\Vit_DAW\\test_target_3s.wav",
  "message": "Waveform bake started (no new clip inserted)"
}
VitHeadlessService: command reply (truncated): {
  "status": "ok",
  "cmd": "warm_waveform_bake",
  "track_id": "1007",
  "file_path": "D:\\Vit_DAW\\test_target_3s.wav",
  "message": "Waveform bake started (no new clip inserted)"
}
ZmqGateway: received command payload: {"cmd":"list_tracks"}
ZmqGateway: dispatching payload to JUCE message thread.
VitHeadlessService: processing queued command on JUCE message thread: {"cmd":"list_tracks"}
Command received: {"cmd":"list_tracks"}
Command executed: list_tracks, result: {
  "status": "ok",
  "message": "Track list fetched",
  "tracks": [
    {
      "id": "1002",
      "name": "Arranger",
      "track_type": "track",
      "is_audio": false,
      "is_audio_track": false,
      "vit_type": "",
      "vit_intent": "",
      "plugin_count": 0,
      "plugins": []
    },
    {
      "id": "1003",
      "name": "Chord",
      "track_type": "track",
      "is_audio": false,
      "is_audio_track": false,
      "vit_type": "",
      "vit_intent": "",
      "plugin_count": 0,
      "plugins": []
    },
    {
      "id": "1004",
      "name": "Marker",
      "track_type": "track",
      "is_audio": false,
      "is_audio_track": false,
      "vit_type": "",
      "vit_intent": "",
      "plugin_count": 0,
      "plugins": []
    },
    {
      "id": "1005",
      "name": "Tempo",
      "track_type": "track",
      "is_audio": false,
      "is_audio_track": false,
      "vit_type": "",
      "vit_intent": "",
      "plugin_count": 0,
      "plugins": []
    },
    {
      "id": "1006",
      "name": "Master",
      "track_type": "master",
      "is_audio": false,
      "is_audio_track": false,
      "vit_type": "",
      "vit_intent": "",
      "plugin_count": 0,
      "plugins": []
    },
    {
      "id": "1007",
      "name": "Audio Track 1",
      "track_type": "audio",
      "is_audio": true,
      "is_audio_track": true,
      "vit_type": "audio",
      "vit_intent": "",
      "plugin_count": 5,
      "plugins": [
        {
          "name": "SPAN",
          "type": "vst",
          "enabled": true
        },
        {
          "name": "TDR Nova",
          "type": "vst",
          "enabled": true
        },
        {
          "name": "SPAN",
          "type": "vst",
          "enabled": true
        },
        {
          "name": "Volume & Pan Plugin",
          "type": "volume",
          "enabled": true
        },
        {
          "name": "Level Meter",
          "type": "level",
          "enabled": true
        }
      ]
    },
    {
      "id": "1013",
      "name": "Audio Track 2",
      "track_type": "audio",
      "is_audio": true,
      "is_audio_track": true,
      "vit_type": "audio",
      "vit_intent": "",
      "plugin_count": 3,
      "plugins": [
        {
          "name": "TDR Nova",
          "type": "vst",
          "enabled": true
        },
        {
          "name": "Volume & Pan Plugin",
          "type": "volume",
          "enabled": true
        },
        {
          "name": "Level Meter",
          "type": "level",
          "enabled": true
        }
      ]
    }
  ]
}
VitHeadlessService: command reply (truncated): {
  "status": "ok",
  "message": "Track list fetched",
  "tracks": [
    {
      "id": "1002",
      "name": "Arranger",
      "track_type": "track",
      "is_audio": false,
      "is_audio_track": false,
    
ZmqGateway: received command payload: {"cmd":"get_recent_projects"}
ZmqGateway: dispatching payload to JUCE message thread.
VitHeadlessService: processing queued command on JUCE message thread: {"cmd":"get_recent_projects"}
Command received: {"cmd":"get_recent_projects"}
Command executed: get_recent_projects, result: {
  "status": "ok",
  "recent_projects": [
    "D:\\Godot\\project\\vit-daw-frontend\\4.4.3.vit",
    "D:\\Godot\\project\\vit-daw-frontend\\4.4.2.vit",
    "D:\\Godot\\project\\vit-daw-frontend\\4.4.1.vit",
    "D:\\Godot\\project\\vit-daw-frontend\\4.4.vit",
    "D:\\4.1.tracktionedit"
  ]
}
VitHeadlessService: command reply (truncated): {
  "status": "ok",
  "recent_projects": [
    "D:\\Godot\\project\\vit-daw-frontend\\4.4.3.vit",
    "D:\\Godot\\project\\vit-daw-frontend\\4.4.2.vit",
    "D:\\Godot\\project\\vit-daw-frontend\\4.4.1.vit",
    "D
ZmqGateway: received command payload: {"cmd":"open_project","file_path":"D:\\Godot\\project\\vit-daw-frontend\\4.4.3.vit"}
ZmqGateway: dispatching payload to JUCE message thread.
VitHeadlessService: processing queued command on JUCE message thread: {"cmd":"open_project","file_path":"D:\\Godot\\project\\vit-daw-frontend\\4.4.3.vit"}
Command received: {"cmd":"open_project","file_path":"D:\\Godot\\project\\vit-daw-frontend\\4.4.3.vit"}
VitEngineDevice: audio IO ready for playback graph: "扬声器 (USB AUDIO  CODEC)" 48000.00 Hz, block 480 samples
VitKernelUtils: wave clip 1011 forced direct file rebind: D:\Vit_DAW\test_target_3s.wav
VitHeadlessService: loaded project from D:\Godot\project\vit-daw-frontend\4.4.3.vit
Command executed: open_project, result: {
  "status": "ok",
  "message": "Project opened"
}
VitHeadlessService: command reply (truncated): {
  "status": "ok",
  "message": "Project opened"
}
ZmqGateway: received command payload: {"cmd":"ping"}
ZmqGateway: dispatching payload to JUCE message thread.
VitHeadlessService: processing queued command on JUCE message thread: {"cmd":"ping"}
Command received: {"cmd":"ping"}
CommandDispatcher: handled ping command.
Command executed: ping, result: {
  "status": "ok",
  "message": "pong"
}
VitHeadlessService: command reply (truncated): {
  "status": "ok",
  "message": "pong"
}
ZmqGateway: received command payload: {"cmd":"get_project_state"}
ZmqGateway: dispatching payload to JUCE message thread.
VitHeadlessService: processing queued command on JUCE message thread: {"cmd":"get_project_state"}
Command received: {"cmd":"get_project_state"}
Command executed: get_project_state, result: {
  "status": "ok",
  "project_path": "D:\\Godot\\project\\vit-daw-frontend\\4.4.3.vit",
  "tracks": [
    {
      "id": "1002",
      "name": "Arranger",
      "type": "audio",
      "plugins": [],
      "clips": []
    },
    {
      "id": "1003",
      "name": "Chord",
      "type": "audio",
      "plugins": [],
      "clips": []
    },
    {
      "id": "1004",
      "name": "Marker",
      "type": "audio",
      "plugins": [],
      "clips": []
    },
    {
      "id": "1005",
      "name": "Tempo",
      "type": "audio",
      "plugins": [],
      "clips": []
    },
    {
      "id": "1006",
      "name": "Master",
      "type": "master",
      "plugins": [],
      "clips": []
    },
    {
      "id": "1007",
      "name": "Audio Track 1",
      "type": "audio",
      "plugins": [
        {
          "id": "1012",
          "name": "SPAN",
          "type": "vst",
          "enabled": true
        },
        {
          "id": "1008",
          "name": "Volume & Pan Plugin",
          "type": "volume",
          "enabled": true
        },
        {
          "id": "1009",
          "name": "Level Meter",
          "type": "level",
          "enabled": true
        }
      ],
      "clips": [
        {
          "id": "1011",
          "name": "test_target_3s",
          "clip_type": "wave",
          "start_seconds": 0.0,
          "end_seconds": 3.0,
          "length_seconds": 3.0,
          "file_path": "D:\\Vit_DAW\\test_target_3s.wav",
          "current_source_path": "D:\\Vit_DAW\\test_target_3s.wav",
          "playback_source_valid": true
        }
      ],
      "output_to_device_resolved": true,
      "output_device_enabled": true,
      "output_device_id": "out_b7a4b4c1",
      "output_routing_name": "(default audio output)"
    },
    {
      "id": "1013",
      "name": "Audio Track 2",
      "type": "audio",
      "plugins": [
        {
          "id": "1016",
          "name": "TDR Nova",
          "type": "vst",
          "enabled": true
        },
        {
          "id": "1014",
          "name": "Volume & Pan Plugin",
          "type": "volume",
          "enabled": true
        },
        {
          "id": "1015",
          "name": "Level Meter",
          "type": "level",
          "enabled": true
        }
      ],
      "clips": [],
      "output_to_device_resolved": true,
      "output_device_enabled": true,
      "output_device_id": "out_b7a4b4c1",
      "output_routing_name": "(default audio output)"
    }
  ]
}
VitHeadlessService: command reply (truncated): {
  "status": "ok",
  "project_path": "D:\\Godot\\project\\vit-daw-frontend\\4.4.3.vit",
  "tracks": [
    {
      "id": "1002",
      "name": "Arranger",
      "type": "audio",
      "plugins": [],
      "clips
ZmqGateway: received command payload: {"cmd":"list_tracks"}
ZmqGateway: dispatching payload to JUCE message thread.
VitHeadlessService: processing queued command on JUCE message thread: {"cmd":"list_tracks"}
Command received: {"cmd":"list_tracks"}
Command executed: list_tracks, result: {
  "status": "ok",
  "message": "Track list fetched",
  "tracks": [
    {
      "id": "1002",
      "name": "Arranger",
      "track_type": "track",
      "is_audio": false,
      "is_audio_track": false,
      "vit_type": "",
      "vit_intent": "",
      "plugin_count": 0,
      "plugins": []
    },
    {
      "id": "1003",
      "name": "Chord",
      "track_type": "track",
      "is_audio": false,
      "is_audio_track": false,
      "vit_type": "",
      "vit_intent": "",
      "plugin_count": 0,
      "plugins": []
    },
    {
      "id": "1004",
      "name": "Marker",
      "track_type": "track",
      "is_audio": false,
      "is_audio_track": false,
      "vit_type": "",
      "vit_intent": "",
      "plugin_count": 0,
      "plugins": []
    },
    {
      "id": "1005",
      "name": "Tempo",
      "track_type": "track",
      "is_audio": false,
      "is_audio_track": false,
      "vit_type": "",
      "vit_intent": "",
      "plugin_count": 0,
      "plugins": []
    },
    {
      "id": "1006",
      "name": "Master",
      "track_type": "master",
      "is_audio": false,
      "is_audio_track": false,
      "vit_type": "",
      "vit_intent": "",
      "plugin_count": 0,
      "plugins": []
    },
    {
      "id": "1007",
      "name": "Audio Track 1",
      "track_type": "audio",
      "is_audio": true,
      "is_audio_track": true,
      "vit_type": "audio",
      "vit_intent": "",
      "plugin_count": 3,
      "plugins": [
        {
          "name": "SPAN",
          "type": "vst",
          "enabled": true
        },
        {
          "name": "Volume & Pan Plugin",
          "type": "volume",
          "enabled": true
        },
        {
          "name": "Level Meter",
          "type": "level",
          "enabled": true
        }
      ]
    },
    {
      "id": "1013",
      "name": "Audio Track 2",
      "track_type": "audio",
      "is_audio": true,
      "is_audio_track": true,
      "vit_type": "audio",
      "vit_intent": "",
      "plugin_count": 3,
      "plugins": [
        {
          "name": "TDR Nova",
          "type": "vst",
          "enabled": true
        },
        {
          "name": "Volume & Pan Plugin",
          "type": "volume",
          "enabled": true
        },
        {
          "name": "Level Meter",
          "type": "level",
          "enabled": true
        }
      ]
    }
  ]
}
VitHeadlessService: command reply (truncated): {
  "status": "ok",
  "message": "Track list fetched",
  "tracks": [
    {
      "id": "1002",
      "name": "Arranger",
      "track_type": "track",
      "is_audio": false,
      "is_audio_track": false,
    
ZmqGateway: received command payload: {"cmd":"warm_waveform_bake","file_path":"D:\\Vit_DAW\\test_target_3s.wav","track_id":"1007"}
ZmqGateway: dispatching payload to JUCE message thread.
VitHeadlessService: processing queued command on JUCE message thread: {"cmd":"warm_waveform_bake","file_path":"D:\\Vit_DAW\\test_target_3s.wav","track_id":"1007"}
Command received: {"cmd":"warm_waveform_bake","file_path":"D:\\Vit_DAW\\test_target_3s.wav","track_id":"1007"}
Command executed: warm_waveform_bake, result: {
  "status": "ok",
  "cmd": "warm_waveform_bake",
  "track_id": "1007",
  "file_path": "D:\\Vit_DAW\\test_target_3s.wav",
  "message": "Waveform bake started (no new clip inserted)"
}
VitHeadlessService: command reply (truncated): {
  "status": "ok",
  "cmd": "warm_waveform_bake",
  "track_id": "1007",
  "file_path": "D:\\Vit_DAW\\test_target_3s.wav",
  "message": "Waveform bake started (no new clip inserted)"
}
ZmqGateway: received command payload: {"cmd":"list_tracks"}
ZmqGateway: dispatching payload to JUCE message thread.
VitHeadlessService: processing queued command on JUCE message thread: {"cmd":"list_tracks"}
Command received: {"cmd":"list_tracks"}
Command executed: list_tracks, result: {
  "status": "ok",
  "message": "Track list fetched",
  "tracks": [
    {
      "id": "1002",
      "name": "Arranger",
      "track_type": "track",
      "is_audio": false,
      "is_audio_track": false,
      "vit_type": "",
      "vit_intent": "",
      "plugin_count": 0,
      "plugins": []
    },
    {
      "id": "1003",
      "name": "Chord",
      "track_type": "track",
      "is_audio": false,
      "is_audio_track": false,
      "vit_type": "",
      "vit_intent": "",
      "plugin_count": 0,
      "plugins": []
    },
    {
      "id": "1004",
      "name": "Marker",
      "track_type": "track",
      "is_audio": false,
      "is_audio_track": false,
      "vit_type": "",
      "vit_intent": "",
      "plugin_count": 0,
      "plugins": []
    },
    {
      "id": "1005",
      "name": "Tempo",
      "track_type": "track",
      "is_audio": false,
      "is_audio_track": false,
      "vit_type": "",
      "vit_intent": "",
      "plugin_count": 0,
      "plugins": []
    },
    {
      "id": "1006",
      "name": "Master",
      "track_type": "master",
      "is_audio": false,
      "is_audio_track": false,
      "vit_type": "",
      "vit_intent": "",
      "plugin_count": 0,
      "plugins": []
    },
    {
      "id": "1007",
      "name": "Audio Track 1",
      "track_type": "audio",
      "is_audio": true,
      "is_audio_track": true,
      "vit_type": "audio",
      "vit_intent": "",
      "plugin_count": 3,
      "plugins": [
        {
          "name": "SPAN",
          "type": "vst",
          "enabled": true
        },
        {
          "name": "Volume & Pan Plugin",
          "type": "volume",
          "enabled": true
        },
        {
          "name": "Level Meter",
          "type": "level",
          "enabled": true
        }
      ]
    },
    {
      "id": "1013",
      "name": "Audio Track 2",
      "track_type": "audio",
      "is_audio": true,
      "is_audio_track": true,
      "vit_type": "audio",
      "vit_intent": "",
      "plugin_count": 3,
      "plugins": [
        {
          "name": "TDR Nova",
          "type": "vst",
          "enabled": true
        },
        {
          "name": "Volume & Pan Plugin",
          "type": "volume",
          "enabled": true
        },
        {
          "name": "Level Meter",
          "type": "level",
          "enabled": true
        }
      ]
    }
  ]
}
VitHeadlessService: command reply (truncated): {
  "status": "ok",
  "message": "Track list fetched",
  "tracks": [
    {
      "id": "1002",
      "name": "Arranger",
      "track_type": "track",
      "is_audio": false,
      "is_audio_track": false,
    
ZmqGateway: received command payload: {"cmd":"get_recent_projects"}
ZmqGateway: dispatching payload to JUCE message thread.
VitHeadlessService: processing queued command on JUCE message thread: {"cmd":"get_recent_projects"}
Command received: {"cmd":"get_recent_projects"}
Command executed: get_recent_projects, result: {
  "status": "ok",
  "recent_projects": [
    "D:\\Godot\\project\\vit-daw-frontend\\4.4.3.vit",
    "D:\\Godot\\project\\vit-daw-frontend\\4.4.2.vit",
    "D:\\Godot\\project\\vit-daw-frontend\\4.4.1.vit",
    "D:\\Godot\\project\\vit-daw-frontend\\4.4.vit",
    "D:\\4.1.tracktionedit"
  ]
}
VitHeadlessService: command reply (truncated): {
  "status": "ok",
  "recent_projects": [
    "D:\\Godot\\project\\vit-daw-frontend\\4.4.3.vit",
    "D:\\Godot\\project\\vit-daw-frontend\\4.4.2.vit",
    "D:\\Godot\\project\\vit-daw-frontend\\4.4.1.vit",
    "D
ZmqGateway: received command payload: {"cmd":"open_project","file_path":"D:\\Godot\\project\\vit-daw-frontend\\4.4.3.vit"}
ZmqGateway: dispatching payload to JUCE message thread.
VitHeadlessService: processing queued command on JUCE message thread: {"cmd":"open_project","file_path":"D:\\Godot\\project\\vit-daw-frontend\\4.4.3.vit"}
Command received: {"cmd":"open_project","file_path":"D:\\Godot\\project\\vit-daw-frontend\\4.4.3.vit"}
VitEngineDevice: audio IO ready for playback graph: "扬声器 (USB AUDIO  CODEC)" 48000.00 Hz, block 480 samples
VitKernelUtils: wave clip 1011 forced direct file rebind: D:\Vit_DAW\test_target_3s.wav
VitHeadlessService: loaded project from D:\Godot\project\vit-daw-frontend\4.4.3.vit
Command executed: open_project, result: {
  "status": "ok",
  "message": "Project opened"
}
VitHeadlessService: command reply (truncated): {
  "status": "ok",
  "message": "Project opened"
}
ZmqGateway: received command payload: {"cmd":"ping"}
ZmqGateway: dispatching payload to JUCE message thread.
VitHeadlessService: processing queued command on JUCE message thread: {"cmd":"ping"}
Command received: {"cmd":"ping"}
CommandDispatcher: handled ping command.
Command executed: ping, result: {
  "status": "ok",
  "message": "pong"
}
VitHeadlessService: command reply (truncated): {
  "status": "ok",
  "message": "pong"
}
ZmqGateway: received command payload: {"cmd":"get_project_state"}
ZmqGateway: dispatching payload to JUCE message thread.
VitHeadlessService: processing queued command on JUCE message thread: {"cmd":"get_project_state"}
Command received: {"cmd":"get_project_state"}
Command executed: get_project_state, result: {
  "status": "ok",
  "project_path": "D:\\Godot\\project\\vit-daw-frontend\\4.4.3.vit",
  "tracks": [
    {
      "id": "1002",
      "name": "Arranger",
      "type": "audio",
      "plugins": [],
      "clips": []
    },
    {
      "id": "1003",
      "name": "Chord",
      "type": "audio",
      "plugins": [],
      "clips": []
    },
    {
      "id": "1004",
      "name": "Marker",
      "type": "audio",
      "plugins": [],
      "clips": []
    },
    {
      "id": "1005",
      "name": "Tempo",
      "type": "audio",
      "plugins": [],
      "clips": []
    },
    {
      "id": "1006",
      "name": "Master",
      "type": "master",
      "plugins": [],
      "clips": []
    },
    {
      "id": "1007",
      "name": "Audio Track 1",
      "type": "audio",
      "plugins": [
        {
          "id": "1012",
          "name": "SPAN",
          "type": "vst",
          "enabled": true
        },
        {
          "id": "1008",
          "name": "Volume & Pan Plugin",
          "type": "volume",
          "enabled": true
        },
        {
          "id": "1009",
          "name": "Level Meter",
          "type": "level",
          "enabled": true
        }
      ],
      "clips": [
        {
          "id": "1011",
          "name": "test_target_3s",
          "clip_type": "wave",
          "start_seconds": 0.0,
          "end_seconds": 3.0,
          "length_seconds": 3.0,
          "file_path": "D:\\Vit_DAW\\test_target_3s.wav",
          "current_source_path": "D:\\Vit_DAW\\test_target_3s.wav",
          "playback_source_valid": true
        }
      ],
      "output_to_device_resolved": true,
      "output_device_enabled": true,
      "output_device_id": "out_b7a4b4c1",
      "output_routing_name": "(default audio output)"
    },
    {
      "id": "1013",
      "name": "Audio Track 2",
      "type": "audio",
      "plugins": [
        {
          "id": "1016",
          "name": "TDR Nova",
          "type": "vst",
          "enabled": true
        },
        {
          "id": "1014",
          "name": "Volume & Pan Plugin",
          "type": "volume",
          "enabled": true
        },
        {
          "id": "1015",
          "name": "Level Meter",
          "type": "level",
          "enabled": true
        }
      ],
      "clips": [],
      "output_to_device_resolved": true,
      "output_device_enabled": true,
      "output_device_id": "out_b7a4b4c1",
      "output_routing_name": "(default audio output)"
    }
  ]
}
VitHeadlessService: command reply (truncated): {
  "status": "ok",
  "project_path": "D:\\Godot\\project\\vit-daw-frontend\\4.4.3.vit",
  "tracks": [
    {
      "id": "1002",
      "name": "Arranger",
      "type": "audio",
      "plugins": [],
      "clips
ZmqGateway: received command payload: {"cmd":"list_tracks"}
ZmqGateway: dispatching payload to JUCE message thread.
VitHeadlessService: processing queued command on JUCE message thread: {"cmd":"list_tracks"}
Command received: {"cmd":"list_tracks"}
Command executed: list_tracks, result: {
  "status": "ok",
  "message": "Track list fetched",
  "tracks": [
    {
      "id": "1002",
      "name": "Arranger",
      "track_type": "track",
      "is_audio": false,
      "is_audio_track": false,
      "vit_type": "",
      "vit_intent": "",
      "plugin_count": 0,
      "plugins": []
    },
    {
      "id": "1003",
      "name": "Chord",
      "track_type": "track",
      "is_audio": false,
      "is_audio_track": false,
      "vit_type": "",
      "vit_intent": "",
      "plugin_count": 0,
      "plugins": []
    },
    {
      "id": "1004",
      "name": "Marker",
      "track_type": "track",
      "is_audio": false,
      "is_audio_track": false,
      "vit_type": "",
      "vit_intent": "",
      "plugin_count": 0,
      "plugins": []
    },
    {
      "id": "1005",
      "name": "Tempo",
      "track_type": "track",
      "is_audio": false,
      "is_audio_track": false,
      "vit_type": "",
      "vit_intent": "",
      "plugin_count": 0,
      "plugins": []
    },
    {
      "id": "1006",
      "name": "Master",
      "track_type": "master",
      "is_audio": false,
      "is_audio_track": false,
      "vit_type": "",
      "vit_intent": "",
      "plugin_count": 0,
      "plugins": []
    },
    {
      "id": "1007",
      "name": "Audio Track 1",
      "track_type": "audio",
      "is_audio": true,
      "is_audio_track": true,
      "vit_type": "audio",
      "vit_intent": "",
      "plugin_count": 3,
      "plugins": [
        {
          "name": "SPAN",
          "type": "vst",
          "enabled": true
        },
        {
          "name": "Volume & Pan Plugin",
          "type": "volume",
          "enabled": true
        },
        {
          "name": "Level Meter",
          "type": "level",
          "enabled": true
        }
      ]
    },
    {
      "id": "1013",
      "name": "Audio Track 2",
      "track_type": "audio",
      "is_audio": true,
      "is_audio_track": true,
      "vit_type": "audio",
      "vit_intent": "",
      "plugin_count": 3,
      "plugins": [
        {
          "name": "TDR Nova",
          "type": "vst",
          "enabled": true
        },
        {
          "name": "Volume & Pan Plugin",
          "type": "volume",
          "enabled": true
        },
        {
          "name": "Level Meter",
          "type": "level",
          "enabled": true
        }
      ]
    }
  ]
}
VitHeadlessService: command reply (truncated): {
  "status": "ok",
  "message": "Track list fetched",
  "tracks": [
    {
      "id": "1002",
      "name": "Arranger",
      "track_type": "track",
      "is_audio": false,
      "is_audio_track": false,
    
ZmqGateway: received command payload: {"cmd":"warm_waveform_bake","file_path":"D:\\Vit_DAW\\test_target_3s.wav","track_id":"1007"}
ZmqGateway: dispatching payload to JUCE message thread.
VitHeadlessService: processing queued command on JUCE message thread: {"cmd":"warm_waveform_bake","file_path":"D:\\Vit_DAW\\test_target_3s.wav","track_id":"1007"}
Command received: {"cmd":"warm_waveform_bake","file_path":"D:\\Vit_DAW\\test_target_3s.wav","track_id":"1007"}
Command executed: warm_waveform_bake, result: {
  "status": "ok",
  "cmd": "warm_waveform_bake",
  "track_id": "1007",
  "file_path": "D:\\Vit_DAW\\test_target_3s.wav",
  "message": "Waveform bake started (no new clip inserted)"
}
VitHeadlessService: command reply (truncated): {
  "status": "ok",
  "cmd": "warm_waveform_bake",
  "track_id": "1007",
  "file_path": "D:\\Vit_DAW\\test_target_3s.wav",
  "message": "Waveform bake started (no new clip inserted)"
}
ZmqGateway: received command payload: {"cmd":"list_tracks"}
ZmqGateway: dispatching payload to JUCE message thread.
VitHeadlessService: processing queued command on JUCE message thread: {"cmd":"list_tracks"}
Command received: {"cmd":"list_tracks"}
Command executed: list_tracks, result: {
  "status": "ok",
  "message": "Track list fetched",
  "tracks": [
    {
      "id": "1002",
      "name": "Arranger",
      "track_type": "track",
      "is_audio": false,
      "is_audio_track": false,
      "vit_type": "",
      "vit_intent": "",
      "plugin_count": 0,
      "plugins": []
    },
    {
      "id": "1003",
      "name": "Chord",
      "track_type": "track",
      "is_audio": false,
      "is_audio_track": false,
      "vit_type": "",
      "vit_intent": "",
      "plugin_count": 0,
      "plugins": []
    },
    {
      "id": "1004",
      "name": "Marker",
      "track_type": "track",
      "is_audio": false,
      "is_audio_track": false,
      "vit_type": "",
      "vit_intent": "",
      "plugin_count": 0,
      "plugins": []
    },
    {
      "id": "1005",
      "name": "Tempo",
      "track_type": "track",
      "is_audio": false,
      "is_audio_track": false,
      "vit_type": "",
      "vit_intent": "",
      "plugin_count": 0,
      "plugins": []
    },
    {
      "id": "1006",
      "name": "Master",
      "track_type": "master",
      "is_audio": false,
      "is_audio_track": false,
      "vit_type": "",
      "vit_intent": "",
      "plugin_count": 0,
      "plugins": []
    },
    {
      "id": "1007",
      "name": "Audio Track 1",
      "track_type": "audio",
      "is_audio": true,
      "is_audio_track": true,
      "vit_type": "audio",
      "vit_intent": "",
      "plugin_count": 3,
      "plugins": [
        {
          "name": "SPAN",
          "type": "vst",
          "enabled": true
        },
        {
          "name": "Volume & Pan Plugin",
          "type": "volume",
          "enabled": true
        },
        {
          "name": "Level Meter",
          "type": "level",
          "enabled": true
        }
      ]
    },
    {
      "id": "1013",
      "name": "Audio Track 2",
      "track_type": "audio",
      "is_audio": true,
      "is_audio_track": true,
      "vit_type": "audio",
      "vit_intent": "",
      "plugin_count": 3,
      "plugins": [
        {
          "name": "TDR Nova",
          "type": "vst",
          "enabled": true
        },
        {
          "name": "Volume & Pan Plugin",
          "type": "volume",
          "enabled": true
        },
        {
          "name": "Level Meter",
          "type": "level",
          "enabled": true
        }
      ]
    }
  ]
}
VitHeadlessService: command reply (truncated): {
  "status": "ok",
  "message": "Track list fetched",
  "tracks": [
    {
      "id": "1002",
      "name": "Arranger",
      "track_type": "track",
      "is_audio": false,
      "is_audio_track": false,
    
ZmqGateway: received command payload: {"cmd":"open_plugin_ui","plugin_id":"1012","track_id":"1007"}
ZmqGateway: dispatching payload to JUCE message thread.
VitHeadlessService: processing queued command on JUCE message thread: {"cmd":"open_plugin_ui","plugin_id":"1012","track_id":"1007"}
Command received: {"cmd":"open_plugin_ui","plugin_id":"1012","track_id":"1007"}
Command executed: open_plugin_ui, result: {
  "status": "ok",
  "message": "Plugin UI opened",
  "track_id": "1007",
  "plugin_id": "1012"
}
VitHeadlessService: command reply (truncated): {
  "status": "ok",
  "message": "Plugin UI opened",
  "track_id": "1007",
  "plugin_id": "1012"
}
ZmqGateway: received command payload: {"cmd":"seek","time":24.8615474700928}
ZmqGateway: dispatching payload to JUCE message thread.
VitHeadlessService: processing queued command on JUCE message thread: {"cmd":"seek","time":24.8615474700928}
Command received: {"cmd":"seek","time":24.8615474700928}
CommandDispatcher::handleSeek: position set to 24.8615s
Command executed: seek, result: {
  "status": "ok",
  "message": "Seek executed",
  "position_seconds": 24.861547470092798
}
VitHeadlessService: command reply (truncated): {
  "status": "ok",
  "message": "Seek executed",
  "position_seconds": 24.861547470092798
}
ZmqGateway: received command payload: {"cmd":"seek","time":24.8615474700928}
ZmqGateway: dispatching payload to JUCE message thread.
VitHeadlessService: processing queued command on JUCE message thread: {"cmd":"seek","time":24.8615474700928}
Command received: {"cmd":"seek","time":24.8615474700928}
CommandDispatcher::handleSeek: position set to 24.8615s
Command executed: seek, result: {
  "status": "ok",
  "message": "Seek executed",
  "position_seconds": 24.861547470092798
}
VitHeadlessService: command reply (truncated): {
  "status": "ok",
  "message": "Seek executed",
  "position_seconds": 24.861547470092798
}
ZmqGateway: received command payload: {"cmd":"seek","time":24.8615474700928}
ZmqGateway: dispatching payload to JUCE message thread.
VitHeadlessService: processing queued command on JUCE message thread: {"cmd":"seek","time":24.8615474700928}
Command received: {"cmd":"seek","time":24.8615474700928}
CommandDispatcher::handleSeek: position set to 24.8615s
Command executed: seek, result: {
  "status": "ok",
  "message": "Seek executed",
  "position_seconds": 24.861547470092798
}
VitHeadlessService: command reply (truncated): {
  "status": "ok",
  "message": "Seek executed",
  "position_seconds": 24.861547470092798
}
ZmqGateway: received command payload: {"cmd":"seek","time":24.8615474700928}
ZmqGateway: dispatching payload to JUCE message thread.
VitHeadlessService: processing queued command on JUCE message thread: {"cmd":"seek","time":24.8615474700928}
Command received: {"cmd":"seek","time":24.8615474700928}
CommandDispatcher::handleSeek: position set to 24.8615s
Command executed: seek, result: {
  "status": "ok",
  "message": "Seek executed",
  "position_seconds": 24.861547470092798
}
VitHeadlessService: command reply (truncated): {
  "status": "ok",
  "message": "Seek executed",
  "position_seconds": 24.861547470092798
}
ZmqGateway: received command payload: {"cmd":"seek","time":24.8615474700928}
ZmqGateway: dispatching payload to JUCE message thread.
VitHeadlessService: processing queued command on JUCE message thread: {"cmd":"seek","time":24.8615474700928}
Command received: {"cmd":"seek","time":24.8615474700928}
CommandDispatcher::handleSeek: position set to 24.8615s
Command executed: seek, result: {
  "status": "ok",
  "message": "Seek executed",
  "position_seconds": 24.861547470092798
}
VitHeadlessService: command reply (truncated): {
  "status": "ok",
  "message": "Seek executed",
  "position_seconds": 24.861547470092798
}
ZmqGateway: received command payload: {"cmd":"seek","time":24.8615474700928}
ZmqGateway: dispatching payload to JUCE message thread.
VitHeadlessService: processing queued command on JUCE message thread: {"cmd":"seek","time":24.8615474700928}
Command received: {"cmd":"seek","time":24.8615474700928}
CommandDispatcher::handleSeek: position set to 24.8615s
Command executed: seek, result: {
  "status": "ok",
  "message": "Seek executed",
  "position_seconds": 24.861547470092798
}
VitHeadlessService: command reply (truncated): {
  "status": "ok",
  "message": "Seek executed",
  "position_seconds": 24.861547470092798
}
ZmqGateway: received command payload: {"cmd":"seek","time":24.8615474700928}
ZmqGateway: dispatching payload to JUCE message thread.
VitHeadlessService: processing queued command on JUCE message thread: {"cmd":"seek","time":24.8615474700928}
Command received: {"cmd":"seek","time":24.8615474700928}
CommandDispatcher::handleSeek: position set to 24.8615s
Command executed: seek, result: {
  "status": "ok",
  "message": "Seek executed",
  "position_seconds": 24.861547470092798
}
VitHeadlessService: command reply (truncated): {
  "status": "ok",
  "message": "Seek executed",
  "position_seconds": 24.861547470092798
}
ZmqGateway: received command payload: {"cmd":"seek","time":24.8615474700928}
ZmqGateway: dispatching payload to JUCE message thread.
VitHeadlessService: processing queued command on JUCE message thread: {"cmd":"seek","time":24.8615474700928}
Command received: {"cmd":"seek","time":24.8615474700928}
CommandDispatcher::handleSeek: position set to 24.8615s
Command executed: seek, result: {
  "status": "ok",
  "message": "Seek executed",
  "position_seconds": 24.861547470092798
}
VitHeadlessService: command reply (truncated): {
  "status": "ok",
  "message": "Seek executed",
  "position_seconds": 24.861547470092798
}
ZmqGateway: received command payload: {"cmd":"seek","time":24.8615474700928}
ZmqGateway: dispatching payload to JUCE message thread.
VitHeadlessService: processing queued command on JUCE message thread: {"cmd":"seek","time":24.8615474700928}
Command received: {"cmd":"seek","time":24.8615474700928}
CommandDispatcher::handleSeek: position set to 24.8615s
Command executed: seek, result: {
  "status": "ok",
  "message": "Seek executed",
  "position_seconds": 24.861547470092798
}
VitHeadlessService: command reply (truncated): {
  "status": "ok",
  "message": "Seek executed",
  "position_seconds": 24.861547470092798
}
ZmqGateway: received command payload: {"cmd":"seek","time":24.8615474700928}
ZmqGateway: dispatching payload to JUCE message thread.
VitHeadlessService: processing queued command on JUCE message thread: {"cmd":"seek","time":24.8615474700928}
Command received: {"cmd":"seek","time":24.8615474700928}
CommandDispatcher::handleSeek: position set to 24.8615s
Command executed: seek, result: {
  "status": "ok",
  "message": "Seek executed",
  "position_seconds": 24.861547470092798
}
VitHeadlessService: command reply (truncated): {
  "status": "ok",
  "message": "Seek executed",
  "position_seconds": 24.861547470092798
}
ZmqGateway: received command payload: {"cmd":"seek","time":24.8615474700928}
ZmqGateway: dispatching payload to JUCE message thread.
VitHeadlessService: processing queued command on JUCE message thread: {"cmd":"seek","time":24.8615474700928}
Command received: {"cmd":"seek","time":24.8615474700928}
CommandDispatcher::handleSeek: position set to 24.8615s
Command executed: seek, result: {
  "status": "ok",
  "message": "Seek executed",
  "position_seconds": 24.861547470092798
}
VitHeadlessService: command reply (truncated): {
  "status": "ok",
  "message": "Seek executed",
  "position_seconds": 24.861547470092798
}
ZmqGateway: received command payload: {"cmd":"seek","time":24.8615474700928}
ZmqGateway: dispatching payload to JUCE message thread.
VitHeadlessService: processing queued command on JUCE message thread: {"cmd":"seek","time":24.8615474700928}
Command received: {"cmd":"seek","time":24.8615474700928}
CommandDispatcher::handleSeek: position set to 24.8615s
Command executed: seek, result: {
  "status": "ok",
  "message": "Seek executed",
  "position_seconds": 24.861547470092798
}
VitHeadlessService: command reply (truncated): {
  "status": "ok",
  "message": "Seek executed",
  "position_seconds": 24.861547470092798
}
ZmqGateway: received command payload: {"cmd":"seek","time":24.8615474700928}
ZmqGateway: dispatching payload to JUCE message thread.
VitHeadlessService: processing queued command on JUCE message thread: {"cmd":"seek","time":24.8615474700928}
Command received: {"cmd":"seek","time":24.8615474700928}
CommandDispatcher::handleSeek: position set to 24.8615s
Command executed: seek, result: {
  "status": "ok",
  "message": "Seek executed",
  "position_seconds": 24.861547470092798
}
VitHeadlessService: command reply (truncated): {
  "status": "ok",
  "message": "Seek executed",
  "position_seconds": 24.861547470092798
}
ZmqGateway: received command payload: {"cmd":"seek","time":24.8615474700928}
ZmqGateway: dispatching payload to JUCE message thread.
VitHeadlessService: processing queued command on JUCE message thread: {"cmd":"seek","time":24.8615474700928}
Command received: {"cmd":"seek","time":24.8615474700928}
CommandDispatcher::handleSeek: position set to 24.8615s
Command executed: seek, result: {
  "status": "ok",
  "message": "Seek executed",
  "position_seconds": 24.861547470092798
}
VitHeadlessService: command reply (truncated): {
  "status": "ok",
  "message": "Seek executed",
  "position_seconds": 24.861547470092798
}
ZmqGateway: received command payload: {"cmd":"seek","time":24.8615474700928}
ZmqGateway: dispatching payload to JUCE message thread.
VitHeadlessService: processing queued command on JUCE message thread: {"cmd":"seek","time":24.8615474700928}
Command received: {"cmd":"seek","time":24.8615474700928}
CommandDispatcher::handleSeek: position set to 24.8615s
Command executed: seek, result: {
  "status": "ok",
  "message": "Seek executed",
  "position_seconds": 24.861547470092798
}
VitHeadlessService: command reply (truncated): {
  "status": "ok",
  "message": "Seek executed",
  "position_seconds": 24.861547470092798
}
ZmqGateway: received command payload: {"cmd":"seek","time":24.8615474700928}
ZmqGateway: dispatching payload to JUCE message thread.
VitHeadlessService: processing queued command on JUCE message thread: {"cmd":"seek","time":24.8615474700928}
Command received: {"cmd":"seek","time":24.8615474700928}
CommandDispatcher::handleSeek: position set to 24.8615s
Command executed: seek, result: {
  "status": "ok",
  "message": "Seek executed",
  "position_seconds": 24.861547470092798
}
VitHeadlessService: command reply (truncated): {
  "status": "ok",
  "message": "Seek executed",
  "position_seconds": 24.861547470092798
}
ZmqGateway: received command payload: {"cmd":"seek","time":24.8615474700928}
ZmqGateway: dispatching payload to JUCE message thread.
VitHeadlessService: processing queued command on JUCE message thread: {"cmd":"seek","time":24.8615474700928}
Command received: {"cmd":"seek","time":24.8615474700928}
CommandDispatcher::handleSeek: position set to 24.8615s
Command executed: seek, result: {
  "status": "ok",
  "message": "Seek executed",
  "position_seconds": 24.861547470092798
}
VitHeadlessService: command reply (truncated): {
  "status": "ok",
  "message": "Seek executed",
  "position_seconds": 24.861547470092798
}
ZmqGateway: received command payload: {"cmd":"seek","time":22.9538536071777}
ZmqGateway: dispatching payload to JUCE message thread.
VitHeadlessService: processing queued command on JUCE message thread: {"cmd":"seek","time":22.9538536071777}
Command received: {"cmd":"seek","time":22.9538536071777}
CommandDispatcher::handleSeek: position set to 22.9539s
Command executed: seek, result: {
  "status": "ok",
  "message": "Seek executed",
  "position_seconds": 22.953853607177699
}
VitHeadlessService: command reply (truncated): {
  "status": "ok",
  "message": "Seek executed",
  "position_seconds": 22.953853607177699
}
ZmqGateway: received command payload: {"cmd":"seek","time":22.9538536071777}
ZmqGateway: dispatching payload to JUCE message thread.
VitHeadlessService: processing queued command on JUCE message thread: {"cmd":"seek","time":22.9538536071777}
Command received: {"cmd":"seek","time":22.9538536071777}
CommandDispatcher::handleSeek: position set to 22.9539s
Command executed: seek, result: {
  "status": "ok",
  "message": "Seek executed",
  "position_seconds": 22.953853607177699
}
VitHeadlessService: command reply (truncated): {
  "status": "ok",
  "message": "Seek executed",
  "position_seconds": 22.953853607177699
}
ZmqGateway: received command payload: {"cmd":"seek","time":22.9538536071777}
ZmqGateway: dispatching payload to JUCE message thread.
VitHeadlessService: processing queued command on JUCE message thread: {"cmd":"seek","time":22.9538536071777}
Command received: {"cmd":"seek","time":22.9538536071777}
CommandDispatcher::handleSeek: position set to 22.9539s
Command executed: seek, result: {
  "status": "ok",
  "message": "Seek executed",
  "position_seconds": 22.953853607177699
}
VitHeadlessService: command reply (truncated): {
  "status": "ok",
  "message": "Seek executed",
  "position_seconds": 22.953853607177699
}
ZmqGateway: received command payload: {"cmd":"seek","time":22.9538536071777}
ZmqGateway: dispatching payload to JUCE message thread.
VitHeadlessService: processing queued command on JUCE message thread: {"cmd":"seek","time":22.9538536071777}
Command received: {"cmd":"seek","time":22.9538536071777}
CommandDispatcher::handleSeek: position set to 22.9539s
Command executed: seek, result: {
  "status": "ok",
  "message": "Seek executed",
  "position_seconds": 22.953853607177699
}
VitHeadlessService: command reply (truncated): {
  "status": "ok",
  "message": "Seek executed",
  "position_seconds": 22.953853607177699
}
ZmqGateway: received command payload: {"cmd":"seek","time":22.9538536071777}
ZmqGateway: dispatching payload to JUCE message thread.
VitHeadlessService: processing queued command on JUCE message thread: {"cmd":"seek","time":22.9538536071777}
Command received: {"cmd":"seek","time":22.9538536071777}
CommandDispatcher::handleSeek: position set to 22.9539s
Command executed: seek, result: {
  "status": "ok",
  "message": "Seek executed",
  "position_seconds": 22.953853607177699
}
VitHeadlessService: command reply (truncated): {
  "status": "ok",
  "message": "Seek executed",
  "position_seconds": 22.953853607177699
}
ZmqGateway: received command payload: {"cmd":"seek","time":22.9538536071777}
ZmqGateway: dispatching payload to JUCE message thread.
VitHeadlessService: processing queued command on JUCE message thread: {"cmd":"seek","time":22.9538536071777}
Command received: {"cmd":"seek","time":22.9538536071777}
CommandDispatcher::handleSeek: position set to 22.9539s
Command executed: seek, result: {
  "status": "ok",
  "message": "Seek executed",
  "position_seconds": 22.953853607177699
}
VitHeadlessService: command reply (truncated): {
  "status": "ok",
  "message": "Seek executed",
  "position_seconds": 22.953853607177699
}
ZmqGateway: received command payload: {"cmd":"seek","time":22.9538536071777}
ZmqGateway: dispatching payload to JUCE message thread.
VitHeadlessService: processing queued command on JUCE message thread: {"cmd":"seek","time":22.9538536071777}
Command received: {"cmd":"seek","time":22.9538536071777}
CommandDispatcher::handleSeek: position set to 22.9539s
Command executed: seek, result: {
  "status": "ok",
  "message": "Seek executed",
  "position_seconds": 22.953853607177699
}
VitHeadlessService: command reply (truncated): {
  "status": "ok",
  "message": "Seek executed",
  "position_seconds": 22.953853607177699
}
ZmqGateway: received command payload: {"cmd":"seek","time":22.9538536071777}
ZmqGateway: dispatching payload to JUCE message thread.
VitHeadlessService: processing queued command on JUCE message thread: {"cmd":"seek","time":22.9538536071777}
Command received: {"cmd":"seek","time":22.9538536071777}
CommandDispatcher::handleSeek: position set to 22.9539s
Command executed: seek, result: {
  "status": "ok",
  "message": "Seek executed",
  "position_seconds": 22.953853607177699
}
VitHeadlessService: command reply (truncated): {
  "status": "ok",
  "message": "Seek executed",
  "position_seconds": 22.953853607177699
}
ZmqGateway: received command payload: {"cmd":"seek","time":22.9538536071777}
ZmqGateway: dispatching payload to JUCE message thread.
VitHeadlessService: processing queued command on JUCE message thread: {"cmd":"seek","time":22.9538536071777}
Command received: {"cmd":"seek","time":22.9538536071777}
CommandDispatcher::handleSeek: position set to 22.9539s
Command executed: seek, result: {
  "status": "ok",
  "message": "Seek executed",
  "position_seconds": 22.953853607177699
}
VitHeadlessService: command reply (truncated): {
  "status": "ok",
  "message": "Seek executed",
  "position_seconds": 22.953853607177699
}
ZmqGateway: received command payload: {"cmd":"seek","time":22.9538536071777}
ZmqGateway: dispatching payload to JUCE message thread.
VitHeadlessService: processing queued command on JUCE message thread: {"cmd":"seek","time":22.9538536071777}
Command received: {"cmd":"seek","time":22.9538536071777}
CommandDispatcher::handleSeek: position set to 22.9539s
Command executed: seek, result: {
  "status": "ok",
  "message": "Seek executed",
  "position_seconds": 22.953853607177699
}
VitHeadlessService: command reply (truncated): {
  "status": "ok",
  "message": "Seek executed",
  "position_seconds": 22.953853607177699
}
ZmqGateway: received command payload: {"cmd":"seek","time":22.9538536071777}
ZmqGateway: dispatching payload to JUCE message thread.
VitHeadlessService: processing queued command on JUCE message thread: {"cmd":"seek","time":22.9538536071777}
Command received: {"cmd":"seek","time":22.9538536071777}
CommandDispatcher::handleSeek: position set to 22.9539s
Command executed: seek, result: {
  "status": "ok",
  "message": "Seek executed",
  "position_seconds": 22.953853607177699
}
VitHeadlessService: command reply (truncated): {
  "status": "ok",
  "message": "Seek executed",
  "position_seconds": 22.953853607177699
}
ZmqGateway: received command payload: {"cmd":"seek","time":22.9538536071777}
ZmqGateway: dispatching payload to JUCE message thread.
VitHeadlessService: processing queued command on JUCE message thread: {"cmd":"seek","time":22.9538536071777}
Command received: {"cmd":"seek","time":22.9538536071777}
CommandDispatcher::handleSeek: position set to 22.9539s
Command executed: seek, result: {
  "status": "ok",
  "message": "Seek executed",
  "position_seconds": 22.953853607177699
}
VitHeadlessService: command reply (truncated): {
  "status": "ok",
  "message": "Seek executed",
  "position_seconds": 22.953853607177699
}
ZmqGateway: received command payload: {"cmd":"seek","time":25.0153942108154}
ZmqGateway: dispatching payload to JUCE message thread.
VitHeadlessService: processing queued command on JUCE message thread: {"cmd":"seek","time":25.0153942108154}
Command received: {"cmd":"seek","time":25.0153942108154}
CommandDispatcher::handleSeek: position set to 25.0154s
Command executed: seek, result: {
  "status": "ok",
  "message": "Seek executed",
  "position_seconds": 25.015394210815401
}
VitHeadlessService: command reply (truncated): {
  "status": "ok",
  "message": "Seek executed",
  "position_seconds": 25.015394210815401
}
ZmqGateway: received command payload: {"cmd":"seek","time":25.0153942108154}
ZmqGateway: dispatching payload to JUCE message thread.
VitHeadlessService: processing queued command on JUCE message thread: {"cmd":"seek","time":25.0153942108154}
Command received: {"cmd":"seek","time":25.0153942108154}
CommandDispatcher::handleSeek: position set to 25.0154s
Command executed: seek, result: {
  "status": "ok",
  "message": "Seek executed",
  "position_seconds": 25.015394210815401
}
VitHeadlessService: command reply (truncated): {
  "status": "ok",
  "message": "Seek executed",
  "position_seconds": 25.015394210815401
}
ZmqGateway: received command payload: {"cmd":"seek","time":25.0153942108154}
ZmqGateway: dispatching payload to JUCE message thread.
VitHeadlessService: processing queued command on JUCE message thread: {"cmd":"seek","time":25.0153942108154}
Command received: {"cmd":"seek","time":25.0153942108154}
CommandDispatcher::handleSeek: position set to 25.0154s
Command executed: seek, result: {
  "status": "ok",
  "message": "Seek executed",
  "position_seconds": 25.015394210815401
}
VitHeadlessService: command reply (truncated): {
  "status": "ok",
  "message": "Seek executed",
  "position_seconds": 25.015394210815401
}
ZmqGateway: received command payload: {"cmd":"seek","time":25.0153942108154}
ZmqGateway: dispatching payload to JUCE message thread.
VitHeadlessService: processing queued command on JUCE message thread: {"cmd":"seek","time":25.0153942108154}
Command received: {"cmd":"seek","time":25.0153942108154}
CommandDispatcher::handleSeek: position set to 25.0154s
Command executed: seek, result: {
  "status": "ok",
  "message": "Seek executed",
  "position_seconds": 25.015394210815401
}
VitHeadlessService: command reply (truncated): {
  "status": "ok",
  "message": "Seek executed",
  "position_seconds": 25.015394210815401
}
ZmqGateway: received command payload: {"cmd":"seek","time":25.0153942108154}
ZmqGateway: dispatching payload to JUCE message thread.
VitHeadlessService: processing queued command on JUCE message thread: {"cmd":"seek","time":25.0153942108154}
Command received: {"cmd":"seek","time":25.0153942108154}
CommandDispatcher::handleSeek: position set to 25.0154s
Command executed: seek, result: {
  "status": "ok",
  "message": "Seek executed",
  "position_seconds": 25.015394210815401
}
VitHeadlessService: command reply (truncated): {
  "status": "ok",
  "message": "Seek executed",
  "position_seconds": 25.015394210815401
}
ZmqGateway: received command payload: {"cmd":"seek","time":25.0153942108154}
ZmqGateway: dispatching payload to JUCE message thread.
VitHeadlessService: processing queued command on JUCE message thread: {"cmd":"seek","time":25.0153942108154}
Command received: {"cmd":"seek","time":25.0153942108154}
CommandDispatcher::handleSeek: position set to 25.0154s
Command executed: seek, result: {
  "status": "ok",
  "message": "Seek executed",
  "position_seconds": 25.015394210815401
}
VitHeadlessService: command reply (truncated): {
  "status": "ok",
  "message": "Seek executed",
  "position_seconds": 25.015394210815401
}
ZmqGateway: received command payload: {"cmd":"seek","time":25.0153942108154}
ZmqGateway: dispatching payload to JUCE message thread.
VitHeadlessService: processing queued command on JUCE message thread: {"cmd":"seek","time":25.0153942108154}
Command received: {"cmd":"seek","time":25.0153942108154}
CommandDispatcher::handleSeek: position set to 25.0154s
Command executed: seek, result: {
  "status": "ok",
  "message": "Seek executed",
  "position_seconds": 25.015394210815401
}
VitHeadlessService: command reply (truncated): {
  "status": "ok",
  "message": "Seek executed",
  "position_seconds": 25.015394210815401
}
ZmqGateway: received command payload: {"cmd":"seek","time":25.0153942108154}
ZmqGateway: dispatching payload to JUCE message thread.
VitHeadlessService: processing queued command on JUCE message thread: {"cmd":"seek","time":25.0153942108154}
Command received: {"cmd":"seek","time":25.0153942108154}
CommandDispatcher::handleSeek: position set to 25.0154s
Command executed: seek, result: {
  "status": "ok",
  "message": "Seek executed",
  "position_seconds": 25.015394210815401
}
VitHeadlessService: command reply (truncated): {
  "status": "ok",
  "message": "Seek executed",
  "position_seconds": 25.015394210815401
}
ZmqGateway: received command payload: {"cmd":"seek","time":25.0153942108154}
ZmqGateway: dispatching payload to JUCE message thread.
VitHeadlessService: processing queued command on JUCE message thread: {"cmd":"seek","time":25.0153942108154}
Command received: {"cmd":"seek","time":25.0153942108154}
CommandDispatcher::handleSeek: position set to 25.0154s
Command executed: seek, result: {
  "status": "ok",
  "message": "Seek executed",
  "position_seconds": 25.015394210815401
}
VitHeadlessService: command reply (truncated): {
  "status": "ok",
  "message": "Seek executed",
  "position_seconds": 25.015394210815401
}
ZmqGateway: received command payload: {"cmd":"seek","time":25.0153942108154}
ZmqGateway: dispatching payload to JUCE message thread.
VitHeadlessService: processing queued command on JUCE message thread: {"cmd":"seek","time":25.0153942108154}
Command received: {"cmd":"seek","time":25.0153942108154}
CommandDispatcher::handleSeek: position set to 25.0154s
Command executed: seek, result: {
  "status": "ok",
  "message": "Seek executed",
  "position_seconds": 25.015394210815401
}
VitHeadlessService: command reply (truncated): {
  "status": "ok",
  "message": "Seek executed",
  "position_seconds": 25.015394210815401
}
ZmqGateway: received command payload: {"cmd":"seek","time":25.0153942108154}
ZmqGateway: dispatching payload to JUCE message thread.
VitHeadlessService: processing queued command on JUCE message thread: {"cmd":"seek","time":25.0153942108154}
Command received: {"cmd":"seek","time":25.0153942108154}
CommandDispatcher::handleSeek: position set to 25.0154s
Command executed: seek, result: {
  "status": "ok",
  "message": "Seek executed",
  "position_seconds": 25.015394210815401
}
VitHeadlessService: command reply (truncated): {
  "status": "ok",
  "message": "Seek executed",
  "position_seconds": 25.015394210815401
}
ZmqGateway: received command payload: {"cmd":"seek","time":25.0153942108154}
ZmqGateway: dispatching payload to JUCE message thread.
VitHeadlessService: processing queued command on JUCE message thread: {"cmd":"seek","time":25.0153942108154}
Command received: {"cmd":"seek","time":25.0153942108154}
CommandDispatcher::handleSeek: position set to 25.0154s
Command executed: seek, result: {
  "status": "ok",
  "message": "Seek executed",
  "position_seconds": 25.015394210815401
}
VitHeadlessService: command reply (truncated): {
  "status": "ok",
  "message": "Seek executed",
  "position_seconds": 25.015394210815401
}
ZmqGateway: received command payload: {"cmd":"seek","time":25.0153942108154}
ZmqGateway: dispatching payload to JUCE message thread.
VitHeadlessService: processing queued command on JUCE message thread: {"cmd":"seek","time":25.0153942108154}
Command received: {"cmd":"seek","time":25.0153942108154}
CommandDispatcher::handleSeek: position set to 25.0154s
Command executed: seek, result: {
  "status": "ok",
  "message": "Seek executed",
  "position_seconds": 25.015394210815401
}
VitHeadlessService: command reply (truncated): {
  "status": "ok",
  "message": "Seek executed",
  "position_seconds": 25.015394210815401
}
ZmqGateway: received command payload: {"cmd":"seek","time":25.0153942108154}
ZmqGateway: dispatching payload to JUCE message thread.
VitHeadlessService: processing queued command on JUCE message thread: {"cmd":"seek","time":25.0153942108154}
Command received: {"cmd":"seek","time":25.0153942108154}
CommandDispatcher::handleSeek: position set to 25.0154s
Command executed: seek, result: {
  "status": "ok",
  "message": "Seek executed",
  "position_seconds": 25.015394210815401
}
VitHeadlessService: command reply (truncated): {
  "status": "ok",
  "message": "Seek executed",
  "position_seconds": 25.015394210815401
}
ZmqGateway: received command payload: {"cmd":"seek","time":25.0153942108154}
ZmqGateway: dispatching payload to JUCE message thread.
VitHeadlessService: processing queued command on JUCE message thread: {"cmd":"seek","time":25.0153942108154}
Command received: {"cmd":"seek","time":25.0153942108154}
CommandDispatcher::handleSeek: position set to 25.0154s
Command executed: seek, result: {
  "status": "ok",
  "message": "Seek executed",
  "position_seconds": 25.015394210815401
}
VitHeadlessService: command reply (truncated): {
  "status": "ok",
  "message": "Seek executed",
  "position_seconds": 25.015394210815401
}
ZmqGateway: received command payload: {"cmd":"seek","time":25.0153942108154}
ZmqGateway: dispatching payload to JUCE message thread.
VitHeadlessService: processing queued command on JUCE message thread: {"cmd":"seek","time":25.0153942108154}
Command received: {"cmd":"seek","time":25.0153942108154}
CommandDispatcher::handleSeek: position set to 25.0154s
Command executed: seek, result: {
  "status": "ok",
  "message": "Seek executed",
  "position_seconds": 25.015394210815401
}
VitHeadlessService: command reply (truncated): {
  "status": "ok",
  "message": "Seek executed",
  "position_seconds": 25.015394210815401
}
ZmqGateway: received command payload: {"cmd":"seek","time":25.0153942108154}
ZmqGateway: dispatching payload to JUCE message thread.
VitHeadlessService: processing queued command on JUCE message thread: {"cmd":"seek","time":25.0153942108154}
Command received: {"cmd":"seek","time":25.0153942108154}
CommandDispatcher::handleSeek: position set to 25.0154s
Command executed: seek, result: {
  "status": "ok",
  "message": "Seek executed",
  "position_seconds": 25.015394210815401
}
VitHeadlessService: command reply (truncated): {
  "status": "ok",
  "message": "Seek executed",
  "position_seconds": 25.015394210815401
}
ZmqGateway: received command payload: {"cmd":"get_recent_projects"}
ZmqGateway: dispatching payload to JUCE message thread.
VitHeadlessService: processing queued command on JUCE message thread: {"cmd":"get_recent_projects"}
Command received: {"cmd":"get_recent_projects"}
Command executed: get_recent_projects, result: {
  "status": "ok",
  "recent_projects": [
    "D:\\Godot\\project\\vit-daw-frontend\\4.4.3.vit",
    "D:\\Godot\\project\\vit-daw-frontend\\4.4.2.vit",
    "D:\\Godot\\project\\vit-daw-frontend\\4.4.1.vit",
    "D:\\Godot\\project\\vit-daw-frontend\\4.4.vit",
    "D:\\4.1.tracktionedit"
  ]
}
VitHeadlessService: command reply (truncated): {
  "status": "ok",
  "recent_projects": [
    "D:\\Godot\\project\\vit-daw-frontend\\4.4.3.vit",
    "D:\\Godot\\project\\vit-daw-frontend\\4.4.2.vit",
    "D:\\Godot\\project\\vit-daw-frontend\\4.4.1.vit",
    "D
ZmqGateway: received command payload: {"cmd":"open_project","file_path":"D:\\Godot\\project\\vit-daw-frontend\\4.4.3.vit"}
ZmqGateway: dispatching payload to JUCE message thread.
VitHeadlessService: processing queued command on JUCE message thread: {"cmd":"open_project","file_path":"D:\\Godot\\project\\vit-daw-frontend\\4.4.3.vit"}
Command received: {"cmd":"open_project","file_path":"D:\\Godot\\project\\vit-daw-frontend\\4.4.3.vit"}
VitEngineDevice: audio IO ready for playback graph: "扬声器 (USB AUDIO  CODEC)" 48000.00 Hz, block 480 samples
VitKernelUtils: wave clip 1011 forced direct file rebind: D:\Vit_DAW\test_target_3s.wav
VitHeadlessService: loaded project from D:\Godot\project\vit-daw-frontend\4.4.3.vit
Command executed: open_project, result: {
  "status": "ok",
  "message": "Project opened"
}
VitHeadlessService: command reply (truncated): {
  "status": "ok",
  "message": "Project opened"
}
ZmqGateway: received command payload: {"cmd":"ping"}
ZmqGateway: dispatching payload to JUCE message thread.
VitHeadlessService: processing queued command on JUCE message thread: {"cmd":"ping"}
Command received: {"cmd":"ping"}
CommandDispatcher: handled ping command.
Command executed: ping, result: {
  "status": "ok",
  "message": "pong"
}
VitHeadlessService: command reply (truncated): {
  "status": "ok",
  "message": "pong"
}
ZmqGateway: received command payload: {"cmd":"get_project_state"}
ZmqGateway: dispatching payload to JUCE message thread.
VitHeadlessService: processing queued command on JUCE message thread: {"cmd":"get_project_state"}
Command received: {"cmd":"get_project_state"}
Command executed: get_project_state, result: {
  "status": "ok",
  "project_path": "D:\\Godot\\project\\vit-daw-frontend\\4.4.3.vit",
  "tracks": [
    {
      "id": "1002",
      "name": "Arranger",
      "type": "audio",
      "plugins": [],
      "clips": []
    },
    {
      "id": "1003",
      "name": "Chord",
      "type": "audio",
      "plugins": [],
      "clips": []
    },
    {
      "id": "1004",
      "name": "Marker",
      "type": "audio",
      "plugins": [],
      "clips": []
    },
    {
      "id": "1005",
      "name": "Tempo",
      "type": "audio",
      "plugins": [],
      "clips": []
    },
    {
      "id": "1006",
      "name": "Master",
      "type": "master",
      "plugins": [],
      "clips": []
    },
    {
      "id": "1007",
      "name": "Audio Track 1",
      "type": "audio",
      "plugins": [
        {
          "id": "1012",
          "name": "SPAN",
          "type": "vst",
          "enabled": true
        },
        {
          "id": "1008",
          "name": "Volume & Pan Plugin",
          "type": "volume",
          "enabled": true
        },
        {
          "id": "1009",
          "name": "Level Meter",
          "type": "level",
          "enabled": true
        }
      ],
      "clips": [
        {
          "id": "1011",
          "name": "test_target_3s",
          "clip_type": "wave",
          "start_seconds": 0.0,
          "end_seconds": 3.0,
          "length_seconds": 3.0,
          "file_path": "D:\\Vit_DAW\\test_target_3s.wav",
          "current_source_path": "D:\\Vit_DAW\\test_target_3s.wav",
          "playback_source_valid": true
        }
      ],
      "output_to_device_resolved": true,
      "output_device_enabled": true,
      "output_device_id": "out_b7a4b4c1",
      "output_routing_name": "(default audio output)"
    },
    {
      "id": "1013",
      "name": "Audio Track 2",
      "type": "audio",
      "plugins": [
        {
          "id": "1016",
          "name": "TDR Nova",
          "type": "vst",
          "enabled": true
        },
        {
          "id": "1014",
          "name": "Volume & Pan Plugin",
          "type": "volume",
          "enabled": true
        },
        {
          "id": "1015",
          "name": "Level Meter",
          "type": "level",
          "enabled": true
        }
      ],
      "clips": [],
      "output_to_device_resolved": true,
      "output_device_enabled": true,
      "output_device_id": "out_b7a4b4c1",
      "output_routing_name": "(default audio output)"
    }
  ]
}
VitHeadlessService: command reply (truncated): {
  "status": "ok",
  "project_path": "D:\\Godot\\project\\vit-daw-frontend\\4.4.3.vit",
  "tracks": [
    {
      "id": "1002",
      "name": "Arranger",
      "type": "audio",
      "plugins": [],
      "clips
ZmqGateway: received command payload: {"cmd":"list_tracks"}
ZmqGateway: dispatching payload to JUCE message thread.
VitHeadlessService: processing queued command on JUCE message thread: {"cmd":"list_tracks"}
Command received: {"cmd":"list_tracks"}
Command executed: list_tracks, result: {
  "status": "ok",
  "message": "Track list fetched",
  "tracks": [
    {
      "id": "1002",
      "name": "Arranger",
      "track_type": "track",
      "is_audio": false,
      "is_audio_track": false,
      "vit_type": "",
      "vit_intent": "",
      "plugin_count": 0,
      "plugins": []
    },
    {
      "id": "1003",
      "name": "Chord",
      "track_type": "track",
      "is_audio": false,
      "is_audio_track": false,
      "vit_type": "",
      "vit_intent": "",
      "plugin_count": 0,
      "plugins": []
    },
    {
      "id": "1004",
      "name": "Marker",
      "track_type": "track",
      "is_audio": false,
      "is_audio_track": false,
      "vit_type": "",
      "vit_intent": "",
      "plugin_count": 0,
      "plugins": []
    },
    {
      "id": "1005",
      "name": "Tempo",
      "track_type": "track",
      "is_audio": false,
      "is_audio_track": false,
      "vit_type": "",
      "vit_intent": "",
      "plugin_count": 0,
      "plugins": []
    },
    {
      "id": "1006",
      "name": "Master",
      "track_type": "master",
      "is_audio": false,
      "is_audio_track": false,
      "vit_type": "",
      "vit_intent": "",
      "plugin_count": 0,
      "plugins": []
    },
    {
      "id": "1007",
      "name": "Audio Track 1",
      "track_type": "audio",
      "is_audio": true,
      "is_audio_track": true,
      "vit_type": "audio",
      "vit_intent": "",
      "plugin_count": 3,
      "plugins": [
        {
          "name": "SPAN",
          "type": "vst",
          "enabled": true
        },
        {
          "name": "Volume & Pan Plugin",
          "type": "volume",
          "enabled": true
        },
        {
          "name": "Level Meter",
          "type": "level",
          "enabled": true
        }
      ]
    },
    {
      "id": "1013",
      "name": "Audio Track 2",
      "track_type": "audio",
      "is_audio": true,
      "is_audio_track": true,
      "vit_type": "audio",
      "vit_intent": "",
      "plugin_count": 3,
      "plugins": [
        {
          "name": "TDR Nova",
          "type": "vst",
          "enabled": true
        },
        {
          "name": "Volume & Pan Plugin",
          "type": "volume",
          "enabled": true
        },
        {
          "name": "Level Meter",
          "type": "level",
          "enabled": true
        }
      ]
    }
  ]
}
VitHeadlessService: command reply (truncated): {
  "status": "ok",
  "message": "Track list fetched",
  "tracks": [
    {
      "id": "1002",
      "name": "Arranger",
      "track_type": "track",
      "is_audio": false,
      "is_audio_track": false,
    
ZmqGateway: received command payload: {"cmd":"warm_waveform_bake","file_path":"D:\\Vit_DAW\\test_target_3s.wav","track_id":"1007"}
ZmqGateway: dispatching payload to JUCE message thread.
VitHeadlessService: processing queued command on JUCE message thread: {"cmd":"warm_waveform_bake","file_path":"D:\\Vit_DAW\\test_target_3s.wav","track_id":"1007"}
Command received: {"cmd":"warm_waveform_bake","file_path":"D:\\Vit_DAW\\test_target_3s.wav","track_id":"1007"}
Command executed: warm_waveform_bake, result: {
  "status": "ok",
  "cmd": "warm_waveform_bake",
  "track_id": "1007",
  "file_path": "D:\\Vit_DAW\\test_target_3s.wav",
  "message": "Waveform bake started (no new clip inserted)"
}
VitHeadlessService: command reply (truncated): {
  "status": "ok",
  "cmd": "warm_waveform_bake",
  "track_id": "1007",
  "file_path": "D:\\Vit_DAW\\test_target_3s.wav",
  "message": "Waveform bake started (no new clip inserted)"
}
ZmqGateway: received command payload: {"cmd":"list_tracks"}
ZmqGateway: dispatching payload to JUCE message thread.
VitHeadlessService: processing queued command on JUCE message thread: {"cmd":"list_tracks"}
Command received: {"cmd":"list_tracks"}
Command executed: list_tracks, result: {
  "status": "ok",
  "message": "Track list fetched",
  "tracks": [
    {
      "id": "1002",
      "name": "Arranger",
      "track_type": "track",
      "is_audio": false,
      "is_audio_track": false,
      "vit_type": "",
      "vit_intent": "",
      "plugin_count": 0,
      "plugins": []
    },
    {
      "id": "1003",
      "name": "Chord",
      "track_type": "track",
      "is_audio": false,
      "is_audio_track": false,
      "vit_type": "",
      "vit_intent": "",
      "plugin_count": 0,
      "plugins": []
    },
    {
      "id": "1004",
      "name": "Marker",
      "track_type": "track",
      "is_audio": false,
      "is_audio_track": false,
      "vit_type": "",
      "vit_intent": "",
      "plugin_count": 0,
      "plugins": []
    },
    {
      "id": "1005",
      "name": "Tempo",
      "track_type": "track",
      "is_audio": false,
      "is_audio_track": false,
      "vit_type": "",
      "vit_intent": "",
      "plugin_count": 0,
      "plugins": []
    },
    {
      "id": "1006",
      "name": "Master",
      "track_type": "master",
      "is_audio": false,
      "is_audio_track": false,
      "vit_type": "",
      "vit_intent": "",
      "plugin_count": 0,
      "plugins": []
    },
    {
      "id": "1007",
      "name": "Audio Track 1",
      "track_type": "audio",
      "is_audio": true,
      "is_audio_track": true,
      "vit_type": "audio",
      "vit_intent": "",
      "plugin_count": 3,
      "plugins": [
        {
          "name": "SPAN",
          "type": "vst",
          "enabled": true
        },
        {
          "name": "Volume & Pan Plugin",
          "type": "volume",
          "enabled": true
        },
        {
          "name": "Level Meter",
          "type": "level",
          "enabled": true
        }
      ]
    },
    {
      "id": "1013",
      "name": "Audio Track 2",
      "track_type": "audio",
      "is_audio": true,
      "is_audio_track": true,
      "vit_type": "audio",
      "vit_intent": "",
      "plugin_count": 3,
      "plugins": [
        {
          "name": "TDR Nova",
          "type": "vst",
          "enabled": true
        },
        {
          "name": "Volume & Pan Plugin",
          "type": "volume",
          "enabled": true
        },
        {
          "name": "Level Meter",
          "type": "level",
          "enabled": true
        }
      ]
    }
  ]
}
VitHeadlessService: command reply (truncated): {
  "status": "ok",
  "message": "Track list fetched",
  "tracks": [
    {
      "id": "1002",
      "name": "Arranger",
      "track_type": "track",
      "is_audio": false,
      "is_audio_track": false,
    
ZmqGateway: received command payload: {"cmd":"seek","time":30.0000114440918}
ZmqGateway: dispatching payload to JUCE message thread.
VitHeadlessService: processing queued command on JUCE message thread: {"cmd":"seek","time":30.0000114440918}
Command received: {"cmd":"seek","time":30.0000114440918}
CommandDispatcher::handleSeek: position set to 30.0000s
Command executed: seek, result: {
  "status": "ok",
  "message": "Seek executed",
  "position_seconds": 30.0000114440918
}
VitHeadlessService: command reply (truncated): {
  "status": "ok",
  "message": "Seek executed",
  "position_seconds": 30.0000114440918
}
ZmqGateway: received command payload: {"cmd":"seek","time":30.0000114440918}
ZmqGateway: dispatching payload to JUCE message thread.
VitHeadlessService: processing queued command on JUCE message thread: {"cmd":"seek","time":30.0000114440918}
Command received: {"cmd":"seek","time":30.0000114440918}
CommandDispatcher::handleSeek: position set to 30.0000s
Command executed: seek, result: {
  "status": "ok",
  "message": "Seek executed",
  "position_seconds": 30.0000114440918
}
VitHeadlessService: command reply (truncated): {
  "status": "ok",
  "message": "Seek executed",
  "position_seconds": 30.0000114440918
}
ZmqGateway: received command payload: {"cmd":"seek","time":30.0000114440918}
ZmqGateway: dispatching payload to JUCE message thread.
VitHeadlessService: processing queued command on JUCE message thread: {"cmd":"seek","time":30.0000114440918}
Command received: {"cmd":"seek","time":30.0000114440918}
CommandDispatcher::handleSeek: position set to 30.0000s
Command executed: seek, result: {
  "status": "ok",
  "message": "Seek executed",
  "position_seconds": 30.0000114440918
}
VitHeadlessService: command reply (truncated): {
  "status": "ok",
  "message": "Seek executed",
  "position_seconds": 30.0000114440918
}
ZmqGateway: received command payload: {"cmd":"seek","time":30.0000114440918}
ZmqGateway: dispatching payload to JUCE message thread.
VitHeadlessService: processing queued command on JUCE message thread: {"cmd":"seek","time":30.0000114440918}
Command received: {"cmd":"seek","time":30.0000114440918}
CommandDispatcher::handleSeek: position set to 30.0000s
Command executed: seek, result: {
  "status": "ok",
  "message": "Seek executed",
  "position_seconds": 30.0000114440918
}
VitHeadlessService: command reply (truncated): {
  "status": "ok",
  "message": "Seek executed",
  "position_seconds": 30.0000114440918
}
ZmqGateway: received command payload: {"cmd":"seek","time":30.0000114440918}
ZmqGateway: dispatching payload to JUCE message thread.
VitHeadlessService: processing queued command on JUCE message thread: {"cmd":"seek","time":30.0000114440918}
Command received: {"cmd":"seek","time":30.0000114440918}
CommandDispatcher::handleSeek: position set to 30.0000s
Command executed: seek, result: {
  "status": "ok",
  "message": "Seek executed",
  "position_seconds": 30.0000114440918
}
VitHeadlessService: command reply (truncated): {
  "status": "ok",
  "message": "Seek executed",
  "position_seconds": 30.0000114440918
}
ZmqGateway: received command payload: {"cmd":"seek","time":30.0000114440918}
ZmqGateway: dispatching payload to JUCE message thread.
VitHeadlessService: processing queued command on JUCE message thread: {"cmd":"seek","time":30.0000114440918}
Command received: {"cmd":"seek","time":30.0000114440918}
CommandDispatcher::handleSeek: position set to 30.0000s
Command executed: seek, result: {
  "status": "ok",
  "message": "Seek executed",
  "position_seconds": 30.0000114440918
}
VitHeadlessService: command reply (truncated): {
  "status": "ok",
  "message": "Seek executed",
  "position_seconds": 30.0000114440918
}
ZmqGateway: received command payload: {"cmd":"seek","time":30.0000114440918}
ZmqGateway: dispatching payload to JUCE message thread.
VitHeadlessService: processing queued command on JUCE message thread: {"cmd":"seek","time":30.0000114440918}
Command received: {"cmd":"seek","time":30.0000114440918}
CommandDispatcher::handleSeek: position set to 30.0000s
Command executed: seek, result: {
  "status": "ok",
  "message": "Seek executed",
  "position_seconds": 30.0000114440918
}
VitHeadlessService: command reply (truncated): {
  "status": "ok",
  "message": "Seek executed",
  "position_seconds": 30.0000114440918
}
ZmqGateway: received command payload: {"cmd":"seek","time":30.0000114440918}
ZmqGateway: dispatching payload to JUCE message thread.
VitHeadlessService: processing queued command on JUCE message thread: {"cmd":"seek","time":30.0000114440918}
Command received: {"cmd":"seek","time":30.0000114440918}
CommandDispatcher::handleSeek: position set to 30.0000s
Command executed: seek, result: {
  "status": "ok",
  "message": "Seek executed",
  "position_seconds": 30.0000114440918
}
VitHeadlessService: command reply (truncated): {
  "status": "ok",
  "message": "Seek executed",
  "position_seconds": 30.0000114440918
}
ZmqGateway: received command payload: {"cmd":"seek","time":30.0000114440918}
ZmqGateway: dispatching payload to JUCE message thread.
VitHeadlessService: processing queued command on JUCE message thread: {"cmd":"seek","time":30.0000114440918}
Command received: {"cmd":"seek","time":30.0000114440918}
CommandDispatcher::handleSeek: position set to 30.0000s
Command executed: seek, result: {
  "status": "ok",
  "message": "Seek executed",
  "position_seconds": 30.0000114440918
}
VitHeadlessService: command reply (truncated): {
  "status": "ok",
  "message": "Seek executed",
  "position_seconds": 30.0000114440918
}
ZmqGateway: received command payload: {"cmd":"seek","time":30.0000114440918}
ZmqGateway: dispatching payload to JUCE message thread.
VitHeadlessService: processing queued command on JUCE message thread: {"cmd":"seek","time":30.0000114440918}
Command received: {"cmd":"seek","time":30.0000114440918}
CommandDispatcher::handleSeek: position set to 30.0000s
Command executed: seek, result: {
  "status": "ok",
  "message": "Seek executed",
  "position_seconds": 30.0000114440918
}
VitHeadlessService: command reply (truncated): {
  "status": "ok",
  "message": "Seek executed",
  "position_seconds": 30.0000114440918
}
ZmqGateway: received command payload: {"cmd":"seek","time":30.0000114440918}
ZmqGateway: dispatching payload to JUCE message thread.
VitHeadlessService: processing queued command on JUCE message thread: {"cmd":"seek","time":30.0000114440918}
Command received: {"cmd":"seek","time":30.0000114440918}
CommandDispatcher::handleSeek: position set to 30.0000s
Command executed: seek, result: {
  "status": "ok",
  "message": "Seek executed",
  "position_seconds": 30.0000114440918
}
VitHeadlessService: command reply (truncated): {
  "status": "ok",
  "message": "Seek executed",
  "position_seconds": 30.0000114440918
}
ZmqGateway: received command payload: {"cmd":"seek","time":30.0000114440918}
ZmqGateway: dispatching payload to JUCE message thread.
VitHeadlessService: processing queued command on JUCE message thread: {"cmd":"seek","time":30.0000114440918}
Command received: {"cmd":"seek","time":30.0000114440918}
CommandDispatcher::handleSeek: position set to 30.0000s
Command executed: seek, result: {
  "status": "ok",
  "message": "Seek executed",
  "position_seconds": 30.0000114440918
}
VitHeadlessService: command reply (truncated): {
  "status": "ok",
  "message": "Seek executed",
  "position_seconds": 30.0000114440918
}
ZmqGateway: received command payload: {"cmd":"seek","time":30.0000114440918}
ZmqGateway: dispatching payload to JUCE message thread.
VitHeadlessService: processing queued command on JUCE message thread: {"cmd":"seek","time":30.0000114440918}
Command received: {"cmd":"seek","time":30.0000114440918}
CommandDispatcher::handleSeek: position set to 30.0000s
Command executed: seek, result: {
  "status": "ok",
  "message": "Seek executed",
  "position_seconds": 30.0000114440918
}
VitHeadlessService: command reply (truncated): {
  "status": "ok",
  "message": "Seek executed",
  "position_seconds": 30.0000114440918
}
ZmqGateway: received command payload: {"cmd":"seek","time":30.0000114440918}
ZmqGateway: dispatching payload to JUCE message thread.
VitHeadlessService: processing queued command on JUCE message thread: {"cmd":"seek","time":30.0000114440918}
Command received: {"cmd":"seek","time":30.0000114440918}
CommandDispatcher::handleSeek: position set to 30.0000s
Command executed: seek, result: {
  "status": "ok",
  "message": "Seek executed",
  "position_seconds": 30.0000114440918
}
VitHeadlessService: command reply (truncated): {
  "status": "ok",
  "message": "Seek executed",
  "position_seconds": 30.0000114440918
}
ZmqGateway: received command payload: {"cmd":"seek","time":30.0000114440918}
ZmqGateway: dispatching payload to JUCE message thread.
VitHeadlessService: processing queued command on JUCE message thread: {"cmd":"seek","time":30.0000114440918}
Command received: {"cmd":"seek","time":30.0000114440918}
CommandDispatcher::handleSeek: position set to 30.0000s
Command executed: seek, result: {
  "status": "ok",
  "message": "Seek executed",
  "position_seconds": 30.0000114440918
}
VitHeadlessService: command reply (truncated): {
  "status": "ok",
  "message": "Seek executed",
  "position_seconds": 30.0000114440918
}
ZmqGateway: received command payload: {"cmd":"get_recent_projects"}
ZmqGateway: dispatching payload to JUCE message thread.
VitHeadlessService: processing queued command on JUCE message thread: {"cmd":"get_recent_projects"}
Command received: {"cmd":"get_recent_projects"}
Command executed: get_recent_projects, result: {
  "status": "ok",
  "recent_projects": [
    "D:\\Godot\\project\\vit-daw-frontend\\4.4.3.vit",
    "D:\\Godot\\project\\vit-daw-frontend\\4.4.2.vit",
    "D:\\Godot\\project\\vit-daw-frontend\\4.4.1.vit",
    "D:\\Godot\\project\\vit-daw-frontend\\4.4.vit",
    "D:\\4.1.tracktionedit"
  ]
}
VitHeadlessService: command reply (truncated): {
  "status": "ok",
  "recent_projects": [
    "D:\\Godot\\project\\vit-daw-frontend\\4.4.3.vit",
    "D:\\Godot\\project\\vit-daw-frontend\\4.4.2.vit",
    "D:\\Godot\\project\\vit-daw-frontend\\4.4.1.vit",
    "D
ZmqGateway: received command payload: {"cmd":"open_project","file_path":"D:\\Godot\\project\\vit-daw-frontend\\4.4.3.vit"}
ZmqGateway: dispatching payload to JUCE message thread.
VitHeadlessService: processing queued command on JUCE message thread: {"cmd":"open_project","file_path":"D:\\Godot\\project\\vit-daw-frontend\\4.4.3.vit"}
Command received: {"cmd":"open_project","file_path":"D:\\Godot\\project\\vit-daw-frontend\\4.4.3.vit"}
VitEngineDevice: audio IO ready for playback graph: "扬声器 (USB AUDIO  CODEC)" 48000.00 Hz, block 480 samples
VitKernelUtils: wave clip 1011 forced direct file rebind: D:\Vit_DAW\test_target_3s.wav
VitHeadlessService: loaded project from D:\Godot\project\vit-daw-frontend\4.4.3.vit
Command executed: open_project, result: {
  "status": "ok",
  "message": "Project opened"
}
VitHeadlessService: command reply (truncated): {
  "status": "ok",
  "message": "Project opened"
}
ZmqGateway: received command payload: {"cmd":"ping"}
ZmqGateway: dispatching payload to JUCE message thread.
VitHeadlessService: processing queued command on JUCE message thread: {"cmd":"ping"}
Command received: {"cmd":"ping"}
CommandDispatcher: handled ping command.
Command executed: ping, result: {
  "status": "ok",
  "message": "pong"
}
VitHeadlessService: command reply (truncated): {
  "status": "ok",
  "message": "pong"
}
ZmqGateway: received command payload: {"cmd":"get_project_state"}
ZmqGateway: dispatching payload to JUCE message thread.
VitHeadlessService: processing queued command on JUCE message thread: {"cmd":"get_project_state"}
Command received: {"cmd":"get_project_state"}
Command executed: get_project_state, result: {
  "status": "ok",
  "project_path": "D:\\Godot\\project\\vit-daw-frontend\\4.4.3.vit",
  "tracks": [
    {
      "id": "1002",
      "name": "Arranger",
      "type": "audio",
      "plugins": [],
      "clips": []
    },
    {
      "id": "1003",
      "name": "Chord",
      "type": "audio",
      "plugins": [],
      "clips": []
    },
    {
      "id": "1004",
      "name": "Marker",
      "type": "audio",
      "plugins": [],
      "clips": []
    },
    {
      "id": "1005",
      "name": "Tempo",
      "type": "audio",
      "plugins": [],
      "clips": []
    },
    {
      "id": "1006",
      "name": "Master",
      "type": "master",
      "plugins": [],
      "clips": []
    },
    {
      "id": "1007",
      "name": "Audio Track 1",
      "type": "audio",
      "plugins": [
        {
          "id": "1012",
          "name": "SPAN",
          "type": "vst",
          "enabled": true
        },
        {
          "id": "1008",
          "name": "Volume & Pan Plugin",
          "type": "volume",
          "enabled": true
        },
        {
          "id": "1009",
          "name": "Level Meter",
          "type": "level",
          "enabled": true
        }
      ],
      "clips": [
        {
          "id": "1011",
          "name": "test_target_3s",
          "clip_type": "wave",
          "start_seconds": 0.0,
          "end_seconds": 3.0,
          "length_seconds": 3.0,
          "file_path": "D:\\Vit_DAW\\test_target_3s.wav",
          "current_source_path": "D:\\Vit_DAW\\test_target_3s.wav",
          "playback_source_valid": true
        }
      ],
      "output_to_device_resolved": true,
      "output_device_enabled": true,
      "output_device_id": "out_b7a4b4c1",
      "output_routing_name": "(default audio output)"
    },
    {
      "id": "1013",
      "name": "Audio Track 2",
      "type": "audio",
      "plugins": [
        {
          "id": "1016",
          "name": "TDR Nova",
          "type": "vst",
          "enabled": true
        },
        {
          "id": "1014",
          "name": "Volume & Pan Plugin",
          "type": "volume",
          "enabled": true
        },
        {
          "id": "1015",
          "name": "Level Meter",
          "type": "level",
          "enabled": true
        }
      ],
      "clips": [],
      "output_to_device_resolved": true,
      "output_device_enabled": true,
      "output_device_id": "out_b7a4b4c1",
      "output_routing_name": "(default audio output)"
    }
  ]
}
VitHeadlessService: command reply (truncated): {
  "status": "ok",
  "project_path": "D:\\Godot\\project\\vit-daw-frontend\\4.4.3.vit",
  "tracks": [
    {
      "id": "1002",
      "name": "Arranger",
      "type": "audio",
      "plugins": [],
      "clips
ZmqGateway: received command payload: {"cmd":"list_tracks"}
ZmqGateway: dispatching payload to JUCE message thread.
VitHeadlessService: processing queued command on JUCE message thread: {"cmd":"list_tracks"}
Command received: {"cmd":"list_tracks"}
Command executed: list_tracks, result: {
  "status": "ok",
  "message": "Track list fetched",
  "tracks": [
    {
      "id": "1002",
      "name": "Arranger",
      "track_type": "track",
      "is_audio": false,
      "is_audio_track": false,
      "vit_type": "",
      "vit_intent": "",
      "plugin_count": 0,
      "plugins": []
    },
    {
      "id": "1003",
      "name": "Chord",
      "track_type": "track",
      "is_audio": false,
      "is_audio_track": false,
      "vit_type": "",
      "vit_intent": "",
      "plugin_count": 0,
      "plugins": []
    },
    {
      "id": "1004",
      "name": "Marker",
      "track_type": "track",
      "is_audio": false,
      "is_audio_track": false,
      "vit_type": "",
      "vit_intent": "",
      "plugin_count": 0,
      "plugins": []
    },
    {
      "id": "1005",
      "name": "Tempo",
      "track_type": "track",
      "is_audio": false,
      "is_audio_track": false,
      "vit_type": "",
      "vit_intent": "",
      "plugin_count": 0,
      "plugins": []
    },
    {
      "id": "1006",
      "name": "Master",
      "track_type": "master",
      "is_audio": false,
      "is_audio_track": false,
      "vit_type": "",
      "vit_intent": "",
      "plugin_count": 0,
      "plugins": []
    },
    {
      "id": "1007",
      "name": "Audio Track 1",
      "track_type": "audio",
      "is_audio": true,
      "is_audio_track": true,
      "vit_type": "audio",
      "vit_intent": "",
      "plugin_count": 3,
      "plugins": [
        {
          "name": "SPAN",
          "type": "vst",
          "enabled": true
        },
        {
          "name": "Volume & Pan Plugin",
          "type": "volume",
          "enabled": true
        },
        {
          "name": "Level Meter",
          "type": "level",
          "enabled": true
        }
      ]
    },
    {
      "id": "1013",
      "name": "Audio Track 2",
      "track_type": "audio",
      "is_audio": true,
      "is_audio_track": true,
      "vit_type": "audio",
      "vit_intent": "",
      "plugin_count": 3,
      "plugins": [
        {
          "name": "TDR Nova",
          "type": "vst",
          "enabled": true
        },
        {
          "name": "Volume & Pan Plugin",
          "type": "volume",
          "enabled": true
        },
        {
          "name": "Level Meter",
          "type": "level",
          "enabled": true
        }
      ]
    }
  ]
}
VitHeadlessService: command reply (truncated): {
  "status": "ok",
  "message": "Track list fetched",
  "tracks": [
    {
      "id": "1002",
      "name": "Arranger",
      "track_type": "track",
      "is_audio": false,
      "is_audio_track": false,
    
ZmqGateway: received command payload: {"cmd":"warm_waveform_bake","file_path":"D:\\Vit_DAW\\test_target_3s.wav","track_id":"1007"}
ZmqGateway: dispatching payload to JUCE message thread.
VitHeadlessService: processing queued command on JUCE message thread: {"cmd":"warm_waveform_bake","file_path":"D:\\Vit_DAW\\test_target_3s.wav","track_id":"1007"}
Command received: {"cmd":"warm_waveform_bake","file_path":"D:\\Vit_DAW\\test_target_3s.wav","track_id":"1007"}
Command executed: warm_waveform_bake, result: {
  "status": "ok",
  "cmd": "warm_waveform_bake",
  "track_id": "1007",
  "file_path": "D:\\Vit_DAW\\test_target_3s.wav",
  "message": "Waveform bake started (no new clip inserted)"
}
VitHeadlessService: command reply (truncated): {
  "status": "ok",
  "cmd": "warm_waveform_bake",
  "track_id": "1007",
  "file_path": "D:\\Vit_DAW\\test_target_3s.wav",
  "message": "Waveform bake started (no new clip inserted)"
}
ZmqGateway: received command payload: {"cmd":"list_tracks"}
ZmqGateway: dispatching payload to JUCE message thread.
VitHeadlessService: processing queued command on JUCE message thread: {"cmd":"list_tracks"}
Command received: {"cmd":"list_tracks"}
Command executed: list_tracks, result: {
  "status": "ok",
  "message": "Track list fetched",
  "tracks": [
    {
      "id": "1002",
      "name": "Arranger",
      "track_type": "track",
      "is_audio": false,
      "is_audio_track": false,
      "vit_type": "",
      "vit_intent": "",
      "plugin_count": 0,
      "plugins": []
    },
    {
      "id": "1003",
      "name": "Chord",
      "track_type": "track",
      "is_audio": false,
      "is_audio_track": false,
      "vit_type": "",
      "vit_intent": "",
      "plugin_count": 0,
      "plugins": []
    },
    {
      "id": "1004",
      "name": "Marker",
      "track_type": "track",
      "is_audio": false,
      "is_audio_track": false,
      "vit_type": "",
      "vit_intent": "",
      "plugin_count": 0,
      "plugins": []
    },
    {
      "id": "1005",
      "name": "Tempo",
      "track_type": "track",
      "is_audio": false,
      "is_audio_track": false,
      "vit_type": "",
      "vit_intent": "",
      "plugin_count": 0,
      "plugins": []
    },
    {
      "id": "1006",
      "name": "Master",
      "track_type": "master",
      "is_audio": false,
      "is_audio_track": false,
      "vit_type": "",
      "vit_intent": "",
      "plugin_count": 0,
      "plugins": []
    },
    {
      "id": "1007",
      "name": "Audio Track 1",
      "track_type": "audio",
      "is_audio": true,
      "is_audio_track": true,
      "vit_type": "audio",
      "vit_intent": "",
      "plugin_count": 3,
      "plugins": [
        {
          "name": "SPAN",
          "type": "vst",
          "enabled": true
        },
        {
          "name": "Volume & Pan Plugin",
          "type": "volume",
          "enabled": true
        },
        {
          "name": "Level Meter",
          "type": "level",
          "enabled": true
        }
      ]
    },
    {
      "id": "1013",
      "name": "Audio Track 2",
      "track_type": "audio",
      "is_audio": true,
      "is_audio_track": true,
      "vit_type": "audio",
      "vit_intent": "",
      "plugin_count": 3,
      "plugins": [
        {
          "name": "TDR Nova",
          "type": "vst",
          "enabled": true
        },
        {
          "name": "Volume & Pan Plugin",
          "type": "volume",
          "enabled": true
        },
        {
          "name": "Level Meter",
          "type": "level",
          "enabled": true
        }
      ]
    }
  ]
}
VitHeadlessService: command reply (truncated): {
  "status": "ok",
  "message": "Track list fetched",
  "tracks": [
    {
      "id": "1002",
      "name": "Arranger",
      "track_type": "track",
      "is_audio": false,
      "is_audio_track": false,
    
ZmqGateway: received command payload: {"cmd":"get_recent_projects"}
ZmqGateway: dispatching payload to JUCE message thread.
VitHeadlessService: processing queued command on JUCE message thread: {"cmd":"get_recent_projects"}
Command received: {"cmd":"get_recent_projects"}
Command executed: get_recent_projects, result: {
  "status": "ok",
  "recent_projects": [
    "D:\\Godot\\project\\vit-daw-frontend\\4.4.3.vit",
    "D:\\Godot\\project\\vit-daw-frontend\\4.4.2.vit",
    "D:\\Godot\\project\\vit-daw-frontend\\4.4.1.vit",
    "D:\\Godot\\project\\vit-daw-frontend\\4.4.vit",
    "D:\\4.1.tracktionedit"
  ]
}
VitHeadlessService: command reply (truncated): {
  "status": "ok",
  "recent_projects": [
    "D:\\Godot\\project\\vit-daw-frontend\\4.4.3.vit",
    "D:\\Godot\\project\\vit-daw-frontend\\4.4.2.vit",
    "D:\\Godot\\project\\vit-daw-frontend\\4.4.1.vit",
    "D
ZmqGateway: received command payload: {"cmd":"open_project","file_path":"D:\\Godot\\project\\vit-daw-frontend\\4.4.3.vit"}
ZmqGateway: dispatching payload to JUCE message thread.
VitHeadlessService: processing queued command on JUCE message thread: {"cmd":"open_project","file_path":"D:\\Godot\\project\\vit-daw-frontend\\4.4.3.vit"}
Command received: {"cmd":"open_project","file_path":"D:\\Godot\\project\\vit-daw-frontend\\4.4.3.vit"}
VitEngineDevice: audio IO ready for playback graph: "扬声器 (USB AUDIO  CODEC)" 48000.00 Hz, block 480 samples
VitKernelUtils: wave clip 1011 forced direct file rebind: D:\Vit_DAW\test_target_3s.wav
VitHeadlessService: loaded project from D:\Godot\project\vit-daw-frontend\4.4.3.vit
Command executed: open_project, result: {
  "status": "ok",
  "message": "Project opened"
}
VitHeadlessService: command reply (truncated): {
  "status": "ok",
  "message": "Project opened"
}
ZmqGateway: received command payload: {"cmd":"ping"}
ZmqGateway: dispatching payload to JUCE message thread.
VitHeadlessService: processing queued command on JUCE message thread: {"cmd":"ping"}
Command received: {"cmd":"ping"}
CommandDispatcher: handled ping command.
Command executed: ping, result: {
  "status": "ok",
  "message": "pong"
}
VitHeadlessService: command reply (truncated): {
  "status": "ok",
  "message": "pong"
}
ZmqGateway: received command payload: {"cmd":"get_project_state"}
ZmqGateway: dispatching payload to JUCE message thread.
VitHeadlessService: processing queued command on JUCE message thread: {"cmd":"get_project_state"}
Command received: {"cmd":"get_project_state"}
Command executed: get_project_state, result: {
  "status": "ok",
  "project_path": "D:\\Godot\\project\\vit-daw-frontend\\4.4.3.vit",
  "tracks": [
    {
      "id": "1002",
      "name": "Arranger",
      "type": "audio",
      "plugins": [],
      "clips": []
    },
    {
      "id": "1003",
      "name": "Chord",
      "type": "audio",
      "plugins": [],
      "clips": []
    },
    {
      "id": "1004",
      "name": "Marker",
      "type": "audio",
      "plugins": [],
      "clips": []
    },
    {
      "id": "1005",
      "name": "Tempo",
      "type": "audio",
      "plugins": [],
      "clips": []
    },
    {
      "id": "1006",
      "name": "Master",
      "type": "master",
      "plugins": [],
      "clips": []
    },
    {
      "id": "1007",
      "name": "Audio Track 1",
      "type": "audio",
      "plugins": [
        {
          "id": "1012",
          "name": "SPAN",
          "type": "vst",
          "enabled": true
        },
        {
          "id": "1008",
          "name": "Volume & Pan Plugin",
          "type": "volume",
          "enabled": true
        },
        {
          "id": "1009",
          "name": "Level Meter",
          "type": "level",
          "enabled": true
        }
      ],
      "clips": [
        {
          "id": "1011",
          "name": "test_target_3s",
          "clip_type": "wave",
          "start_seconds": 0.0,
          "end_seconds": 3.0,
          "length_seconds": 3.0,
          "file_path": "D:\\Vit_DAW\\test_target_3s.wav",
          "current_source_path": "D:\\Vit_DAW\\test_target_3s.wav",
          "playback_source_valid": true
        }
      ],
      "output_to_device_resolved": true,
      "output_device_enabled": true,
      "output_device_id": "out_b7a4b4c1",
      "output_routing_name": "(default audio output)"
    },
    {
      "id": "1013",
      "name": "Audio Track 2",
      "type": "audio",
      "plugins": [
        {
          "id": "1016",
          "name": "TDR Nova",
          "type": "vst",
          "enabled": true
        },
        {
          "id": "1014",
          "name": "Volume & Pan Plugin",
          "type": "volume",
          "enabled": true
        },
        {
          "id": "1015",
          "name": "Level Meter",
          "type": "level",
          "enabled": true
        }
      ],
      "clips": [],
      "output_to_device_resolved": true,
      "output_device_enabled": true,
      "output_device_id": "out_b7a4b4c1",
      "output_routing_name": "(default audio output)"
    }
  ]
}
VitHeadlessService: command reply (truncated): {
  "status": "ok",
  "project_path": "D:\\Godot\\project\\vit-daw-frontend\\4.4.3.vit",
  "tracks": [
    {
      "id": "1002",
      "name": "Arranger",
      "type": "audio",
      "plugins": [],
      "clips
ZmqGateway: received command payload: {"cmd":"list_tracks"}
ZmqGateway: dispatching payload to JUCE message thread.
VitHeadlessService: processing queued command on JUCE message thread: {"cmd":"list_tracks"}
Command received: {"cmd":"list_tracks"}
Command executed: list_tracks, result: {
  "status": "ok",
  "message": "Track list fetched",
  "tracks": [
    {
      "id": "1002",
      "name": "Arranger",
      "track_type": "track",
      "is_audio": false,
      "is_audio_track": false,
      "vit_type": "",
      "vit_intent": "",
      "plugin_count": 0,
      "plugins": []
    },
    {
      "id": "1003",
      "name": "Chord",
      "track_type": "track",
      "is_audio": false,
      "is_audio_track": false,
      "vit_type": "",
      "vit_intent": "",
      "plugin_count": 0,
      "plugins": []
    },
    {
      "id": "1004",
      "name": "Marker",
      "track_type": "track",
      "is_audio": false,
      "is_audio_track": false,
      "vit_type": "",
      "vit_intent": "",
      "plugin_count": 0,
      "plugins": []
    },
    {
      "id": "1005",
      "name": "Tempo",
      "track_type": "track",
      "is_audio": false,
      "is_audio_track": false,
      "vit_type": "",
      "vit_intent": "",
      "plugin_count": 0,
      "plugins": []
    },
    {
      "id": "1006",
      "name": "Master",
      "track_type": "master",
      "is_audio": false,
      "is_audio_track": false,
      "vit_type": "",
      "vit_intent": "",
      "plugin_count": 0,
      "plugins": []
    },
    {
      "id": "1007",
      "name": "Audio Track 1",
      "track_type": "audio",
      "is_audio": true,
      "is_audio_track": true,
      "vit_type": "audio",
      "vit_intent": "",
      "plugin_count": 3,
      "plugins": [
        {
          "name": "SPAN",
          "type": "vst",
          "enabled": true
        },
        {
          "name": "Volume & Pan Plugin",
          "type": "volume",
          "enabled": true
        },
        {
          "name": "Level Meter",
          "type": "level",
          "enabled": true
        }
      ]
    },
    {
      "id": "1013",
      "name": "Audio Track 2",
      "track_type": "audio",
      "is_audio": true,
      "is_audio_track": true,
      "vit_type": "audio",
      "vit_intent": "",
      "plugin_count": 3,
      "plugins": [
        {
          "name": "TDR Nova",
          "type": "vst",
          "enabled": true
        },
        {
          "name": "Volume & Pan Plugin",
          "type": "volume",
          "enabled": true
        },
        {
          "name": "Level Meter",
          "type": "level",
          "enabled": true
        }
      ]
    }
  ]
}
VitHeadlessService: command reply (truncated): {
  "status": "ok",
  "message": "Track list fetched",
  "tracks": [
    {
      "id": "1002",
      "name": "Arranger",
      "track_type": "track",
      "is_audio": false,
      "is_audio_track": false,
    
ZmqGateway: received command payload: {"cmd":"warm_waveform_bake","file_path":"D:\\Vit_DAW\\test_target_3s.wav","track_id":"1007"}
ZmqGateway: dispatching payload to JUCE message thread.
VitHeadlessService: processing queued command on JUCE message thread: {"cmd":"warm_waveform_bake","file_path":"D:\\Vit_DAW\\test_target_3s.wav","track_id":"1007"}
Command received: {"cmd":"warm_waveform_bake","file_path":"D:\\Vit_DAW\\test_target_3s.wav","track_id":"1007"}
Command executed: warm_waveform_bake, result: {
  "status": "ok",
  "cmd": "warm_waveform_bake",
  "track_id": "1007",
  "file_path": "D:\\Vit_DAW\\test_target_3s.wav",
  "message": "Waveform bake started (no new clip inserted)"
}
VitHeadlessService: command reply (truncated): {
  "status": "ok",
  "cmd": "warm_waveform_bake",
  "track_id": "1007",
  "file_path": "D:\\Vit_DAW\\test_target_3s.wav",
  "message": "Waveform bake started (no new clip inserted)"
}
ZmqGateway: received command payload: {"cmd":"list_tracks"}
ZmqGateway: dispatching payload to JUCE message thread.
VitHeadlessService: processing queued command on JUCE message thread: {"cmd":"list_tracks"}
Command received: {"cmd":"list_tracks"}
Command executed: list_tracks, result: {
  "status": "ok",
  "message": "Track list fetched",
  "tracks": [
    {
      "id": "1002",
      "name": "Arranger",
      "track_type": "track",
      "is_audio": false,
      "is_audio_track": false,
      "vit_type": "",
      "vit_intent": "",
      "plugin_count": 0,
      "plugins": []
    },
    {
      "id": "1003",
      "name": "Chord",
      "track_type": "track",
      "is_audio": false,
      "is_audio_track": false,
      "vit_type": "",
      "vit_intent": "",
      "plugin_count": 0,
      "plugins": []
    },
    {
      "id": "1004",
      "name": "Marker",
      "track_type": "track",
      "is_audio": false,
      "is_audio_track": false,
      "vit_type": "",
      "vit_intent": "",
      "plugin_count": 0,
      "plugins": []
    },
    {
      "id": "1005",
      "name": "Tempo",
      "track_type": "track",
      "is_audio": false,
      "is_audio_track": false,
      "vit_type": "",
      "vit_intent": "",
      "plugin_count": 0,
      "plugins": []
    },
    {
      "id": "1006",
      "name": "Master",
      "track_type": "master",
      "is_audio": false,
      "is_audio_track": false,
      "vit_type": "",
      "vit_intent": "",
      "plugin_count": 0,
      "plugins": []
    },
    {
      "id": "1007",
      "name": "Audio Track 1",
      "track_type": "audio",
      "is_audio": true,
      "is_audio_track": true,
      "vit_type": "audio",
      "vit_intent": "",
      "plugin_count": 3,
      "plugins": [
        {
          "name": "SPAN",
          "type": "vst",
          "enabled": true
        },
        {
          "name": "Volume & Pan Plugin",
          "type": "volume",
          "enabled": true
        },
        {
          "name": "Level Meter",
          "type": "level",
          "enabled": true
        }
      ]
    },
    {
      "id": "1013",
      "name": "Audio Track 2",
      "track_type": "audio",
      "is_audio": true,
      "is_audio_track": true,
      "vit_type": "audio",
      "vit_intent": "",
      "plugin_count": 3,
      "plugins": [
        {
          "name": "TDR Nova",
          "type": "vst",
          "enabled": true
        },
        {
          "name": "Volume & Pan Plugin",
          "type": "volume",
          "enabled": true
        },
        {
          "name": "Level Meter",
          "type": "level",
          "enabled": true
        }
      ]
    }
  ]
}
VitHeadlessService: command reply (truncated): {
  "status": "ok",
  "message": "Track list fetched",
  "tracks": [
    {
      "id": "1002",
      "name": "Arranger",
      "track_type": "track",
      "is_audio": false,
      "is_audio_track": false,
    
ZmqGateway: received command payload: {"cmd":"seek","time":29.4153957366943}
ZmqGateway: dispatching payload to JUCE message thread.
VitHeadlessService: processing queued command on JUCE message thread: {"cmd":"seek","time":29.4153957366943}
Command received: {"cmd":"seek","time":29.4153957366943}
CommandDispatcher::handleSeek: position set to 29.4154s
Command executed: seek, result: {
  "status": "ok",
  "message": "Seek executed",
  "position_seconds": 29.4153957366943
}
VitHeadlessService: command reply (truncated): {
  "status": "ok",
  "message": "Seek executed",
  "position_seconds": 29.4153957366943
}
ZmqGateway: received command payload: {"cmd":"seek","time":29.4153957366943}
ZmqGateway: dispatching payload to JUCE message thread.
VitHeadlessService: processing queued command on JUCE message thread: {"cmd":"seek","time":29.4153957366943}
Command received: {"cmd":"seek","time":29.4153957366943}
CommandDispatcher::handleSeek: position set to 29.4154s
Command executed: seek, result: {
  "status": "ok",
  "message": "Seek executed",
  "position_seconds": 29.4153957366943
}
VitHeadlessService: command reply (truncated): {
  "status": "ok",
  "message": "Seek executed",
  "position_seconds": 29.4153957366943
}
ZmqGateway: received command payload: {"cmd":"seek","time":29.4153957366943}
ZmqGateway: dispatching payload to JUCE message thread.
VitHeadlessService: processing queued command on JUCE message thread: {"cmd":"seek","time":29.4153957366943}
Command received: {"cmd":"seek","time":29.4153957366943}
CommandDispatcher::handleSeek: position set to 29.4154s
Command executed: seek, result: {
  "status": "ok",
  "message": "Seek executed",
  "position_seconds": 29.4153957366943
}
VitHeadlessService: command reply (truncated): {
  "status": "ok",
  "message": "Seek executed",
  "position_seconds": 29.4153957366943
}
ZmqGateway: received command payload: {"cmd":"seek","time":29.4153957366943}
ZmqGateway: dispatching payload to JUCE message thread.
VitHeadlessService: processing queued command on JUCE message thread: {"cmd":"seek","time":29.4153957366943}
Command received: {"cmd":"seek","time":29.4153957366943}
CommandDispatcher::handleSeek: position set to 29.4154s
Command executed: seek, result: {
  "status": "ok",
  "message": "Seek executed",
  "position_seconds": 29.4153957366943
}
VitHeadlessService: command reply (truncated): {
  "status": "ok",
  "message": "Seek executed",
  "position_seconds": 29.4153957366943
}
ZmqGateway: received command payload: {"cmd":"seek","time":29.4153957366943}
ZmqGateway: dispatching payload to JUCE message thread.
VitHeadlessService: processing queued command on JUCE message thread: {"cmd":"seek","time":29.4153957366943}
Command received: {"cmd":"seek","time":29.4153957366943}
CommandDispatcher::handleSeek: position set to 29.4154s
Command executed: seek, result: {
  "status": "ok",
  "message": "Seek executed",
  "position_seconds": 29.4153957366943
}
VitHeadlessService: command reply (truncated): {
  "status": "ok",
  "message": "Seek executed",
  "position_seconds": 29.4153957366943
}
ZmqGateway: received command payload: {"cmd":"seek","time":29.4153957366943}
ZmqGateway: dispatching payload to JUCE message thread.
VitHeadlessService: processing queued command on JUCE message thread: {"cmd":"seek","time":29.4153957366943}
Command received: {"cmd":"seek","time":29.4153957366943}
CommandDispatcher::handleSeek: position set to 29.4154s
Command executed: seek, result: {
  "status": "ok",
  "message": "Seek executed",
  "position_seconds": 29.4153957366943
}
VitHeadlessService: command reply (truncated): {
  "status": "ok",
  "message": "Seek executed",
  "position_seconds": 29.4153957366943
}
ZmqGateway: received command payload: {"cmd":"seek","time":29.4153957366943}
ZmqGateway: dispatching payload to JUCE message thread.
VitHeadlessService: processing queued command on JUCE message thread: {"cmd":"seek","time":29.4153957366943}
Command received: {"cmd":"seek","time":29.4153957366943}
CommandDispatcher::handleSeek: position set to 29.4154s
Command executed: seek, result: {
  "status": "ok",
  "message": "Seek executed",
  "position_seconds": 29.4153957366943
}
VitHeadlessService: command reply (truncated): {
  "status": "ok",
  "message": "Seek executed",
  "position_seconds": 29.4153957366943
}
ZmqGateway: received command payload: {"cmd":"seek","time":29.3846263885498}
ZmqGateway: dispatching payload to JUCE message thread.
VitHeadlessService: processing queued command on JUCE message thread: {"cmd":"seek","time":29.3846263885498}
Command received: {"cmd":"seek","time":29.3846263885498}
CommandDispatcher::handleSeek: position set to 29.3846s
Command executed: seek, result: {
  "status": "ok",
  "message": "Seek executed",
  "position_seconds": 29.384626388549801
}
VitHeadlessService: command reply (truncated): {
  "status": "ok",
  "message": "Seek executed",
  "position_seconds": 29.384626388549801
}
ZmqGateway: received command payload: {"cmd":"seek","time":29.3846263885498}
ZmqGateway: dispatching payload to JUCE message thread.
VitHeadlessService: processing queued command on JUCE message thread: {"cmd":"seek","time":29.3846263885498}
Command received: {"cmd":"seek","time":29.3846263885498}
CommandDispatcher::handleSeek: position set to 29.3846s
Command executed: seek, result: {
  "status": "ok",
  "message": "Seek executed",
  "position_seconds": 29.384626388549801
}
VitHeadlessService: command reply (truncated): {
  "status": "ok",
  "message": "Seek executed",
  "position_seconds": 29.384626388549801
}
ZmqGateway: received command payload: {"cmd":"seek","time":29.2615489959717}
ZmqGateway: dispatching payload to JUCE message thread.
VitHeadlessService: processing queued command on JUCE message thread: {"cmd":"seek","time":29.2615489959717}
Command received: {"cmd":"seek","time":29.2615489959717}
CommandDispatcher::handleSeek: position set to 29.2615s
Command executed: seek, result: {
  "status": "ok",
  "message": "Seek executed",
  "position_seconds": 29.261548995971701
}
VitHeadlessService: command reply (truncated): {
  "status": "ok",
  "message": "Seek executed",
  "position_seconds": 29.261548995971701
}
ZmqGateway: received command payload: {"cmd":"seek","time":29.2615489959717}
ZmqGateway: dispatching payload to JUCE message thread.
VitHeadlessService: processing queued command on JUCE message thread: {"cmd":"seek","time":29.2615489959717}
Command received: {"cmd":"seek","time":29.2615489959717}
CommandDispatcher::handleSeek: position set to 29.2615s
Command executed: seek, result: {
  "status": "ok",
  "message": "Seek executed",
  "position_seconds": 29.261548995971701
}
VitHeadlessService: command reply (truncated): {
  "status": "ok",
  "message": "Seek executed",
  "position_seconds": 29.261548995971701
}
ZmqGateway: received command payload: {"cmd":"seek","time":29.1077041625977}
ZmqGateway: dispatching payload to JUCE message thread.
VitHeadlessService: processing queued command on JUCE message thread: {"cmd":"seek","time":29.1077041625977}
Command received: {"cmd":"seek","time":29.1077041625977}
CommandDispatcher::handleSeek: position set to 29.1077s
Command executed: seek, result: {
  "status": "ok",
  "message": "Seek executed",
  "position_seconds": 29.107704162597699
}
VitHeadlessService: command reply (truncated): {
  "status": "ok",
  "message": "Seek executed",
  "position_seconds": 29.107704162597699
}
ZmqGateway: received command payload: {"cmd":"seek","time":29.1077041625977}
ZmqGateway: dispatching payload to JUCE message thread.
VitHeadlessService: processing queued command on JUCE message thread: {"cmd":"seek","time":29.1077041625977}
Command received: {"cmd":"seek","time":29.1077041625977}
CommandDispatcher::handleSeek: position set to 29.1077s
Command executed: seek, result: {
  "status": "ok",
  "message": "Seek executed",
  "position_seconds": 29.107704162597699
}
VitHeadlessService: command reply (truncated): {
  "status": "ok",
  "message": "Seek executed",
  "position_seconds": 29.107704162597699
}
ZmqGateway: received command payload: {"cmd":"seek","time":28.8615493774414}
ZmqGateway: dispatching payload to JUCE message thread.
VitHeadlessService: processing queued command on JUCE message thread: {"cmd":"seek","time":28.8615493774414}
Command received: {"cmd":"seek","time":28.8615493774414}
CommandDispatcher::handleSeek: position set to 28.8615s
Command executed: seek, result: {
  "status": "ok",
  "message": "Seek executed",
  "position_seconds": 28.861549377441399
}
VitHeadlessService: command reply (truncated): {
  "status": "ok",
  "message": "Seek executed",
  "position_seconds": 28.861549377441399
}
ZmqGateway: received command payload: {"cmd":"seek","time":28.8615493774414}
ZmqGateway: dispatching payload to JUCE message thread.
VitHeadlessService: processing queued command on JUCE message thread: {"cmd":"seek","time":28.8615493774414}
Command received: {"cmd":"seek","time":28.8615493774414}
CommandDispatcher::handleSeek: position set to 28.8615s
Command executed: seek, result: {
  "status": "ok",
  "message": "Seek executed",
  "position_seconds": 28.861549377441399
}
VitHeadlessService: command reply (truncated): {
  "status": "ok",
  "message": "Seek executed",
  "position_seconds": 28.861549377441399
}
ZmqGateway: received command payload: {"cmd":"seek","time":28.6769351959229}
ZmqGateway: dispatching payload to JUCE message thread.
VitHeadlessService: processing queued command on JUCE message thread: {"cmd":"seek","time":28.6769351959229}
Command received: {"cmd":"seek","time":28.6769351959229}
CommandDispatcher::handleSeek: position set to 28.6769s
Command executed: seek, result: {
  "status": "ok",
  "message": "Seek executed",
  "position_seconds": 28.676935195922901
}
VitHeadlessService: command reply (truncated): {
  "status": "ok",
  "message": "Seek executed",
  "position_seconds": 28.676935195922901
}
ZmqGateway: received command payload: {"cmd":"seek","time":28.6461658477783}
ZmqGateway: dispatching payload to JUCE message thread.
VitHeadlessService: processing queued command on JUCE message thread: {"cmd":"seek","time":28.6461658477783}
Command received: {"cmd":"seek","time":28.6461658477783}
CommandDispatcher::handleSeek: position set to 28.6462s
Command executed: seek, result: {
  "status": "ok",
  "message": "Seek executed",
  "position_seconds": 28.646165847778299
}
VitHeadlessService: command reply (truncated): {
  "status": "ok",
  "message": "Seek executed",
  "position_seconds": 28.646165847778299
}
ZmqGateway: received command payload: {"cmd":"seek","time":28.4615497589111}
ZmqGateway: dispatching payload to JUCE message thread.
VitHeadlessService: processing queued command on JUCE message thread: {"cmd":"seek","time":28.4615497589111}
Command received: {"cmd":"seek","time":28.4615497589111}
CommandDispatcher::handleSeek: position set to 28.4615s
Command executed: seek, result: {
  "status": "ok",
  "message": "Seek executed",
  "position_seconds": 28.461549758911101
}
VitHeadlessService: command reply (truncated): {
  "status": "ok",
  "message": "Seek executed",
  "position_seconds": 28.461549758911101
}
ZmqGateway: received command payload: {"cmd":"seek","time":28.4307804107666}
ZmqGateway: dispatching payload to JUCE message thread.
VitHeadlessService: processing queued command on JUCE message thread: {"cmd":"seek","time":28.4307804107666}
Command received: {"cmd":"seek","time":28.4307804107666}
CommandDispatcher::handleSeek: position set to 28.4308s
Command executed: seek, result: {
  "status": "ok",
  "message": "Seek executed",
  "position_seconds": 28.430780410766602
}
VitHeadlessService: command reply (truncated): {
  "status": "ok",
  "message": "Seek executed",
  "position_seconds": 28.430780410766602
}
ZmqGateway: received command payload: {"cmd":"seek","time":28.2153949737549}
ZmqGateway: dispatching payload to JUCE message thread.
VitHeadlessService: processing queued command on JUCE message thread: {"cmd":"seek","time":28.2153949737549}
Command received: {"cmd":"seek","time":28.2153949737549}
CommandDispatcher::handleSeek: position set to 28.2154s
Command executed: seek, result: {
  "status": "ok",
  "message": "Seek executed",
  "position_seconds": 28.215394973754901
}
VitHeadlessService: command reply (truncated): {
  "status": "ok",
  "message": "Seek executed",
  "position_seconds": 28.215394973754901
}
ZmqGateway: received command payload: {"cmd":"seek","time":28.2153949737549}
ZmqGateway: dispatching payload to JUCE message thread.
VitHeadlessService: processing queued command on JUCE message thread: {"cmd":"seek","time":28.2153949737549}
Command received: {"cmd":"seek","time":28.2153949737549}
CommandDispatcher::handleSeek: position set to 28.2154s
Command executed: seek, result: {
  "status": "ok",
  "message": "Seek executed",
  "position_seconds": 28.215394973754901
}
VitHeadlessService: command reply (truncated): {
  "status": "ok",
  "message": "Seek executed",
  "position_seconds": 28.215394973754901
}
ZmqGateway: received command payload: {"cmd":"seek","time":28.0307788848877}
ZmqGateway: dispatching payload to JUCE message thread.
VitHeadlessService: processing queued command on JUCE message thread: {"cmd":"seek","time":28.0307788848877}
Command received: {"cmd":"seek","time":28.0307788848877}
CommandDispatcher::handleSeek: position set to 28.0308s
Command executed: seek, result: {
  "status": "ok",
  "message": "Seek executed",
  "position_seconds": 28.030778884887699
}
VitHeadlessService: command reply (truncated): {
  "status": "ok",
  "message": "Seek executed",
  "position_seconds": 28.030778884887699
}
ZmqGateway: received command payload: {"cmd":"seek","time":28.0307788848877}
ZmqGateway: dispatching payload to JUCE message thread.
VitHeadlessService: processing queued command on JUCE message thread: {"cmd":"seek","time":28.0307788848877}
Command received: {"cmd":"seek","time":28.0307788848877}
CommandDispatcher::handleSeek: position set to 28.0308s
Command executed: seek, result: {
  "status": "ok",
  "message": "Seek executed",
  "position_seconds": 28.030778884887699
}
VitHeadlessService: command reply (truncated): {
  "status": "ok",
  "message": "Seek executed",
  "position_seconds": 28.030778884887699
}
ZmqGateway: received command payload: {"cmd":"seek","time":27.8153953552246}
ZmqGateway: dispatching payload to JUCE message thread.
VitHeadlessService: processing queued command on JUCE message thread: {"cmd":"seek","time":27.8153953552246}
Command received: {"cmd":"seek","time":27.8153953552246}
CommandDispatcher::handleSeek: position set to 27.8154s
Command executed: seek, result: {
  "status": "ok",
  "message": "Seek executed",
  "position_seconds": 27.815395355224599
}
VitHeadlessService: command reply (truncated): {
  "status": "ok",
  "message": "Seek executed",
  "position_seconds": 27.815395355224599
}
ZmqGateway: received command payload: {"cmd":"seek","time":27.8153953552246}
ZmqGateway: dispatching payload to JUCE message thread.
VitHeadlessService: processing queued command on JUCE message thread: {"cmd":"seek","time":27.8153953552246}
Command received: {"cmd":"seek","time":27.8153953552246}
CommandDispatcher::handleSeek: position set to 27.8154s
Command executed: seek, result: {
  "status": "ok",
  "message": "Seek executed",
  "position_seconds": 27.815395355224599
}
VitHeadlessService: command reply (truncated): {
  "status": "ok",
  "message": "Seek executed",
  "position_seconds": 27.815395355224599
}
ZmqGateway: received command payload: {"cmd":"seek","time":27.6307792663574}
ZmqGateway: dispatching payload to JUCE message thread.
VitHeadlessService: processing queued command on JUCE message thread: {"cmd":"seek","time":27.6307792663574}
Command received: {"cmd":"seek","time":27.6307792663574}
CommandDispatcher::handleSeek: position set to 27.6308s
Command executed: seek, result: {
  "status": "ok",
  "message": "Seek executed",
  "position_seconds": 27.630779266357401
}
VitHeadlessService: command reply (truncated): {
  "status": "ok",
  "message": "Seek executed",
  "position_seconds": 27.630779266357401
}
ZmqGateway: received command payload: {"cmd":"seek","time":27.6307792663574}
ZmqGateway: dispatching payload to JUCE message thread.
VitHeadlessService: processing queued command on JUCE message thread: {"cmd":"seek","time":27.6307792663574}
Command received: {"cmd":"seek","time":27.6307792663574}
CommandDispatcher::handleSeek: position set to 27.6308s
Command executed: seek, result: {
  "status": "ok",
  "message": "Seek executed",
  "position_seconds": 27.630779266357401
}
VitHeadlessService: command reply (truncated): {
  "status": "ok",
  "message": "Seek executed",
  "position_seconds": 27.630779266357401
}
ZmqGateway: received command payload: {"cmd":"seek","time":27.5077018737793}
ZmqGateway: dispatching payload to JUCE message thread.
VitHeadlessService: processing queued command on JUCE message thread: {"cmd":"seek","time":27.5077018737793}
Command received: {"cmd":"seek","time":27.5077018737793}
CommandDispatcher::handleSeek: position set to 27.5077s
Command executed: seek, result: {
  "status": "ok",
  "message": "Seek executed",
  "position_seconds": 27.5077018737793
}
VitHeadlessService: command reply (truncated): {
  "status": "ok",
  "message": "Seek executed",
  "position_seconds": 27.5077018737793
}
ZmqGateway: received command payload: {"cmd":"seek","time":27.5077018737793}
ZmqGateway: dispatching payload to JUCE message thread.
VitHeadlessService: processing queued command on JUCE message thread: {"cmd":"seek","time":27.5077018737793}
Command received: {"cmd":"seek","time":27.5077018737793}
CommandDispatcher::handleSeek: position set to 27.5077s
Command executed: seek, result: {
  "status": "ok",
  "message": "Seek executed",
  "position_seconds": 27.5077018737793
}
VitHeadlessService: command reply (truncated): {
  "status": "ok",
  "message": "Seek executed",
  "position_seconds": 27.5077018737793
}
ZmqGateway: received command payload: {"cmd":"seek","time":27.3846244812012}
ZmqGateway: dispatching payload to JUCE message thread.
VitHeadlessService: processing queued command on JUCE message thread: {"cmd":"seek","time":27.3846244812012}
Command received: {"cmd":"seek","time":27.3846244812012}
CommandDispatcher::handleSeek: position set to 27.3846s
Command executed: seek, result: {
  "status": "ok",
  "message": "Seek executed",
  "position_seconds": 27.3846244812012
}
VitHeadlessService: command reply (truncated): {
  "status": "ok",
  "message": "Seek executed",
  "position_seconds": 27.3846244812012
}
ZmqGateway: received command payload: {"cmd":"seek","time":27.3846244812012}
ZmqGateway: dispatching payload to JUCE message thread.
VitHeadlessService: processing queued command on JUCE message thread: {"cmd":"seek","time":27.3846244812012}
Command received: {"cmd":"seek","time":27.3846244812012}
CommandDispatcher::handleSeek: position set to 27.3846s
Command executed: seek, result: {
  "status": "ok",
  "message": "Seek executed",
  "position_seconds": 27.3846244812012
}
VitHeadlessService: command reply (truncated): {
  "status": "ok",
  "message": "Seek executed",
  "position_seconds": 27.3846244812012
}
ZmqGateway: received command payload: {"cmd":"seek","time":27.3538570404053}
ZmqGateway: dispatching payload to JUCE message thread.
VitHeadlessService: processing queued command on JUCE message thread: {"cmd":"seek","time":27.3538570404053}
Command received: {"cmd":"seek","time":27.3538570404053}
CommandDispatcher::handleSeek: position set to 27.3539s
Command executed: seek, result: {
  "status": "ok",
  "message": "Seek executed",
  "position_seconds": 27.353857040405298
}
VitHeadlessService: command reply (truncated): {
  "status": "ok",
  "message": "Seek executed",
  "position_seconds": 27.353857040405298
}
ZmqGateway: received command payload: {"cmd":"seek","time":27.3230876922607}
ZmqGateway: dispatching payload to JUCE message thread.
VitHeadlessService: processing queued command on JUCE message thread: {"cmd":"seek","time":27.3230876922607}
Command received: {"cmd":"seek","time":27.3230876922607}
CommandDispatcher::handleSeek: position set to 27.3231s
Command executed: seek, result: {
  "status": "ok",
  "message": "Seek executed",
  "position_seconds": 27.3230876922607
}
VitHeadlessService: command reply (truncated): {
  "status": "ok",
  "message": "Seek executed",
  "position_seconds": 27.3230876922607
}
ZmqGateway: received command payload: {"cmd":"seek","time":27.2923183441162}
ZmqGateway: dispatching payload to JUCE message thread.
VitHeadlessService: processing queued command on JUCE message thread: {"cmd":"seek","time":27.2923183441162}
Command received: {"cmd":"seek","time":27.2923183441162}
CommandDispatcher::handleSeek: position set to 27.2923s
Command executed: seek, result: {
  "status": "ok",
  "message": "Seek executed",
  "position_seconds": 27.2923183441162
}
VitHeadlessService: command reply (truncated): {
  "status": "ok",
  "message": "Seek executed",
  "position_seconds": 27.2923183441162
}
ZmqGateway: received command payload: {"cmd":"seek","time":27.2923183441162}
ZmqGateway: dispatching payload to JUCE message thread.
VitHeadlessService: processing queued command on JUCE message thread: {"cmd":"seek","time":27.2923183441162}
Command received: {"cmd":"seek","time":27.2923183441162}
CommandDispatcher::handleSeek: position set to 27.2923s
Command executed: seek, result: {
  "status": "ok",
  "message": "Seek executed",
  "position_seconds": 27.2923183441162
}
VitHeadlessService: command reply (truncated): {
  "status": "ok",
  "message": "Seek executed",
  "position_seconds": 27.2923183441162
}
ZmqGateway: received command payload: {"cmd":"seek","time":27.2923183441162}
ZmqGateway: dispatching payload to JUCE message thread.
VitHeadlessService: processing queued command on JUCE message thread: {"cmd":"seek","time":27.2923183441162}
Command received: {"cmd":"seek","time":27.2923183441162}
CommandDispatcher::handleSeek: position set to 27.2923s
Command executed: seek, result: {
  "status": "ok",
  "message": "Seek executed",
  "position_seconds": 27.2923183441162
}
VitHeadlessService: command reply (truncated): {
  "status": "ok",
  "message": "Seek executed",
  "position_seconds": 27.2923183441162
}
ZmqGateway: received command payload: {"cmd":"seek","time":27.2923183441162}
ZmqGateway: dispatching payload to JUCE message thread.
VitHeadlessService: processing queued command on JUCE message thread: {"cmd":"seek","time":27.2923183441162}
Command received: {"cmd":"seek","time":27.2923183441162}
CommandDispatcher::handleSeek: position set to 27.2923s
Command executed: seek, result: {
  "status": "ok",
  "message": "Seek executed",
  "position_seconds": 27.2923183441162
}
VitHeadlessService: command reply (truncated): {
  "status": "ok",
  "message": "Seek executed",
  "position_seconds": 27.2923183441162
}
ZmqGateway: received command payload: {"cmd":"seek","time":27.2923183441162}
ZmqGateway: dispatching payload to JUCE message thread.
VitHeadlessService: processing queued command on JUCE message thread: {"cmd":"seek","time":27.2923183441162}
Command received: {"cmd":"seek","time":27.2923183441162}
CommandDispatcher::handleSeek: position set to 27.2923s
Command executed: seek, result: {
  "status": "ok",
  "message": "Seek executed",
  "position_seconds": 27.2923183441162
}
VitHeadlessService: command reply (truncated): {
  "status": "ok",
  "message": "Seek executed",
  "position_seconds": 27.2923183441162
}
ZmqGateway: received command payload: {"cmd":"seek","time":27.2923183441162}
ZmqGateway: dispatching payload to JUCE message thread.
VitHeadlessService: processing queued command on JUCE message thread: {"cmd":"seek","time":27.2923183441162}
Command received: {"cmd":"seek","time":27.2923183441162}
CommandDispatcher::handleSeek: position set to 27.2923s
Command executed: seek, result: {
  "status": "ok",
  "message": "Seek executed",
  "position_seconds": 27.2923183441162
}
VitHeadlessService: command reply (truncated): {
  "status": "ok",
  "message": "Seek executed",
  "position_seconds": 27.2923183441162
}
ZmqGateway: received command payload: {"cmd":"seek","time":27.2923183441162}
ZmqGateway: dispatching payload to JUCE message thread.
VitHeadlessService: processing queued command on JUCE message thread: {"cmd":"seek","time":27.2923183441162}
Command received: {"cmd":"seek","time":27.2923183441162}
CommandDispatcher::handleSeek: position set to 27.2923s
Command executed: seek, result: {
  "status": "ok",
  "message": "Seek executed",
  "position_seconds": 27.2923183441162
}
VitHeadlessService: command reply (truncated): {
  "status": "ok",
  "message": "Seek executed",
  "position_seconds": 27.2923183441162
}
ZmqGateway: received command payload: {"cmd":"seek","time":27.2923183441162}
ZmqGateway: dispatching payload to JUCE message thread.
VitHeadlessService: processing queued command on JUCE message thread: {"cmd":"seek","time":27.2923183441162}
Command received: {"cmd":"seek","time":27.2923183441162}
CommandDispatcher::handleSeek: position set to 27.2923s
Command executed: seek, result: {
  "status": "ok",
  "message": "Seek executed",
  "position_seconds": 27.2923183441162
}
VitHeadlessService: command reply (truncated): {
  "status": "ok",
  "message": "Seek executed",
  "position_seconds": 27.2923183441162
}
ZmqGateway: received command payload: {"cmd":"seek","time":27.2923183441162}
ZmqGateway: dispatching payload to JUCE message thread.
VitHeadlessService: processing queued command on JUCE message thread: {"cmd":"seek","time":27.2923183441162}
Command received: {"cmd":"seek","time":27.2923183441162}
CommandDispatcher::handleSeek: position set to 27.2923s
Command executed: seek, result: {
  "status": "ok",
  "message": "Seek executed",
  "position_seconds": 27.2923183441162
}
VitHeadlessService: command reply (truncated): {
  "status": "ok",
  "message": "Seek executed",
  "position_seconds": 27.2923183441162
}
ZmqGateway: received command payload: {"cmd":"seek","time":27.2923183441162}
ZmqGateway: dispatching payload to JUCE message thread.
VitHeadlessService: processing queued command on JUCE message thread: {"cmd":"seek","time":27.2923183441162}
Command received: {"cmd":"seek","time":27.2923183441162}
CommandDispatcher::handleSeek: position set to 27.2923s
Command executed: seek, result: {
  "status": "ok",
  "message": "Seek executed",
  "position_seconds": 27.2923183441162
}
VitHeadlessService: command reply (truncated): {
  "status": "ok",
  "message": "Seek executed",
  "position_seconds": 27.2923183441162
}
ZmqGateway: received command payload: {"cmd":"seek","time":27.2923183441162}
ZmqGateway: dispatching payload to JUCE message thread.
VitHeadlessService: processing queued command on JUCE message thread: {"cmd":"seek","time":27.2923183441162}
Command received: {"cmd":"seek","time":27.2923183441162}
CommandDispatcher::handleSeek: position set to 27.2923s
Command executed: seek, result: {
  "status": "ok",
  "message": "Seek executed",
  "position_seconds": 27.2923183441162
}
VitHeadlessService: command reply (truncated): {
  "status": "ok",
  "message": "Seek executed",
  "position_seconds": 27.2923183441162
}
ZmqGateway: received command payload: {"cmd":"seek","time":27.2923183441162}
ZmqGateway: dispatching payload to JUCE message thread.
VitHeadlessService: processing queued command on JUCE message thread: {"cmd":"seek","time":27.2923183441162}
Command received: {"cmd":"seek","time":27.2923183441162}
CommandDispatcher::handleSeek: position set to 27.2923s
Command executed: seek, result: {
  "status": "ok",
  "message": "Seek executed",
  "position_seconds": 27.2923183441162
}
VitHeadlessService: command reply (truncated): {
  "status": "ok",
  "message": "Seek executed",
  "position_seconds": 27.2923183441162
}
ZmqGateway: received command payload: {"cmd":"seek","time":27.2923183441162}
ZmqGateway: dispatching payload to JUCE message thread.
VitHeadlessService: processing queued command on JUCE message thread: {"cmd":"seek","time":27.2923183441162}
Command received: {"cmd":"seek","time":27.2923183441162}
CommandDispatcher::handleSeek: position set to 27.2923s
Command executed: seek, result: {
  "status": "ok",
  "message": "Seek executed",
  "position_seconds": 27.2923183441162
}
VitHeadlessService: command reply (truncated): {
  "status": "ok",
  "message": "Seek executed",
  "position_seconds": 27.2923183441162
}
ZmqGateway: received command payload: {"cmd":"seek","time":27.2923183441162}
ZmqGateway: dispatching payload to JUCE message thread.
VitHeadlessService: processing queued command on JUCE message thread: {"cmd":"seek","time":27.2923183441162}
Command received: {"cmd":"seek","time":27.2923183441162}
CommandDispatcher::handleSeek: position set to 27.2923s
Command executed: seek, result: {
  "status": "ok",
  "message": "Seek executed",
  "position_seconds": 27.2923183441162
}
VitHeadlessService: command reply (truncated): {
  "status": "ok",
  "message": "Seek executed",
  "position_seconds": 27.2923183441162
}
ZmqGateway: received command payload: {"cmd":"seek","time":27.2923183441162}
ZmqGateway: dispatching payload to JUCE message thread.
VitHeadlessService: processing queued command on JUCE message thread: {"cmd":"seek","time":27.2923183441162}
Command received: {"cmd":"seek","time":27.2923183441162}
CommandDispatcher::handleSeek: position set to 27.2923s
Command executed: seek, result: {
  "status": "ok",
  "message": "Seek executed",
  "position_seconds": 27.2923183441162
}
VitHeadlessService: command reply (truncated): {
  "status": "ok",
  "message": "Seek executed",
  "position_seconds": 27.2923183441162
}
ZmqGateway: received command payload: {"cmd":"seek","time":27.2923183441162}
ZmqGateway: dispatching payload to JUCE message thread.
VitHeadlessService: processing queued command on JUCE message thread: {"cmd":"seek","time":27.2923183441162}
Command received: {"cmd":"seek","time":27.2923183441162}
CommandDispatcher::handleSeek: position set to 27.2923s
Command executed: seek, result: {
  "status": "ok",
  "message": "Seek executed",
  "position_seconds": 27.2923183441162
}
VitHeadlessService: command reply (truncated): {
  "status": "ok",
  "message": "Seek executed",
  "position_seconds": 27.2923183441162
}
ZmqGateway: received command payload: {"cmd":"seek","time":27.2923183441162}
ZmqGateway: dispatching payload to JUCE message thread.
VitHeadlessService: processing queued command on JUCE message thread: {"cmd":"seek","time":27.2923183441162}
Command received: {"cmd":"seek","time":27.2923183441162}
CommandDispatcher::handleSeek: position set to 27.2923s
Command executed: seek, result: {
  "status": "ok",
  "message": "Seek executed",
  "position_seconds": 27.2923183441162
}
VitHeadlessService: command reply (truncated): {
  "status": "ok",
  "message": "Seek executed",
  "position_seconds": 27.2923183441162
}
ZmqGateway: received command payload: {"cmd":"seek","time":27.2923183441162}
ZmqGateway: dispatching payload to JUCE message thread.
VitHeadlessService: processing queued command on JUCE message thread: {"cmd":"seek","time":27.2923183441162}
Command received: {"cmd":"seek","time":27.2923183441162}
CommandDispatcher::handleSeek: position set to 27.2923s
Command executed: seek, result: {
  "status": "ok",
  "message": "Seek executed",
  "position_seconds": 27.2923183441162
}
VitHeadlessService: command reply (truncated): {
  "status": "ok",
  "message": "Seek executed",
  "position_seconds": 27.2923183441162
}
ZmqGateway: received command payload: {"cmd":"seek","time":27.2923183441162}
ZmqGateway: dispatching payload to JUCE message thread.
VitHeadlessService: processing queued command on JUCE message thread: {"cmd":"seek","time":27.2923183441162}
Command received: {"cmd":"seek","time":27.2923183441162}
CommandDispatcher::handleSeek: position set to 27.2923s
Command executed: seek, result: {
  "status": "ok",
  "message": "Seek executed",
  "position_seconds": 27.2923183441162
}
VitHeadlessService: command reply (truncated): {
  "status": "ok",
  "message": "Seek executed",
  "position_seconds": 27.2923183441162
}
ZmqGateway: received command payload: {"cmd":"seek","time":27.2923183441162}
ZmqGateway: dispatching payload to JUCE message thread.
VitHeadlessService: processing queued command on JUCE message thread: {"cmd":"seek","time":27.2923183441162}
Command received: {"cmd":"seek","time":27.2923183441162}
CommandDispatcher::handleSeek: position set to 27.2923s
Command executed: seek, result: {
  "status": "ok",
  "message": "Seek executed",
  "position_seconds": 27.2923183441162
}
VitHeadlessService: command reply (truncated): {
  "status": "ok",
  "message": "Seek executed",
  "position_seconds": 27.2923183441162
}
ZmqGateway: received command payload: {"cmd":"seek","time":27.2923183441162}
ZmqGateway: dispatching payload to JUCE message thread.
VitHeadlessService: processing queued command on JUCE message thread: {"cmd":"seek","time":27.2923183441162}
Command received: {"cmd":"seek","time":27.2923183441162}
CommandDispatcher::handleSeek: position set to 27.2923s
Command executed: seek, result: {
  "status": "ok",
  "message": "Seek executed",
  "position_seconds": 27.2923183441162
}
VitHeadlessService: command reply (truncated): {
  "status": "ok",
  "message": "Seek executed",
  "position_seconds": 27.2923183441162
}
ZmqGateway: received command payload: {"cmd":"seek","time":27.2923183441162}
ZmqGateway: dispatching payload to JUCE message thread.
VitHeadlessService: processing queued command on JUCE message thread: {"cmd":"seek","time":27.2923183441162}
Command received: {"cmd":"seek","time":27.2923183441162}
CommandDispatcher::handleSeek: position set to 27.2923s
Command executed: seek, result: {
  "status": "ok",
  "message": "Seek executed",
  "position_seconds": 27.2923183441162
}
VitHeadlessService: command reply (truncated): {
  "status": "ok",
  "message": "Seek executed",
  "position_seconds": 27.2923183441162
}
ZmqGateway: received command payload: {"cmd":"seek","time":27.2923183441162}
ZmqGateway: dispatching payload to JUCE message thread.
VitHeadlessService: processing queued command on JUCE message thread: {"cmd":"seek","time":27.2923183441162}
Command received: {"cmd":"seek","time":27.2923183441162}
CommandDispatcher::handleSeek: position set to 27.2923s
Command executed: seek, result: {
  "status": "ok",
  "message": "Seek executed",
  "position_seconds": 27.2923183441162
}
VitHeadlessService: command reply (truncated): {
  "status": "ok",
  "message": "Seek executed",
  "position_seconds": 27.2923183441162
}
ZmqGateway: received command payload: {"cmd":"seek","time":27.2923183441162}
ZmqGateway: dispatching payload to JUCE message thread.
VitHeadlessService: processing queued command on JUCE message thread: {"cmd":"seek","time":27.2923183441162}
Command received: {"cmd":"seek","time":27.2923183441162}
CommandDispatcher::handleSeek: position set to 27.2923s
Command executed: seek, result: {
  "status": "ok",
  "message": "Seek executed",
  "position_seconds": 27.2923183441162
}
VitHeadlessService: command reply (truncated): {
  "status": "ok",
  "message": "Seek executed",
  "position_seconds": 27.2923183441162
}
ZmqGateway: received command payload: {"cmd":"seek","time":27.2923183441162}
ZmqGateway: dispatching payload to JUCE message thread.
VitHeadlessService: processing queued command on JUCE message thread: {"cmd":"seek","time":27.2923183441162}
Command received: {"cmd":"seek","time":27.2923183441162}
CommandDispatcher::handleSeek: position set to 27.2923s
Command executed: seek, result: {
  "status": "ok",
  "message": "Seek executed",
  "position_seconds": 27.2923183441162
}
VitHeadlessService: command reply (truncated): {
  "status": "ok",
  "message": "Seek executed",
  "position_seconds": 27.2923183441162
}
ZmqGateway: received command payload: {"cmd":"seek","time":27.2923183441162}
ZmqGateway: dispatching payload to JUCE message thread.
VitHeadlessService: processing queued command on JUCE message thread: {"cmd":"seek","time":27.2923183441162}
Command received: {"cmd":"seek","time":27.2923183441162}
CommandDispatcher::handleSeek: position set to 27.2923s
Command executed: seek, result: {
  "status": "ok",
  "message": "Seek executed",
  "position_seconds": 27.2923183441162
}
VitHeadlessService: command reply (truncated): {
  "status": "ok",
  "message": "Seek executed",
  "position_seconds": 27.2923183441162
}
ZmqGateway: received command payload: {"cmd":"seek","time":27.2923183441162}
ZmqGateway: dispatching payload to JUCE message thread.
VitHeadlessService: processing queued command on JUCE message thread: {"cmd":"seek","time":27.2923183441162}
Command received: {"cmd":"seek","time":27.2923183441162}
CommandDispatcher::handleSeek: position set to 27.2923s
Command executed: seek, result: {
  "status": "ok",
  "message": "Seek executed",
  "position_seconds": 27.2923183441162
}
VitHeadlessService: command reply (truncated): {
  "status": "ok",
  "message": "Seek executed",
  "position_seconds": 27.2923183441162
}
ZmqGateway: received command payload: {"cmd":"seek","time":27.2923183441162}
ZmqGateway: dispatching payload to JUCE message thread.
VitHeadlessService: processing queued command on JUCE message thread: {"cmd":"seek","time":27.2923183441162}
Command received: {"cmd":"seek","time":27.2923183441162}
CommandDispatcher::handleSeek: position set to 27.2923s
Command executed: seek, result: {
  "status": "ok",
  "message": "Seek executed",
  "position_seconds": 27.2923183441162
}
VitHeadlessService: command reply (truncated): {
  "status": "ok",
  "message": "Seek executed",
  "position_seconds": 27.2923183441162
}
ZmqGateway: received command payload: {"cmd":"seek","time":27.2923183441162}
ZmqGateway: dispatching payload to JUCE message thread.
VitHeadlessService: processing queued command on JUCE message thread: {"cmd":"seek","time":27.2923183441162}
Command received: {"cmd":"seek","time":27.2923183441162}
CommandDispatcher::handleSeek: position set to 27.2923s
Command executed: seek, result: {
  "status": "ok",
  "message": "Seek executed",
  "position_seconds": 27.2923183441162
}
VitHeadlessService: command reply (truncated): {
  "status": "ok",
  "message": "Seek executed",
  "position_seconds": 27.2923183441162
}
ZmqGateway: received command payload: {"cmd":"seek","time":27.2923183441162}
ZmqGateway: dispatching payload to JUCE message thread.
VitHeadlessService: processing queued command on JUCE message thread: {"cmd":"seek","time":27.2923183441162}
Command received: {"cmd":"seek","time":27.2923183441162}
CommandDispatcher::handleSeek: position set to 27.2923s
Command executed: seek, result: {
  "status": "ok",
  "message": "Seek executed",
  "position_seconds": 27.2923183441162
}
VitHeadlessService: command reply (truncated): {
  "status": "ok",
  "message": "Seek executed",
  "position_seconds": 27.2923183441162
}
ZmqGateway: received command payload: {"cmd":"seek","time":27.2923183441162}
ZmqGateway: dispatching payload to JUCE message thread.
VitHeadlessService: processing queued command on JUCE message thread: {"cmd":"seek","time":27.2923183441162}
Command received: {"cmd":"seek","time":27.2923183441162}
CommandDispatcher::handleSeek: position set to 27.2923s
Command executed: seek, result: {
  "status": "ok",
  "message": "Seek executed",
  "position_seconds": 27.2923183441162
}
VitHeadlessService: command reply (truncated): {
  "status": "ok",
  "message": "Seek executed",
  "position_seconds": 27.2923183441162
}
ZmqGateway: received command payload: {"cmd":"seek","time":27.2923183441162}
ZmqGateway: dispatching payload to JUCE message thread.
VitHeadlessService: processing queued command on JUCE message thread: {"cmd":"seek","time":27.2923183441162}
Command received: {"cmd":"seek","time":27.2923183441162}
CommandDispatcher::handleSeek: position set to 27.2923s
Command executed: seek, result: {
  "status": "ok",
  "message": "Seek executed",
  "position_seconds": 27.2923183441162
}
VitHeadlessService: command reply (truncated): {
  "status": "ok",
  "message": "Seek executed",
  "position_seconds": 27.2923183441162
}
ZmqGateway: received command payload: {"cmd":"seek","time":27.3846244812012}
ZmqGateway: dispatching payload to JUCE message thread.
VitHeadlessService: processing queued command on JUCE message thread: {"cmd":"seek","time":27.3846244812012}
Command received: {"cmd":"seek","time":27.3846244812012}
CommandDispatcher::handleSeek: position set to 27.3846s
Command executed: seek, result: {
  "status": "ok",
  "message": "Seek executed",
  "position_seconds": 27.3846244812012
}
VitHeadlessService: command reply (truncated): {
  "status": "ok",
  "message": "Seek executed",
  "position_seconds": 27.3846244812012
}
ZmqGateway: received command payload: {"cmd":"seek","time":27.3846244812012}
ZmqGateway: dispatching payload to JUCE message thread.
VitHeadlessService: processing queued command on JUCE message thread: {"cmd":"seek","time":27.3846244812012}
Command received: {"cmd":"seek","time":27.3846244812012}
CommandDispatcher::handleSeek: position set to 27.3846s
Command executed: seek, result: {
  "status": "ok",
  "message": "Seek executed",
  "position_seconds": 27.3846244812012
}
VitHeadlessService: command reply (truncated): {
  "status": "ok",
  "message": "Seek executed",
  "position_seconds": 27.3846244812012
}
ZmqGateway: received command payload: {"cmd":"seek","time":27.4769325256348}
ZmqGateway: dispatching payload to JUCE message thread.
VitHeadlessService: processing queued command on JUCE message thread: {"cmd":"seek","time":27.4769325256348}
Command received: {"cmd":"seek","time":27.4769325256348}
CommandDispatcher::handleSeek: position set to 27.4769s
Command executed: seek, result: {
  "status": "ok",
  "message": "Seek executed",
  "position_seconds": 27.476932525634801
}
VitHeadlessService: command reply (truncated): {
  "status": "ok",
  "message": "Seek executed",
  "position_seconds": 27.476932525634801
}
ZmqGateway: received command payload: {"cmd":"seek","time":27.4769325256348}
ZmqGateway: dispatching payload to JUCE message thread.
VitHeadlessService: processing queued command on JUCE message thread: {"cmd":"seek","time":27.4769325256348}
Command received: {"cmd":"seek","time":27.4769325256348}
CommandDispatcher::handleSeek: position set to 27.4769s
Command executed: seek, result: {
  "status": "ok",
  "message": "Seek executed",
  "position_seconds": 27.476932525634801
}
VitHeadlessService: command reply (truncated): {
  "status": "ok",
  "message": "Seek executed",
  "position_seconds": 27.476932525634801
}
ZmqGateway: received command payload: {"cmd":"seek","time":27.6000099182129}
ZmqGateway: dispatching payload to JUCE message thread.
VitHeadlessService: processing queued command on JUCE message thread: {"cmd":"seek","time":27.6000099182129}
Command received: {"cmd":"seek","time":27.6000099182129}
CommandDispatcher::handleSeek: position set to 27.6000s
Command executed: seek, result: {
  "status": "ok",
  "message": "Seek executed",
  "position_seconds": 27.600009918212901
}
VitHeadlessService: command reply (truncated): {
  "status": "ok",
  "message": "Seek executed",
  "position_seconds": 27.600009918212901
}
ZmqGateway: received command payload: {"cmd":"seek","time":27.6000099182129}
ZmqGateway: dispatching payload to JUCE message thread.
VitHeadlessService: processing queued command on JUCE message thread: {"cmd":"seek","time":27.6000099182129}
Command received: {"cmd":"seek","time":27.6000099182129}
CommandDispatcher::handleSeek: position set to 27.6000s
Command executed: seek, result: {
  "status": "ok",
  "message": "Seek executed",
  "position_seconds": 27.600009918212901
}
VitHeadlessService: command reply (truncated): {
  "status": "ok",
  "message": "Seek executed",
  "position_seconds": 27.600009918212901
}
ZmqGateway: received command payload: {"cmd":"seek","time":27.661548614502}
ZmqGateway: dispatching payload to JUCE message thread.
VitHeadlessService: processing queued command on JUCE message thread: {"cmd":"seek","time":27.661548614502}
Command received: {"cmd":"seek","time":27.661548614502}
CommandDispatcher::handleSeek: position set to 27.6615s
Command executed: seek, result: {
  "status": "ok",
  "message": "Seek executed",
  "position_seconds": 27.661548614501999
}
VitHeadlessService: command reply (truncated): {
  "status": "ok",
  "message": "Seek executed",
  "position_seconds": 27.661548614501999
}
ZmqGateway: received command payload: {"cmd":"seek","time":27.661548614502}
ZmqGateway: dispatching payload to JUCE message thread.
VitHeadlessService: processing queued command on JUCE message thread: {"cmd":"seek","time":27.661548614502}
Command received: {"cmd":"seek","time":27.661548614502}
CommandDispatcher::handleSeek: position set to 27.6615s
Command executed: seek, result: {
  "status": "ok",
  "message": "Seek executed",
  "position_seconds": 27.661548614501999
}
VitHeadlessService: command reply (truncated): {
  "status": "ok",
  "message": "Seek executed",
  "position_seconds": 27.661548614501999
}
ZmqGateway: received command payload: {"cmd":"seek","time":27.7538566589355}
ZmqGateway: dispatching payload to JUCE message thread.
VitHeadlessService: processing queued command on JUCE message thread: {"cmd":"seek","time":27.7538566589355}
Command received: {"cmd":"seek","time":27.7538566589355}
CommandDispatcher::handleSeek: position set to 27.7539s
Command executed: seek, result: {
  "status": "ok",
  "message": "Seek executed",
  "position_seconds": 27.753856658935501
}
VitHeadlessService: command reply (truncated): {
  "status": "ok",
  "message": "Seek executed",
  "position_seconds": 27.753856658935501
}
ZmqGateway: received command payload: {"cmd":"seek","time":27.7538566589355}
ZmqGateway: dispatching payload to JUCE message thread.
VitHeadlessService: processing queued command on JUCE message thread: {"cmd":"seek","time":27.7538566589355}
Command received: {"cmd":"seek","time":27.7538566589355}
CommandDispatcher::handleSeek: position set to 27.7539s
Command executed: seek, result: {
  "status": "ok",
  "message": "Seek executed",
  "position_seconds": 27.753856658935501
}
VitHeadlessService: command reply (truncated): {
  "status": "ok",
  "message": "Seek executed",
  "position_seconds": 27.753856658935501
}
ZmqGateway: received command payload: {"cmd":"seek","time":27.8153953552246}
ZmqGateway: dispatching payload to JUCE message thread.
VitHeadlessService: processing queued command on JUCE message thread: {"cmd":"seek","time":27.8153953552246}
Command received: {"cmd":"seek","time":27.8153953552246}
CommandDispatcher::handleSeek: position set to 27.8154s
Command executed: seek, result: {
  "status": "ok",
  "message": "Seek executed",
  "position_seconds": 27.815395355224599
}
VitHeadlessService: command reply (truncated): {
  "status": "ok",
  "message": "Seek executed",
  "position_seconds": 27.815395355224599
}
ZmqGateway: received command payload: {"cmd":"seek","time":27.8153953552246}
ZmqGateway: dispatching payload to JUCE message thread.
VitHeadlessService: processing queued command on JUCE message thread: {"cmd":"seek","time":27.8153953552246}
Command received: {"cmd":"seek","time":27.8153953552246}
CommandDispatcher::handleSeek: position set to 27.8154s
Command executed: seek, result: {
  "status": "ok",
  "message": "Seek executed",
  "position_seconds": 27.815395355224599
}
VitHeadlessService: command reply (truncated): {
  "status": "ok",
  "message": "Seek executed",
  "position_seconds": 27.815395355224599
}
ZmqGateway: received command payload: {"cmd":"seek","time":27.876932144165}
ZmqGateway: dispatching payload to JUCE message thread.
VitHeadlessService: processing queued command on JUCE message thread: {"cmd":"seek","time":27.876932144165}
Command received: {"cmd":"seek","time":27.876932144165}
CommandDispatcher::handleSeek: position set to 27.8769s
Command executed: seek, result: {
  "status": "ok",
  "message": "Seek executed",
  "position_seconds": 27.876932144165
}
VitHeadlessService: command reply (truncated): {
  "status": "ok",
  "message": "Seek executed",
  "position_seconds": 27.876932144165
}
ZmqGateway: received command payload: {"cmd":"seek","time":27.876932144165}
ZmqGateway: dispatching payload to JUCE message thread.
VitHeadlessService: processing queued command on JUCE message thread: {"cmd":"seek","time":27.876932144165}
Command received: {"cmd":"seek","time":27.876932144165}
CommandDispatcher::handleSeek: position set to 27.8769s
Command executed: seek, result: {
  "status": "ok",
  "message": "Seek executed",
  "position_seconds": 27.876932144165
}
VitHeadlessService: command reply (truncated): {
  "status": "ok",
  "message": "Seek executed",
  "position_seconds": 27.876932144165
}
ZmqGateway: received command payload: {"cmd":"seek","time":27.9692401885986}
ZmqGateway: dispatching payload to JUCE message thread.
VitHeadlessService: processing queued command on JUCE message thread: {"cmd":"seek","time":27.9692401885986}
Command received: {"cmd":"seek","time":27.9692401885986}
CommandDispatcher::handleSeek: position set to 27.9692s
Command executed: seek, result: {
  "status": "ok",
  "message": "Seek executed",
  "position_seconds": 27.969240188598601
}
VitHeadlessService: command reply (truncated): {
  "status": "ok",
  "message": "Seek executed",
  "position_seconds": 27.969240188598601
}
ZmqGateway: received command payload: {"cmd":"seek","time":27.9692401885986}
ZmqGateway: dispatching payload to JUCE message thread.
VitHeadlessService: processing queued command on JUCE message thread: {"cmd":"seek","time":27.9692401885986}
Command received: {"cmd":"seek","time":27.9692401885986}
CommandDispatcher::handleSeek: position set to 27.9692s
Command executed: seek, result: {
  "status": "ok",
  "message": "Seek executed",
  "position_seconds": 27.969240188598601
}
VitHeadlessService: command reply (truncated): {
  "status": "ok",
  "message": "Seek executed",
  "position_seconds": 27.969240188598601
}
ZmqGateway: received command payload: {"cmd":"seek","time":28.0307788848877}
ZmqGateway: dispatching payload to JUCE message thread.
VitHeadlessService: processing queued command on JUCE message thread: {"cmd":"seek","time":28.0307788848877}
Command received: {"cmd":"seek","time":28.0307788848877}
CommandDispatcher::handleSeek: position set to 28.0308s
Command executed: seek, result: {
  "status": "ok",
  "message": "Seek executed",
  "position_seconds": 28.030778884887699
}
VitHeadlessService: command reply (truncated): {
  "status": "ok",
  "message": "Seek executed",
  "position_seconds": 28.030778884887699
}
ZmqGateway: received command payload: {"cmd":"seek","time":28.0307788848877}
ZmqGateway: dispatching payload to JUCE message thread.
VitHeadlessService: processing queued command on JUCE message thread: {"cmd":"seek","time":28.0307788848877}
Command received: {"cmd":"seek","time":28.0307788848877}
CommandDispatcher::handleSeek: position set to 28.0308s
Command executed: seek, result: {
  "status": "ok",
  "message": "Seek executed",
  "position_seconds": 28.030778884887699
}
VitHeadlessService: command reply (truncated): {
  "status": "ok",
  "message": "Seek executed",
  "position_seconds": 28.030778884887699
}
ZmqGateway: received command payload: {"cmd":"seek","time":28.1230869293213}
ZmqGateway: dispatching payload to JUCE message thread.
VitHeadlessService: processing queued command on JUCE message thread: {"cmd":"seek","time":28.1230869293213}
Command received: {"cmd":"seek","time":28.1230869293213}
CommandDispatcher::handleSeek: position set to 28.1231s
Command executed: seek, result: {
  "status": "ok",
  "message": "Seek executed",
  "position_seconds": 28.1230869293213
}
VitHeadlessService: command reply (truncated): {
  "status": "ok",
  "message": "Seek executed",
  "position_seconds": 28.1230869293213
}
ZmqGateway: received command payload: {"cmd":"seek","time":29.2923183441162}
ZmqGateway: dispatching payload to JUCE message thread.
VitHeadlessService: processing queued command on JUCE message thread: {"cmd":"seek","time":29.2923183441162}
Command received: {"cmd":"seek","time":29.2923183441162}
CommandDispatcher::handleSeek: position set to 29.2923s
Command executed: seek, result: {
  "status": "ok",
  "message": "Seek executed",
  "position_seconds": 29.2923183441162
}
VitHeadlessService: command reply (truncated): {
  "status": "ok",
  "message": "Seek executed",
  "position_seconds": 29.2923183441162
}
ZmqGateway: received command payload: {"cmd":"seek","time":29.2923183441162}
ZmqGateway: dispatching payload to JUCE message thread.
VitHeadlessService: processing queued command on JUCE message thread: {"cmd":"seek","time":29.2923183441162}
Command received: {"cmd":"seek","time":29.2923183441162}
CommandDispatcher::handleSeek: position set to 29.2923s
Command executed: seek, result: {
  "status": "ok",
  "message": "Seek executed",
  "position_seconds": 29.2923183441162
}
VitHeadlessService: command reply (truncated): {
  "status": "ok",
  "message": "Seek executed",
  "position_seconds": 29.2923183441162
}
ZmqGateway: received command payload: {"cmd":"seek","time":29.2923183441162}
ZmqGateway: dispatching payload to JUCE message thread.
VitHeadlessService: processing queued command on JUCE message thread: {"cmd":"seek","time":29.2923183441162}
Command received: {"cmd":"seek","time":29.2923183441162}
CommandDispatcher::handleSeek: position set to 29.2923s
Command executed: seek, result: {
  "status": "ok",
  "message": "Seek executed",
  "position_seconds": 29.2923183441162
}
VitHeadlessService: command reply (truncated): {
  "status": "ok",
  "message": "Seek executed",
  "position_seconds": 29.2923183441162
}
ZmqGateway: received command payload: {"cmd":"seek","time":29.2923183441162}
ZmqGateway: dispatching payload to JUCE message thread.
VitHeadlessService: processing queued command on JUCE message thread: {"cmd":"seek","time":29.2923183441162}
Command received: {"cmd":"seek","time":29.2923183441162}
CommandDispatcher::handleSeek: position set to 29.2923s
Command executed: seek, result: {
  "status": "ok",
  "message": "Seek executed",
  "position_seconds": 29.2923183441162
}
VitHeadlessService: command reply (truncated): {
  "status": "ok",
  "message": "Seek executed",
  "position_seconds": 29.2923183441162
}
ZmqGateway: received command payload: {"cmd":"seek","time":29.2923183441162}
ZmqGateway: dispatching payload to JUCE message thread.
VitHeadlessService: processing queued command on JUCE message thread: {"cmd":"seek","time":29.2923183441162}
Command received: {"cmd":"seek","time":29.2923183441162}
CommandDispatcher::handleSeek: position set to 29.2923s
Command executed: seek, result: {
  "status": "ok",
  "message": "Seek executed",
  "position_seconds": 29.2923183441162
}
VitHeadlessService: command reply (truncated): {
  "status": "ok",
  "message": "Seek executed",
  "position_seconds": 29.2923183441162
}
ZmqGateway: received command payload: {"cmd":"seek","time":29.2923183441162}
ZmqGateway: dispatching payload to JUCE message thread.
VitHeadlessService: processing queued command on JUCE message thread: {"cmd":"seek","time":29.2923183441162}
Command received: {"cmd":"seek","time":29.2923183441162}
CommandDispatcher::handleSeek: position set to 29.2923s
Command executed: seek, result: {
  "status": "ok",
  "message": "Seek executed",
  "position_seconds": 29.2923183441162
}
VitHeadlessService: command reply (truncated): {
  "status": "ok",
  "message": "Seek executed",
  "position_seconds": 29.2923183441162
}
ZmqGateway: received command payload: {"cmd":"seek","time":29.2923183441162}
ZmqGateway: dispatching payload to JUCE message thread.
VitHeadlessService: processing queued command on JUCE message thread: {"cmd":"seek","time":29.2923183441162}
Command received: {"cmd":"seek","time":29.2923183441162}
CommandDispatcher::handleSeek: position set to 29.2923s
Command executed: seek, result: {
  "status": "ok",
  "message": "Seek executed",
  "position_seconds": 29.2923183441162
}
VitHeadlessService: command reply (truncated): {
  "status": "ok",
  "message": "Seek executed",
  "position_seconds": 29.2923183441162
}
ZmqGateway: received command payload: {"cmd":"seek","time":29.2923183441162}
ZmqGateway: dispatching payload to JUCE message thread.
VitHeadlessService: processing queued command on JUCE message thread: {"cmd":"seek","time":29.2923183441162}
Command received: {"cmd":"seek","time":29.2923183441162}
CommandDispatcher::handleSeek: position set to 29.2923s
Command executed: seek, result: {
  "status": "ok",
  "message": "Seek executed",
  "position_seconds": 29.2923183441162
}
VitHeadlessService: command reply (truncated): {
  "status": "ok",
  "message": "Seek executed",
  "position_seconds": 29.2923183441162
}
ZmqGateway: received command payload: {"cmd":"seek","time":29.2923183441162}
ZmqGateway: dispatching payload to JUCE message thread.
VitHeadlessService: processing queued command on JUCE message thread: {"cmd":"seek","time":29.2923183441162}
Command received: {"cmd":"seek","time":29.2923183441162}
CommandDispatcher::handleSeek: position set to 29.2923s
Command executed: seek, result: {
  "status": "ok",
  "message": "Seek executed",
  "position_seconds": 29.2923183441162
}
VitHeadlessService: command reply (truncated): {
  "status": "ok",
  "message": "Seek executed",
  "position_seconds": 29.2923183441162
}
ZmqGateway: received command payload: {"cmd":"seek","time":29.2923183441162}
ZmqGateway: dispatching payload to JUCE message thread.
VitHeadlessService: processing queued command on JUCE message thread: {"cmd":"seek","time":29.2923183441162}
Command received: {"cmd":"seek","time":29.2923183441162}
CommandDispatcher::handleSeek: position set to 29.2923s
Command executed: seek, result: {
  "status": "ok",
  "message": "Seek executed",
  "position_seconds": 29.2923183441162
}
VitHeadlessService: command reply (truncated): {
  "status": "ok",
  "message": "Seek executed",
  "position_seconds": 29.2923183441162
}
ZmqGateway: received command payload: {"cmd":"seek","time":29.2923183441162}
ZmqGateway: dispatching payload to JUCE message thread.
VitHeadlessService: processing queued command on JUCE message thread: {"cmd":"seek","time":29.2923183441162}
Command received: {"cmd":"seek","time":29.2923183441162}
CommandDispatcher::handleSeek: position set to 29.2923s
Command executed: seek, result: {
  "status": "ok",
  "message": "Seek executed",
  "position_seconds": 29.2923183441162
}
VitHeadlessService: command reply (truncated): {
  "status": "ok",
  "message": "Seek executed",
  "position_seconds": 29.2923183441162
}
ZmqGateway: received command payload: {"cmd":"seek","time":29.2923183441162}
ZmqGateway: dispatching payload to JUCE message thread.
VitHeadlessService: processing queued command on JUCE message thread: {"cmd":"seek","time":29.2923183441162}
Command received: {"cmd":"seek","time":29.2923183441162}
CommandDispatcher::handleSeek: position set to 29.2923s
Command executed: seek, result: {
  "status": "ok",
  "message": "Seek executed",
  "position_seconds": 29.2923183441162
}
VitHeadlessService: command reply (truncated): {
  "status": "ok",
  "message": "Seek executed",
  "position_seconds": 29.2923183441162
}
ZmqGateway: received command payload: {"cmd":"seek","time":29.2923183441162}
ZmqGateway: dispatching payload to JUCE message thread.
VitHeadlessService: processing queued command on JUCE message thread: {"cmd":"seek","time":29.2923183441162}
Command received: {"cmd":"seek","time":29.2923183441162}
CommandDispatcher::handleSeek: position set to 29.2923s
Command executed: seek, result: {
  "status": "ok",
  "message": "Seek executed",
  "position_seconds": 29.2923183441162
}
VitHeadlessService: command reply (truncated): {
  "status": "ok",
  "message": "Seek executed",
  "position_seconds": 29.2923183441162
}
ZmqGateway: received command payload: {"cmd":"seek","time":29.2923183441162}
ZmqGateway: dispatching payload to JUCE message thread.
VitHeadlessService: processing queued command on JUCE message thread: {"cmd":"seek","time":29.2923183441162}
Command received: {"cmd":"seek","time":29.2923183441162}
CommandDispatcher::handleSeek: position set to 29.2923s
Command executed: seek, result: {
  "status": "ok",
  "message": "Seek executed",
  "position_seconds": 29.2923183441162
}
VitHeadlessService: command reply (truncated): {
  "status": "ok",
  "message": "Seek executed",
  "position_seconds": 29.2923183441162
}
ZmqGateway: received command payload: {"cmd":"seek","time":29.2923183441162}
ZmqGateway: dispatching payload to JUCE message thread.
VitHeadlessService: processing queued command on JUCE message thread: {"cmd":"seek","time":29.2923183441162}
Command received: {"cmd":"seek","time":29.2923183441162}
CommandDispatcher::handleSeek: position set to 29.2923s
Command executed: seek, result: {
  "status": "ok",
  "message": "Seek executed",
  "position_seconds": 29.2923183441162
}
VitHeadlessService: command reply (truncated): {
  "status": "ok",
  "message": "Seek executed",
  "position_seconds": 29.2923183441162
}
ZmqGateway: received command payload: {"cmd":"seek","time":29.2923183441162}
ZmqGateway: dispatching payload to JUCE message thread.
VitHeadlessService: processing queued command on JUCE message thread: {"cmd":"seek","time":29.2923183441162}
Command received: {"cmd":"seek","time":29.2923183441162}
CommandDispatcher::handleSeek: position set to 29.2923s
Command executed: seek, result: {
  "status": "ok",
  "message": "Seek executed",
  "position_seconds": 29.2923183441162
}
VitHeadlessService: command reply (truncated): {
  "status": "ok",
  "message": "Seek executed",
  "position_seconds": 29.2923183441162
}
ZmqGateway: received command payload: {"cmd":"seek","time":29.2923183441162}
ZmqGateway: dispatching payload to JUCE message thread.
VitHeadlessService: processing queued command on JUCE message thread: {"cmd":"seek","time":29.2923183441162}
Command received: {"cmd":"seek","time":29.2923183441162}
CommandDispatcher::handleSeek: position set to 29.2923s
Command executed: seek, result: {
  "status": "ok",
  "message": "Seek executed",
  "position_seconds": 29.2923183441162
}
VitHeadlessService: command reply (truncated): {
  "status": "ok",
  "message": "Seek executed",
  "position_seconds": 29.2923183441162
}
ZmqGateway: received command payload: {"cmd":"seek","time":29.2923183441162}
ZmqGateway: dispatching payload to JUCE message thread.
VitHeadlessService: processing queued command on JUCE message thread: {"cmd":"seek","time":29.2923183441162}
Command received: {"cmd":"seek","time":29.2923183441162}
CommandDispatcher::handleSeek: position set to 29.2923s
Command executed: seek, result: {
  "status": "ok",
  "message": "Seek executed",
  "position_seconds": 29.2923183441162
}
VitHeadlessService: command reply (truncated): {
  "status": "ok",
  "message": "Seek executed",
  "position_seconds": 29.2923183441162
}
ZmqGateway: received command payload: {"cmd":"seek","time":29.2923183441162}
ZmqGateway: dispatching payload to JUCE message thread.
VitHeadlessService: processing queued command on JUCE message thread: {"cmd":"seek","time":29.2923183441162}
Command received: {"cmd":"seek","time":29.2923183441162}
CommandDispatcher::handleSeek: position set to 29.2923s
Command executed: seek, result: {
  "status": "ok",
  "message": "Seek executed",
  "position_seconds": 29.2923183441162
}
VitHeadlessService: command reply (truncated): {
  "status": "ok",
  "message": "Seek executed",
  "position_seconds": 29.2923183441162
}
ZmqGateway: received command payload: {"cmd":"seek","time":29.2923183441162}
ZmqGateway: dispatching payload to JUCE message thread.
VitHeadlessService: processing queued command on JUCE message thread: {"cmd":"seek","time":29.2923183441162}
Command received: {"cmd":"seek","time":29.2923183441162}
CommandDispatcher::handleSeek: position set to 29.2923s
Command executed: seek, result: {
  "status": "ok",
  "message": "Seek executed",
  "position_seconds": 29.2923183441162
}
VitHeadlessService: command reply (truncated): {
  "status": "ok",
  "message": "Seek executed",
  "position_seconds": 29.2923183441162
}
ZmqGateway: received command payload: {"cmd":"seek","time":29.3230876922607}
ZmqGateway: dispatching payload to JUCE message thread.
VitHeadlessService: processing queued command on JUCE message thread: {"cmd":"seek","time":29.3230876922607}
Command received: {"cmd":"seek","time":29.3230876922607}
CommandDispatcher::handleSeek: position set to 29.3231s
Command executed: seek, result: {
  "status": "ok",
  "message": "Seek executed",
  "position_seconds": 29.3230876922607
}
VitHeadlessService: command reply (truncated): {
  "status": "ok",
  "message": "Seek executed",
  "position_seconds": 29.3230876922607
}
ZmqGateway: received command payload: {"cmd":"seek","time":29.3230876922607}
ZmqGateway: dispatching payload to JUCE message thread.
VitHeadlessService: processing queued command on JUCE message thread: {"cmd":"seek","time":29.3230876922607}
Command received: {"cmd":"seek","time":29.3230876922607}
CommandDispatcher::handleSeek: position set to 29.3231s
Command executed: seek, result: {
  "status": "ok",
  "message": "Seek executed",
  "position_seconds": 29.3230876922607
}
VitHeadlessService: command reply (truncated): {
  "status": "ok",
  "message": "Seek executed",
  "position_seconds": 29.3230876922607
}
ZmqGateway: received command payload: {"cmd":"seek","time":29.3538570404053}
ZmqGateway: dispatching payload to JUCE message thread.
VitHeadlessService: processing queued command on JUCE message thread: {"cmd":"seek","time":29.3538570404053}
Command received: {"cmd":"seek","time":29.3538570404053}
CommandDispatcher::handleSeek: position set to 29.3539s
Command executed: seek, result: {
  "status": "ok",
  "message": "Seek executed",
  "position_seconds": 29.353857040405298
}
VitHeadlessService: command reply (truncated): {
  "status": "ok",
  "message": "Seek executed",
  "position_seconds": 29.353857040405298
}
ZmqGateway: received command payload: {"cmd":"seek","time":29.3538570404053}
ZmqGateway: dispatching payload to JUCE message thread.
VitHeadlessService: processing queued command on JUCE message thread: {"cmd":"seek","time":29.3538570404053}
Command received: {"cmd":"seek","time":29.3538570404053}
CommandDispatcher::handleSeek: position set to 29.3539s
Command executed: seek, result: {
  "status": "ok",
  "message": "Seek executed",
  "position_seconds": 29.353857040405298
}
VitHeadlessService: command reply (truncated): {
  "status": "ok",
  "message": "Seek executed",
  "position_seconds": 29.353857040405298
}
ZmqGateway: received command payload: {"cmd":"seek","time":29.3846263885498}
ZmqGateway: dispatching payload to JUCE message thread.
VitHeadlessService: processing queued command on JUCE message thread: {"cmd":"seek","time":29.3846263885498}
Command received: {"cmd":"seek","time":29.3846263885498}
CommandDispatcher::handleSeek: position set to 29.3846s
Command executed: seek, result: {
  "status": "ok",
  "message": "Seek executed",
  "position_seconds": 29.384626388549801
}
VitHeadlessService: command reply (truncated): {
  "status": "ok",
  "message": "Seek executed",
  "position_seconds": 29.384626388549801
}
ZmqGateway: received command payload: {"cmd":"seek","time":29.3846263885498}
ZmqGateway: dispatching payload to JUCE message thread.
VitHeadlessService: processing queued command on JUCE message thread: {"cmd":"seek","time":29.3846263885498}
Command received: {"cmd":"seek","time":29.3846263885498}
CommandDispatcher::handleSeek: position set to 29.3846s
Command executed: seek, result: {
  "status": "ok",
  "message": "Seek executed",
  "position_seconds": 29.384626388549801
}
VitHeadlessService: command reply (truncated): {
  "status": "ok",
  "message": "Seek executed",
  "position_seconds": 29.384626388549801
}
ZmqGateway: received command payload: {"cmd":"seek","time":29.4153957366943}
ZmqGateway: dispatching payload to JUCE message thread.
VitHeadlessService: processing queued command on JUCE message thread: {"cmd":"seek","time":29.4153957366943}
Command received: {"cmd":"seek","time":29.4153957366943}
CommandDispatcher::handleSeek: position set to 29.4154s
Command executed: seek, result: {
  "status": "ok",
  "message": "Seek executed",
  "position_seconds": 29.4153957366943
}
VitHeadlessService: command reply (truncated): {
  "status": "ok",
  "message": "Seek executed",
  "position_seconds": 29.4153957366943
}
ZmqGateway: received command payload: {"cmd":"seek","time":29.4153957366943}
ZmqGateway: dispatching payload to JUCE message thread.
VitHeadlessService: processing queued command on JUCE message thread: {"cmd":"seek","time":29.4153957366943}
Command received: {"cmd":"seek","time":29.4153957366943}
CommandDispatcher::handleSeek: position set to 29.4154s
Command executed: seek, result: {
  "status": "ok",
  "message": "Seek executed",
  "position_seconds": 29.4153957366943
}
VitHeadlessService: command reply (truncated): {
  "status": "ok",
  "message": "Seek executed",
  "position_seconds": 29.4153957366943
}
ZmqGateway: received command payload: {"cmd":"seek","time":29.4153957366943}
ZmqGateway: dispatching payload to JUCE message thread.
VitHeadlessService: processing queued command on JUCE message thread: {"cmd":"seek","time":29.4153957366943}
Command received: {"cmd":"seek","time":29.4153957366943}
CommandDispatcher::handleSeek: position set to 29.4154s
Command executed: seek, result: {
  "status": "ok",
  "message": "Seek executed",
  "position_seconds": 29.4153957366943
}
VitHeadlessService: command reply (truncated): {
  "status": "ok",
  "message": "Seek executed",
  "position_seconds": 29.4153957366943
}
ZmqGateway: received command payload: {"cmd":"seek","time":29.4153957366943}
ZmqGateway: dispatching payload to JUCE message thread.
VitHeadlessService: processing queued command on JUCE message thread: {"cmd":"seek","time":29.4153957366943}
Command received: {"cmd":"seek","time":29.4153957366943}
CommandDispatcher::handleSeek: position set to 29.4154s
Command executed: seek, result: {
  "status": "ok",
  "message": "Seek executed",
  "position_seconds": 29.4153957366943
}
VitHeadlessService: command reply (truncated): {
  "status": "ok",
  "message": "Seek executed",
  "position_seconds": 29.4153957366943
}
ZmqGateway: received command payload: {"cmd":"seek","time":29.4461650848389}
ZmqGateway: dispatching payload to JUCE message thread.
VitHeadlessService: processing queued command on JUCE message thread: {"cmd":"seek","time":29.4461650848389}
Command received: {"cmd":"seek","time":29.4461650848389}
CommandDispatcher::handleSeek: position set to 29.4462s
Command executed: seek, result: {
  "status": "ok",
  "message": "Seek executed",
  "position_seconds": 29.446165084838899
}
VitHeadlessService: command reply (truncated): {
  "status": "ok",
  "message": "Seek executed",
  "position_seconds": 29.446165084838899
}
ZmqGateway: received command payload: {"cmd":"seek","time":29.4461650848389}
ZmqGateway: dispatching payload to JUCE message thread.
VitHeadlessService: processing queued command on JUCE message thread: {"cmd":"seek","time":29.4461650848389}
Command received: {"cmd":"seek","time":29.4461650848389}
CommandDispatcher::handleSeek: position set to 29.4462s
Command executed: seek, result: {
  "status": "ok",
  "message": "Seek executed",
  "position_seconds": 29.446165084838899
}
VitHeadlessService: command reply (truncated): {
  "status": "ok",
  "message": "Seek executed",
  "position_seconds": 29.446165084838899
}
ZmqGateway: received command payload: {"cmd":"seek","time":29.4461650848389}
ZmqGateway: dispatching payload to JUCE message thread.
VitHeadlessService: processing queued command on JUCE message thread: {"cmd":"seek","time":29.4461650848389}
Command received: {"cmd":"seek","time":29.4461650848389}
CommandDispatcher::handleSeek: position set to 29.4462s
Command executed: seek, result: {
  "status": "ok",
  "message": "Seek executed",
  "position_seconds": 29.446165084838899
}
VitHeadlessService: command reply (truncated): {
  "status": "ok",
  "message": "Seek executed",
  "position_seconds": 29.446165084838899
}
ZmqGateway: received command payload: {"cmd":"seek","time":29.4461650848389}
ZmqGateway: dispatching payload to JUCE message thread.
VitHeadlessService: processing queued command on JUCE message thread: {"cmd":"seek","time":29.4461650848389}
Command received: {"cmd":"seek","time":29.4461650848389}
CommandDispatcher::handleSeek: position set to 29.4462s
Command executed: seek, result: {
  "status": "ok",
  "message": "Seek executed",
  "position_seconds": 29.446165084838899
}
VitHeadlessService: command reply (truncated): {
  "status": "ok",
  "message": "Seek executed",
  "position_seconds": 29.446165084838899
}
ZmqGateway: received command payload: {"cmd":"seek","time":29.4769344329834}
ZmqGateway: dispatching payload to JUCE message thread.
VitHeadlessService: processing queued command on JUCE message thread: {"cmd":"seek","time":29.4769344329834}
Command received: {"cmd":"seek","time":29.4769344329834}
CommandDispatcher::handleSeek: position set to 29.4769s
Command executed: seek, result: {
  "status": "ok",
  "message": "Seek executed",
  "position_seconds": 29.476934432983398
}
VitHeadlessService: command reply (truncated): {
  "status": "ok",
  "message": "Seek executed",
  "position_seconds": 29.476934432983398
}
ZmqGateway: received command payload: {"cmd":"seek","time":29.4769344329834}
ZmqGateway: dispatching payload to JUCE message thread.
VitHeadlessService: processing queued command on JUCE message thread: {"cmd":"seek","time":29.4769344329834}
Command received: {"cmd":"seek","time":29.4769344329834}
CommandDispatcher::handleSeek: position set to 29.4769s
Command executed: seek, result: {
  "status": "ok",
  "message": "Seek executed",
  "position_seconds": 29.476934432983398
}
VitHeadlessService: command reply (truncated): {
  "status": "ok",
  "message": "Seek executed",
  "position_seconds": 29.476934432983398
}
ZmqGateway: received command payload: {"cmd":"seek","time":29.5077037811279}
ZmqGateway: dispatching payload to JUCE message thread.
VitHeadlessService: processing queued command on JUCE message thread: {"cmd":"seek","time":29.5077037811279}
Command received: {"cmd":"seek","time":29.5077037811279}
CommandDispatcher::handleSeek: position set to 29.5077s
Command executed: seek, result: {
  "status": "ok",
  "message": "Seek executed",
  "position_seconds": 29.507703781127901
}
VitHeadlessService: command reply (truncated): {
  "status": "ok",
  "message": "Seek executed",
  "position_seconds": 29.507703781127901
}
ZmqGateway: received command payload: {"cmd":"seek","time":29.5077037811279}
ZmqGateway: dispatching payload to JUCE message thread.
VitHeadlessService: processing queued command on JUCE message thread: {"cmd":"seek","time":29.5077037811279}
Command received: {"cmd":"seek","time":29.5077037811279}
CommandDispatcher::handleSeek: position set to 29.5077s
Command executed: seek, result: {
  "status": "ok",
  "message": "Seek executed",
  "position_seconds": 29.507703781127901
}
VitHeadlessService: command reply (truncated): {
  "status": "ok",
  "message": "Seek executed",
  "position_seconds": 29.507703781127901
}
ZmqGateway: received command payload: {"cmd":"seek","time":29.5077037811279}
ZmqGateway: dispatching payload to JUCE message thread.
VitHeadlessService: processing queued command on JUCE message thread: {"cmd":"seek","time":29.5077037811279}
Command received: {"cmd":"seek","time":29.5077037811279}
CommandDispatcher::handleSeek: position set to 29.5077s
Command executed: seek, result: {
  "status": "ok",
  "message": "Seek executed",
  "position_seconds": 29.507703781127901
}
VitHeadlessService: command reply (truncated): {
  "status": "ok",
  "message": "Seek executed",
  "position_seconds": 29.507703781127901
}
ZmqGateway: received command payload: {"cmd":"seek","time":29.5384731292725}
ZmqGateway: dispatching payload to JUCE message thread.
VitHeadlessService: processing queued command on JUCE message thread: {"cmd":"seek","time":29.5384731292725}
Command received: {"cmd":"seek","time":29.5384731292725}
CommandDispatcher::handleSeek: position set to 29.5385s
Command executed: seek, result: {
  "status": "ok",
  "message": "Seek executed",
  "position_seconds": 29.5384731292725
}
VitHeadlessService: command reply (truncated): {
  "status": "ok",
  "message": "Seek executed",
  "position_seconds": 29.5384731292725
}
ZmqGateway: received command payload: {"cmd":"seek","time":29.5384731292725}
ZmqGateway: dispatching payload to JUCE message thread.
VitHeadlessService: processing queued command on JUCE message thread: {"cmd":"seek","time":29.5384731292725}
Command received: {"cmd":"seek","time":29.5384731292725}
CommandDispatcher::handleSeek: position set to 29.5385s
Command executed: seek, result: {
  "status": "ok",
  "message": "Seek executed",
  "position_seconds": 29.5384731292725
}
VitHeadlessService: command reply (truncated): {
  "status": "ok",
  "message": "Seek executed",
  "position_seconds": 29.5384731292725
}
ZmqGateway: received command payload: {"cmd":"seek","time":29.5384731292725}
ZmqGateway: dispatching payload to JUCE message thread.
VitHeadlessService: processing queued command on JUCE message thread: {"cmd":"seek","time":29.5384731292725}
Command received: {"cmd":"seek","time":29.5384731292725}
CommandDispatcher::handleSeek: position set to 29.5385s
Command executed: seek, result: {
  "status": "ok",
  "message": "Seek executed",
  "position_seconds": 29.5384731292725
}
VitHeadlessService: command reply (truncated): {
  "status": "ok",
  "message": "Seek executed",
  "position_seconds": 29.5384731292725
}
ZmqGateway: received command payload: {"cmd":"seek","time":29.5384731292725}
ZmqGateway: dispatching payload to JUCE message thread.
VitHeadlessService: processing queued command on JUCE message thread: {"cmd":"seek","time":29.5384731292725}
Command received: {"cmd":"seek","time":29.5384731292725}
CommandDispatcher::handleSeek: position set to 29.5385s
Command executed: seek, result: {
  "status": "ok",
  "message": "Seek executed",
  "position_seconds": 29.5384731292725
}
VitHeadlessService: command reply (truncated): {
  "status": "ok",
  "message": "Seek executed",
  "position_seconds": 29.5384731292725
}
ZmqGateway: received command payload: {"cmd":"seek","time":29.5384731292725}
ZmqGateway: dispatching payload to JUCE message thread.
VitHeadlessService: processing queued command on JUCE message thread: {"cmd":"seek","time":29.5384731292725}
Command received: {"cmd":"seek","time":29.5384731292725}
CommandDispatcher::handleSeek: position set to 29.5385s
Command executed: seek, result: {
  "status": "ok",
  "message": "Seek executed",
  "position_seconds": 29.5384731292725
}
VitHeadlessService: command reply (truncated): {
  "status": "ok",
  "message": "Seek executed",
  "position_seconds": 29.5384731292725
}
ZmqGateway: received command payload: {"cmd":"seek","time":29.5384731292725}
ZmqGateway: dispatching payload to JUCE message thread.
VitHeadlessService: processing queued command on JUCE message thread: {"cmd":"seek","time":29.5384731292725}
Command received: {"cmd":"seek","time":29.5384731292725}
CommandDispatcher::handleSeek: position set to 29.5385s
Command executed: seek, result: {
  "status": "ok",
  "message": "Seek executed",
  "position_seconds": 29.5384731292725
}
VitHeadlessService: command reply (truncated): {
  "status": "ok",
  "message": "Seek executed",
  "position_seconds": 29.5384731292725
}
ZmqGateway: received command payload: {"cmd":"seek","time":29.5384731292725}
ZmqGateway: dispatching payload to JUCE message thread.
VitHeadlessService: processing queued command on JUCE message thread: {"cmd":"seek","time":29.5384731292725}
Command received: {"cmd":"seek","time":29.5384731292725}
CommandDispatcher::handleSeek: position set to 29.5385s
Command executed: seek, result: {
  "status": "ok",
  "message": "Seek executed",
  "position_seconds": 29.5384731292725
}
VitHeadlessService: command reply (truncated): {
  "status": "ok",
  "message": "Seek executed",
  "position_seconds": 29.5384731292725
}
ZmqGateway: received command payload: {"cmd":"seek","time":29.5384731292725}
ZmqGateway: dispatching payload to JUCE message thread.
VitHeadlessService: processing queued command on JUCE message thread: {"cmd":"seek","time":29.5384731292725}
Command received: {"cmd":"seek","time":29.5384731292725}
CommandDispatcher::handleSeek: position set to 29.5385s
Command executed: seek, result: {
  "status": "ok",
  "message": "Seek executed",
  "position_seconds": 29.5384731292725
}
VitHeadlessService: command reply (truncated): {
  "status": "ok",
  "message": "Seek executed",
  "position_seconds": 29.5384731292725
}
ZmqGateway: received command payload: {"cmd":"seek","time":29.5384731292725}
ZmqGateway: dispatching payload to JUCE message thread.
VitHeadlessService: processing queued command on JUCE message thread: {"cmd":"seek","time":29.5384731292725}
Command received: {"cmd":"seek","time":29.5384731292725}
CommandDispatcher::handleSeek: position set to 29.5385s
Command executed: seek, result: {
  "status": "ok",
  "message": "Seek executed",
  "position_seconds": 29.5384731292725
}
VitHeadlessService: command reply (truncated): {
  "status": "ok",
  "message": "Seek executed",
  "position_seconds": 29.5384731292725
}
ZmqGateway: received command payload: {"cmd":"seek","time":29.5384731292725}
ZmqGateway: dispatching payload to JUCE message thread.
VitHeadlessService: processing queued command on JUCE message thread: {"cmd":"seek","time":29.5384731292725}
Command received: {"cmd":"seek","time":29.5384731292725}
CommandDispatcher::handleSeek: position set to 29.5385s
Command executed: seek, result: {
  "status": "ok",
  "message": "Seek executed",
  "position_seconds": 29.5384731292725
}
VitHeadlessService: command reply (truncated): {
  "status": "ok",
  "message": "Seek executed",
  "position_seconds": 29.5384731292725
}
ZmqGateway: received command payload: {"cmd":"seek","time":29.5384731292725}
ZmqGateway: dispatching payload to JUCE message thread.
VitHeadlessService: processing queued command on JUCE message thread: {"cmd":"seek","time":29.5384731292725}
Command received: {"cmd":"seek","time":29.5384731292725}
CommandDispatcher::handleSeek: position set to 29.5385s
Command executed: seek, result: {
  "status": "ok",
  "message": "Seek executed",
  "position_seconds": 29.5384731292725
}
VitHeadlessService: command reply (truncated): {
  "status": "ok",
  "message": "Seek executed",
  "position_seconds": 29.5384731292725
}
ZmqGateway: received command payload: {"cmd":"seek","time":29.5384731292725}
ZmqGateway: dispatching payload to JUCE message thread.
VitHeadlessService: processing queued command on JUCE message thread: {"cmd":"seek","time":29.5384731292725}
Command received: {"cmd":"seek","time":29.5384731292725}
CommandDispatcher::handleSeek: position set to 29.5385s
Command executed: seek, result: {
  "status": "ok",
  "message": "Seek executed",
  "position_seconds": 29.5384731292725
}
VitHeadlessService: command reply (truncated): {
  "status": "ok",
  "message": "Seek executed",
  "position_seconds": 29.5384731292725
}
ZmqGateway: received command payload: {"cmd":"seek","time":29.5384731292725}
ZmqGateway: dispatching payload to JUCE message thread.
VitHeadlessService: processing queued command on JUCE message thread: {"cmd":"seek","time":29.5384731292725}
Command received: {"cmd":"seek","time":29.5384731292725}
CommandDispatcher::handleSeek: position set to 29.5385s
Command executed: seek, result: {
  "status": "ok",
  "message": "Seek executed",
  "position_seconds": 29.5384731292725
}
VitHeadlessService: command reply (truncated): {
  "status": "ok",
  "message": "Seek executed",
  "position_seconds": 29.5384731292725
}
ZmqGateway: received command payload: {"cmd":"seek","time":29.5384731292725}
ZmqGateway: dispatching payload to JUCE message thread.
VitHeadlessService: processing queued command on JUCE message thread: {"cmd":"seek","time":29.5384731292725}
Command received: {"cmd":"seek","time":29.5384731292725}
CommandDispatcher::handleSeek: position set to 29.5385s
Command executed: seek, result: {
  "status": "ok",
  "message": "Seek executed",
  "position_seconds": 29.5384731292725
}
VitHeadlessService: command reply (truncated): {
  "status": "ok",
  "message": "Seek executed",
  "position_seconds": 29.5384731292725
}
ZmqGateway: received command payload: {"cmd":"seek","time":29.5384731292725}
ZmqGateway: dispatching payload to JUCE message thread.
VitHeadlessService: processing queued command on JUCE message thread: {"cmd":"seek","time":29.5384731292725}
Command received: {"cmd":"seek","time":29.5384731292725}
CommandDispatcher::handleSeek: position set to 29.5385s
Command executed: seek, result: {
  "status": "ok",
  "message": "Seek executed",
  "position_seconds": 29.5384731292725
}
VitHeadlessService: command reply (truncated): {
  "status": "ok",
  "message": "Seek executed",
  "position_seconds": 29.5384731292725
}
ZmqGateway: received command payload: {"cmd":"seek","time":29.5384731292725}
ZmqGateway: dispatching payload to JUCE message thread.
VitHeadlessService: processing queued command on JUCE message thread: {"cmd":"seek","time":29.5384731292725}
Command received: {"cmd":"seek","time":29.5384731292725}
CommandDispatcher::handleSeek: position set to 29.5385s
Command executed: seek, result: {
  "status": "ok",
  "message": "Seek executed",
  "position_seconds": 29.5384731292725
}
VitHeadlessService: command reply (truncated): {
  "status": "ok",
  "message": "Seek executed",
  "position_seconds": 29.5384731292725
}
ZmqGateway: received command payload: {"cmd":"seek","time":29.5384731292725}
ZmqGateway: dispatching payload to JUCE message thread.
VitHeadlessService: processing queued command on JUCE message thread: {"cmd":"seek","time":29.5384731292725}
Command received: {"cmd":"seek","time":29.5384731292725}
CommandDispatcher::handleSeek: position set to 29.5385s
Command executed: seek, result: {
  "status": "ok",
  "message": "Seek executed",
  "position_seconds": 29.5384731292725
}
VitHeadlessService: command reply (truncated): {
  "status": "ok",
  "message": "Seek executed",
  "position_seconds": 29.5384731292725
}
ZmqGateway: received command payload: {"cmd":"seek","time":29.5384731292725}
ZmqGateway: dispatching payload to JUCE message thread.
VitHeadlessService: processing queued command on JUCE message thread: {"cmd":"seek","time":29.5384731292725}
Command received: {"cmd":"seek","time":29.5384731292725}
CommandDispatcher::handleSeek: position set to 29.5385s
Command executed: seek, result: {
  "status": "ok",
  "message": "Seek executed",
  "position_seconds": 29.5384731292725
}
VitHeadlessService: command reply (truncated): {
  "status": "ok",
  "message": "Seek executed",
  "position_seconds": 29.5384731292725
}
ZmqGateway: received command payload: {"cmd":"seek","time":29.5384731292725}
ZmqGateway: dispatching payload to JUCE message thread.
VitHeadlessService: processing queued command on JUCE message thread: {"cmd":"seek","time":29.5384731292725}
Command received: {"cmd":"seek","time":29.5384731292725}
CommandDispatcher::handleSeek: position set to 29.5385s
Command executed: seek, result: {
  "status": "ok",
  "message": "Seek executed",
  "position_seconds": 29.5384731292725
}
VitHeadlessService: command reply (truncated): {
  "status": "ok",
  "message": "Seek executed",
  "position_seconds": 29.5384731292725
}
ZmqGateway: received command payload: {"cmd":"seek","time":29.5384731292725}
ZmqGateway: dispatching payload to JUCE message thread.
VitHeadlessService: processing queued command on JUCE message thread: {"cmd":"seek","time":29.5384731292725}
Command received: {"cmd":"seek","time":29.5384731292725}
CommandDispatcher::handleSeek: position set to 29.5385s
Command executed: seek, result: {
  "status": "ok",
  "message": "Seek executed",
  "position_seconds": 29.5384731292725
}
VitHeadlessService: command reply (truncated): {
  "status": "ok",
  "message": "Seek executed",
  "position_seconds": 29.5384731292725
}
ZmqGateway: received command payload: {"cmd":"seek","time":29.5384731292725}
ZmqGateway: dispatching payload to JUCE message thread.
VitHeadlessService: processing queued command on JUCE message thread: {"cmd":"seek","time":29.5384731292725}
Command received: {"cmd":"seek","time":29.5384731292725}
CommandDispatcher::handleSeek: position set to 29.5385s
Command executed: seek, result: {
  "status": "ok",
  "message": "Seek executed",
  "position_seconds": 29.5384731292725
}
VitHeadlessService: command reply (truncated): {
  "status": "ok",
  "message": "Seek executed",
  "position_seconds": 29.5384731292725
}
ZmqGateway: received command payload: {"cmd":"seek","time":29.5384731292725}
ZmqGateway: dispatching payload to JUCE message thread.
VitHeadlessService: processing queued command on JUCE message thread: {"cmd":"seek","time":29.5384731292725}
Command received: {"cmd":"seek","time":29.5384731292725}
CommandDispatcher::handleSeek: position set to 29.5385s
Command executed: seek, result: {
  "status": "ok",
  "message": "Seek executed",
  "position_seconds": 29.5384731292725
}
VitHeadlessService: command reply (truncated): {
  "status": "ok",
  "message": "Seek executed",
  "position_seconds": 29.5384731292725
}
ZmqGateway: received command payload: {"cmd":"seek","time":29.5384731292725}
ZmqGateway: dispatching payload to JUCE message thread.
VitHeadlessService: processing queued command on JUCE message thread: {"cmd":"seek","time":29.5384731292725}
Command received: {"cmd":"seek","time":29.5384731292725}
CommandDispatcher::handleSeek: position set to 29.5385s
Command executed: seek, result: {
  "status": "ok",
  "message": "Seek executed",
  "position_seconds": 29.5384731292725
}
VitHeadlessService: command reply (truncated): {
  "status": "ok",
  "message": "Seek executed",
  "position_seconds": 29.5384731292725
}
ZmqGateway: received command payload: {"cmd":"seek","time":29.5384731292725}
ZmqGateway: dispatching payload to JUCE message thread.
VitHeadlessService: processing queued command on JUCE message thread: {"cmd":"seek","time":29.5384731292725}
Command received: {"cmd":"seek","time":29.5384731292725}
CommandDispatcher::handleSeek: position set to 29.5385s
Command executed: seek, result: {
  "status": "ok",
  "message": "Seek executed",
  "position_seconds": 29.5384731292725
}
VitHeadlessService: command reply (truncated): {
  "status": "ok",
  "message": "Seek executed",
  "position_seconds": 29.5384731292725
}
ZmqGateway: received command payload: {"cmd":"seek","time":29.5384731292725}
ZmqGateway: dispatching payload to JUCE message thread.
VitHeadlessService: processing queued command on JUCE message thread: {"cmd":"seek","time":29.5384731292725}
Command received: {"cmd":"seek","time":29.5384731292725}
CommandDispatcher::handleSeek: position set to 29.5385s
Command executed: seek, result: {
  "status": "ok",
  "message": "Seek executed",
  "position_seconds": 29.5384731292725
}
VitHeadlessService: command reply (truncated): {
  "status": "ok",
  "message": "Seek executed",
  "position_seconds": 29.5384731292725
}
ZmqGateway: received command payload: {"cmd":"seek","time":29.5384731292725}
ZmqGateway: dispatching payload to JUCE message thread.
VitHeadlessService: processing queued command on JUCE message thread: {"cmd":"seek","time":29.5384731292725}
Command received: {"cmd":"seek","time":29.5384731292725}
CommandDispatcher::handleSeek: position set to 29.5385s
Command executed: seek, result: {
  "status": "ok",
  "message": "Seek executed",
  "position_seconds": 29.5384731292725
}
VitHeadlessService: command reply (truncated): {
  "status": "ok",
  "message": "Seek executed",
  "position_seconds": 29.5384731292725
}
ZmqGateway: received command payload: {"cmd":"seek","time":29.5384731292725}
ZmqGateway: dispatching payload to JUCE message thread.
VitHeadlessService: processing queued command on JUCE message thread: {"cmd":"seek","time":29.5384731292725}
Command received: {"cmd":"seek","time":29.5384731292725}
CommandDispatcher::handleSeek: position set to 29.5385s
Command executed: seek, result: {
  "status": "ok",
  "message": "Seek executed",
  "position_seconds": 29.5384731292725
}
VitHeadlessService: command reply (truncated): {
  "status": "ok",
  "message": "Seek executed",
  "position_seconds": 29.5384731292725
}
ZmqGateway: received command payload: {"cmd":"seek","time":29.5384731292725}
ZmqGateway: dispatching payload to JUCE message thread.
VitHeadlessService: processing queued command on JUCE message thread: {"cmd":"seek","time":29.5384731292725}
Command received: {"cmd":"seek","time":29.5384731292725}
CommandDispatcher::handleSeek: position set to 29.5385s
Command executed: seek, result: {
  "status": "ok",
  "message": "Seek executed",
  "position_seconds": 29.5384731292725
}
VitHeadlessService: command reply (truncated): {
  "status": "ok",
  "message": "Seek executed",
  "position_seconds": 29.5384731292725
}
ZmqGateway: received command payload: {"cmd":"seek","time":29.5384731292725}
ZmqGateway: dispatching payload to JUCE message thread.
VitHeadlessService: processing queued command on JUCE message thread: {"cmd":"seek","time":29.5384731292725}
Command received: {"cmd":"seek","time":29.5384731292725}
CommandDispatcher::handleSeek: position set to 29.5385s
Command executed: seek, result: {
  "status": "ok",
  "message": "Seek executed",
  "position_seconds": 29.5384731292725
}
VitHeadlessService: command reply (truncated): {
  "status": "ok",
  "message": "Seek executed",
  "position_seconds": 29.5384731292725
}
ZmqGateway: received command payload: {"cmd":"seek","time":29.5384731292725}
ZmqGateway: dispatching payload to JUCE message thread.
VitHeadlessService: processing queued command on JUCE message thread: {"cmd":"seek","time":29.5384731292725}
Command received: {"cmd":"seek","time":29.5384731292725}
CommandDispatcher::handleSeek: position set to 29.5385s
Command executed: seek, result: {
  "status": "ok",
  "message": "Seek executed",
  "position_seconds": 29.5384731292725
}
VitHeadlessService: command reply (truncated): {
  "status": "ok",
  "message": "Seek executed",
  "position_seconds": 29.5384731292725
}
ZmqGateway: received command payload: {"cmd":"seek","time":29.5384731292725}
ZmqGateway: dispatching payload to JUCE message thread.
VitHeadlessService: processing queued command on JUCE message thread: {"cmd":"seek","time":29.5384731292725}
Command received: {"cmd":"seek","time":29.5384731292725}
CommandDispatcher::handleSeek: position set to 29.5385s
Command executed: seek, result: {
  "status": "ok",
  "message": "Seek executed",
  "position_seconds": 29.5384731292725
}
VitHeadlessService: command reply (truncated): {
  "status": "ok",
  "message": "Seek executed",
  "position_seconds": 29.5384731292725
}
ZmqGateway: received command payload: {"cmd":"seek","time":29.5384731292725}
ZmqGateway: dispatching payload to JUCE message thread.
VitHeadlessService: processing queued command on JUCE message thread: {"cmd":"seek","time":29.5384731292725}
Command received: {"cmd":"seek","time":29.5384731292725}
CommandDispatcher::handleSeek: position set to 29.5385s
Command executed: seek, result: {
  "status": "ok",
  "message": "Seek executed",
  "position_seconds": 29.5384731292725
}
VitHeadlessService: command reply (truncated): {
  "status": "ok",
  "message": "Seek executed",
  "position_seconds": 29.5384731292725
}
ZmqGateway: received command payload: {"cmd":"seek","time":29.5384731292725}
ZmqGateway: dispatching payload to JUCE message thread.
VitHeadlessService: processing queued command on JUCE message thread: {"cmd":"seek","time":29.5384731292725}
Command received: {"cmd":"seek","time":29.5384731292725}
CommandDispatcher::handleSeek: position set to 29.5385s
Command executed: seek, result: {
  "status": "ok",
  "message": "Seek executed",
  "position_seconds": 29.5384731292725
}
VitHeadlessService: command reply (truncated): {
  "status": "ok",
  "message": "Seek executed",
  "position_seconds": 29.5384731292725
}
ZmqGateway: received command payload: {"cmd":"seek","time":29.5384731292725}
ZmqGateway: dispatching payload to JUCE message thread.
VitHeadlessService: processing queued command on JUCE message thread: {"cmd":"seek","time":29.5384731292725}
Command received: {"cmd":"seek","time":29.5384731292725}
CommandDispatcher::handleSeek: position set to 29.5385s
Command executed: seek, result: {
  "status": "ok",
  "message": "Seek executed",
  "position_seconds": 29.5384731292725
}
VitHeadlessService: command reply (truncated): {
  "status": "ok",
  "message": "Seek executed",
  "position_seconds": 29.5384731292725
}
ZmqGateway: received command payload: {"cmd":"seek","time":29.5384731292725}
ZmqGateway: dispatching payload to JUCE message thread.
VitHeadlessService: processing queued command on JUCE message thread: {"cmd":"seek","time":29.5384731292725}
Command received: {"cmd":"seek","time":29.5384731292725}
CommandDispatcher::handleSeek: position set to 29.5385s
Command executed: seek, result: {
  "status": "ok",
  "message": "Seek executed",
  "position_seconds": 29.5384731292725
}
VitHeadlessService: command reply (truncated): {
  "status": "ok",
  "message": "Seek executed",
  "position_seconds": 29.5384731292725
}
ZmqGateway: received command payload: {"cmd":"seek","time":29.5384731292725}
ZmqGateway: dispatching payload to JUCE message thread.
VitHeadlessService: processing queued command on JUCE message thread: {"cmd":"seek","time":29.5384731292725}
Command received: {"cmd":"seek","time":29.5384731292725}
CommandDispatcher::handleSeek: position set to 29.5385s
Command executed: seek, result: {
  "status": "ok",
  "message": "Seek executed",
  "position_seconds": 29.5384731292725
}
VitHeadlessService: command reply (truncated): {
  "status": "ok",
  "message": "Seek executed",
  "position_seconds": 29.5384731292725
}
ZmqGateway: received command payload: {"cmd":"seek","time":29.5384731292725}
ZmqGateway: dispatching payload to JUCE message thread.
VitHeadlessService: processing queued command on JUCE message thread: {"cmd":"seek","time":29.5384731292725}
Command received: {"cmd":"seek","time":29.5384731292725}
CommandDispatcher::handleSeek: position set to 29.5385s
Command executed: seek, result: {
  "status": "ok",
  "message": "Seek executed",
  "position_seconds": 29.5384731292725
}
VitHeadlessService: command reply (truncated): {
  "status": "ok",
  "message": "Seek executed",
  "position_seconds": 29.5384731292725
}
ZmqGateway: received command payload: {"cmd":"seek","time":29.5384731292725}
ZmqGateway: dispatching payload to JUCE message thread.
VitHeadlessService: processing queued command on JUCE message thread: {"cmd":"seek","time":29.5384731292725}
Command received: {"cmd":"seek","time":29.5384731292725}
CommandDispatcher::handleSeek: position set to 29.5385s
Command executed: seek, result: {
  "status": "ok",
  "message": "Seek executed",
  "position_seconds": 29.5384731292725
}
VitHeadlessService: command reply (truncated): {
  "status": "ok",
  "message": "Seek executed",
  "position_seconds": 29.5384731292725
}
ZmqGateway: received command payload: {"cmd":"seek","time":29.5384731292725}
ZmqGateway: dispatching payload to JUCE message thread.
VitHeadlessService: processing queued command on JUCE message thread: {"cmd":"seek","time":29.5384731292725}
Command received: {"cmd":"seek","time":29.5384731292725}
CommandDispatcher::handleSeek: position set to 29.5385s
Command executed: seek, result: {
  "status": "ok",
  "message": "Seek executed",
  "position_seconds": 29.5384731292725
}
VitHeadlessService: command reply (truncated): {
  "status": "ok",
  "message": "Seek executed",
  "position_seconds": 29.5384731292725
}
ZmqGateway: received command payload: {"cmd":"get_recent_projects"}
ZmqGateway: dispatching payload to JUCE message thread.
VitHeadlessService: processing queued command on JUCE message thread: {"cmd":"get_recent_projects"}
Command received: {"cmd":"get_recent_projects"}
Command executed: get_recent_projects, result: {
  "status": "ok",
  "recent_projects": [
    "D:\\Godot\\project\\vit-daw-frontend\\4.4.3.vit",
    "D:\\Godot\\project\\vit-daw-frontend\\4.4.2.vit",
    "D:\\Godot\\project\\vit-daw-frontend\\4.4.1.vit",
    "D:\\Godot\\project\\vit-daw-frontend\\4.4.vit",
    "D:\\4.1.tracktionedit"
  ]
}
VitHeadlessService: command reply (truncated): {
  "status": "ok",
  "recent_projects": [
    "D:\\Godot\\project\\vit-daw-frontend\\4.4.3.vit",
    "D:\\Godot\\project\\vit-daw-frontend\\4.4.2.vit",
    "D:\\Godot\\project\\vit-daw-frontend\\4.4.1.vit",
    "D
ZmqGateway: received command payload: {"cmd":"open_project","file_path":"D:\\Godot\\project\\vit-daw-frontend\\4.4.3.vit"}
ZmqGateway: dispatching payload to JUCE message thread.
VitHeadlessService: processing queued command on JUCE message thread: {"cmd":"open_project","file_path":"D:\\Godot\\project\\vit-daw-frontend\\4.4.3.vit"}
Command received: {"cmd":"open_project","file_path":"D:\\Godot\\project\\vit-daw-frontend\\4.4.3.vit"}
VitEngineDevice: audio IO ready for playback graph: "扬声器 (USB AUDIO  CODEC)" 48000.00 Hz, block 480 samples
VitKernelUtils: wave clip 1011 forced direct file rebind: D:\Vit_DAW\test_target_3s.wav
VitHeadlessService: loaded project from D:\Godot\project\vit-daw-frontend\4.4.3.vit
Command executed: open_project, result: {
  "status": "ok",
  "message": "Project opened"
}
VitHeadlessService: command reply (truncated): {
  "status": "ok",
  "message": "Project opened"
}
ZmqGateway: received command payload: {"cmd":"ping"}
ZmqGateway: dispatching payload to JUCE message thread.
VitHeadlessService: processing queued command on JUCE message thread: {"cmd":"ping"}
Command received: {"cmd":"ping"}
CommandDispatcher: handled ping command.
Command executed: ping, result: {
  "status": "ok",
  "message": "pong"
}
VitHeadlessService: command reply (truncated): {
  "status": "ok",
  "message": "pong"
}
ZmqGateway: received command payload: {"cmd":"get_project_state"}
ZmqGateway: dispatching payload to JUCE message thread.
VitHeadlessService: processing queued command on JUCE message thread: {"cmd":"get_project_state"}
Command received: {"cmd":"get_project_state"}
Command executed: get_project_state, result: {
  "status": "ok",
  "project_path": "D:\\Godot\\project\\vit-daw-frontend\\4.4.3.vit",
  "tracks": [
    {
      "id": "1002",
      "name": "Arranger",
      "type": "audio",
      "plugins": [],
      "clips": []
    },
    {
      "id": "1003",
      "name": "Chord",
      "type": "audio",
      "plugins": [],
      "clips": []
    },
    {
      "id": "1004",
      "name": "Marker",
      "type": "audio",
      "plugins": [],
      "clips": []
    },
    {
      "id": "1005",
      "name": "Tempo",
      "type": "audio",
      "plugins": [],
      "clips": []
    },
    {
      "id": "1006",
      "name": "Master",
      "type": "master",
      "plugins": [],
      "clips": []
    },
    {
      "id": "1007",
      "name": "Audio Track 1",
      "type": "audio",
      "plugins": [
        {
          "id": "1012",
          "name": "SPAN",
          "type": "vst",
          "enabled": true
        },
        {
          "id": "1008",
          "name": "Volume & Pan Plugin",
          "type": "volume",
          "enabled": true
        },
        {
          "id": "1009",
          "name": "Level Meter",
          "type": "level",
          "enabled": true
        }
      ],
      "clips": [
        {
          "id": "1011",
          "name": "test_target_3s",
          "clip_type": "wave",
          "start_seconds": 0.0,
          "end_seconds": 3.0,
          "length_seconds": 3.0,
          "file_path": "D:\\Vit_DAW\\test_target_3s.wav",
          "current_source_path": "D:\\Vit_DAW\\test_target_3s.wav",
          "playback_source_valid": true
        }
      ],
      "output_to_device_resolved": true,
      "output_device_enabled": true,
      "output_device_id": "out_b7a4b4c1",
      "output_routing_name": "(default audio output)"
    },
    {
      "id": "1013",
      "name": "Audio Track 2",
      "type": "audio",
      "plugins": [
        {
          "id": "1016",
          "name": "TDR Nova",
          "type": "vst",
          "enabled": true
        },
        {
          "id": "1014",
          "name": "Volume & Pan Plugin",
          "type": "volume",
          "enabled": true
        },
        {
          "id": "1015",
          "name": "Level Meter",
          "type": "level",
          "enabled": true
        }
      ],
      "clips": [],
      "output_to_device_resolved": true,
      "output_device_enabled": true,
      "output_device_id": "out_b7a4b4c1",
      "output_routing_name": "(default audio output)"
    }
  ]
}
VitHeadlessService: command reply (truncated): {
  "status": "ok",
  "project_path": "D:\\Godot\\project\\vit-daw-frontend\\4.4.3.vit",
  "tracks": [
    {
      "id": "1002",
      "name": "Arranger",
      "type": "audio",
      "plugins": [],
      "clips
ZmqGateway: received command payload: {"cmd":"list_tracks"}
ZmqGateway: dispatching payload to JUCE message thread.
VitHeadlessService: processing queued command on JUCE message thread: {"cmd":"list_tracks"}
Command received: {"cmd":"list_tracks"}
Command executed: list_tracks, result: {
  "status": "ok",
  "message": "Track list fetched",
  "tracks": [
    {
      "id": "1002",
      "name": "Arranger",
      "track_type": "track",
      "is_audio": false,
      "is_audio_track": false,
      "vit_type": "",
      "vit_intent": "",
      "plugin_count": 0,
      "plugins": []
    },
    {
      "id": "1003",
      "name": "Chord",
      "track_type": "track",
      "is_audio": false,
      "is_audio_track": false,
      "vit_type": "",
      "vit_intent": "",
      "plugin_count": 0,
      "plugins": []
    },
    {
      "id": "1004",
      "name": "Marker",
      "track_type": "track",
      "is_audio": false,
      "is_audio_track": false,
      "vit_type": "",
      "vit_intent": "",
      "plugin_count": 0,
      "plugins": []
    },
    {
      "id": "1005",
      "name": "Tempo",
      "track_type": "track",
      "is_audio": false,
      "is_audio_track": false,
      "vit_type": "",
      "vit_intent": "",
      "plugin_count": 0,
      "plugins": []
    },
    {
      "id": "1006",
      "name": "Master",
      "track_type": "master",
      "is_audio": false,
      "is_audio_track": false,
      "vit_type": "",
      "vit_intent": "",
      "plugin_count": 0,
      "plugins": []
    },
    {
      "id": "1007",
      "name": "Audio Track 1",
      "track_type": "audio",
      "is_audio": true,
      "is_audio_track": true,
      "vit_type": "audio",
      "vit_intent": "",
      "plugin_count": 3,
      "plugins": [
        {
          "name": "SPAN",
          "type": "vst",
          "enabled": true
        },
        {
          "name": "Volume & Pan Plugin",
          "type": "volume",
          "enabled": true
        },
        {
          "name": "Level Meter",
          "type": "level",
          "enabled": true
        }
      ]
    },
    {
      "id": "1013",
      "name": "Audio Track 2",
      "track_type": "audio",
      "is_audio": true,
      "is_audio_track": true,
      "vit_type": "audio",
      "vit_intent": "",
      "plugin_count": 3,
      "plugins": [
        {
          "name": "TDR Nova",
          "type": "vst",
          "enabled": true
        },
        {
          "name": "Volume & Pan Plugin",
          "type": "volume",
          "enabled": true
        },
        {
          "name": "Level Meter",
          "type": "level",
          "enabled": true
        }
      ]
    }
  ]
}
VitHeadlessService: command reply (truncated): {
  "status": "ok",
  "message": "Track list fetched",
  "tracks": [
    {
      "id": "1002",
      "name": "Arranger",
      "track_type": "track",
      "is_audio": false,
      "is_audio_track": false,
    
ZmqGateway: received command payload: {"cmd":"warm_waveform_bake","file_path":"D:\\Vit_DAW\\test_target_3s.wav","track_id":"1007"}
ZmqGateway: dispatching payload to JUCE message thread.
VitHeadlessService: processing queued command on JUCE message thread: {"cmd":"warm_waveform_bake","file_path":"D:\\Vit_DAW\\test_target_3s.wav","track_id":"1007"}
Command received: {"cmd":"warm_waveform_bake","file_path":"D:\\Vit_DAW\\test_target_3s.wav","track_id":"1007"}
Command executed: warm_waveform_bake, result: {
  "status": "ok",
  "cmd": "warm_waveform_bake",
  "track_id": "1007",
  "file_path": "D:\\Vit_DAW\\test_target_3s.wav",
  "message": "Waveform bake started (no new clip inserted)"
}
VitHeadlessService: command reply (truncated): {
  "status": "ok",
  "cmd": "warm_waveform_bake",
  "track_id": "1007",
  "file_path": "D:\\Vit_DAW\\test_target_3s.wav",
  "message": "Waveform bake started (no new clip inserted)"
}
ZmqGateway: received command payload: {"cmd":"list_tracks"}
ZmqGateway: dispatching payload to JUCE message thread.
VitHeadlessService: processing queued command on JUCE message thread: {"cmd":"list_tracks"}
Command received: {"cmd":"list_tracks"}
Command executed: list_tracks, result: {
  "status": "ok",
  "message": "Track list fetched",
  "tracks": [
    {
      "id": "1002",
      "name": "Arranger",
      "track_type": "track",
      "is_audio": false,
      "is_audio_track": false,
      "vit_type": "",
      "vit_intent": "",
      "plugin_count": 0,
      "plugins": []
    },
    {
      "id": "1003",
      "name": "Chord",
      "track_type": "track",
      "is_audio": false,
      "is_audio_track": false,
      "vit_type": "",
      "vit_intent": "",
      "plugin_count": 0,
      "plugins": []
    },
    {
      "id": "1004",
      "name": "Marker",
      "track_type": "track",
      "is_audio": false,
      "is_audio_track": false,
      "vit_type": "",
      "vit_intent": "",
      "plugin_count": 0,
      "plugins": []
    },
    {
      "id": "1005",
      "name": "Tempo",
      "track_type": "track",
      "is_audio": false,
      "is_audio_track": false,
      "vit_type": "",
      "vit_intent": "",
      "plugin_count": 0,
      "plugins": []
    },
    {
      "id": "1006",
      "name": "Master",
      "track_type": "master",
      "is_audio": false,
      "is_audio_track": false,
      "vit_type": "",
      "vit_intent": "",
      "plugin_count": 0,
      "plugins": []
    },
    {
      "id": "1007",
      "name": "Audio Track 1",
      "track_type": "audio",
      "is_audio": true,
      "is_audio_track": true,
      "vit_type": "audio",
      "vit_intent": "",
      "plugin_count": 3,
      "plugins": [
        {
          "name": "SPAN",
          "type": "vst",
          "enabled": true
        },
        {
          "name": "Volume & Pan Plugin",
          "type": "volume",
          "enabled": true
        },
        {
          "name": "Level Meter",
          "type": "level",
          "enabled": true
        }
      ]
    },
    {
      "id": "1013",
      "name": "Audio Track 2",
      "track_type": "audio",
      "is_audio": true,
      "is_audio_track": true,
      "vit_type": "audio",
      "vit_intent": "",
      "plugin_count": 3,
      "plugins": [
        {
          "name": "TDR Nova",
          "type": "vst",
          "enabled": true
        },
        {
          "name": "Volume & Pan Plugin",
          "type": "volume",
          "enabled": true
        },
        {
          "name": "Level Meter",
          "type": "level",
          "enabled": true
        }
      ]
    }
  ]
}
VitHeadlessService: command reply (truncated): {
  "status": "ok",
  "message": "Track list fetched",
  "tracks": [
    {
      "id": "1002",
      "name": "Arranger",
      "track_type": "track",
      "is_audio": false,
      "is_audio_track": false,
    
ZmqGateway: received command payload: {"action":"delete_track","track_index":2}
ZmqGateway: dispatching payload to JUCE message thread.
VitHeadlessService: processing queued command on JUCE message thread: {"action":"delete_track","track_index":2}
Command received: {"action":"delete_track","track_index":2}
VitHeadlessService: project saved to D:\Vit_DAW\VitApp\Workspace\default_project.xml
Command executed: delete_track, result: {
  "status": "ok",
  "message": "Audio track deleted",
  "track_index": 2
}
VitHeadlessService: command reply (truncated): {
  "status": "ok",
  "message": "Audio track deleted",
  "track_index": 2
}
ZmqGateway: received command payload: {"cmd":"list_tracks"}
ZmqGateway: dispatching payload to JUCE message thread.
VitHeadlessService: processing queued command on JUCE message thread: {"cmd":"list_tracks"}
Command received: {"cmd":"list_tracks"}
Command executed: list_tracks, result: {
  "status": "ok",
  "message": "Track list fetched",
  "tracks": [
    {
      "id": "1002",
      "name": "Arranger",
      "track_type": "track",
      "is_audio": false,
      "is_audio_track": false,
      "vit_type": "",
      "vit_intent": "",
      "plugin_count": 0,
      "plugins": []
    },
    {
      "id": "1003",
      "name": "Chord",
      "track_type": "track",
      "is_audio": false,
      "is_audio_track": false,
      "vit_type": "",
      "vit_intent": "",
      "plugin_count": 0,
      "plugins": []
    },
    {
      "id": "1004",
      "name": "Marker",
      "track_type": "track",
      "is_audio": false,
      "is_audio_track": false,
      "vit_type": "",
      "vit_intent": "",
      "plugin_count": 0,
      "plugins": []
    },
    {
      "id": "1005",
      "name": "Tempo",
      "track_type": "track",
      "is_audio": false,
      "is_audio_track": false,
      "vit_type": "",
      "vit_intent": "",
      "plugin_count": 0,
      "plugins": []
    },
    {
      "id": "1006",
      "name": "Master",
      "track_type": "master",
      "is_audio": false,
      "is_audio_track": false,
      "vit_type": "",
      "vit_intent": "",
      "plugin_count": 0,
      "plugins": []
    },
    {
      "id": "1007",
      "name": "Audio Track 1",
      "track_type": "audio",
      "is_audio": true,
      "is_audio_track": true,
      "vit_type": "audio",
      "vit_intent": "",
      "plugin_count": 3,
      "plugins": [
        {
          "name": "SPAN",
          "type": "vst",
          "enabled": true
        },
        {
          "name": "Volume & Pan Plugin",
          "type": "volume",
          "enabled": true
        },
        {
          "name": "Level Meter",
          "type": "level",
          "enabled": true
        }
      ]
    }
  ]
}
VitHeadlessService: command reply (truncated): {
  "status": "ok",
  "message": "Track list fetched",
  "tracks": [
    {
      "id": "1002",
      "name": "Arranger",
      "track_type": "track",
      "is_audio": false,
      "is_audio_track": false,
    
