
**********************************************************
VitHeadlessServer session log
Log started: 7 Apr 2026 8:38:28pm

VitHeadlessServer: application startup.
Settings file: D:\Vit_DAW\VitApp\Workspace\Settings\Settings.xml
Audio block size: 480  Rate: 48000
Creating Default Controllers...
VitEngineDevice: initialising Tracktion Engine device manager.
Audio block size: 480  Rate: 48000
Rebuilding Wave Device List...
Wave In: Input 1 (enabled): 0 (L)
Wave In: Input 2 (enabled): 1 (L)
Wave Out: Output 1 + 2 (enabled): 0 (L), 1 (R)
Default Wave Out: Output 1 + 2
Default MIDI Out: 
Default Wave In: Input 1
Default MIDI In: 
VitEngineDevice: audio IO ready for playback graph: "扬声器 (USB AUDIO  CODEC)" 48000.00 Hz, block 480 samples
VitEngineDevice: audio setup outputDevice="扬声器 (USB AUDIO  CODEC)" inputDevice="麦克风 (Sonic Studio Virtual Mixer)" sampleRate=48000.00 bufferSize=480 inputChannels=11 outputChannels=11
VitEngineDevice: current audio device name="扬声器 (USB AUDIO  CODEC)" type="Windows Audio" activeOutputChannels=Output channel 1, Output channel 2" activeInputChannels=Input channel 1, Input channel 2"
VitHeadlessService: edit loaded from D:\Vit_DAW\VitApp\Workspace\default_project.xml
VitEngineDevice: audio IO ready for playback graph: "扬声器 (USB AUDIO  CODEC)" 48000.00 Hz, block 480 samples
VitKernelUtils: wave clip 1011 forced direct file rebind: D:\test audio.wav
VitHeadlessService: project reload complete.
ZmqGateway: bound command endpoint to tcp://127.0.0.1:5555
ZmqGateway: bound publish endpoint to tcp://127.0.0.1:5556
ZmqGateway: bound log endpoint to tcp://127.0.0.1:5557
ZmqGateway: started network thread.
VitHeadlessService: service started successfully.
VitHeadlessServer: startup complete, entering background message loop.
MIDI Input devices scanned in: 0
Updating MIDI I/O devices
Found MIDI in: all_midi_in ("All MIDI Ins") (enabled)
Found MIDI out: out_81b0d7ef ("Microsoft GS Wavetable Synth") (enabled)
opening MIDI out device: out_81b0d7ef (Microsoft GS Wavetable Synth)
ZmqGateway: received command payload: {"cmd":"get_recent_projects"}
ZmqGateway: dispatching payload to JUCE message thread.
VitHeadlessService: processing queued command on JUCE message thread: {"cmd":"get_recent_projects"}
Command received: {"cmd":"get_recent_projects"}
Command executed: get_recent_projects, result: {
  "status": "ok",
  "recent_projects": [
    "D:\\Godot\\project\\vit-daw-frontend\\4.4.3.vit",
    "D:\\Godot\\project\\vit-daw-frontend\\4.4.2.vit",
    "D:\\Godot\\project\\vit-daw-frontend\\4.4.1.vit",
    "D:\\Godot\\project\\vit-daw-frontend\\4.4.vit",
    "D:\\4.1.tracktionedit"
  ]
}
VitHeadlessService: command reply (truncated): {
  "status": "ok",
  "recent_projects": [
    "D:\\Godot\\project\\vit-daw-frontend\\4.4.3.vit",
    "D:\\Godot\\project\\vit-daw-frontend\\4.4.2.vit",
    "D:\\Godot\\project\\vit-daw-frontend\\4.4.1.vit",
    "D
ZmqGateway: received command payload: {"cmd":"new_project"}
ZmqGateway: dispatching payload to JUCE message thread.
VitHeadlessService: processing queued command on JUCE message thread: {"cmd":"new_project"}
Command received: {"cmd":"new_project"}
VitEngineDevice: audio IO ready for playback graph: "扬声器 (USB AUDIO  CODEC)" 48000.00 Hz, block 480 samples
Command executed: new_project, result: {
  "status": "ok",
  "message": "Blank project created"
}
VitHeadlessService: command reply (truncated): {
  "status": "ok",
  "message": "Blank project created"
}
ZmqGateway: received command payload: {"cmd":"get_recent_projects"}
ZmqGateway: dispatching payload to JUCE message thread.
VitHeadlessService: processing queued command on JUCE message thread: {"cmd":"get_recent_projects"}
Command received: {"cmd":"get_recent_projects"}
Command executed: get_recent_projects, result: {
  "status": "ok",
  "recent_projects": [
    "D:\\Godot\\project\\vit-daw-frontend\\4.4.3.vit",
    "D:\\Godot\\project\\vit-daw-frontend\\4.4.2.vit",
    "D:\\Godot\\project\\vit-daw-frontend\\4.4.1.vit",
    "D:\\Godot\\project\\vit-daw-frontend\\4.4.vit",
    "D:\\4.1.tracktionedit"
  ]
}
VitHeadlessService: command reply (truncated): {
  "status": "ok",
  "recent_projects": [
    "D:\\Godot\\project\\vit-daw-frontend\\4.4.3.vit",
    "D:\\Godot\\project\\vit-daw-frontend\\4.4.2.vit",
    "D:\\Godot\\project\\vit-daw-frontend\\4.4.1.vit",
    "D
ZmqGateway: received command payload: {"cmd":"new_project"}
ZmqGateway: dispatching payload to JUCE message thread.
VitHeadlessService: processing queued command on JUCE message thread: {"cmd":"new_project"}
Command received: {"cmd":"new_project"}
VitEngineDevice: audio IO ready for playback graph: "扬声器 (USB AUDIO  CODEC)" 48000.00 Hz, block 480 samples
Command executed: new_project, result: {
  "status": "ok",
  "message": "Blank project created"
}
VitHeadlessService: command reply (truncated): {
  "status": "ok",
  "message": "Blank project created"
}
ZmqGateway: received command payload: {"cmd":"ping"}
ZmqGateway: dispatching payload to JUCE message thread.
VitHeadlessService: processing queued command on JUCE message thread: {"cmd":"ping"}
Command received: {"cmd":"ping"}
CommandDispatcher: handled ping command.
Command executed: ping, result: {
  "status": "ok",
  "message": "pong"
}
VitHeadlessService: command reply (truncated): {
  "status": "ok",
  "message": "pong"
}
ZmqGateway: received command payload: {"cmd":"get_project_state"}
ZmqGateway: dispatching payload to JUCE message thread.
VitHeadlessService: processing queued command on JUCE message thread: {"cmd":"get_project_state"}
Command received: {"cmd":"get_project_state"}
Command executed: get_project_state, result: {
  "status": "ok",
  "project_path": "",
  "tracks": [
    {
      "track_id": "1002",
      "track_name": "Arranger",
      "track_type": "track",
      "is_audio_track": false,
      "is_audio": false,
      "plugins": [],
      "clips": []
    },
    {
      "track_id": "1003",
      "track_name": "Chord",
      "track_type": "track",
      "is_audio_track": false,
      "is_audio": false,
      "plugins": [],
      "clips": []
    },
    {
      "track_id": "1004",
      "track_name": "Marker",
      "track_type": "track",
      "is_audio_track": false,
      "is_audio": false,
      "plugins": [],
      "clips": []
    },
    {
      "track_id": "1005",
      "track_name": "Tempo",
      "track_type": "track",
      "is_audio_track": false,
      "is_audio": false,
      "plugins": [],
      "clips": []
    },
    {
      "track_id": "1006",
      "track_name": "Master",
      "track_type": "master",
      "is_audio_track": false,
      "is_audio": false,
      "plugins": [],
      "clips": []
    }
  ]
}
VitHeadlessService: command reply (truncated): {
  "status": "ok",
  "project_path": "",
  "tracks": [
    {
      "track_id": "1002",
      "track_name": "Arranger",
      "track_type": "track",
      "is_audio_track": false,
      "is_audio": false,
     
ZmqGateway: received command payload: {"cmd":"list_tracks"}
ZmqGateway: dispatching payload to JUCE message thread.
VitHeadlessService: processing queued command on JUCE message thread: {"cmd":"list_tracks"}
Command received: {"cmd":"list_tracks"}
Command executed: list_tracks, result: {
  "status": "ok",
  "message": "Track list fetched",
  "tracks": [
    {
      "track_id": "1002",
      "name": "Arranger",
      "track_type": "track",
      "is_audio": false,
      "is_audio_track": false,
      "vit_type": "",
      "vit_intent": "",
      "plugin_count": 0,
      "plugins": []
    },
    {
      "track_id": "1003",
      "name": "Chord",
      "track_type": "track",
      "is_audio": false,
      "is_audio_track": false,
      "vit_type": "",
      "vit_intent": "",
      "plugin_count": 0,
      "plugins": []
    },
    {
      "track_id": "1004",
      "name": "Marker",
      "track_type": "track",
      "is_audio": false,
      "is_audio_track": false,
      "vit_type": "",
      "vit_intent": "",
      "plugin_count": 0,
      "plugins": []
    },
    {
      "track_id": "1005",
      "name": "Tempo",
      "track_type": "track",
      "is_audio": false,
      "is_audio_track": false,
      "vit_type": "",
      "vit_intent": "",
      "plugin_count": 0,
      "plugins": []
    },
    {
      "track_id": "1006",
      "name": "Master",
      "track_type": "master",
      "is_audio": false,
      "is_audio_track": false,
      "vit_type": "",
      "vit_intent": "",
      "plugin_count": 0,
      "plugins": []
    }
  ]
}
VitHeadlessService: command reply (truncated): {
  "status": "ok",
  "message": "Track list fetched",
  "tracks": [
    {
      "track_id": "1002",
      "name": "Arranger",
      "track_type": "track",
      "is_audio": false,
      "is_audio_track": false,
ZmqGateway: received command payload: {"cmd":"list_tracks"}
ZmqGateway: dispatching payload to JUCE message thread.
VitHeadlessService: processing queued command on JUCE message thread: {"cmd":"list_tracks"}
Command received: {"cmd":"list_tracks"}
Command executed: list_tracks, result: {
  "status": "ok",
  "message": "Track list fetched",
  "tracks": [
    {
      "track_id": "1002",
      "name": "Arranger",
      "track_type": "track",
      "is_audio": false,
      "is_audio_track": false,
      "vit_type": "",
      "vit_intent": "",
      "plugin_count": 0,
      "plugins": []
    },
    {
      "track_id": "1003",
      "name": "Chord",
      "track_type": "track",
      "is_audio": false,
      "is_audio_track": false,
      "vit_type": "",
      "vit_intent": "",
      "plugin_count": 0,
      "plugins": []
    },
    {
      "track_id": "1004",
      "name": "Marker",
      "track_type": "track",
      "is_audio": false,
      "is_audio_track": false,
      "vit_type": "",
      "vit_intent": "",
      "plugin_count": 0,
      "plugins": []
    },
    {
      "track_id": "1005",
      "name": "Tempo",
      "track_type": "track",
      "is_audio": false,
      "is_audio_track": false,
      "vit_type": "",
      "vit_intent": "",
      "plugin_count": 0,
      "plugins": []
    },
    {
      "track_id": "1006",
      "name": "Master",
      "track_type": "master",
      "is_audio": false,
      "is_audio_track": false,
      "vit_type": "",
      "vit_intent": "",
      "plugin_count": 0,
      "plugins": []
    }
  ]
}
VitHeadlessService: command reply (truncated): {
  "status": "ok",
  "message": "Track list fetched",
  "tracks": [
    {
      "track_id": "1002",
      "name": "Arranger",
      "track_type": "track",
      "is_audio": false,
      "is_audio_track": false,
ZmqGateway: received command payload: {"cmd":"add_track","type":"hybrid"}
ZmqGateway: dispatching payload to JUCE message thread.
VitHeadlessService: processing queued command on JUCE message thread: {"cmd":"add_track","type":"hybrid"}
Command received: {"cmd":"add_track","type":"hybrid"}
VitHeadlessService: project saved to D:\Vit_DAW\VitApp\Workspace\default_project.xml
Command executed: add_track, result: {
  "status": "ok",
  "message": "Track added",
  "track_id": "1007",
  "track_name": "Track 1"
}
VitHeadlessService: command reply (truncated): {
  "status": "ok",
  "message": "Track added",
  "track_id": "1007",
  "track_name": "Track 1"
}
ZmqGateway: received command payload: {"cmd":"list_tracks"}
ZmqGateway: dispatching payload to JUCE message thread.
VitHeadlessService: processing queued command on JUCE message thread: {"cmd":"list_tracks"}
Command received: {"cmd":"list_tracks"}
Command executed: list_tracks, result: {
  "status": "ok",
  "message": "Track list fetched",
  "tracks": [
    {
      "track_id": "1002",
      "name": "Arranger",
      "track_type": "track",
      "is_audio": false,
      "is_audio_track": false,
      "vit_type": "",
      "vit_intent": "",
      "plugin_count": 0,
      "plugins": []
    },
    {
      "track_id": "1003",
      "name": "Chord",
      "track_type": "track",
      "is_audio": false,
      "is_audio_track": false,
      "vit_type": "",
      "vit_intent": "",
      "plugin_count": 0,
      "plugins": []
    },
    {
      "track_id": "1004",
      "name": "Marker",
      "track_type": "track",
      "is_audio": false,
      "is_audio_track": false,
      "vit_type": "",
      "vit_intent": "",
      "plugin_count": 0,
      "plugins": []
    },
    {
      "track_id": "1005",
      "name": "Tempo",
      "track_type": "track",
      "is_audio": false,
      "is_audio_track": false,
      "vit_type": "",
      "vit_intent": "",
      "plugin_count": 0,
      "plugins": []
    },
    {
      "track_id": "1006",
      "name": "Master",
      "track_type": "master",
      "is_audio": false,
      "is_audio_track": false,
      "vit_type": "",
      "vit_intent": "",
      "plugin_count": 0,
      "plugins": []
    },
    {
      "track_id": "1007",
      "name": "Track 1",
      "track_type": "hybrid",
      "is_audio": true,
      "is_audio_track": true,
      "vit_type": "",
      "vit_intent": "",
      "plugin_count": 2,
      "plugins": [
        {
          "name": "Volume & Pan Plugin",
          "type": "volume",
          "enabled": true
        },
        {
          "name": "Level Meter",
          "type": "level",
          "enabled": true
        }
      ]
    }
  ]
}
VitHeadlessService: command reply (truncated): {
  "status": "ok",
  "message": "Track list fetched",
  "tracks": [
    {
      "track_id": "1002",
      "name": "Arranger",
      "track_type": "track",
      "is_audio": false,
      "is_audio_track": false,
ZmqGateway: received command payload: {"cmd":"get_project_state"}
ZmqGateway: dispatching payload to JUCE message thread.
VitHeadlessService: processing queued command on JUCE message thread: {"cmd":"get_project_state"}
Command received: {"cmd":"get_project_state"}
Command executed: get_project_state, result: {
  "status": "ok",
  "project_path": "",
  "tracks": [
    {
      "track_id": "1002",
      "track_name": "Arranger",
      "track_type": "track",
      "is_audio_track": false,
      "is_audio": false,
      "plugins": [],
      "clips": []
    },
    {
      "track_id": "1003",
      "track_name": "Chord",
      "track_type": "track",
      "is_audio_track": false,
      "is_audio": false,
      "plugins": [],
      "clips": []
    },
    {
      "track_id": "1004",
      "track_name": "Marker",
      "track_type": "track",
      "is_audio_track": false,
      "is_audio": false,
      "plugins": [],
      "clips": []
    },
    {
      "track_id": "1005",
      "track_name": "Tempo",
      "track_type": "track",
      "is_audio_track": false,
      "is_audio": false,
      "plugins": [],
      "clips": []
    },
    {
      "track_id": "1006",
      "track_name": "Master",
      "track_type": "master",
      "is_audio_track": false,
      "is_audio": false,
      "plugins": [],
      "clips": []
    },
    {
      "track_id": "1007",
      "track_name": "Track 1",
      "track_type": "hybrid",
      "is_audio_track": true,
      "is_audio": true,
      "plugins": [
        {
          "id": "1008",
          "item_id": "1008",
          "name": "Volume & Pan Plugin",
          "type": "volume",
          "enabled": true
        },
        {
          "id": "1009",
          "item_id": "1009",
          "name": "Level Meter",
          "type": "level",
          "enabled": true
        }
      ],
      "clips": [],
      "output_to_device_resolved": true,
      "output_device_enabled": true,
      "output_device_id": "out_b7a4b4c1",
      "output_routing_name": "(default audio output)"
    }
  ]
}
VitHeadlessService: command reply (truncated): {
  "status": "ok",
  "project_path": "",
  "tracks": [
    {
      "track_id": "1002",
      "track_name": "Arranger",
      "track_type": "track",
      "is_audio_track": false,
      "is_audio": false,
     
ZmqGateway: received command payload: {"cmd":"list_tracks"}
ZmqGateway: dispatching payload to JUCE message thread.
VitHeadlessService: processing queued command on JUCE message thread: {"cmd":"list_tracks"}
Command received: {"cmd":"list_tracks"}
Command executed: list_tracks, result: {
  "status": "ok",
  "message": "Track list fetched",
  "tracks": [
    {
      "track_id": "1002",
      "name": "Arranger",
      "track_type": "track",
      "is_audio": false,
      "is_audio_track": false,
      "vit_type": "",
      "vit_intent": "",
      "plugin_count": 0,
      "plugins": []
    },
    {
      "track_id": "1003",
      "name": "Chord",
      "track_type": "track",
      "is_audio": false,
      "is_audio_track": false,
      "vit_type": "",
      "vit_intent": "",
      "plugin_count": 0,
      "plugins": []
    },
    {
      "track_id": "1004",
      "name": "Marker",
      "track_type": "track",
      "is_audio": false,
      "is_audio_track": false,
      "vit_type": "",
      "vit_intent": "",
      "plugin_count": 0,
      "plugins": []
    },
    {
      "track_id": "1005",
      "name": "Tempo",
      "track_type": "track",
      "is_audio": false,
      "is_audio_track": false,
      "vit_type": "",
      "vit_intent": "",
      "plugin_count": 0,
      "plugins": []
    },
    {
      "track_id": "1006",
      "name": "Master",
      "track_type": "master",
      "is_audio": false,
      "is_audio_track": false,
      "vit_type": "",
      "vit_intent": "",
      "plugin_count": 0,
      "plugins": []
    },
    {
      "track_id": "1007",
      "name": "Track 1",
      "track_type": "hybrid",
      "is_audio": true,
      "is_audio_track": true,
      "vit_type": "",
      "vit_intent": "",
      "plugin_count": 2,
      "plugins": [
        {
          "name": "Volume & Pan Plugin",
          "type": "volume",
          "enabled": true
        },
        {
          "name": "Level Meter",
          "type": "level",
          "enabled": true
        }
      ]
    }
  ]
}
VitHeadlessService: command reply (truncated): {
  "status": "ok",
  "message": "Track list fetched",
  "tracks": [
    {
      "track_id": "1002",
      "name": "Arranger",
      "track_type": "track",
      "is_audio": false,
      "is_audio_track": false,
ZmqGateway: received command payload: {"action":"import_media_to_track","file_path":"D:/Vit_DAW/test_target_3s.wav","media_type":"audio","start_time":3.2835693359375,"track_id":"1007"}
ZmqGateway: dispatching payload to JUCE message thread.
VitHeadlessService: processing queued command on JUCE message thread: {"action":"import_media_to_track","file_path":"D:/Vit_DAW/test_target_3s.wav","media_type":"audio","start_time":3.2835693359375,"track_id":"1007"}
Command received: {"action":"import_media_to_track","file_path":"D:/Vit_DAW/test_target_3s.wav","media_type":"audio","start_time":3.2835693359375,"track_id":"1007"}
VitHeadlessService: project saved to D:\Vit_DAW\VitApp\Workspace\default_project.xml
CommandDispatcher::handleImportMediaToTrack: clipId="1011" clip="test_target_3s" trackId="1007" source="D:\Vit_DAW\test_target_3s.wav" lengthSec=3.000 isPlaying=false isRecording=false playContextActive=true positionSeconds=0.000 editLengthSeconds=6.284
Command executed: import_media_to_track, result: {
  "status": "success",
  "action": "import_media_to_track",
  "clip_id": "1011",
  "track_id": "1007",
  "start_time": 3.2835693359375,
  "resolved_start_time": 3.2835693359375,
  "length": 3.0,
  "applied_mode": "destructive",
  "clip_name": "test_target_3s",
  "file_path": "D:\\Vit_DAW\\test_target_3s.wav",
  "edit_length_seconds": 6.2835693359375,
  "baking_status": "baking_started"
}
VitHeadlessService: command reply (truncated): {
  "status": "success",
  "action": "import_media_to_track",
  "clip_id": "1011",
  "track_id": "1007",
  "start_time": 3.2835693359375,
  "resolved_start_time": 3.2835693359375,
  "length": 3.0,
  "applied_mode
ZmqGateway: received command payload: {"cmd":"get_project_state"}
ZmqGateway: dispatching payload to JUCE message thread.
VitHeadlessService: processing queued command on JUCE message thread: {"cmd":"get_project_state"}
Command received: {"cmd":"get_project_state"}
Command executed: get_project_state, result: {
  "status": "ok",
  "project_path": "",
  "tracks": [
    {
      "track_id": "1002",
      "track_name": "Arranger",
      "track_type": "track",
      "is_audio_track": false,
      "is_audio": false,
      "plugins": [],
      "clips": []
    },
    {
      "track_id": "1003",
      "track_name": "Chord",
      "track_type": "track",
      "is_audio_track": false,
      "is_audio": false,
      "plugins": [],
      "clips": []
    },
    {
      "track_id": "1004",
      "track_name": "Marker",
      "track_type": "track",
      "is_audio_track": false,
      "is_audio": false,
      "plugins": [],
      "clips": []
    },
    {
      "track_id": "1005",
      "track_name": "Tempo",
      "track_type": "track",
      "is_audio_track": false,
      "is_audio": false,
      "plugins": [],
      "clips": []
    },
    {
      "track_id": "1006",
      "track_name": "Master",
      "track_type": "master",
      "is_audio_track": false,
      "is_audio": false,
      "plugins": [],
      "clips": []
    },
    {
      "track_id": "1007",
      "track_name": "Track 1",
      "track_type": "hybrid",
      "is_audio_track": true,
      "is_audio": true,
      "plugins": [
        {
          "id": "1008",
          "item_id": "1008",
          "name": "Volume & Pan Plugin",
          "type": "volume",
          "enabled": true
        },
        {
          "id": "1009",
          "item_id": "1009",
          "name": "Level Meter",
          "type": "level",
          "enabled": true
        }
      ],
      "clips": [
        {
          "id": "1011",
          "name": "test_target_3s",
          "clip_type": "wave",
          "start_seconds": 3.2835693359375,
          "end_seconds": 6.2835693359375,
          "length_seconds": 3.0,
          "file_path": "D:\\Vit_DAW\\test_target_3s.wav",
          "current_source_path": "D:\\Vit_DAW\\test_target_3s.wav",
          "playback_source_valid": true
        }
      ],
      "output_to_device_resolved": true,
      "output_device_enabled": true,
      "output_device_id": "out_b7a4b4c1",
      "output_routing_name": "(default audio output)"
    }
  ]
}
VitHeadlessService: command reply (truncated): {
  "status": "ok",
  "project_path": "",
  "tracks": [
    {
      "track_id": "1002",
      "track_name": "Arranger",
      "track_type": "track",
      "is_audio_track": false,
      "is_audio": false,
     
ZmqGateway: received command payload: {"cmd":"list_tracks"}
ZmqGateway: dispatching payload to JUCE message thread.
VitHeadlessService: processing queued command on JUCE message thread: {"cmd":"list_tracks"}
Command received: {"cmd":"list_tracks"}
Command executed: list_tracks, result: {
  "status": "ok",
  "message": "Track list fetched",
  "tracks": [
    {
      "track_id": "1002",
      "name": "Arranger",
      "track_type": "track",
      "is_audio": false,
      "is_audio_track": false,
      "vit_type": "",
      "vit_intent": "",
      "plugin_count": 0,
      "plugins": []
    },
    {
      "track_id": "1003",
      "name": "Chord",
      "track_type": "track",
      "is_audio": false,
      "is_audio_track": false,
      "vit_type": "",
      "vit_intent": "",
      "plugin_count": 0,
      "plugins": []
    },
    {
      "track_id": "1004",
      "name": "Marker",
      "track_type": "track",
      "is_audio": false,
      "is_audio_track": false,
      "vit_type": "",
      "vit_intent": "",
      "plugin_count": 0,
      "plugins": []
    },
    {
      "track_id": "1005",
      "name": "Tempo",
      "track_type": "track",
      "is_audio": false,
      "is_audio_track": false,
      "vit_type": "",
      "vit_intent": "",
      "plugin_count": 0,
      "plugins": []
    },
    {
      "track_id": "1006",
      "name": "Master",
      "track_type": "master",
      "is_audio": false,
      "is_audio_track": false,
      "vit_type": "",
      "vit_intent": "",
      "plugin_count": 0,
      "plugins": []
    },
    {
      "track_id": "1007",
      "name": "Track 1",
      "track_type": "hybrid",
      "is_audio": true,
      "is_audio_track": true,
      "vit_type": "",
      "vit_intent": "",
      "plugin_count": 2,
      "plugins": [
        {
          "name": "Volume & Pan Plugin",
          "type": "volume",
          "enabled": true
        },
        {
          "name": "Level Meter",
          "type": "level",
          "enabled": true
        }
      ]
    }
  ]
}
VitHeadlessService: command reply (truncated): {
  "status": "ok",
  "message": "Track list fetched",
  "tracks": [
    {
      "track_id": "1002",
      "name": "Arranger",
      "track_type": "track",
      "is_audio": false,
      "is_audio_track": false,
ZmqGateway: received command payload: {"cmd":"seek","time":3.19403076171875}
ZmqGateway: dispatching payload to JUCE message thread.
VitHeadlessService: processing queued command on JUCE message thread: {"cmd":"seek","time":3.19403076171875}
Command received: {"cmd":"seek","time":3.19403076171875}
CommandDispatcher::handleSeek: position set to 3.1940s
Command executed: seek, result: {
  "status": "ok",
  "message": "Seek executed",
  "position_seconds": 3.19403076171875
}
VitHeadlessService: command reply (truncated): {
  "status": "ok",
  "message": "Seek executed",
  "position_seconds": 3.19403076171875
}
ZmqGateway: received command payload: {"cmd":"seek","time":3.19403076171875}
ZmqGateway: dispatching payload to JUCE message thread.
VitHeadlessService: processing queued command on JUCE message thread: {"cmd":"seek","time":3.19403076171875}
Command received: {"cmd":"seek","time":3.19403076171875}
CommandDispatcher::handleSeek: position set to 3.1940s
Command executed: seek, result: {
  "status": "ok",
  "message": "Seek executed",
  "position_seconds": 3.19403076171875
}
VitHeadlessService: command reply (truncated): {
  "status": "ok",
  "message": "Seek executed",
  "position_seconds": 3.19403076171875
}
ZmqGateway: received command payload: {"cmd":"seek","time":3.19403076171875}
ZmqGateway: dispatching payload to JUCE message thread.
VitHeadlessService: processing queued command on JUCE message thread: {"cmd":"seek","time":3.19403076171875}
Command received: {"cmd":"seek","time":3.19403076171875}
CommandDispatcher::handleSeek: position set to 3.1940s
Command executed: seek, result: {
  "status": "ok",
  "message": "Seek executed",
  "position_seconds": 3.19403076171875
}
VitHeadlessService: command reply (truncated): {
  "status": "ok",
  "message": "Seek executed",
  "position_seconds": 3.19403076171875
}
ZmqGateway: received command payload: {"cmd":"seek","time":3.19403076171875}
ZmqGateway: dispatching payload to JUCE message thread.
VitHeadlessService: processing queued command on JUCE message thread: {"cmd":"seek","time":3.19403076171875}
Command received: {"cmd":"seek","time":3.19403076171875}
CommandDispatcher::handleSeek: position set to 3.1940s
Command executed: seek, result: {
  "status": "ok",
  "message": "Seek executed",
  "position_seconds": 3.19403076171875
}
VitHeadlessService: command reply (truncated): {
  "status": "ok",
  "message": "Seek executed",
  "position_seconds": 3.19403076171875
}
ZmqGateway: received command payload: {"cmd":"seek","time":3.19403076171875}
ZmqGateway: dispatching payload to JUCE message thread.
VitHeadlessService: processing queued command on JUCE message thread: {"cmd":"seek","time":3.19403076171875}
Command received: {"cmd":"seek","time":3.19403076171875}
CommandDispatcher::handleSeek: position set to 3.1940s
Command executed: seek, result: {
  "status": "ok",
  "message": "Seek executed",
  "position_seconds": 3.19403076171875
}
VitHeadlessService: command reply (truncated): {
  "status": "ok",
  "message": "Seek executed",
  "position_seconds": 3.19403076171875
}
ZmqGateway: received command payload: {"cmd":"seek","time":3.19403076171875}
ZmqGateway: dispatching payload to JUCE message thread.
VitHeadlessService: processing queued command on JUCE message thread: {"cmd":"seek","time":3.19403076171875}
Command received: {"cmd":"seek","time":3.19403076171875}
CommandDispatcher::handleSeek: position set to 3.1940s
Command executed: seek, result: {
  "status": "ok",
  "message": "Seek executed",
  "position_seconds": 3.19403076171875
}
VitHeadlessService: command reply (truncated): {
  "status": "ok",
  "message": "Seek executed",
  "position_seconds": 3.19403076171875
}
ZmqGateway: received command payload: {"cmd":"seek","time":3.19403076171875}
ZmqGateway: dispatching payload to JUCE message thread.
VitHeadlessService: processing queued command on JUCE message thread: {"cmd":"seek","time":3.19403076171875}
Command received: {"cmd":"seek","time":3.19403076171875}
CommandDispatcher::handleSeek: position set to 3.1940s
Command executed: seek, result: {
  "status": "ok",
  "message": "Seek executed",
  "position_seconds": 3.19403076171875
}
VitHeadlessService: command reply (truncated): {
  "status": "ok",
  "message": "Seek executed",
  "position_seconds": 3.19403076171875
}
ZmqGateway: received command payload: {"cmd":"seek","time":3.19403076171875}
ZmqGateway: dispatching payload to JUCE message thread.
VitHeadlessService: processing queued command on JUCE message thread: {"cmd":"seek","time":3.19403076171875}
Command received: {"cmd":"seek","time":3.19403076171875}
CommandDispatcher::handleSeek: position set to 3.1940s
Command executed: seek, result: {
  "status": "ok",
  "message": "Seek executed",
  "position_seconds": 3.19403076171875
}
VitHeadlessService: command reply (truncated): {
  "status": "ok",
  "message": "Seek executed",
  "position_seconds": 3.19403076171875
}
ZmqGateway: received command payload: {"cmd":"seek","time":3.19403076171875}
ZmqGateway: dispatching payload to JUCE message thread.
VitHeadlessService: processing queued command on JUCE message thread: {"cmd":"seek","time":3.19403076171875}
Command received: {"cmd":"seek","time":3.19403076171875}
CommandDispatcher::handleSeek: position set to 3.1940s
Command executed: seek, result: {
  "status": "ok",
  "message": "Seek executed",
  "position_seconds": 3.19403076171875
}
VitHeadlessService: command reply (truncated): {
  "status": "ok",
  "message": "Seek executed",
  "position_seconds": 3.19403076171875
}
ZmqGateway: received command payload: {"cmd":"seek","time":3.19403076171875}
ZmqGateway: dispatching payload to JUCE message thread.
VitHeadlessService: processing queued command on JUCE message thread: {"cmd":"seek","time":3.19403076171875}
Command received: {"cmd":"seek","time":3.19403076171875}
CommandDispatcher::handleSeek: position set to 3.1940s
Command executed: seek, result: {
  "status": "ok",
  "message": "Seek executed",
  "position_seconds": 3.19403076171875
}
VitHeadlessService: command reply (truncated): {
  "status": "ok",
  "message": "Seek executed",
  "position_seconds": 3.19403076171875
}
ZmqGateway: received command payload: {"cmd":"seek","time":3.19403076171875}
ZmqGateway: dispatching payload to JUCE message thread.
VitHeadlessService: processing queued command on JUCE message thread: {"cmd":"seek","time":3.19403076171875}
Command received: {"cmd":"seek","time":3.19403076171875}
CommandDispatcher::handleSeek: position set to 3.1940s
Command executed: seek, result: {
  "status": "ok",
  "message": "Seek executed",
  "position_seconds": 3.19403076171875
}
VitHeadlessService: command reply (truncated): {
  "status": "ok",
  "message": "Seek executed",
  "position_seconds": 3.19403076171875
}
ZmqGateway: received command payload: {"cmd":"seek","time":3.19403076171875}
ZmqGateway: dispatching payload to JUCE message thread.
VitHeadlessService: processing queued command on JUCE message thread: {"cmd":"seek","time":3.19403076171875}
Command received: {"cmd":"seek","time":3.19403076171875}
CommandDispatcher::handleSeek: position set to 3.1940s
Command executed: seek, result: {
  "status": "ok",
  "message": "Seek executed",
  "position_seconds": 3.19403076171875
}
VitHeadlessService: command reply (truncated): {
  "status": "ok",
  "message": "Seek executed",
  "position_seconds": 3.19403076171875
}
ZmqGateway: received command payload: {"cmd":"seek","time":3.19403076171875}
ZmqGateway: dispatching payload to JUCE message thread.
VitHeadlessService: processing queued command on JUCE message thread: {"cmd":"seek","time":3.19403076171875}
Command received: {"cmd":"seek","time":3.19403076171875}
CommandDispatcher::handleSeek: position set to 3.1940s
Command executed: seek, result: {
  "status": "ok",
  "message": "Seek executed",
  "position_seconds": 3.19403076171875
}
VitHeadlessService: command reply (truncated): {
  "status": "ok",
  "message": "Seek executed",
  "position_seconds": 3.19403076171875
}
ZmqGateway: received command payload: {"cmd":"seek","time":3.19403076171875}
ZmqGateway: dispatching payload to JUCE message thread.
VitHeadlessService: processing queued command on JUCE message thread: {"cmd":"seek","time":3.19403076171875}
Command received: {"cmd":"seek","time":3.19403076171875}
CommandDispatcher::handleSeek: position set to 3.1940s
Command executed: seek, result: {
  "status": "ok",
  "message": "Seek executed",
  "position_seconds": 3.19403076171875
}
VitHeadlessService: command reply (truncated): {
  "status": "ok",
  "message": "Seek executed",
  "position_seconds": 3.19403076171875
}
ZmqGateway: received command payload: {"cmd":"seek","time":3.19403076171875}
ZmqGateway: dispatching payload to JUCE message thread.
VitHeadlessService: processing queued command on JUCE message thread: {"cmd":"seek","time":3.19403076171875}
Command received: {"cmd":"seek","time":3.19403076171875}
CommandDispatcher::handleSeek: position set to 3.1940s
Command executed: seek, result: {
  "status": "ok",
  "message": "Seek executed",
  "position_seconds": 3.19403076171875
}
VitHeadlessService: command reply (truncated): {
  "status": "ok",
  "message": "Seek executed",
  "position_seconds": 3.19403076171875
}
ZmqGateway: received command payload: {"cmd":"seek","time":3.19403076171875}
ZmqGateway: dispatching payload to JUCE message thread.
VitHeadlessService: processing queued command on JUCE message thread: {"cmd":"seek","time":3.19403076171875}
Command received: {"cmd":"seek","time":3.19403076171875}
CommandDispatcher::handleSeek: position set to 3.1940s
Command executed: seek, result: {
  "status": "ok",
  "message": "Seek executed",
  "position_seconds": 3.19403076171875
}
VitHeadlessService: command reply (truncated): {
  "status": "ok",
  "message": "Seek executed",
  "position_seconds": 3.19403076171875
}
ZmqGateway: received command payload: {"cmd":"seek","time":3.19403076171875}
ZmqGateway: dispatching payload to JUCE message thread.
VitHeadlessService: processing queued command on JUCE message thread: {"cmd":"seek","time":3.19403076171875}
Command received: {"cmd":"seek","time":3.19403076171875}
CommandDispatcher::handleSeek: position set to 3.1940s
Command executed: seek, result: {
  "status": "ok",
  "message": "Seek executed",
  "position_seconds": 3.19403076171875
}
VitHeadlessService: command reply (truncated): {
  "status": "ok",
  "message": "Seek executed",
  "position_seconds": 3.19403076171875
}
ZmqGateway: received command payload: {"cmd":"seek","time":3.43283653259277}
ZmqGateway: dispatching payload to JUCE message thread.
VitHeadlessService: processing queued command on JUCE message thread: {"cmd":"seek","time":3.43283653259277}
Command received: {"cmd":"seek","time":3.43283653259277}
CommandDispatcher::handleSeek: position set to 3.4328s
Command executed: seek, result: {
  "status": "ok",
  "message": "Seek executed",
  "position_seconds": 3.43283653259277
}
VitHeadlessService: command reply (truncated): {
  "status": "ok",
  "message": "Seek executed",
  "position_seconds": 3.43283653259277
}
ZmqGateway: received command payload: {"cmd":"seek","time":3.43283653259277}
ZmqGateway: dispatching payload to JUCE message thread.
VitHeadlessService: processing queued command on JUCE message thread: {"cmd":"seek","time":3.43283653259277}
Command received: {"cmd":"seek","time":3.43283653259277}
CommandDispatcher::handleSeek: position set to 3.4328s
Command executed: seek, result: {
  "status": "ok",
  "message": "Seek executed",
  "position_seconds": 3.43283653259277
}
VitHeadlessService: command reply (truncated): {
  "status": "ok",
  "message": "Seek executed",
  "position_seconds": 3.43283653259277
}
ZmqGateway: received command payload: {"cmd":"seek","time":3.43283653259277}
ZmqGateway: dispatching payload to JUCE message thread.
VitHeadlessService: processing queued command on JUCE message thread: {"cmd":"seek","time":3.43283653259277}
Command received: {"cmd":"seek","time":3.43283653259277}
CommandDispatcher::handleSeek: position set to 3.4328s
Command executed: seek, result: {
  "status": "ok",
  "message": "Seek executed",
  "position_seconds": 3.43283653259277
}
VitHeadlessService: command reply (truncated): {
  "status": "ok",
  "message": "Seek executed",
  "position_seconds": 3.43283653259277
}
ZmqGateway: received command payload: {"cmd":"seek","time":3.43283653259277}
ZmqGateway: dispatching payload to JUCE message thread.
VitHeadlessService: processing queued command on JUCE message thread: {"cmd":"seek","time":3.43283653259277}
Command received: {"cmd":"seek","time":3.43283653259277}
CommandDispatcher::handleSeek: position set to 3.4328s
Command executed: seek, result: {
  "status": "ok",
  "message": "Seek executed",
  "position_seconds": 3.43283653259277
}
VitHeadlessService: command reply (truncated): {
  "status": "ok",
  "message": "Seek executed",
  "position_seconds": 3.43283653259277
}
ZmqGateway: received command payload: {"cmd":"seek","time":3.43283653259277}
ZmqGateway: dispatching payload to JUCE message thread.
VitHeadlessService: processing queued command on JUCE message thread: {"cmd":"seek","time":3.43283653259277}
Command received: {"cmd":"seek","time":3.43283653259277}
CommandDispatcher::handleSeek: position set to 3.4328s
Command executed: seek, result: {
  "status": "ok",
  "message": "Seek executed",
  "position_seconds": 3.43283653259277
}
VitHeadlessService: command reply (truncated): {
  "status": "ok",
  "message": "Seek executed",
  "position_seconds": 3.43283653259277
}
ZmqGateway: received command payload: {"cmd":"seek","time":3.43283653259277}
ZmqGateway: dispatching payload to JUCE message thread.
VitHeadlessService: processing queued command on JUCE message thread: {"cmd":"seek","time":3.43283653259277}
Command received: {"cmd":"seek","time":3.43283653259277}
CommandDispatcher::handleSeek: position set to 3.4328s
Command executed: seek, result: {
  "status": "ok",
  "message": "Seek executed",
  "position_seconds": 3.43283653259277
}
VitHeadlessService: command reply (truncated): {
  "status": "ok",
  "message": "Seek executed",
  "position_seconds": 3.43283653259277
}
ZmqGateway: received command payload: {"cmd":"seek","time":3.43283653259277}
ZmqGateway: dispatching payload to JUCE message thread.
VitHeadlessService: processing queued command on JUCE message thread: {"cmd":"seek","time":3.43283653259277}
Command received: {"cmd":"seek","time":3.43283653259277}
CommandDispatcher::handleSeek: position set to 3.4328s
Command executed: seek, result: {
  "status": "ok",
  "message": "Seek executed",
  "position_seconds": 3.43283653259277
}
VitHeadlessService: command reply (truncated): {
  "status": "ok",
  "message": "Seek executed",
  "position_seconds": 3.43283653259277
}
ZmqGateway: received command payload: {"cmd":"seek","time":3.43283653259277}
ZmqGateway: dispatching payload to JUCE message thread.
VitHeadlessService: processing queued command on JUCE message thread: {"cmd":"seek","time":3.43283653259277}
Command received: {"cmd":"seek","time":3.43283653259277}
CommandDispatcher::handleSeek: position set to 3.4328s
Command executed: seek, result: {
  "status": "ok",
  "message": "Seek executed",
  "position_seconds": 3.43283653259277
}
VitHeadlessService: command reply (truncated): {
  "status": "ok",
  "message": "Seek executed",
  "position_seconds": 3.43283653259277
}
ZmqGateway: received command payload: {"cmd":"seek","time":3.43283653259277}
ZmqGateway: dispatching payload to JUCE message thread.
VitHeadlessService: processing queued command on JUCE message thread: {"cmd":"seek","time":3.43283653259277}
Command received: {"cmd":"seek","time":3.43283653259277}
CommandDispatcher::handleSeek: position set to 3.4328s
Command executed: seek, result: {
  "status": "ok",
  "message": "Seek executed",
  "position_seconds": 3.43283653259277
}
VitHeadlessService: command reply (truncated): {
  "status": "ok",
  "message": "Seek executed",
  "position_seconds": 3.43283653259277
}
ZmqGateway: received command payload: {"cmd":"seek","time":3.43283653259277}
ZmqGateway: dispatching payload to JUCE message thread.
VitHeadlessService: processing queued command on JUCE message thread: {"cmd":"seek","time":3.43283653259277}
Command received: {"cmd":"seek","time":3.43283653259277}
CommandDispatcher::handleSeek: position set to 3.4328s
Command executed: seek, result: {
  "status": "ok",
  "message": "Seek executed",
  "position_seconds": 3.43283653259277
}
VitHeadlessService: command reply (truncated): {
  "status": "ok",
  "message": "Seek executed",
  "position_seconds": 3.43283653259277
}
ZmqGateway: received command payload: {"cmd":"seek","time":3.43283653259277}
ZmqGateway: dispatching payload to JUCE message thread.
VitHeadlessService: processing queued command on JUCE message thread: {"cmd":"seek","time":3.43283653259277}
Command received: {"cmd":"seek","time":3.43283653259277}
CommandDispatcher::handleSeek: position set to 3.4328s
Command executed: seek, result: {
  "status": "ok",
  "message": "Seek executed",
  "position_seconds": 3.43283653259277
}
VitHeadlessService: command reply (truncated): {
  "status": "ok",
  "message": "Seek executed",
  "position_seconds": 3.43283653259277
}
ZmqGateway: received command payload: {"cmd":"seek","time":3.43283653259277}
ZmqGateway: dispatching payload to JUCE message thread.
VitHeadlessService: processing queued command on JUCE message thread: {"cmd":"seek","time":3.43283653259277}
Command received: {"cmd":"seek","time":3.43283653259277}
CommandDispatcher::handleSeek: position set to 3.4328s
Command executed: seek, result: {
  "status": "ok",
  "message": "Seek executed",
  "position_seconds": 3.43283653259277
}
VitHeadlessService: command reply (truncated): {
  "status": "ok",
  "message": "Seek executed",
  "position_seconds": 3.43283653259277
}
ZmqGateway: received command payload: {"cmd":"seek","time":3.43283653259277}
ZmqGateway: dispatching payload to JUCE message thread.
VitHeadlessService: processing queued command on JUCE message thread: {"cmd":"seek","time":3.43283653259277}
Command received: {"cmd":"seek","time":3.43283653259277}
CommandDispatcher::handleSeek: position set to 3.4328s
Command executed: seek, result: {
  "status": "ok",
  "message": "Seek executed",
  "position_seconds": 3.43283653259277
}
VitHeadlessService: command reply (truncated): {
  "status": "ok",
  "message": "Seek executed",
  "position_seconds": 3.43283653259277
}
ZmqGateway: received command payload: {"cmd":"seek","time":3.43283653259277}
ZmqGateway: dispatching payload to JUCE message thread.
VitHeadlessService: processing queued command on JUCE message thread: {"cmd":"seek","time":3.43283653259277}
Command received: {"cmd":"seek","time":3.43283653259277}
CommandDispatcher::handleSeek: position set to 3.4328s
Command executed: seek, result: {
  "status": "ok",
  "message": "Seek executed",
  "position_seconds": 3.43283653259277
}
VitHeadlessService: command reply (truncated): {
  "status": "ok",
  "message": "Seek executed",
  "position_seconds": 3.43283653259277
}
ZmqGateway: received command payload: {"cmd":"seek","time":3.43283653259277}
ZmqGateway: dispatching payload to JUCE message thread.
VitHeadlessService: processing queued command on JUCE message thread: {"cmd":"seek","time":3.43283653259277}
Command received: {"cmd":"seek","time":3.43283653259277}
CommandDispatcher::handleSeek: position set to 3.4328s
Command executed: seek, result: {
  "status": "ok",
  "message": "Seek executed",
  "position_seconds": 3.43283653259277
}
VitHeadlessService: command reply (truncated): {
  "status": "ok",
  "message": "Seek executed",
  "position_seconds": 3.43283653259277
}
ZmqGateway: received command payload: {"cmd":"seek","time":3.19402985074627}
ZmqGateway: dispatching payload to JUCE message thread.
VitHeadlessService: processing queued command on JUCE message thread: {"cmd":"seek","time":3.19402985074627}
Command received: {"cmd":"seek","time":3.19402985074627}
CommandDispatcher::handleSeek: position set to 3.1940s
Command executed: seek, result: {
  "status": "ok",
  "message": "Seek executed",
  "position_seconds": 3.19402985074627
}
VitHeadlessService: command reply (truncated): {
  "status": "ok",
  "message": "Seek executed",
  "position_seconds": 3.19402985074627
}
ZmqGateway: received command payload: {"cmd":"seek","time":3.19402985074627}
ZmqGateway: dispatching payload to JUCE message thread.
VitHeadlessService: processing queued command on JUCE message thread: {"cmd":"seek","time":3.19402985074627}
Command received: {"cmd":"seek","time":3.19402985074627}
CommandDispatcher::handleSeek: position set to 3.1940s
Command executed: seek, result: {
  "status": "ok",
  "message": "Seek executed",
  "position_seconds": 3.19402985074627
}
VitHeadlessService: command reply (truncated): {
  "status": "ok",
  "message": "Seek executed",
  "position_seconds": 3.19402985074627
}
ZmqGateway: received command payload: {"action":"play"}
ZmqGateway: dispatching payload to JUCE message thread.
VitHeadlessService: processing queued command on JUCE message thread: {"action":"play"}
Command received: {"action":"play"}
CommandDispatcher::handlePlay: before isPlaying=false isRecording=false playContextActive=true positionSeconds=3.194 editLengthSeconds=6.284
CommandDispatcher::handlePlay: after isPlaying=true isRecording=false playContextActive=true positionSeconds=3.194 editLengthSeconds=6.284
Command executed: play, result: {
  "status": "ok",
  "message": "Transport playing",
  "is_playing": true,
  "is_recording": false,
  "position_seconds": 3.194020833333334,
  "click_track_enabled": false
}
VitHeadlessService: command reply (truncated): {
  "status": "ok",
  "message": "Transport playing",
  "is_playing": true,
  "is_recording": false,
  "position_seconds": 3.194020833333334,
  "click_track_enabled": false
}
ZmqGateway: received command payload: {"action":"stop"}
ZmqGateway: dispatching payload to JUCE message thread.
VitHeadlessService: processing queued command on JUCE message thread: {"action":"stop"}
Command received: {"action":"stop"}
CommandDispatcher::handleStop: before isPlaying=true isRecording=false playContextActive=true positionSeconds=5.574 editLengthSeconds=6.284
CommandDispatcher::handleStop: after isPlaying=false isRecording=false playContextActive=true positionSeconds=5.574 editLengthSeconds=6.284
Command executed: stop, result: {
  "status": "ok",
  "message": "Transport stopped",
  "is_playing": false,
  "is_recording": false,
  "position_seconds": 5.574020833333333,
  "click_track_enabled": false
}
VitHeadlessService: command reply (truncated): {
  "status": "ok",
  "message": "Transport stopped",
  "is_playing": false,
  "is_recording": false,
  "position_seconds": 5.574020833333333,
  "click_track_enabled": false
}
ZmqGateway: received command payload: {"action":"play"}
ZmqGateway: dispatching payload to JUCE message thread.
VitHeadlessService: processing queued command on JUCE message thread: {"action":"play"}
Command received: {"action":"play"}
CommandDispatcher::handlePlay: before isPlaying=false isRecording=false playContextActive=true positionSeconds=5.574 editLengthSeconds=6.284
CommandDispatcher::handlePlay: after isPlaying=true isRecording=false playContextActive=true positionSeconds=5.574 editLengthSeconds=6.284
Command executed: play, result: {
  "status": "ok",
  "message": "Transport playing",
  "is_playing": true,
  "is_recording": false,
  "position_seconds": 5.574020833333333,
  "click_track_enabled": false
}
VitHeadlessService: command reply (truncated): {
  "status": "ok",
  "message": "Transport playing",
  "is_playing": true,
  "is_recording": false,
  "position_seconds": 5.574020833333333,
  "click_track_enabled": false
}
ZmqGateway: received command payload: {"action":"stop"}
ZmqGateway: dispatching payload to JUCE message thread.
VitHeadlessService: processing queued command on JUCE message thread: {"action":"stop"}
Command received: {"action":"stop"}
CommandDispatcher::handleStop: before isPlaying=true isRecording=false playContextActive=true positionSeconds=6.124 editLengthSeconds=6.284
CommandDispatcher::handleStop: after isPlaying=false isRecording=false playContextActive=true positionSeconds=6.124 editLengthSeconds=6.284
Command executed: stop, result: {
  "status": "ok",
  "message": "Transport stopped",
  "is_playing": false,
  "is_recording": false,
  "position_seconds": 6.124020833333334,
  "click_track_enabled": false
}
VitHeadlessService: command reply (truncated): {
  "status": "ok",
  "message": "Transport stopped",
  "is_playing": false,
  "is_recording": false,
  "position_seconds": 6.124020833333334,
  "click_track_enabled": false
}
ZmqGateway: received command payload: {"action":"return_to_zero"}
ZmqGateway: dispatching payload to JUCE message thread.
VitHeadlessService: processing queued command on JUCE message thread: {"action":"return_to_zero"}
Command received: {"action":"return_to_zero"}
CommandDispatcher::handleReturnToZero: before isPlaying=false isRecording=false playContextActive=true positionSeconds=6.134 editLengthSeconds=6.284
CommandDispatcher::handleReturnToZero: after isPlaying=false isRecording=false playContextActive=true positionSeconds=0.000 editLengthSeconds=6.284
Command executed: return_to_zero, result: {
  "status": "ok",
  "message": "Transport returned to zero",
  "is_playing": false,
  "is_recording": false,
  "position_seconds": 0.0,
  "click_track_enabled": false
}
VitHeadlessService: command reply (truncated): {
  "status": "ok",
  "message": "Transport returned to zero",
  "is_playing": false,
  "is_recording": false,
  "position_seconds": 0.0,
  "click_track_enabled": false
}
ZmqGateway: received command payload: {"action":"import_media_to_track","file_path":"D:/Vit_DAW/test_100hz_10s.wav","media_type":"audio","start_time":13.0279655456543,"track_id":"1007"}
ZmqGateway: dispatching payload to JUCE message thread.
VitHeadlessService: processing queued command on JUCE message thread: {"action":"import_media_to_track","file_path":"D:/Vit_DAW/test_100hz_10s.wav","media_type":"audio","start_time":13.0279655456543,"track_id":"1007"}
Command received: {"action":"import_media_to_track","file_path":"D:/Vit_DAW/test_100hz_10s.wav","media_type":"audio","start_time":13.0279655456543,"track_id":"1007"}
VitHeadlessService: project saved to D:\Vit_DAW\VitApp\Workspace\default_project.xml
CommandDispatcher::handleImportMediaToTrack: clipId="1013" clip="test_100hz_10s" trackId="1007" source="D:\Vit_DAW\test_100hz_10s.wav" lengthSec=10.000 isPlaying=false isRecording=false playContextActive=true positionSeconds=0.000 editLengthSeconds=23.028
Command executed: import_media_to_track, result: {
  "status": "success",
  "action": "import_media_to_track",
  "clip_id": "1013",
  "track_id": "1007",
  "start_time": 13.0279655456543,
  "resolved_start_time": 13.0279655456543,
  "length": 10.0,
  "applied_mode": "destructive",
  "clip_name": "test_100hz_10s",
  "file_path": "D:\\Vit_DAW\\test_100hz_10s.wav",
  "edit_length_seconds": 23.0279655456543,
  "baking_status": "baking_started"
}
VitHeadlessService: command reply (truncated): {
  "status": "success",
  "action": "import_media_to_track",
  "clip_id": "1013",
  "track_id": "1007",
  "start_time": 13.0279655456543,
  "resolved_start_time": 13.0279655456543,
  "length": 10.0,
  "applied_m
ZmqGateway: received command payload: {"cmd":"get_project_state"}
ZmqGateway: dispatching payload to JUCE message thread.
VitHeadlessService: processing queued command on JUCE message thread: {"cmd":"get_project_state"}
Command received: {"cmd":"get_project_state"}
Command executed: get_project_state, result: {
  "status": "ok",
  "project_path": "",
  "tracks": [
    {
      "track_id": "1002",
      "track_name": "Arranger",
      "track_type": "track",
      "is_audio_track": false,
      "is_audio": false,
      "plugins": [],
      "clips": []
    },
    {
      "track_id": "1003",
      "track_name": "Chord",
      "track_type": "track",
      "is_audio_track": false,
      "is_audio": false,
      "plugins": [],
      "clips": []
    },
    {
      "track_id": "1004",
      "track_name": "Marker",
      "track_type": "track",
      "is_audio_track": false,
      "is_audio": false,
      "plugins": [],
      "clips": []
    },
    {
      "track_id": "1005",
      "track_name": "Tempo",
      "track_type": "track",
      "is_audio_track": false,
      "is_audio": false,
      "plugins": [],
      "clips": []
    },
    {
      "track_id": "1006",
      "track_name": "Master",
      "track_type": "master",
      "is_audio_track": false,
      "is_audio": false,
      "plugins": [],
      "clips": []
    },
    {
      "track_id": "1007",
      "track_name": "Track 1",
      "track_type": "hybrid",
      "is_audio_track": true,
      "is_audio": true,
      "plugins": [
        {
          "id": "1008",
          "item_id": "1008",
          "name": "Volume & Pan Plugin",
          "type": "volume",
          "enabled": true
        },
        {
          "id": "1009",
          "item_id": "1009",
          "name": "Level Meter",
          "type": "level",
          "enabled": true
        }
      ],
      "clips": [
        {
          "id": "1011",
          "name": "test_target_3s",
          "clip_type": "wave",
          "start_seconds": 3.2835693359375,
          "end_seconds": 6.2835693359375,
          "length_seconds": 3.0,
          "file_path": "D:\\Vit_DAW\\test_target_3s.wav",
          "current_source_path": "D:\\Vit_DAW\\test_target_3s.wav",
          "playback_source_valid": true
        },
        {
          "id": "1013",
          "name": "test_100hz_10s",
          "clip_type": "wave",
          "start_seconds": 13.0279655456543,
          "end_seconds": 23.0279655456543,
          "length_seconds": 10.0,
          "file_path": "D:\\Vit_DAW\\test_100hz_10s.wav",
          "current_source_path": "D:\\Vit_DAW\\test_100hz_10s.wav",
          "playback_source_valid": true
        }
      ],
      "output_to_device_resolved": true,
      "output_device_enabled": true,
      "output_device_id": "out_b7a4b4c1",
      "output_routing_name": "(default audio output)"
    }
  ]
}
VitHeadlessService: command reply (truncated): {
  "status": "ok",
  "project_path": "",
  "tracks": [
    {
      "track_id": "1002",
      "track_name": "Arranger",
      "track_type": "track",
      "is_audio_track": false,
      "is_audio": false,
     
ZmqGateway: received command payload: {"cmd":"list_tracks"}
ZmqGateway: dispatching payload to JUCE message thread.
VitHeadlessService: processing queued command on JUCE message thread: {"cmd":"list_tracks"}
Command received: {"cmd":"list_tracks"}
Command executed: list_tracks, result: {
  "status": "ok",
  "message": "Track list fetched",
  "tracks": [
    {
      "track_id": "1002",
      "name": "Arranger",
      "track_type": "track",
      "is_audio": false,
      "is_audio_track": false,
      "vit_type": "",
      "vit_intent": "",
      "plugin_count": 0,
      "plugins": []
    },
    {
      "track_id": "1003",
      "name": "Chord",
      "track_type": "track",
      "is_audio": false,
      "is_audio_track": false,
      "vit_type": "",
      "vit_intent": "",
      "plugin_count": 0,
      "plugins": []
    },
    {
      "track_id": "1004",
      "name": "Marker",
      "track_type": "track",
      "is_audio": false,
      "is_audio_track": false,
      "vit_type": "",
      "vit_intent": "",
      "plugin_count": 0,
      "plugins": []
    },
    {
      "track_id": "1005",
      "name": "Tempo",
      "track_type": "track",
      "is_audio": false,
      "is_audio_track": false,
      "vit_type": "",
      "vit_intent": "",
      "plugin_count": 0,
      "plugins": []
    },
    {
      "track_id": "1006",
      "name": "Master",
      "track_type": "master",
      "is_audio": false,
      "is_audio_track": false,
      "vit_type": "",
      "vit_intent": "",
      "plugin_count": 0,
      "plugins": []
    },
    {
      "track_id": "1007",
      "name": "Track 1",
      "track_type": "hybrid",
      "is_audio": true,
      "is_audio_track": true,
      "vit_type": "",
      "vit_intent": "",
      "plugin_count": 2,
      "plugins": [
        {
          "name": "Volume & Pan Plugin",
          "type": "volume",
          "enabled": true
        },
        {
          "name": "Level Meter",
          "type": "level",
          "enabled": true
        }
      ]
    }
  ]
}
VitHeadlessService: command reply (truncated): {
  "status": "ok",
  "message": "Track list fetched",
  "tracks": [
    {
      "track_id": "1002",
      "name": "Arranger",
      "track_type": "track",
      "is_audio": false,
      "is_audio_track": false,
ZmqGateway: received command payload: {"cmd":"seek","time":12.997055437666}
ZmqGateway: dispatching payload to JUCE message thread.
VitHeadlessService: processing queued command on JUCE message thread: {"cmd":"seek","time":12.997055437666}
Command received: {"cmd":"seek","time":12.997055437666}
CommandDispatcher::handleSeek: position set to 12.9971s
Command executed: seek, result: {
  "status": "ok",
  "message": "Seek executed",
  "position_seconds": 12.997055437666001
}
VitHeadlessService: command reply (truncated): {
  "status": "ok",
  "message": "Seek executed",
  "position_seconds": 12.997055437666001
}
ZmqGateway: received command payload: {"action":"play"}
ZmqGateway: dispatching payload to JUCE message thread.
VitHeadlessService: processing queued command on JUCE message thread: {"action":"play"}
Command received: {"action":"play"}
CommandDispatcher::handlePlay: before isPlaying=false isRecording=false playContextActive=true positionSeconds=12.997 editLengthSeconds=23.028
CommandDispatcher::handlePlay: after isPlaying=true isRecording=false playContextActive=true positionSeconds=12.997 editLengthSeconds=23.028
Command executed: play, result: {
  "status": "ok",
  "message": "Transport playing",
  "is_playing": true,
  "is_recording": false,
  "position_seconds": 12.997055437666001,
  "click_track_enabled": false
}
VitHeadlessService: command reply (truncated): {
  "status": "ok",
  "message": "Transport playing",
  "is_playing": true,
  "is_recording": false,
  "position_seconds": 12.997055437666001,
  "click_track_enabled": false
}
ZmqGateway: received command payload: {"action":"stop"}
ZmqGateway: dispatching payload to JUCE message thread.
VitHeadlessService: processing queued command on JUCE message thread: {"action":"stop"}
Command received: {"action":"stop"}
CommandDispatcher::handleStop: before isPlaying=true isRecording=false playContextActive=true positionSeconds=14.497 editLengthSeconds=23.028
CommandDispatcher::handleStop: after isPlaying=false isRecording=false playContextActive=true positionSeconds=14.497 editLengthSeconds=23.028
Command executed: stop, result: {
  "status": "ok",
  "message": "Transport stopped",
  "is_playing": false,
  "is_recording": false,
  "position_seconds": 14.4970625,
  "click_track_enabled": false
}
VitHeadlessService: command reply (truncated): {
  "status": "ok",
  "message": "Transport stopped",
  "is_playing": false,
  "is_recording": false,
  "position_seconds": 14.4970625,
  "click_track_enabled": false
}
ZmqGateway: received command payload: {"cmd":"undo"}
ZmqGateway: dispatching payload to JUCE message thread.
VitHeadlessService: processing queued command on JUCE message thread: {"cmd":"undo"}
Command received: {"cmd":"undo"}
Command executed: undo, result: {
  "status": "ok",
  "message": "Undo executed"
}
VitHeadlessService: command reply (truncated): {
  "status": "ok",
  "message": "Undo executed"
}
ZmqGateway: received command payload: {"cmd":"get_project_state"}
ZmqGateway: dispatching payload to JUCE message thread.
VitHeadlessService: processing queued command on JUCE message thread: {"cmd":"get_project_state"}
Command received: {"cmd":"get_project_state"}
Command executed: get_project_state, result: {
  "status": "ok",
  "project_path": "",
  "tracks": [
    {
      "track_id": "1002",
      "track_name": "Arranger",
      "track_type": "track",
      "is_audio_track": false,
      "is_audio": false,
      "plugins": [],
      "clips": []
    },
    {
      "track_id": "1003",
      "track_name": "Chord",
      "track_type": "track",
      "is_audio_track": false,
      "is_audio": false,
      "plugins": [],
      "clips": []
    },
    {
      "track_id": "1004",
      "track_name": "Marker",
      "track_type": "track",
      "is_audio_track": false,
      "is_audio": false,
      "plugins": [],
      "clips": []
    },
    {
      "track_id": "1005",
      "track_name": "Tempo",
      "track_type": "track",
      "is_audio_track": false,
      "is_audio": false,
      "plugins": [],
      "clips": []
    },
    {
      "track_id": "1006",
      "track_name": "Master",
      "track_type": "master",
      "is_audio_track": false,
      "is_audio": false,
      "plugins": [],
      "clips": []
    },
    {
      "track_id": "1007",
      "track_name": "Track 1",
      "track_type": "hybrid",
      "is_audio_track": true,
      "is_audio": true,
      "plugins": [
        {
          "id": "1008",
          "item_id": "1008",
          "name": "Volume & Pan Plugin",
          "type": "volume",
          "enabled": true
        },
        {
          "id": "1009",
          "item_id": "1009",
          "name": "Level Meter",
          "type": "level",
          "enabled": true
        }
      ],
      "clips": [
        {
          "id": "1011",
          "name": "test_target_3s",
          "clip_type": "wave",
          "start_seconds": 3.2835693359375,
          "end_seconds": 6.2835693359375,
          "length_seconds": 3.0,
          "file_path": "D:\\Vit_DAW\\test_target_3s.wav",
          "current_source_path": "D:\\Vit_DAW\\test_target_3s.wav",
          "playback_source_valid": true
        }
      ],
      "output_to_device_resolved": true,
      "output_device_enabled": true,
      "output_device_id": "out_b7a4b4c1",
      "output_routing_name": "(default audio output)"
    }
  ]
}
VitHeadlessService: command reply (truncated): {
  "status": "ok",
  "project_path": "",
  "tracks": [
    {
      "track_id": "1002",
      "track_name": "Arranger",
      "track_type": "track",
      "is_audio_track": false,
      "is_audio": false,
     
ZmqGateway: received command payload: {"cmd":"list_tracks"}
ZmqGateway: dispatching payload to JUCE message thread.
VitHeadlessService: processing queued command on JUCE message thread: {"cmd":"list_tracks"}
Command received: {"cmd":"list_tracks"}
Command executed: list_tracks, result: {
  "status": "ok",
  "message": "Track list fetched",
  "tracks": [
    {
      "track_id": "1002",
      "name": "Arranger",
      "track_type": "track",
      "is_audio": false,
      "is_audio_track": false,
      "vit_type": "",
      "vit_intent": "",
      "plugin_count": 0,
      "plugins": []
    },
    {
      "track_id": "1003",
      "name": "Chord",
      "track_type": "track",
      "is_audio": false,
      "is_audio_track": false,
      "vit_type": "",
      "vit_intent": "",
      "plugin_count": 0,
      "plugins": []
    },
    {
      "track_id": "1004",
      "name": "Marker",
      "track_type": "track",
      "is_audio": false,
      "is_audio_track": false,
      "vit_type": "",
      "vit_intent": "",
      "plugin_count": 0,
      "plugins": []
    },
    {
      "track_id": "1005",
      "name": "Tempo",
      "track_type": "track",
      "is_audio": false,
      "is_audio_track": false,
      "vit_type": "",
      "vit_intent": "",
      "plugin_count": 0,
      "plugins": []
    },
    {
      "track_id": "1006",
      "name": "Master",
      "track_type": "master",
      "is_audio": false,
      "is_audio_track": false,
      "vit_type": "",
      "vit_intent": "",
      "plugin_count": 0,
      "plugins": []
    },
    {
      "track_id": "1007",
      "name": "Track 1",
      "track_type": "hybrid",
      "is_audio": true,
      "is_audio_track": true,
      "vit_type": "",
      "vit_intent": "",
      "plugin_count": 2,
      "plugins": [
        {
          "name": "Volume & Pan Plugin",
          "type": "volume",
          "enabled": true
        },
        {
          "name": "Level Meter",
          "type": "level",
          "enabled": true
        }
      ]
    }
  ]
}
VitHeadlessService: command reply (truncated): {
  "status": "ok",
  "message": "Track list fetched",
  "tracks": [
    {
      "track_id": "1002",
      "name": "Arranger",
      "track_type": "track",
      "is_audio": false,
      "is_audio_track": false,
ZmqGateway: received command payload: {"cmd":"redo"}
ZmqGateway: dispatching payload to JUCE message thread.
VitHeadlessService: processing queued command on JUCE message thread: {"cmd":"redo"}
Command received: {"cmd":"redo"}
Command executed: redo, result: {
  "status": "ok",
  "message": "Redo executed"
}
VitHeadlessService: command reply (truncated): {
  "status": "ok",
  "message": "Redo executed"
}
ZmqGateway: received command payload: {"cmd":"get_project_state"}
ZmqGateway: dispatching payload to JUCE message thread.
VitHeadlessService: processing queued command on JUCE message thread: {"cmd":"get_project_state"}
Command received: {"cmd":"get_project_state"}
Command executed: get_project_state, result: {
  "status": "ok",
  "project_path": "",
  "tracks": [
    {
      "track_id": "1002",
      "track_name": "Arranger",
      "track_type": "track",
      "is_audio_track": false,
      "is_audio": false,
      "plugins": [],
      "clips": []
    },
    {
      "track_id": "1003",
      "track_name": "Chord",
      "track_type": "track",
      "is_audio_track": false,
      "is_audio": false,
      "plugins": [],
      "clips": []
    },
    {
      "track_id": "1004",
      "track_name": "Marker",
      "track_type": "track",
      "is_audio_track": false,
      "is_audio": false,
      "plugins": [],
      "clips": []
    },
    {
      "track_id": "1005",
      "track_name": "Tempo",
      "track_type": "track",
      "is_audio_track": false,
      "is_audio": false,
      "plugins": [],
      "clips": []
    },
    {
      "track_id": "1006",
      "track_name": "Master",
      "track_type": "master",
      "is_audio_track": false,
      "is_audio": false,
      "plugins": [],
      "clips": []
    },
    {
      "track_id": "1007",
      "track_name": "Track 1",
      "track_type": "hybrid",
      "is_audio_track": true,
      "is_audio": true,
      "plugins": [
        {
          "id": "1008",
          "item_id": "1008",
          "name": "Volume & Pan Plugin",
          "type": "volume",
          "enabled": true
        },
        {
          "id": "1009",
          "item_id": "1009",
          "name": "Level Meter",
          "type": "level",
          "enabled": true
        }
      ],
      "clips": [
        {
          "id": "1011",
          "name": "test_target_3s",
          "clip_type": "wave",
          "start_seconds": 3.2835693359375,
          "end_seconds": 6.2835693359375,
          "length_seconds": 3.0,
          "file_path": "D:\\Vit_DAW\\test_target_3s.wav",
          "current_source_path": "D:\\Vit_DAW\\test_target_3s.wav",
          "playback_source_valid": true
        },
        {
          "id": "1013",
          "name": "test_100hz_10s",
          "clip_type": "wave",
          "start_seconds": 13.0279655456543,
          "end_seconds": 23.0279655456543,
          "length_seconds": 10.0,
          "file_path": "D:\\Vit_DAW\\test_100hz_10s.wav",
          "current_source_path": "D:\\Vit_DAW\\test_100hz_10s.wav",
          "playback_source_valid": true
        }
      ],
      "output_to_device_resolved": true,
      "output_device_enabled": true,
      "output_device_id": "out_b7a4b4c1",
      "output_routing_name": "(default audio output)"
    }
  ]
}
VitHeadlessService: command reply (truncated): {
  "status": "ok",
  "project_path": "",
  "tracks": [
    {
      "track_id": "1002",
      "track_name": "Arranger",
      "track_type": "track",
      "is_audio_track": false,
      "is_audio": false,
     
ZmqGateway: received command payload: {"clip_id":"1013","cmd":"warm_waveform_bake","track_id":"1007"}
ZmqGateway: dispatching payload to JUCE message thread.
VitHeadlessService: processing queued command on JUCE message thread: {"clip_id":"1013","cmd":"warm_waveform_bake","track_id":"1007"}
Command received: {"clip_id":"1013","cmd":"warm_waveform_bake","track_id":"1007"}
Command executed: warm_waveform_bake, result: {
  "status": "ok",
  "cmd": "warm_waveform_bake",
  "track_id": "1007",
  "clip_id": "1013",
  "file_path": "D:\\Vit_DAW\\test_100hz_10s.wav",
  "message": "Waveform bake started (no new clip inserted)"
}
VitHeadlessService: command reply (truncated): {
  "status": "ok",
  "cmd": "warm_waveform_bake",
  "track_id": "1007",
  "clip_id": "1013",
  "file_path": "D:\\Vit_DAW\\test_100hz_10s.wav",
  "message": "Waveform bake started (no new clip inserted)"
}
ZmqGateway: received command payload: {"cmd":"list_tracks"}
ZmqGateway: dispatching payload to JUCE message thread.
VitHeadlessService: processing queued command on JUCE message thread: {"cmd":"list_tracks"}
Command received: {"cmd":"list_tracks"}
Command executed: list_tracks, result: {
  "status": "ok",
  "message": "Track list fetched",
  "tracks": [
    {
      "track_id": "1002",
      "name": "Arranger",
      "track_type": "track",
      "is_audio": false,
      "is_audio_track": false,
      "vit_type": "",
      "vit_intent": "",
      "plugin_count": 0,
      "plugins": []
    },
    {
      "track_id": "1003",
      "name": "Chord",
      "track_type": "track",
      "is_audio": false,
      "is_audio_track": false,
      "vit_type": "",
      "vit_intent": "",
      "plugin_count": 0,
      "plugins": []
    },
    {
      "track_id": "1004",
      "name": "Marker",
      "track_type": "track",
      "is_audio": false,
      "is_audio_track": false,
      "vit_type": "",
      "vit_intent": "",
      "plugin_count": 0,
      "plugins": []
    },
    {
      "track_id": "1005",
      "name": "Tempo",
      "track_type": "track",
      "is_audio": false,
      "is_audio_track": false,
      "vit_type": "",
      "vit_intent": "",
      "plugin_count": 0,
      "plugins": []
    },
    {
      "track_id": "1006",
      "name": "Master",
      "track_type": "master",
      "is_audio": false,
      "is_audio_track": false,
      "vit_type": "",
      "vit_intent": "",
      "plugin_count": 0,
      "plugins": []
    },
    {
      "track_id": "1007",
      "name": "Track 1",
      "track_type": "hybrid",
      "is_audio": true,
      "is_audio_track": true,
      "vit_type": "",
      "vit_intent": "",
      "plugin_count": 2,
      "plugins": [
        {
          "name": "Volume & Pan Plugin",
          "type": "volume",
          "enabled": true
        },
        {
          "name": "Level Meter",
          "type": "level",
          "enabled": true
        }
      ]
    }
  ]
}
VitHeadlessService: command reply (truncated): {
  "status": "ok",
  "message": "Track list fetched",
  "tracks": [
    {
      "track_id": "1002",
      "name": "Arranger",
      "track_type": "track",
      "is_audio": false,
      "is_audio_track": false,
ZmqGateway: received command payload: {"action":"play"}
ZmqGateway: dispatching payload to JUCE message thread.
VitHeadlessService: processing queued command on JUCE message thread: {"action":"play"}
Command received: {"action":"play"}
CommandDispatcher::handlePlay: before isPlaying=false isRecording=false playContextActive=true positionSeconds=14.507 editLengthSeconds=23.028
CommandDispatcher::handlePlay: after isPlaying=true isRecording=false playContextActive=true positionSeconds=14.507 editLengthSeconds=23.028
Command executed: play, result: {
  "status": "ok",
  "message": "Transport playing",
  "is_playing": true,
  "is_recording": false,
  "position_seconds": 14.5070625,
  "click_track_enabled": false
}
VitHeadlessService: command reply (truncated): {
  "status": "ok",
  "message": "Transport playing",
  "is_playing": true,
  "is_recording": false,
  "position_seconds": 14.5070625,
  "click_track_enabled": false
}
ZmqGateway: received command payload: {"action":"stop"}
ZmqGateway: dispatching payload to JUCE message thread.
VitHeadlessService: processing queued command on JUCE message thread: {"action":"stop"}
Command received: {"action":"stop"}
CommandDispatcher::handleStop: before isPlaying=true isRecording=false playContextActive=true positionSeconds=14.927 editLengthSeconds=23.028
CommandDispatcher::handleStop: after isPlaying=false isRecording=false playContextActive=true positionSeconds=14.927 editLengthSeconds=23.028
Command executed: stop, result: {
  "status": "ok",
  "message": "Transport stopped",
  "is_playing": false,
  "is_recording": false,
  "position_seconds": 14.9270625,
  "click_track_enabled": false
}
VitHeadlessService: command reply (truncated): {
  "status": "ok",
  "message": "Transport stopped",
  "is_playing": false,
  "is_recording": false,
  "position_seconds": 14.9270625,
  "click_track_enabled": false
}
ZmqGateway: received command payload: {"action":"return_to_zero"}
ZmqGateway: dispatching payload to JUCE message thread.
VitHeadlessService: processing queued command on JUCE message thread: {"action":"return_to_zero"}
Command received: {"action":"return_to_zero"}
CommandDispatcher::handleReturnToZero: before isPlaying=false isRecording=false playContextActive=true positionSeconds=14.937 editLengthSeconds=23.028
CommandDispatcher::handleReturnToZero: after isPlaying=false isRecording=false playContextActive=true positionSeconds=0.000 editLengthSeconds=23.028
Command executed: return_to_zero, result: {
  "status": "ok",
  "message": "Transport returned to zero",
  "is_playing": false,
  "is_recording": false,
  "position_seconds": 0.0,
  "click_track_enabled": false
}
VitHeadlessService: command reply (truncated): {
  "status": "ok",
  "message": "Transport returned to zero",
  "is_playing": false,
  "is_recording": false,
  "position_seconds": 0.0,
  "click_track_enabled": false
}
ZmqGateway: received command payload: {"cmd":"undo"}
ZmqGateway: dispatching payload to JUCE message thread.
VitHeadlessService: processing queued command on JUCE message thread: {"cmd":"undo"}
Command received: {"cmd":"undo"}
Command executed: undo, result: {
  "status": "ok",
  "message": "Undo executed"
}
VitHeadlessService: command reply (truncated): {
  "status": "ok",
  "message": "Undo executed"
}
ZmqGateway: received command payload: {"cmd":"get_project_state"}
ZmqGateway: dispatching payload to JUCE message thread.
VitHeadlessService: processing queued command on JUCE message thread: {"cmd":"get_project_state"}
Command received: {"cmd":"get_project_state"}
Command executed: get_project_state, result: {
  "status": "ok",
  "project_path": "",
  "tracks": [
    {
      "track_id": "1002",
      "track_name": "Arranger",
      "track_type": "track",
      "is_audio_track": false,
      "is_audio": false,
      "plugins": [],
      "clips": []
    },
    {
      "track_id": "1003",
      "track_name": "Chord",
      "track_type": "track",
      "is_audio_track": false,
      "is_audio": false,
      "plugins": [],
      "clips": []
    },
    {
      "track_id": "1004",
      "track_name": "Marker",
      "track_type": "track",
      "is_audio_track": false,
      "is_audio": false,
      "plugins": [],
      "clips": []
    },
    {
      "track_id": "1005",
      "track_name": "Tempo",
      "track_type": "track",
      "is_audio_track": false,
      "is_audio": false,
      "plugins": [],
      "clips": []
    },
    {
      "track_id": "1006",
      "track_name": "Master",
      "track_type": "master",
      "is_audio_track": false,
      "is_audio": false,
      "plugins": [],
      "clips": []
    },
    {
      "track_id": "1007",
      "track_name": "Track 1",
      "track_type": "hybrid",
      "is_audio_track": true,
      "is_audio": true,
      "plugins": [
        {
          "id": "1008",
          "item_id": "1008",
          "name": "Volume & Pan Plugin",
          "type": "volume",
          "enabled": true
        },
        {
          "id": "1009",
          "item_id": "1009",
          "name": "Level Meter",
          "type": "level",
          "enabled": true
        }
      ],
      "clips": [
        {
          "id": "1011",
          "name": "test_target_3s",
          "clip_type": "wave",
          "start_seconds": 3.2835693359375,
          "end_seconds": 6.2835693359375,
          "length_seconds": 3.0,
          "file_path": "D:\\Vit_DAW\\test_target_3s.wav",
          "current_source_path": "D:\\Vit_DAW\\test_target_3s.wav",
          "playback_source_valid": true
        }
      ],
      "output_to_device_resolved": true,
      "output_device_enabled": true,
      "output_device_id": "out_b7a4b4c1",
      "output_routing_name": "(default audio output)"
    }
  ]
}
VitHeadlessService: command reply (truncated): {
  "status": "ok",
  "project_path": "",
  "tracks": [
    {
      "track_id": "1002",
      "track_name": "Arranger",
      "track_type": "track",
      "is_audio_track": false,
      "is_audio": false,
     
ZmqGateway: received command payload: {"cmd":"list_tracks"}
ZmqGateway: dispatching payload to JUCE message thread.
VitHeadlessService: processing queued command on JUCE message thread: {"cmd":"list_tracks"}
Command received: {"cmd":"list_tracks"}
Command executed: list_tracks, result: {
  "status": "ok",
  "message": "Track list fetched",
  "tracks": [
    {
      "track_id": "1002",
      "name": "Arranger",
      "track_type": "track",
      "is_audio": false,
      "is_audio_track": false,
      "vit_type": "",
      "vit_intent": "",
      "plugin_count": 0,
      "plugins": []
    },
    {
      "track_id": "1003",
      "name": "Chord",
      "track_type": "track",
      "is_audio": false,
      "is_audio_track": false,
      "vit_type": "",
      "vit_intent": "",
      "plugin_count": 0,
      "plugins": []
    },
    {
      "track_id": "1004",
      "name": "Marker",
      "track_type": "track",
      "is_audio": false,
      "is_audio_track": false,
      "vit_type": "",
      "vit_intent": "",
      "plugin_count": 0,
      "plugins": []
    },
    {
      "track_id": "1005",
      "name": "Tempo",
      "track_type": "track",
      "is_audio": false,
      "is_audio_track": false,
      "vit_type": "",
      "vit_intent": "",
      "plugin_count": 0,
      "plugins": []
    },
    {
      "track_id": "1006",
      "name": "Master",
      "track_type": "master",
      "is_audio": false,
      "is_audio_track": false,
      "vit_type": "",
      "vit_intent": "",
      "plugin_count": 0,
      "plugins": []
    },
    {
      "track_id": "1007",
      "name": "Track 1",
      "track_type": "hybrid",
      "is_audio": true,
      "is_audio_track": true,
      "vit_type": "",
      "vit_intent": "",
      "plugin_count": 2,
      "plugins": [
        {
          "name": "Volume & Pan Plugin",
          "type": "volume",
          "enabled": true
        },
        {
          "name": "Level Meter",
          "type": "level",
          "enabled": true
        }
      ]
    }
  ]
}
VitHeadlessService: command reply (truncated): {
  "status": "ok",
  "message": "Track list fetched",
  "tracks": [
    {
      "track_id": "1002",
      "name": "Arranger",
      "track_type": "track",
      "is_audio": false,
      "is_audio_track": false,
ZmqGateway: received command payload: {"cmd":"redo"}
ZmqGateway: dispatching payload to JUCE message thread.
VitHeadlessService: processing queued command on JUCE message thread: {"cmd":"redo"}
Command received: {"cmd":"redo"}
Command executed: redo, result: {
  "status": "ok",
  "message": "Redo executed"
}
VitHeadlessService: command reply (truncated): {
  "status": "ok",
  "message": "Redo executed"
}
ZmqGateway: received command payload: {"cmd":"get_project_state"}
ZmqGateway: dispatching payload to JUCE message thread.
VitHeadlessService: processing queued command on JUCE message thread: {"cmd":"get_project_state"}
Command received: {"cmd":"get_project_state"}
Command executed: get_project_state, result: {
  "status": "ok",
  "project_path": "",
  "tracks": [
    {
      "track_id": "1002",
      "track_name": "Arranger",
      "track_type": "track",
      "is_audio_track": false,
      "is_audio": false,
      "plugins": [],
      "clips": []
    },
    {
      "track_id": "1003",
      "track_name": "Chord",
      "track_type": "track",
      "is_audio_track": false,
      "is_audio": false,
      "plugins": [],
      "clips": []
    },
    {
      "track_id": "1004",
      "track_name": "Marker",
      "track_type": "track",
      "is_audio_track": false,
      "is_audio": false,
      "plugins": [],
      "clips": []
    },
    {
      "track_id": "1005",
      "track_name": "Tempo",
      "track_type": "track",
      "is_audio_track": false,
      "is_audio": false,
      "plugins": [],
      "clips": []
    },
    {
      "track_id": "1006",
      "track_name": "Master",
      "track_type": "master",
      "is_audio_track": false,
      "is_audio": false,
      "plugins": [],
      "clips": []
    },
    {
      "track_id": "1007",
      "track_name": "Track 1",
      "track_type": "hybrid",
      "is_audio_track": true,
      "is_audio": true,
      "plugins": [
        {
          "id": "1008",
          "item_id": "1008",
          "name": "Volume & Pan Plugin",
          "type": "volume",
          "enabled": true
        },
        {
          "id": "1009",
          "item_id": "1009",
          "name": "Level Meter",
          "type": "level",
          "enabled": true
        }
      ],
      "clips": [
        {
          "id": "1011",
          "name": "test_target_3s",
          "clip_type": "wave",
          "start_seconds": 3.2835693359375,
          "end_seconds": 6.2835693359375,
          "length_seconds": 3.0,
          "file_path": "D:\\Vit_DAW\\test_target_3s.wav",
          "current_source_path": "D:\\Vit_DAW\\test_target_3s.wav",
          "playback_source_valid": true
        },
        {
          "id": "1013",
          "name": "test_100hz_10s",
          "clip_type": "wave",
          "start_seconds": 13.0279655456543,
          "end_seconds": 23.0279655456543,
          "length_seconds": 10.0,
          "file_path": "D:\\Vit_DAW\\test_100hz_10s.wav",
          "current_source_path": "D:\\Vit_DAW\\test_100hz_10s.wav",
          "playback_source_valid": true
        }
      ],
      "output_to_device_resolved": true,
      "output_device_enabled": true,
      "output_device_id": "out_b7a4b4c1",
      "output_routing_name": "(default audio output)"
    }
  ]
}
VitHeadlessService: command reply (truncated): {
  "status": "ok",
  "project_path": "",
  "tracks": [
    {
      "track_id": "1002",
      "track_name": "Arranger",
      "track_type": "track",
      "is_audio_track": false,
      "is_audio": false,
     
ZmqGateway: received command payload: {"clip_id":"1013","cmd":"warm_waveform_bake","track_id":"1007"}
ZmqGateway: dispatching payload to JUCE message thread.
VitHeadlessService: processing queued command on JUCE message thread: {"clip_id":"1013","cmd":"warm_waveform_bake","track_id":"1007"}
Command received: {"clip_id":"1013","cmd":"warm_waveform_bake","track_id":"1007"}
Command executed: warm_waveform_bake, result: {
  "status": "ok",
  "cmd": "warm_waveform_bake",
  "track_id": "1007",
  "clip_id": "1013",
  "file_path": "D:\\Vit_DAW\\test_100hz_10s.wav",
  "message": "Waveform bake started (no new clip inserted)"
}
VitHeadlessService: command reply (truncated): {
  "status": "ok",
  "cmd": "warm_waveform_bake",
  "track_id": "1007",
  "clip_id": "1013",
  "file_path": "D:\\Vit_DAW\\test_100hz_10s.wav",
  "message": "Waveform bake started (no new clip inserted)"
}
ZmqGateway: received command payload: {"cmd":"list_tracks"}
ZmqGateway: dispatching payload to JUCE message thread.
VitHeadlessService: processing queued command on JUCE message thread: {"cmd":"list_tracks"}
Command received: {"cmd":"list_tracks"}
Command executed: list_tracks, result: {
  "status": "ok",
  "message": "Track list fetched",
  "tracks": [
    {
      "track_id": "1002",
      "name": "Arranger",
      "track_type": "track",
      "is_audio": false,
      "is_audio_track": false,
      "vit_type": "",
      "vit_intent": "",
      "plugin_count": 0,
      "plugins": []
    },
    {
      "track_id": "1003",
      "name": "Chord",
      "track_type": "track",
      "is_audio": false,
      "is_audio_track": false,
      "vit_type": "",
      "vit_intent": "",
      "plugin_count": 0,
      "plugins": []
    },
    {
      "track_id": "1004",
      "name": "Marker",
      "track_type": "track",
      "is_audio": false,
      "is_audio_track": false,
      "vit_type": "",
      "vit_intent": "",
      "plugin_count": 0,
      "plugins": []
    },
    {
      "track_id": "1005",
      "name": "Tempo",
      "track_type": "track",
      "is_audio": false,
      "is_audio_track": false,
      "vit_type": "",
      "vit_intent": "",
      "plugin_count": 0,
      "plugins": []
    },
    {
      "track_id": "1006",
      "name": "Master",
      "track_type": "master",
      "is_audio": false,
      "is_audio_track": false,
      "vit_type": "",
      "vit_intent": "",
      "plugin_count": 0,
      "plugins": []
    },
    {
      "track_id": "1007",
      "name": "Track 1",
      "track_type": "hybrid",
      "is_audio": true,
      "is_audio_track": true,
      "vit_type": "",
      "vit_intent": "",
      "plugin_count": 2,
      "plugins": [
        {
          "name": "Volume & Pan Plugin",
          "type": "volume",
          "enabled": true
        },
        {
          "name": "Level Meter",
          "type": "level",
          "enabled": true
        }
      ]
    }
  ]
}
VitHeadlessService: command reply (truncated): {
  "status": "ok",
  "message": "Track list fetched",
  "tracks": [
    {
      "track_id": "1002",
      "name": "Arranger",
      "track_type": "track",
      "is_audio": false,
      "is_audio_track": false,
ZmqGateway: received command payload: {"cmd":"undo"}
ZmqGateway: dispatching payload to JUCE message thread.
VitHeadlessService: processing queued command on JUCE message thread: {"cmd":"undo"}
Command received: {"cmd":"undo"}
Command executed: undo, result: {
  "status": "ok",
  "message": "Undo executed"
}
VitHeadlessService: command reply (truncated): {
  "status": "ok",
  "message": "Undo executed"
}
ZmqGateway: received command payload: {"cmd":"get_project_state"}
ZmqGateway: dispatching payload to JUCE message thread.
VitHeadlessService: processing queued command on JUCE message thread: {"cmd":"get_project_state"}
Command received: {"cmd":"get_project_state"}
Command executed: get_project_state, result: {
  "status": "ok",
  "project_path": "",
  "tracks": [
    {
      "track_id": "1002",
      "track_name": "Arranger",
      "track_type": "track",
      "is_audio_track": false,
      "is_audio": false,
      "plugins": [],
      "clips": []
    },
    {
      "track_id": "1003",
      "track_name": "Chord",
      "track_type": "track",
      "is_audio_track": false,
      "is_audio": false,
      "plugins": [],
      "clips": []
    },
    {
      "track_id": "1004",
      "track_name": "Marker",
      "track_type": "track",
      "is_audio_track": false,
      "is_audio": false,
      "plugins": [],
      "clips": []
    },
    {
      "track_id": "1005",
      "track_name": "Tempo",
      "track_type": "track",
      "is_audio_track": false,
      "is_audio": false,
      "plugins": [],
      "clips": []
    },
    {
      "track_id": "1006",
      "track_name": "Master",
      "track_type": "master",
      "is_audio_track": false,
      "is_audio": false,
      "plugins": [],
      "clips": []
    },
    {
      "track_id": "1007",
      "track_name": "Track 1",
      "track_type": "hybrid",
      "is_audio_track": true,
      "is_audio": true,
      "plugins": [
        {
          "id": "1008",
          "item_id": "1008",
          "name": "Volume & Pan Plugin",
          "type": "volume",
          "enabled": true
        },
        {
          "id": "1009",
          "item_id": "1009",
          "name": "Level Meter",
          "type": "level",
          "enabled": true
        }
      ],
      "clips": [
        {
          "id": "1011",
          "name": "test_target_3s",
          "clip_type": "wave",
          "start_seconds": 3.2835693359375,
          "end_seconds": 6.2835693359375,
          "length_seconds": 3.0,
          "file_path": "D:\\Vit_DAW\\test_target_3s.wav",
          "current_source_path": "D:\\Vit_DAW\\test_target_3s.wav",
          "playback_source_valid": true
        }
      ],
      "output_to_device_resolved": true,
      "output_device_enabled": true,
      "output_device_id": "out_b7a4b4c1",
      "output_routing_name": "(default audio output)"
    }
  ]
}
VitHeadlessService: command reply (truncated): {
  "status": "ok",
  "project_path": "",
  "tracks": [
    {
      "track_id": "1002",
      "track_name": "Arranger",
      "track_type": "track",
      "is_audio_track": false,
      "is_audio": false,
     
ZmqGateway: received command payload: {"cmd":"list_tracks"}
ZmqGateway: dispatching payload to JUCE message thread.
VitHeadlessService: processing queued command on JUCE message thread: {"cmd":"list_tracks"}
Command received: {"cmd":"list_tracks"}
Command executed: list_tracks, result: {
  "status": "ok",
  "message": "Track list fetched",
  "tracks": [
    {
      "track_id": "1002",
      "name": "Arranger",
      "track_type": "track",
      "is_audio": false,
      "is_audio_track": false,
      "vit_type": "",
      "vit_intent": "",
      "plugin_count": 0,
      "plugins": []
    },
    {
      "track_id": "1003",
      "name": "Chord",
      "track_type": "track",
      "is_audio": false,
      "is_audio_track": false,
      "vit_type": "",
      "vit_intent": "",
      "plugin_count": 0,
      "plugins": []
    },
    {
      "track_id": "1004",
      "name": "Marker",
      "track_type": "track",
      "is_audio": false,
      "is_audio_track": false,
      "vit_type": "",
      "vit_intent": "",
      "plugin_count": 0,
      "plugins": []
    },
    {
      "track_id": "1005",
      "name": "Tempo",
      "track_type": "track",
      "is_audio": false,
      "is_audio_track": false,
      "vit_type": "",
      "vit_intent": "",
      "plugin_count": 0,
      "plugins": []
    },
    {
      "track_id": "1006",
      "name": "Master",
      "track_type": "master",
      "is_audio": false,
      "is_audio_track": false,
      "vit_type": "",
      "vit_intent": "",
      "plugin_count": 0,
      "plugins": []
    },
    {
      "track_id": "1007",
      "name": "Track 1",
      "track_type": "hybrid",
      "is_audio": true,
      "is_audio_track": true,
      "vit_type": "",
      "vit_intent": "",
      "plugin_count": 2,
      "plugins": [
        {
          "name": "Volume & Pan Plugin",
          "type": "volume",
          "enabled": true
        },
        {
          "name": "Level Meter",
          "type": "level",
          "enabled": true
        }
      ]
    }
  ]
}
VitHeadlessService: command reply (truncated): {
  "status": "ok",
  "message": "Track list fetched",
  "tracks": [
    {
      "track_id": "1002",
      "name": "Arranger",
      "track_type": "track",
      "is_audio": false,
      "is_audio_track": false,
ZmqGateway: received command payload: {"action":"import_media_to_track","file_path":"D:/Vit_DAW/test_100hz_10s.wav","media_type":"audio","start_time":10.9082145690918,"track_id":"1007"}
ZmqGateway: dispatching payload to JUCE message thread.
VitHeadlessService: processing queued command on JUCE message thread: {"action":"import_media_to_track","file_path":"D:/Vit_DAW/test_100hz_10s.wav","media_type":"audio","start_time":10.9082145690918,"track_id":"1007"}
Command received: {"action":"import_media_to_track","file_path":"D:/Vit_DAW/test_100hz_10s.wav","media_type":"audio","start_time":10.9082145690918,"track_id":"1007"}
VitHeadlessService: project saved to D:\Vit_DAW\VitApp\Workspace\default_project.xml
CommandDispatcher::handleImportMediaToTrack: clipId="1015" clip="test_100hz_10s" trackId="1007" source="D:\Vit_DAW\test_100hz_10s.wav" lengthSec=10.000 isPlaying=false isRecording=false playContextActive=true positionSeconds=0.000 editLengthSeconds=20.908
Command executed: import_media_to_track, result: {
  "status": "success",
  "action": "import_media_to_track",
  "clip_id": "1015",
  "track_id": "1007",
  "start_time": 10.9082145690918,
  "resolved_start_time": 10.9082145690918,
  "length": 10.0,
  "applied_mode": "destructive",
  "clip_name": "test_100hz_10s",
  "file_path": "D:\\Vit_DAW\\test_100hz_10s.wav",
  "edit_length_seconds": 20.9082145690918,
  "baking_status": "baking_started"
}
VitHeadlessService: command reply (truncated): {
  "status": "success",
  "action": "import_media_to_track",
  "clip_id": "1015",
  "track_id": "1007",
  "start_time": 10.9082145690918,
  "resolved_start_time": 10.9082145690918,
  "length": 10.0,
  "applied_m
ZmqGateway: received command payload: {"cmd":"get_project_state"}
ZmqGateway: dispatching payload to JUCE message thread.
VitHeadlessService: processing queued command on JUCE message thread: {"cmd":"get_project_state"}
Command received: {"cmd":"get_project_state"}
Command executed: get_project_state, result: {
  "status": "ok",
  "project_path": "",
  "tracks": [
    {
      "track_id": "1002",
      "track_name": "Arranger",
      "track_type": "track",
      "is_audio_track": false,
      "is_audio": false,
      "plugins": [],
      "clips": []
    },
    {
      "track_id": "1003",
      "track_name": "Chord",
      "track_type": "track",
      "is_audio_track": false,
      "is_audio": false,
      "plugins": [],
      "clips": []
    },
    {
      "track_id": "1004",
      "track_name": "Marker",
      "track_type": "track",
      "is_audio_track": false,
      "is_audio": false,
      "plugins": [],
      "clips": []
    },
    {
      "track_id": "1005",
      "track_name": "Tempo",
      "track_type": "track",
      "is_audio_track": false,
      "is_audio": false,
      "plugins": [],
      "clips": []
    },
    {
      "track_id": "1006",
      "track_name": "Master",
      "track_type": "master",
      "is_audio_track": false,
      "is_audio": false,
      "plugins": [],
      "clips": []
    },
    {
      "track_id": "1007",
      "track_name": "Track 1",
      "track_type": "hybrid",
      "is_audio_track": true,
      "is_audio": true,
      "plugins": [
        {
          "id": "1008",
          "item_id": "1008",
          "name": "Volume & Pan Plugin",
          "type": "volume",
          "enabled": true
        },
        {
          "id": "1009",
          "item_id": "1009",
          "name": "Level Meter",
          "type": "level",
          "enabled": true
        }
      ],
      "clips": [
        {
          "id": "1011",
          "name": "test_target_3s",
          "clip_type": "wave",
          "start_seconds": 3.2835693359375,
          "end_seconds": 6.2835693359375,
          "length_seconds": 3.0,
          "file_path": "D:\\Vit_DAW\\test_target_3s.wav",
          "current_source_path": "D:\\Vit_DAW\\test_target_3s.wav",
          "playback_source_valid": true
        },
        {
          "id": "1015",
          "name": "test_100hz_10s",
          "clip_type": "wave",
          "start_seconds": 10.9082145690918,
          "end_seconds": 20.9082145690918,
          "length_seconds": 10.0,
          "file_path": "D:\\Vit_DAW\\test_100hz_10s.wav",
          "current_source_path": "D:\\Vit_DAW\\test_100hz_10s.wav",
          "playback_source_valid": true
        }
      ],
      "output_to_device_resolved": true,
      "output_device_enabled": true,
      "output_device_id": "out_b7a4b4c1",
      "output_routing_name": "(default audio output)"
    }
  ]
}
VitHeadlessService: command reply (truncated): {
  "status": "ok",
  "project_path": "",
  "tracks": [
    {
      "track_id": "1002",
      "track_name": "Arranger",
      "track_type": "track",
      "is_audio_track": false,
      "is_audio": false,
     
ZmqGateway: received command payload: {"cmd":"list_tracks"}
ZmqGateway: dispatching payload to JUCE message thread.
VitHeadlessService: processing queued command on JUCE message thread: {"cmd":"list_tracks"}
Command received: {"cmd":"list_tracks"}
Command executed: list_tracks, result: {
  "status": "ok",
  "message": "Track list fetched",
  "tracks": [
    {
      "track_id": "1002",
      "name": "Arranger",
      "track_type": "track",
      "is_audio": false,
      "is_audio_track": false,
      "vit_type": "",
      "vit_intent": "",
      "plugin_count": 0,
      "plugins": []
    },
    {
      "track_id": "1003",
      "name": "Chord",
      "track_type": "track",
      "is_audio": false,
      "is_audio_track": false,
      "vit_type": "",
      "vit_intent": "",
      "plugin_count": 0,
      "plugins": []
    },
    {
      "track_id": "1004",
      "name": "Marker",
      "track_type": "track",
      "is_audio": false,
      "is_audio_track": false,
      "vit_type": "",
      "vit_intent": "",
      "plugin_count": 0,
      "plugins": []
    },
    {
      "track_id": "1005",
      "name": "Tempo",
      "track_type": "track",
      "is_audio": false,
      "is_audio_track": false,
      "vit_type": "",
      "vit_intent": "",
      "plugin_count": 0,
      "plugins": []
    },
    {
      "track_id": "1006",
      "name": "Master",
      "track_type": "master",
      "is_audio": false,
      "is_audio_track": false,
      "vit_type": "",
      "vit_intent": "",
      "plugin_count": 0,
      "plugins": []
    },
    {
      "track_id": "1007",
      "name": "Track 1",
      "track_type": "hybrid",
      "is_audio": true,
      "is_audio_track": true,
      "vit_type": "",
      "vit_intent": "",
      "plugin_count": 2,
      "plugins": [
        {
          "name": "Volume & Pan Plugin",
          "type": "volume",
          "enabled": true
        },
        {
          "name": "Level Meter",
          "type": "level",
          "enabled": true
        }
      ]
    }
  ]
}
VitHeadlessService: command reply (truncated): {
  "status": "ok",
  "message": "Track list fetched",
  "tracks": [
    {
      "track_id": "1002",
      "name": "Arranger",
      "track_type": "track",
      "is_audio": false,
      "is_audio_track": false,
ZmqGateway: received command payload: {"cmd":"get_recent_projects"}
ZmqGateway: dispatching payload to JUCE message thread.
VitHeadlessService: processing queued command on JUCE message thread: {"cmd":"get_recent_projects"}
Command received: {"cmd":"get_recent_projects"}
Command executed: get_recent_projects, result: {
  "status": "ok",
  "recent_projects": [
    "D:\\Godot\\project\\vit-daw-frontend\\4.4.3.vit",
    "D:\\Godot\\project\\vit-daw-frontend\\4.4.2.vit",
    "D:\\Godot\\project\\vit-daw-frontend\\4.4.1.vit",
    "D:\\Godot\\project\\vit-daw-frontend\\4.4.vit",
    "D:\\4.1.tracktionedit"
  ]
}
VitHeadlessService: command reply (truncated): {
  "status": "ok",
  "recent_projects": [
    "D:\\Godot\\project\\vit-daw-frontend\\4.4.3.vit",
    "D:\\Godot\\project\\vit-daw-frontend\\4.4.2.vit",
    "D:\\Godot\\project\\vit-daw-frontend\\4.4.1.vit",
    "D
ZmqGateway: received command payload: {"cmd":"new_project"}
ZmqGateway: dispatching payload to JUCE message thread.
VitHeadlessService: processing queued command on JUCE message thread: {"cmd":"new_project"}
Command received: {"cmd":"new_project"}
VitEngineDevice: audio IO ready for playback graph: "扬声器 (USB AUDIO  CODEC)" 48000.00 Hz, block 480 samples
Command executed: new_project, result: {
  "status": "ok",
  "message": "Blank project created"
}
VitHeadlessService: command reply (truncated): {
  "status": "ok",
  "message": "Blank project created"
}
ZmqGateway: received command payload: {"cmd":"ping"}
ZmqGateway: dispatching payload to JUCE message thread.
VitHeadlessService: processing queued command on JUCE message thread: {"cmd":"ping"}
Command received: {"cmd":"ping"}
CommandDispatcher: handled ping command.
Command executed: ping, result: {
  "status": "ok",
  "message": "pong"
}
VitHeadlessService: command reply (truncated): {
  "status": "ok",
  "message": "pong"
}
ZmqGateway: received command payload: {"cmd":"get_project_state"}
ZmqGateway: dispatching payload to JUCE message thread.
VitHeadlessService: processing queued command on JUCE message thread: {"cmd":"get_project_state"}
Command received: {"cmd":"get_project_state"}
Command executed: get_project_state, result: {
  "status": "ok",
  "project_path": "",
  "tracks": [
    {
      "track_id": "1002",
      "track_name": "Arranger",
      "track_type": "track",
      "is_audio_track": false,
      "is_audio": false,
      "plugins": [],
      "clips": []
    },
    {
      "track_id": "1003",
      "track_name": "Chord",
      "track_type": "track",
      "is_audio_track": false,
      "is_audio": false,
      "plugins": [],
      "clips": []
    },
    {
      "track_id": "1004",
      "track_name": "Marker",
      "track_type": "track",
      "is_audio_track": false,
      "is_audio": false,
      "plugins": [],
      "clips": []
    },
    {
      "track_id": "1005",
      "track_name": "Tempo",
      "track_type": "track",
      "is_audio_track": false,
      "is_audio": false,
      "plugins": [],
      "clips": []
    },
    {
      "track_id": "1006",
      "track_name": "Master",
      "track_type": "master",
      "is_audio_track": false,
      "is_audio": false,
      "plugins": [],
      "clips": []
    }
  ]
}
VitHeadlessService: command reply (truncated): {
  "status": "ok",
  "project_path": "",
  "tracks": [
    {
      "track_id": "1002",
      "track_name": "Arranger",
      "track_type": "track",
      "is_audio_track": false,
      "is_audio": false,
     
ZmqGateway: received command payload: {"cmd":"list_tracks"}
ZmqGateway: dispatching payload to JUCE message thread.
VitHeadlessService: processing queued command on JUCE message thread: {"cmd":"list_tracks"}
Command received: {"cmd":"list_tracks"}
Command executed: list_tracks, result: {
  "status": "ok",
  "message": "Track list fetched",
  "tracks": [
    {
      "track_id": "1002",
      "name": "Arranger",
      "track_type": "track",
      "is_audio": false,
      "is_audio_track": false,
      "vit_type": "",
      "vit_intent": "",
      "plugin_count": 0,
      "plugins": []
    },
    {
      "track_id": "1003",
      "name": "Chord",
      "track_type": "track",
      "is_audio": false,
      "is_audio_track": false,
      "vit_type": "",
      "vit_intent": "",
      "plugin_count": 0,
      "plugins": []
    },
    {
      "track_id": "1004",
      "name": "Marker",
      "track_type": "track",
      "is_audio": false,
      "is_audio_track": false,
      "vit_type": "",
      "vit_intent": "",
      "plugin_count": 0,
      "plugins": []
    },
    {
      "track_id": "1005",
      "name": "Tempo",
      "track_type": "track",
      "is_audio": false,
      "is_audio_track": false,
      "vit_type": "",
      "vit_intent": "",
      "plugin_count": 0,
      "plugins": []
    },
    {
      "track_id": "1006",
      "name": "Master",
      "track_type": "master",
      "is_audio": false,
      "is_audio_track": false,
      "vit_type": "",
      "vit_intent": "",
      "plugin_count": 0,
      "plugins": []
    }
  ]
}
VitHeadlessService: command reply (truncated): {
  "status": "ok",
  "message": "Track list fetched",
  "tracks": [
    {
      "track_id": "1002",
      "name": "Arranger",
      "track_type": "track",
      "is_audio": false,
      "is_audio_track": false,
ZmqGateway: received command payload: {"cmd":"list_tracks"}
ZmqGateway: dispatching payload to JUCE message thread.
VitHeadlessService: processing queued command on JUCE message thread: {"cmd":"list_tracks"}
Command received: {"cmd":"list_tracks"}
Command executed: list_tracks, result: {
  "status": "ok",
  "message": "Track list fetched",
  "tracks": [
    {
      "track_id": "1002",
      "name": "Arranger",
      "track_type": "track",
      "is_audio": false,
      "is_audio_track": false,
      "vit_type": "",
      "vit_intent": "",
      "plugin_count": 0,
      "plugins": []
    },
    {
      "track_id": "1003",
      "name": "Chord",
      "track_type": "track",
      "is_audio": false,
      "is_audio_track": false,
      "vit_type": "",
      "vit_intent": "",
      "plugin_count": 0,
      "plugins": []
    },
    {
      "track_id": "1004",
      "name": "Marker",
      "track_type": "track",
      "is_audio": false,
      "is_audio_track": false,
      "vit_type": "",
      "vit_intent": "",
      "plugin_count": 0,
      "plugins": []
    },
    {
      "track_id": "1005",
      "name": "Tempo",
      "track_type": "track",
      "is_audio": false,
      "is_audio_track": false,
      "vit_type": "",
      "vit_intent": "",
      "plugin_count": 0,
      "plugins": []
    },
    {
      "track_id": "1006",
      "name": "Master",
      "track_type": "master",
      "is_audio": false,
      "is_audio_track": false,
      "vit_type": "",
      "vit_intent": "",
      "plugin_count": 0,
      "plugins": []
    }
  ]
}
VitHeadlessService: command reply (truncated): {
  "status": "ok",
  "message": "Track list fetched",
  "tracks": [
    {
      "track_id": "1002",
      "name": "Arranger",
      "track_type": "track",
      "is_audio": false,
      "is_audio_track": false,
ZmqGateway: received command payload: {"cmd":"add_track","type":"hybrid"}
ZmqGateway: dispatching payload to JUCE message thread.
VitHeadlessService: processing queued command on JUCE message thread: {"cmd":"add_track","type":"hybrid"}
Command received: {"cmd":"add_track","type":"hybrid"}
VitHeadlessService: project saved to D:\Vit_DAW\VitApp\Workspace\default_project.xml
Command executed: add_track, result: {
  "status": "ok",
  "message": "Track added",
  "track_id": "1007",
  "track_name": "Track 1"
}
VitHeadlessService: command reply (truncated): {
  "status": "ok",
  "message": "Track added",
  "track_id": "1007",
  "track_name": "Track 1"
}
ZmqGateway: received command payload: {"cmd":"list_tracks"}
ZmqGateway: dispatching payload to JUCE message thread.
VitHeadlessService: processing queued command on JUCE message thread: {"cmd":"list_tracks"}
Command received: {"cmd":"list_tracks"}
Command executed: list_tracks, result: {
  "status": "ok",
  "message": "Track list fetched",
  "tracks": [
    {
      "track_id": "1002",
      "name": "Arranger",
      "track_type": "track",
      "is_audio": false,
      "is_audio_track": false,
      "vit_type": "",
      "vit_intent": "",
      "plugin_count": 0,
      "plugins": []
    },
    {
      "track_id": "1003",
      "name": "Chord",
      "track_type": "track",
      "is_audio": false,
      "is_audio_track": false,
      "vit_type": "",
      "vit_intent": "",
      "plugin_count": 0,
      "plugins": []
    },
    {
      "track_id": "1004",
      "name": "Marker",
      "track_type": "track",
      "is_audio": false,
      "is_audio_track": false,
      "vit_type": "",
      "vit_intent": "",
      "plugin_count": 0,
      "plugins": []
    },
    {
      "track_id": "1005",
      "name": "Tempo",
      "track_type": "track",
      "is_audio": false,
      "is_audio_track": false,
      "vit_type": "",
      "vit_intent": "",
      "plugin_count": 0,
      "plugins": []
    },
    {
      "track_id": "1006",
      "name": "Master",
      "track_type": "master",
      "is_audio": false,
      "is_audio_track": false,
      "vit_type": "",
      "vit_intent": "",
      "plugin_count": 0,
      "plugins": []
    },
    {
      "track_id": "1007",
      "name": "Track 1",
      "track_type": "hybrid",
      "is_audio": true,
      "is_audio_track": true,
      "vit_type": "",
      "vit_intent": "",
      "plugin_count": 2,
      "plugins": [
        {
          "name": "Volume & Pan Plugin",
          "type": "volume",
          "enabled": true
        },
        {
          "name": "Level Meter",
          "type": "level",
          "enabled": true
        }
      ]
    }
  ]
}
VitHeadlessService: command reply (truncated): {
  "status": "ok",
  "message": "Track list fetched",
  "tracks": [
    {
      "track_id": "1002",
      "name": "Arranger",
      "track_type": "track",
      "is_audio": false,
      "is_audio_track": false,
ZmqGateway: received command payload: {"cmd":"get_project_state"}
ZmqGateway: dispatching payload to JUCE message thread.
VitHeadlessService: processing queued command on JUCE message thread: {"cmd":"get_project_state"}
Command received: {"cmd":"get_project_state"}
Command executed: get_project_state, result: {
  "status": "ok",
  "project_path": "",
  "tracks": [
    {
      "track_id": "1002",
      "track_name": "Arranger",
      "track_type": "track",
      "is_audio_track": false,
      "is_audio": false,
      "plugins": [],
      "clips": []
    },
    {
      "track_id": "1003",
      "track_name": "Chord",
      "track_type": "track",
      "is_audio_track": false,
      "is_audio": false,
      "plugins": [],
      "clips": []
    },
    {
      "track_id": "1004",
      "track_name": "Marker",
      "track_type": "track",
      "is_audio_track": false,
      "is_audio": false,
      "plugins": [],
      "clips": []
    },
    {
      "track_id": "1005",
      "track_name": "Tempo",
      "track_type": "track",
      "is_audio_track": false,
      "is_audio": false,
      "plugins": [],
      "clips": []
    },
    {
      "track_id": "1006",
      "track_name": "Master",
      "track_type": "master",
      "is_audio_track": false,
      "is_audio": false,
      "plugins": [],
      "clips": []
    },
    {
      "track_id": "1007",
      "track_name": "Track 1",
      "track_type": "hybrid",
      "is_audio_track": true,
      "is_audio": true,
      "plugins": [
        {
          "id": "1008",
          "item_id": "1008",
          "name": "Volume & Pan Plugin",
          "type": "volume",
          "enabled": true
        },
        {
          "id": "1009",
          "item_id": "1009",
          "name": "Level Meter",
          "type": "level",
          "enabled": true
        }
      ],
      "clips": [],
      "output_to_device_resolved": true,
      "output_device_enabled": true,
      "output_device_id": "out_b7a4b4c1",
      "output_routing_name": "(default audio output)"
    }
  ]
}
VitHeadlessService: command reply (truncated): {
  "status": "ok",
  "project_path": "",
  "tracks": [
    {
      "track_id": "1002",
      "track_name": "Arranger",
      "track_type": "track",
      "is_audio_track": false,
      "is_audio": false,
     
ZmqGateway: received command payload: {"cmd":"list_tracks"}
ZmqGateway: dispatching payload to JUCE message thread.
VitHeadlessService: processing queued command on JUCE message thread: {"cmd":"list_tracks"}
Command received: {"cmd":"list_tracks"}
Command executed: list_tracks, result: {
  "status": "ok",
  "message": "Track list fetched",
  "tracks": [
    {
      "track_id": "1002",
      "name": "Arranger",
      "track_type": "track",
      "is_audio": false,
      "is_audio_track": false,
      "vit_type": "",
      "vit_intent": "",
      "plugin_count": 0,
      "plugins": []
    },
    {
      "track_id": "1003",
      "name": "Chord",
      "track_type": "track",
      "is_audio": false,
      "is_audio_track": false,
      "vit_type": "",
      "vit_intent": "",
      "plugin_count": 0,
      "plugins": []
    },
    {
      "track_id": "1004",
      "name": "Marker",
      "track_type": "track",
      "is_audio": false,
      "is_audio_track": false,
      "vit_type": "",
      "vit_intent": "",
      "plugin_count": 0,
      "plugins": []
    },
    {
      "track_id": "1005",
      "name": "Tempo",
      "track_type": "track",
      "is_audio": false,
      "is_audio_track": false,
      "vit_type": "",
      "vit_intent": "",
      "plugin_count": 0,
      "plugins": []
    },
    {
      "track_id": "1006",
      "name": "Master",
      "track_type": "master",
      "is_audio": false,
      "is_audio_track": false,
      "vit_type": "",
      "vit_intent": "",
      "plugin_count": 0,
      "plugins": []
    },
    {
      "track_id": "1007",
      "name": "Track 1",
      "track_type": "hybrid",
      "is_audio": true,
      "is_audio_track": true,
      "vit_type": "",
      "vit_intent": "",
      "plugin_count": 2,
      "plugins": [
        {
          "name": "Volume & Pan Plugin",
          "type": "volume",
          "enabled": true
        },
        {
          "name": "Level Meter",
          "type": "level",
          "enabled": true
        }
      ]
    }
  ]
}
VitHeadlessService: command reply (truncated): {
  "status": "ok",
  "message": "Track list fetched",
  "tracks": [
    {
      "track_id": "1002",
      "name": "Arranger",
      "track_type": "track",
      "is_audio": false,
      "is_audio_track": false,
ZmqGateway: received command payload: {"action":"import_media_to_track","file_path":"D:/Vit_DAW/test_100hz_10s.wav","media_type":"audio","start_time":0.0,"track_id":"1007"}
ZmqGateway: dispatching payload to JUCE message thread.
VitHeadlessService: processing queued command on JUCE message thread: {"action":"import_media_to_track","file_path":"D:/Vit_DAW/test_100hz_10s.wav","media_type":"audio","start_time":0.0,"track_id":"1007"}
Command received: {"action":"import_media_to_track","file_path":"D:/Vit_DAW/test_100hz_10s.wav","media_type":"audio","start_time":0.0,"track_id":"1007"}
VitHeadlessService: project saved to D:\Vit_DAW\VitApp\Workspace\default_project.xml
CommandDispatcher::handleImportMediaToTrack: clipId="1011" clip="test_100hz_10s" trackId="1007" source="D:\Vit_DAW\test_100hz_10s.wav" lengthSec=10.000 isPlaying=false isRecording=false playContextActive=true positionSeconds=0.000 editLengthSeconds=10.000
Command executed: import_media_to_track, result: {
  "status": "success",
  "action": "import_media_to_track",
  "clip_id": "1011",
  "track_id": "1007",
  "start_time": 0.0,
  "resolved_start_time": 0.0,
  "length": 10.0,
  "applied_mode": "destructive",
  "clip_name": "test_100hz_10s",
  "file_path": "D:\\Vit_DAW\\test_100hz_10s.wav",
  "edit_length_seconds": 10.0,
  "baking_status": "baking_started"
}
VitHeadlessService: command reply (truncated): {
  "status": "success",
  "action": "import_media_to_track",
  "clip_id": "1011",
  "track_id": "1007",
  "start_time": 0.0,
  "resolved_start_time": 0.0,
  "length": 10.0,
  "applied_mode": "destructive",
  "c
ZmqGateway: received command payload: {"cmd":"get_project_state"}
ZmqGateway: dispatching payload to JUCE message thread.
VitHeadlessService: processing queued command on JUCE message thread: {"cmd":"get_project_state"}
Command received: {"cmd":"get_project_state"}
Command executed: get_project_state, result: {
  "status": "ok",
  "project_path": "",
  "tracks": [
    {
      "track_id": "1002",
      "track_name": "Arranger",
      "track_type": "track",
      "is_audio_track": false,
      "is_audio": false,
      "plugins": [],
      "clips": []
    },
    {
      "track_id": "1003",
      "track_name": "Chord",
      "track_type": "track",
      "is_audio_track": false,
      "is_audio": false,
      "plugins": [],
      "clips": []
    },
    {
      "track_id": "1004",
      "track_name": "Marker",
      "track_type": "track",
      "is_audio_track": false,
      "is_audio": false,
      "plugins": [],
      "clips": []
    },
    {
      "track_id": "1005",
      "track_name": "Tempo",
      "track_type": "track",
      "is_audio_track": false,
      "is_audio": false,
      "plugins": [],
      "clips": []
    },
    {
      "track_id": "1006",
      "track_name": "Master",
      "track_type": "master",
      "is_audio_track": false,
      "is_audio": false,
      "plugins": [],
      "clips": []
    },
    {
      "track_id": "1007",
      "track_name": "Track 1",
      "track_type": "hybrid",
      "is_audio_track": true,
      "is_audio": true,
      "plugins": [
        {
          "id": "1008",
          "item_id": "1008",
          "name": "Volume & Pan Plugin",
          "type": "volume",
          "enabled": true
        },
        {
          "id": "1009",
          "item_id": "1009",
          "name": "Level Meter",
          "type": "level",
          "enabled": true
        }
      ],
      "clips": [
        {
          "id": "1011",
          "name": "test_100hz_10s",
          "clip_type": "wave",
          "start_seconds": 0.0,
          "end_seconds": 10.0,
          "length_seconds": 10.0,
          "file_path": "D:\\Vit_DAW\\test_100hz_10s.wav",
          "current_source_path": "D:\\Vit_DAW\\test_100hz_10s.wav",
          "playback_source_valid": true
        }
      ],
      "output_to_device_resolved": true,
      "output_device_enabled": true,
      "output_device_id": "out_b7a4b4c1",
      "output_routing_name": "(default audio output)"
    }
  ]
}
VitHeadlessService: command reply (truncated): {
  "status": "ok",
  "project_path": "",
  "tracks": [
    {
      "track_id": "1002",
      "track_name": "Arranger",
      "track_type": "track",
      "is_audio_track": false,
      "is_audio": false,
     
ZmqGateway: received command payload: {"cmd":"list_tracks"}
ZmqGateway: dispatching payload to JUCE message thread.
VitHeadlessService: processing queued command on JUCE message thread: {"cmd":"list_tracks"}
Command received: {"cmd":"list_tracks"}
Command executed: list_tracks, result: {
  "status": "ok",
  "message": "Track list fetched",
  "tracks": [
    {
      "track_id": "1002",
      "name": "Arranger",
      "track_type": "track",
      "is_audio": false,
      "is_audio_track": false,
      "vit_type": "",
      "vit_intent": "",
      "plugin_count": 0,
      "plugins": []
    },
    {
      "track_id": "1003",
      "name": "Chord",
      "track_type": "track",
      "is_audio": false,
      "is_audio_track": false,
      "vit_type": "",
      "vit_intent": "",
      "plugin_count": 0,
      "plugins": []
    },
    {
      "track_id": "1004",
      "name": "Marker",
      "track_type": "track",
      "is_audio": false,
      "is_audio_track": false,
      "vit_type": "",
      "vit_intent": "",
      "plugin_count": 0,
      "plugins": []
    },
    {
      "track_id": "1005",
      "name": "Tempo",
      "track_type": "track",
      "is_audio": false,
      "is_audio_track": false,
      "vit_type": "",
      "vit_intent": "",
      "plugin_count": 0,
      "plugins": []
    },
    {
      "track_id": "1006",
      "name": "Master",
      "track_type": "master",
      "is_audio": false,
      "is_audio_track": false,
      "vit_type": "",
      "vit_intent": "",
      "plugin_count": 0,
      "plugins": []
    },
    {
      "track_id": "1007",
      "name": "Track 1",
      "track_type": "hybrid",
      "is_audio": true,
      "is_audio_track": true,
      "vit_type": "",
      "vit_intent": "",
      "plugin_count": 2,
      "plugins": [
        {
          "name": "Volume & Pan Plugin",
          "type": "volume",
          "enabled": true
        },
        {
          "name": "Level Meter",
          "type": "level",
          "enabled": true
        }
      ]
    }
  ]
}
VitHeadlessService: command reply (truncated): {
  "status": "ok",
  "message": "Track list fetched",
  "tracks": [
    {
      "track_id": "1002",
      "name": "Arranger",
      "track_type": "track",
      "is_audio": false,
      "is_audio_track": false,
ZmqGateway: received command payload: {"action":"import_media_to_track","file_path":"D:/Vit_DAW/test_target_3s.wav","media_type":"audio","start_time":20.2089424133301,"track_id":"1007"}
ZmqGateway: dispatching payload to JUCE message thread.
VitHeadlessService: processing queued command on JUCE message thread: {"action":"import_media_to_track","file_path":"D:/Vit_DAW/test_target_3s.wav","media_type":"audio","start_time":20.2089424133301,"track_id":"1007"}
Command received: {"action":"import_media_to_track","file_path":"D:/Vit_DAW/test_target_3s.wav","media_type":"audio","start_time":20.2089424133301,"track_id":"1007"}
VitHeadlessService: project saved to D:\Vit_DAW\VitApp\Workspace\default_project.xml
CommandDispatcher::handleImportMediaToTrack: clipId="1013" clip="test_target_3s" trackId="1007" source="D:\Vit_DAW\test_target_3s.wav" lengthSec=3.000 isPlaying=false isRecording=false playContextActive=true positionSeconds=0.000 editLengthSeconds=23.209
Command executed: import_media_to_track, result: {
  "status": "success",
  "action": "import_media_to_track",
  "clip_id": "1013",
  "track_id": "1007",
  "start_time": 20.208942413330099,
  "resolved_start_time": 20.208942413330099,
  "length": 3.0,
  "applied_mode": "destructive",
  "clip_name": "test_target_3s",
  "file_path": "D:\\Vit_DAW\\test_target_3s.wav",
  "edit_length_seconds": 23.208942413330099,
  "baking_status": "baking_started"
}
VitHeadlessService: command reply (truncated): {
  "status": "success",
  "action": "import_media_to_track",
  "clip_id": "1013",
  "track_id": "1007",
  "start_time": 20.208942413330099,
  "resolved_start_time": 20.208942413330099,
  "length": 3.0,
  "applie
ZmqGateway: received command payload: {"cmd":"get_project_state"}
ZmqGateway: dispatching payload to JUCE message thread.
VitHeadlessService: processing queued command on JUCE message thread: {"cmd":"get_project_state"}
Command received: {"cmd":"get_project_state"}
Command executed: get_project_state, result: {
  "status": "ok",
  "project_path": "",
  "tracks": [
    {
      "track_id": "1002",
      "track_name": "Arranger",
      "track_type": "track",
      "is_audio_track": false,
      "is_audio": false,
      "plugins": [],
      "clips": []
    },
    {
      "track_id": "1003",
      "track_name": "Chord",
      "track_type": "track",
      "is_audio_track": false,
      "is_audio": false,
      "plugins": [],
      "clips": []
    },
    {
      "track_id": "1004",
      "track_name": "Marker",
      "track_type": "track",
      "is_audio_track": false,
      "is_audio": false,
      "plugins": [],
      "clips": []
    },
    {
      "track_id": "1005",
      "track_name": "Tempo",
      "track_type": "track",
      "is_audio_track": false,
      "is_audio": false,
      "plugins": [],
      "clips": []
    },
    {
      "track_id": "1006",
      "track_name": "Master",
      "track_type": "master",
      "is_audio_track": false,
      "is_audio": false,
      "plugins": [],
      "clips": []
    },
    {
      "track_id": "1007",
      "track_name": "Track 1",
      "track_type": "hybrid",
      "is_audio_track": true,
      "is_audio": true,
      "plugins": [
        {
          "id": "1008",
          "item_id": "1008",
          "name": "Volume & Pan Plugin",
          "type": "volume",
          "enabled": true
        },
        {
          "id": "1009",
          "item_id": "1009",
          "name": "Level Meter",
          "type": "level",
          "enabled": true
        }
      ],
      "clips": [
        {
          "id": "1011",
          "name": "test_100hz_10s",
          "clip_type": "wave",
          "start_seconds": 0.0,
          "end_seconds": 10.0,
          "length_seconds": 10.0,
          "file_path": "D:\\Vit_DAW\\test_100hz_10s.wav",
          "current_source_path": "D:\\Vit_DAW\\test_100hz_10s.wav",
          "playback_source_valid": true
        },
        {
          "id": "1013",
          "name": "test_target_3s",
          "clip_type": "wave",
          "start_seconds": 20.208942413330099,
          "end_seconds": 23.208942413330099,
          "length_seconds": 3.0,
          "file_path": "D:\\Vit_DAW\\test_target_3s.wav",
          "current_source_path": "D:\\Vit_DAW\\test_target_3s.wav",
          "playback_source_valid": true
        }
      ],
      "output_to_device_resolved": true,
      "output_device_enabled": true,
      "output_device_id": "out_b7a4b4c1",
      "output_routing_name": "(default audio output)"
    }
  ]
}
VitHeadlessService: command reply (truncated): {
  "status": "ok",
  "project_path": "",
  "tracks": [
    {
      "track_id": "1002",
      "track_name": "Arranger",
      "track_type": "track",
      "is_audio_track": false,
      "is_audio": false,
     
ZmqGateway: received command payload: {"cmd":"list_tracks"}
ZmqGateway: dispatching payload to JUCE message thread.
VitHeadlessService: processing queued command on JUCE message thread: {"cmd":"list_tracks"}
Command received: {"cmd":"list_tracks"}
Command executed: list_tracks, result: {
  "status": "ok",
  "message": "Track list fetched",
  "tracks": [
    {
      "track_id": "1002",
      "name": "Arranger",
      "track_type": "track",
      "is_audio": false,
      "is_audio_track": false,
      "vit_type": "",
      "vit_intent": "",
      "plugin_count": 0,
      "plugins": []
    },
    {
      "track_id": "1003",
      "name": "Chord",
      "track_type": "track",
      "is_audio": false,
      "is_audio_track": false,
      "vit_type": "",
      "vit_intent": "",
      "plugin_count": 0,
      "plugins": []
    },
    {
      "track_id": "1004",
      "name": "Marker",
      "track_type": "track",
      "is_audio": false,
      "is_audio_track": false,
      "vit_type": "",
      "vit_intent": "",
      "plugin_count": 0,
      "plugins": []
    },
    {
      "track_id": "1005",
      "name": "Tempo",
      "track_type": "track",
      "is_audio": false,
      "is_audio_track": false,
      "vit_type": "",
      "vit_intent": "",
      "plugin_count": 0,
      "plugins": []
    },
    {
      "track_id": "1006",
      "name": "Master",
      "track_type": "master",
      "is_audio": false,
      "is_audio_track": false,
      "vit_type": "",
      "vit_intent": "",
      "plugin_count": 0,
      "plugins": []
    },
    {
      "track_id": "1007",
      "name": "Track 1",
      "track_type": "hybrid",
      "is_audio": true,
      "is_audio_track": true,
      "vit_type": "",
      "vit_intent": "",
      "plugin_count": 2,
      "plugins": [
        {
          "name": "Volume & Pan Plugin",
          "type": "volume",
          "enabled": true
        },
        {
          "name": "Level Meter",
          "type": "level",
          "enabled": true
        }
      ]
    }
  ]
}
VitHeadlessService: command reply (truncated): {
  "status": "ok",
  "message": "Track list fetched",
  "tracks": [
    {
      "track_id": "1002",
      "name": "Arranger",
      "track_type": "track",
      "is_audio": false,
      "is_audio_track": false,
ZmqGateway: received command payload: {"cmd":"undo"}
ZmqGateway: dispatching payload to JUCE message thread.
VitHeadlessService: processing queued command on JUCE message thread: {"cmd":"undo"}
Command received: {"cmd":"undo"}
Command executed: undo, result: {
  "status": "ok",
  "message": "Undo executed"
}
VitHeadlessService: command reply (truncated): {
  "status": "ok",
  "message": "Undo executed"
}
ZmqGateway: received command payload: {"cmd":"get_project_state"}
ZmqGateway: dispatching payload to JUCE message thread.
VitHeadlessService: processing queued command on JUCE message thread: {"cmd":"get_project_state"}
Command received: {"cmd":"get_project_state"}
Command executed: get_project_state, result: {
  "status": "ok",
  "project_path": "",
  "tracks": [
    {
      "track_id": "1002",
      "track_name": "Arranger",
      "track_type": "track",
      "is_audio_track": false,
      "is_audio": false,
      "plugins": [],
      "clips": []
    },
    {
      "track_id": "1003",
      "track_name": "Chord",
      "track_type": "track",
      "is_audio_track": false,
      "is_audio": false,
      "plugins": [],
      "clips": []
    },
    {
      "track_id": "1004",
      "track_name": "Marker",
      "track_type": "track",
      "is_audio_track": false,
      "is_audio": false,
      "plugins": [],
      "clips": []
    },
    {
      "track_id": "1005",
      "track_name": "Tempo",
      "track_type": "track",
      "is_audio_track": false,
      "is_audio": false,
      "plugins": [],
      "clips": []
    },
    {
      "track_id": "1006",
      "track_name": "Master",
      "track_type": "master",
      "is_audio_track": false,
      "is_audio": false,
      "plugins": [],
      "clips": []
    },
    {
      "track_id": "1007",
      "track_name": "Track 1",
      "track_type": "hybrid",
      "is_audio_track": true,
      "is_audio": true,
      "plugins": [
        {
          "id": "1008",
          "item_id": "1008",
          "name": "Volume & Pan Plugin",
          "type": "volume",
          "enabled": true
        },
        {
          "id": "1009",
          "item_id": "1009",
          "name": "Level Meter",
          "type": "level",
          "enabled": true
        }
      ],
      "clips": [
        {
          "id": "1011",
          "name": "test_100hz_10s",
          "clip_type": "wave",
          "start_seconds": 0.0,
          "end_seconds": 10.0,
          "length_seconds": 10.0,
          "file_path": "D:\\Vit_DAW\\test_100hz_10s.wav",
          "current_source_path": "D:\\Vit_DAW\\test_100hz_10s.wav",
          "playback_source_valid": true
        }
      ],
      "output_to_device_resolved": true,
      "output_device_enabled": true,
      "output_device_id": "out_b7a4b4c1",
      "output_routing_name": "(default audio output)"
    }
  ]
}
VitHeadlessService: command reply (truncated): {
  "status": "ok",
  "project_path": "",
  "tracks": [
    {
      "track_id": "1002",
      "track_name": "Arranger",
      "track_type": "track",
      "is_audio_track": false,
      "is_audio": false,
     
ZmqGateway: received command payload: {"cmd":"list_tracks"}
ZmqGateway: dispatching payload to JUCE message thread.
VitHeadlessService: processing queued command on JUCE message thread: {"cmd":"list_tracks"}
Command received: {"cmd":"list_tracks"}
Command executed: list_tracks, result: {
  "status": "ok",
  "message": "Track list fetched",
  "tracks": [
    {
      "track_id": "1002",
      "name": "Arranger",
      "track_type": "track",
      "is_audio": false,
      "is_audio_track": false,
      "vit_type": "",
      "vit_intent": "",
      "plugin_count": 0,
      "plugins": []
    },
    {
      "track_id": "1003",
      "name": "Chord",
      "track_type": "track",
      "is_audio": false,
      "is_audio_track": false,
      "vit_type": "",
      "vit_intent": "",
      "plugin_count": 0,
      "plugins": []
    },
    {
      "track_id": "1004",
      "name": "Marker",
      "track_type": "track",
      "is_audio": false,
      "is_audio_track": false,
      "vit_type": "",
      "vit_intent": "",
      "plugin_count": 0,
      "plugins": []
    },
    {
      "track_id": "1005",
      "name": "Tempo",
      "track_type": "track",
      "is_audio": false,
      "is_audio_track": false,
      "vit_type": "",
      "vit_intent": "",
      "plugin_count": 0,
      "plugins": []
    },
    {
      "track_id": "1006",
      "name": "Master",
      "track_type": "master",
      "is_audio": false,
      "is_audio_track": false,
      "vit_type": "",
      "vit_intent": "",
      "plugin_count": 0,
      "plugins": []
    },
    {
      "track_id": "1007",
      "name": "Track 1",
      "track_type": "hybrid",
      "is_audio": true,
      "is_audio_track": true,
      "vit_type": "",
      "vit_intent": "",
      "plugin_count": 2,
      "plugins": [
        {
          "name": "Volume & Pan Plugin",
          "type": "volume",
          "enabled": true
        },
        {
          "name": "Level Meter",
          "type": "level",
          "enabled": true
        }
      ]
    }
  ]
}
VitHeadlessService: command reply (truncated): {
  "status": "ok",
  "message": "Track list fetched",
  "tracks": [
    {
      "track_id": "1002",
      "name": "Arranger",
      "track_type": "track",
      "is_audio": false,
      "is_audio_track": false,
ZmqGateway: received command payload: {"cmd":"redo"}
ZmqGateway: dispatching payload to JUCE message thread.
VitHeadlessService: processing queued command on JUCE message thread: {"cmd":"redo"}
Command received: {"cmd":"redo"}
Command executed: redo, result: {
  "status": "ok",
  "message": "Redo executed"
}
VitHeadlessService: command reply (truncated): {
  "status": "ok",
  "message": "Redo executed"
}
ZmqGateway: received command payload: {"cmd":"get_project_state"}
ZmqGateway: dispatching payload to JUCE message thread.
VitHeadlessService: processing queued command on JUCE message thread: {"cmd":"get_project_state"}
Command received: {"cmd":"get_project_state"}
Command executed: get_project_state, result: {
  "status": "ok",
  "project_path": "",
  "tracks": [
    {
      "track_id": "1002",
      "track_name": "Arranger",
      "track_type": "track",
      "is_audio_track": false,
      "is_audio": false,
      "plugins": [],
      "clips": []
    },
    {
      "track_id": "1003",
      "track_name": "Chord",
      "track_type": "track",
      "is_audio_track": false,
      "is_audio": false,
      "plugins": [],
      "clips": []
    },
    {
      "track_id": "1004",
      "track_name": "Marker",
      "track_type": "track",
      "is_audio_track": false,
      "is_audio": false,
      "plugins": [],
      "clips": []
    },
    {
      "track_id": "1005",
      "track_name": "Tempo",
      "track_type": "track",
      "is_audio_track": false,
      "is_audio": false,
      "plugins": [],
      "clips": []
    },
    {
      "track_id": "1006",
      "track_name": "Master",
      "track_type": "master",
      "is_audio_track": false,
      "is_audio": false,
      "plugins": [],
      "clips": []
    },
    {
      "track_id": "1007",
      "track_name": "Track 1",
      "track_type": "hybrid",
      "is_audio_track": true,
      "is_audio": true,
      "plugins": [
        {
          "id": "1008",
          "item_id": "1008",
          "name": "Volume & Pan Plugin",
          "type": "volume",
          "enabled": true
        },
        {
          "id": "1009",
          "item_id": "1009",
          "name": "Level Meter",
          "type": "level",
          "enabled": true
        }
      ],
      "clips": [
        {
          "id": "1011",
          "name": "test_100hz_10s",
          "clip_type": "wave",
          "start_seconds": 0.0,
          "end_seconds": 10.0,
          "length_seconds": 10.0,
          "file_path": "D:\\Vit_DAW\\test_100hz_10s.wav",
          "current_source_path": "D:\\Vit_DAW\\test_100hz_10s.wav",
          "playback_source_valid": true
        },
        {
          "id": "1013",
          "name": "test_target_3s",
          "clip_type": "wave",
          "start_seconds": 20.208942413330099,
          "end_seconds": 23.208942413330099,
          "length_seconds": 3.0,
          "file_path": "D:\\Vit_DAW\\test_target_3s.wav",
          "current_source_path": "D:\\Vit_DAW\\test_target_3s.wav",
          "playback_source_valid": true
        }
      ],
      "output_to_device_resolved": true,
      "output_device_enabled": true,
      "output_device_id": "out_b7a4b4c1",
      "output_routing_name": "(default audio output)"
    }
  ]
}
VitHeadlessService: command reply (truncated): {
  "status": "ok",
  "project_path": "",
  "tracks": [
    {
      "track_id": "1002",
      "track_name": "Arranger",
      "track_type": "track",
      "is_audio_track": false,
      "is_audio": false,
     
ZmqGateway: received command payload: {"clip_id":"1013","cmd":"warm_waveform_bake","file_path":"D:\\Vit_DAW\\test_target_3s.wav","track_id":"1007"}
ZmqGateway: dispatching payload to JUCE message thread.
VitHeadlessService: processing queued command on JUCE message thread: {"clip_id":"1013","cmd":"warm_waveform_bake","file_path":"D:\\Vit_DAW\\test_target_3s.wav","track_id":"1007"}
Command received: {"clip_id":"1013","cmd":"warm_waveform_bake","file_path":"D:\\Vit_DAW\\test_target_3s.wav","track_id":"1007"}
Command executed: warm_waveform_bake, result: {
  "status": "ok",
  "cmd": "warm_waveform_bake",
  "track_id": "1007",
  "clip_id": "1013",
  "file_path": "D:\\Vit_DAW\\test_target_3s.wav",
  "message": "Waveform bake started (no new clip inserted)"
}
VitHeadlessService: command reply (truncated): {
  "status": "ok",
  "cmd": "warm_waveform_bake",
  "track_id": "1007",
  "clip_id": "1013",
  "file_path": "D:\\Vit_DAW\\test_target_3s.wav",
  "message": "Waveform bake started (no new clip inserted)"
}
ZmqGateway: received command payload: {"cmd":"list_tracks"}
ZmqGateway: dispatching payload to JUCE message thread.
VitHeadlessService: processing queued command on JUCE message thread: {"cmd":"list_tracks"}
Command received: {"cmd":"list_tracks"}
Command executed: list_tracks, result: {
  "status": "ok",
  "message": "Track list fetched",
  "tracks": [
    {
      "track_id": "1002",
      "name": "Arranger",
      "track_type": "track",
      "is_audio": false,
      "is_audio_track": false,
      "vit_type": "",
      "vit_intent": "",
      "plugin_count": 0,
      "plugins": []
    },
    {
      "track_id": "1003",
      "name": "Chord",
      "track_type": "track",
      "is_audio": false,
      "is_audio_track": false,
      "vit_type": "",
      "vit_intent": "",
      "plugin_count": 0,
      "plugins": []
    },
    {
      "track_id": "1004",
      "name": "Marker",
      "track_type": "track",
      "is_audio": false,
      "is_audio_track": false,
      "vit_type": "",
      "vit_intent": "",
      "plugin_count": 0,
      "plugins": []
    },
    {
      "track_id": "1005",
      "name": "Tempo",
      "track_type": "track",
      "is_audio": false,
      "is_audio_track": false,
      "vit_type": "",
      "vit_intent": "",
      "plugin_count": 0,
      "plugins": []
    },
    {
      "track_id": "1006",
      "name": "Master",
      "track_type": "master",
      "is_audio": false,
      "is_audio_track": false,
      "vit_type": "",
      "vit_intent": "",
      "plugin_count": 0,
      "plugins": []
    },
    {
      "track_id": "1007",
      "name": "Track 1",
      "track_type": "hybrid",
      "is_audio": true,
      "is_audio_track": true,
      "vit_type": "",
      "vit_intent": "",
      "plugin_count": 2,
      "plugins": [
        {
          "name": "Volume & Pan Plugin",
          "type": "volume",
          "enabled": true
        },
        {
          "name": "Level Meter",
          "type": "level",
          "enabled": true
        }
      ]
    }
  ]
}
VitHeadlessService: command reply (truncated): {
  "status": "ok",
  "message": "Track list fetched",
  "tracks": [
    {
      "track_id": "1002",
      "name": "Arranger",
      "track_type": "track",
      "is_audio": false,
      "is_audio_track": false,
ZmqGateway: received command payload: {"cmd":"get_recent_projects"}
ZmqGateway: dispatching payload to JUCE message thread.
VitHeadlessService: processing queued command on JUCE message thread: {"cmd":"get_recent_projects"}
Command received: {"cmd":"get_recent_projects"}
Command executed: get_recent_projects, result: {
  "status": "ok",
  "recent_projects": [
    "D:\\Godot\\project\\vit-daw-frontend\\4.4.3.vit",
    "D:\\Godot\\project\\vit-daw-frontend\\4.4.2.vit",
    "D:\\Godot\\project\\vit-daw-frontend\\4.4.1.vit",
    "D:\\Godot\\project\\vit-daw-frontend\\4.4.vit",
    "D:\\4.1.tracktionedit"
  ]
}
VitHeadlessService: command reply (truncated): {
  "status": "ok",
  "recent_projects": [
    "D:\\Godot\\project\\vit-daw-frontend\\4.4.3.vit",
    "D:\\Godot\\project\\vit-daw-frontend\\4.4.2.vit",
    "D:\\Godot\\project\\vit-daw-frontend\\4.4.1.vit",
    "D
ZmqGateway: received command payload: {"cmd":"new_project"}
ZmqGateway: dispatching payload to JUCE message thread.
VitHeadlessService: processing queued command on JUCE message thread: {"cmd":"new_project"}
Command received: {"cmd":"new_project"}
VitEngineDevice: audio IO ready for playback graph: "扬声器 (USB AUDIO  CODEC)" 48000.00 Hz, block 480 samples
Command executed: new_project, result: {
  "status": "ok",
  "message": "Blank project created"
}
VitHeadlessService: command reply (truncated): {
  "status": "ok",
  "message": "Blank project created"
}
ZmqGateway: received command payload: {"cmd":"ping"}
ZmqGateway: dispatching payload to JUCE message thread.
VitHeadlessService: processing queued command on JUCE message thread: {"cmd":"ping"}
Command received: {"cmd":"ping"}
CommandDispatcher: handled ping command.
Command executed: ping, result: {
  "status": "ok",
  "message": "pong"
}
VitHeadlessService: command reply (truncated): {
  "status": "ok",
  "message": "pong"
}
ZmqGateway: received command payload: {"cmd":"get_project_state"}
ZmqGateway: dispatching payload to JUCE message thread.
VitHeadlessService: processing queued command on JUCE message thread: {"cmd":"get_project_state"}
Command received: {"cmd":"get_project_state"}
Command executed: get_project_state, result: {
  "status": "ok",
  "project_path": "",
  "tracks": [
    {
      "track_id": "1002",
      "track_name": "Arranger",
      "track_type": "track",
      "is_audio_track": false,
      "is_audio": false,
      "plugins": [],
      "clips": []
    },
    {
      "track_id": "1003",
      "track_name": "Chord",
      "track_type": "track",
      "is_audio_track": false,
      "is_audio": false,
      "plugins": [],
      "clips": []
    },
    {
      "track_id": "1004",
      "track_name": "Marker",
      "track_type": "track",
      "is_audio_track": false,
      "is_audio": false,
      "plugins": [],
      "clips": []
    },
    {
      "track_id": "1005",
      "track_name": "Tempo",
      "track_type": "track",
      "is_audio_track": false,
      "is_audio": false,
      "plugins": [],
      "clips": []
    },
    {
      "track_id": "1006",
      "track_name": "Master",
      "track_type": "master",
      "is_audio_track": false,
      "is_audio": false,
      "plugins": [],
      "clips": []
    }
  ]
}
VitHeadlessService: command reply (truncated): {
  "status": "ok",
  "project_path": "",
  "tracks": [
    {
      "track_id": "1002",
      "track_name": "Arranger",
      "track_type": "track",
      "is_audio_track": false,
      "is_audio": false,
     
ZmqGateway: received command payload: {"cmd":"list_tracks"}
ZmqGateway: dispatching payload to JUCE message thread.
VitHeadlessService: processing queued command on JUCE message thread: {"cmd":"list_tracks"}
Command received: {"cmd":"list_tracks"}
Command executed: list_tracks, result: {
  "status": "ok",
  "message": "Track list fetched",
  "tracks": [
    {
      "track_id": "1002",
      "name": "Arranger",
      "track_type": "track",
      "is_audio": false,
      "is_audio_track": false,
      "vit_type": "",
      "vit_intent": "",
      "plugin_count": 0,
      "plugins": []
    },
    {
      "track_id": "1003",
      "name": "Chord",
      "track_type": "track",
      "is_audio": false,
      "is_audio_track": false,
      "vit_type": "",
      "vit_intent": "",
      "plugin_count": 0,
      "plugins": []
    },
    {
      "track_id": "1004",
      "name": "Marker",
      "track_type": "track",
      "is_audio": false,
      "is_audio_track": false,
      "vit_type": "",
      "vit_intent": "",
      "plugin_count": 0,
      "plugins": []
    },
    {
      "track_id": "1005",
      "name": "Tempo",
      "track_type": "track",
      "is_audio": false,
      "is_audio_track": false,
      "vit_type": "",
      "vit_intent": "",
      "plugin_count": 0,
      "plugins": []
    },
    {
      "track_id": "1006",
      "name": "Master",
      "track_type": "master",
      "is_audio": false,
      "is_audio_track": false,
      "vit_type": "",
      "vit_intent": "",
      "plugin_count": 0,
      "plugins": []
    }
  ]
}
VitHeadlessService: command reply (truncated): {
  "status": "ok",
  "message": "Track list fetched",
  "tracks": [
    {
      "track_id": "1002",
      "name": "Arranger",
      "track_type": "track",
      "is_audio": false,
      "is_audio_track": false,
ZmqGateway: received command payload: {"cmd":"list_tracks"}
ZmqGateway: dispatching payload to JUCE message thread.
VitHeadlessService: processing queued command on JUCE message thread: {"cmd":"list_tracks"}
Command received: {"cmd":"list_tracks"}
Command executed: list_tracks, result: {
  "status": "ok",
  "message": "Track list fetched",
  "tracks": [
    {
      "track_id": "1002",
      "name": "Arranger",
      "track_type": "track",
      "is_audio": false,
      "is_audio_track": false,
      "vit_type": "",
      "vit_intent": "",
      "plugin_count": 0,
      "plugins": []
    },
    {
      "track_id": "1003",
      "name": "Chord",
      "track_type": "track",
      "is_audio": false,
      "is_audio_track": false,
      "vit_type": "",
      "vit_intent": "",
      "plugin_count": 0,
      "plugins": []
    },
    {
      "track_id": "1004",
      "name": "Marker",
      "track_type": "track",
      "is_audio": false,
      "is_audio_track": false,
      "vit_type": "",
      "vit_intent": "",
      "plugin_count": 0,
      "plugins": []
    },
    {
      "track_id": "1005",
      "name": "Tempo",
      "track_type": "track",
      "is_audio": false,
      "is_audio_track": false,
      "vit_type": "",
      "vit_intent": "",
      "plugin_count": 0,
      "plugins": []
    },
    {
      "track_id": "1006",
      "name": "Master",
      "track_type": "master",
      "is_audio": false,
      "is_audio_track": false,
      "vit_type": "",
      "vit_intent": "",
      "plugin_count": 0,
      "plugins": []
    }
  ]
}
VitHeadlessService: command reply (truncated): {
  "status": "ok",
  "message": "Track list fetched",
  "tracks": [
    {
      "track_id": "1002",
      "name": "Arranger",
      "track_type": "track",
      "is_audio": false,
      "is_audio_track": false,
ZmqGateway: received command payload: {"cmd":"add_track","type":"hybrid"}
ZmqGateway: dispatching payload to JUCE message thread.
VitHeadlessService: processing queued command on JUCE message thread: {"cmd":"add_track","type":"hybrid"}
Command received: {"cmd":"add_track","type":"hybrid"}
VitHeadlessService: project saved to D:\Vit_DAW\VitApp\Workspace\default_project.xml
Command executed: add_track, result: {
  "status": "ok",
  "message": "Track added",
  "track_id": "1007",
  "track_name": "Track 1"
}
VitHeadlessService: command reply (truncated): {
  "status": "ok",
  "message": "Track added",
  "track_id": "1007",
  "track_name": "Track 1"
}
ZmqGateway: received command payload: {"cmd":"list_tracks"}
ZmqGateway: dispatching payload to JUCE message thread.
VitHeadlessService: processing queued command on JUCE message thread: {"cmd":"list_tracks"}
Command received: {"cmd":"list_tracks"}
Command executed: list_tracks, result: {
  "status": "ok",
  "message": "Track list fetched",
  "tracks": [
    {
      "track_id": "1002",
      "name": "Arranger",
      "track_type": "track",
      "is_audio": false,
      "is_audio_track": false,
      "vit_type": "",
      "vit_intent": "",
      "plugin_count": 0,
      "plugins": []
    },
    {
      "track_id": "1003",
      "name": "Chord",
      "track_type": "track",
      "is_audio": false,
      "is_audio_track": false,
      "vit_type": "",
      "vit_intent": "",
      "plugin_count": 0,
      "plugins": []
    },
    {
      "track_id": "1004",
      "name": "Marker",
      "track_type": "track",
      "is_audio": false,
      "is_audio_track": false,
      "vit_type": "",
      "vit_intent": "",
      "plugin_count": 0,
      "plugins": []
    },
    {
      "track_id": "1005",
      "name": "Tempo",
      "track_type": "track",
      "is_audio": false,
      "is_audio_track": false,
      "vit_type": "",
      "vit_intent": "",
      "plugin_count": 0,
      "plugins": []
    },
    {
      "track_id": "1006",
      "name": "Master",
      "track_type": "master",
      "is_audio": false,
      "is_audio_track": false,
      "vit_type": "",
      "vit_intent": "",
      "plugin_count": 0,
      "plugins": []
    },
    {
      "track_id": "1007",
      "name": "Track 1",
      "track_type": "hybrid",
      "is_audio": true,
      "is_audio_track": true,
      "vit_type": "",
      "vit_intent": "",
      "plugin_count": 2,
      "plugins": [
        {
          "name": "Volume & Pan Plugin",
          "type": "volume",
          "enabled": true
        },
        {
          "name": "Level Meter",
          "type": "level",
          "enabled": true
        }
      ]
    }
  ]
}
VitHeadlessService: command reply (truncated): {
  "status": "ok",
  "message": "Track list fetched",
  "tracks": [
    {
      "track_id": "1002",
      "name": "Arranger",
      "track_type": "track",
      "is_audio": false,
      "is_audio_track": false,
ZmqGateway: received command payload: {"cmd":"get_project_state"}
ZmqGateway: dispatching payload to JUCE message thread.
VitHeadlessService: processing queued command on JUCE message thread: {"cmd":"get_project_state"}
Command received: {"cmd":"get_project_state"}
Command executed: get_project_state, result: {
  "status": "ok",
  "project_path": "",
  "tracks": [
    {
      "track_id": "1002",
      "track_name": "Arranger",
      "track_type": "track",
      "is_audio_track": false,
      "is_audio": false,
      "plugins": [],
      "clips": []
    },
    {
      "track_id": "1003",
      "track_name": "Chord",
      "track_type": "track",
      "is_audio_track": false,
      "is_audio": false,
      "plugins": [],
      "clips": []
    },
    {
      "track_id": "1004",
      "track_name": "Marker",
      "track_type": "track",
      "is_audio_track": false,
      "is_audio": false,
      "plugins": [],
      "clips": []
    },
    {
      "track_id": "1005",
      "track_name": "Tempo",
      "track_type": "track",
      "is_audio_track": false,
      "is_audio": false,
      "plugins": [],
      "clips": []
    },
    {
      "track_id": "1006",
      "track_name": "Master",
      "track_type": "master",
      "is_audio_track": false,
      "is_audio": false,
      "plugins": [],
      "clips": []
    },
    {
      "track_id": "1007",
      "track_name": "Track 1",
      "track_type": "hybrid",
      "is_audio_track": true,
      "is_audio": true,
      "plugins": [
        {
          "id": "1008",
          "item_id": "1008",
          "name": "Volume & Pan Plugin",
          "type": "volume",
          "enabled": true
        },
        {
          "id": "1009",
          "item_id": "1009",
          "name": "Level Meter",
          "type": "level",
          "enabled": true
        }
      ],
      "clips": [],
      "output_to_device_resolved": true,
      "output_device_enabled": true,
      "output_device_id": "out_b7a4b4c1",
      "output_routing_name": "(default audio output)"
    }
  ]
}
VitHeadlessService: command reply (truncated): {
  "status": "ok",
  "project_path": "",
  "tracks": [
    {
      "track_id": "1002",
      "track_name": "Arranger",
      "track_type": "track",
      "is_audio_track": false,
      "is_audio": false,
     
ZmqGateway: received command payload: {"cmd":"list_tracks"}
ZmqGateway: dispatching payload to JUCE message thread.
VitHeadlessService: processing queued command on JUCE message thread: {"cmd":"list_tracks"}
Command received: {"cmd":"list_tracks"}
Command executed: list_tracks, result: {
  "status": "ok",
  "message": "Track list fetched",
  "tracks": [
    {
      "track_id": "1002",
      "name": "Arranger",
      "track_type": "track",
      "is_audio": false,
      "is_audio_track": false,
      "vit_type": "",
      "vit_intent": "",
      "plugin_count": 0,
      "plugins": []
    },
    {
      "track_id": "1003",
      "name": "Chord",
      "track_type": "track",
      "is_audio": false,
      "is_audio_track": false,
      "vit_type": "",
      "vit_intent": "",
      "plugin_count": 0,
      "plugins": []
    },
    {
      "track_id": "1004",
      "name": "Marker",
      "track_type": "track",
      "is_audio": false,
      "is_audio_track": false,
      "vit_type": "",
      "vit_intent": "",
      "plugin_count": 0,
      "plugins": []
    },
    {
      "track_id": "1005",
      "name": "Tempo",
      "track_type": "track",
      "is_audio": false,
      "is_audio_track": false,
      "vit_type": "",
      "vit_intent": "",
      "plugin_count": 0,
      "plugins": []
    },
    {
      "track_id": "1006",
      "name": "Master",
      "track_type": "master",
      "is_audio": false,
      "is_audio_track": false,
      "vit_type": "",
      "vit_intent": "",
      "plugin_count": 0,
      "plugins": []
    },
    {
      "track_id": "1007",
      "name": "Track 1",
      "track_type": "hybrid",
      "is_audio": true,
      "is_audio_track": true,
      "vit_type": "",
      "vit_intent": "",
      "plugin_count": 2,
      "plugins": [
        {
          "name": "Volume & Pan Plugin",
          "type": "volume",
          "enabled": true
        },
        {
          "name": "Level Meter",
          "type": "level",
          "enabled": true
        }
      ]
    }
  ]
}
VitHeadlessService: command reply (truncated): {
  "status": "ok",
  "message": "Track list fetched",
  "tracks": [
    {
      "track_id": "1002",
      "name": "Arranger",
      "track_type": "track",
      "is_audio": false,
      "is_audio_track": false,
ZmqGateway: received command payload: {"action":"import_media_to_track","file_path":"D:/Vit_DAW/test_target_3s.wav","media_type":"audio","start_time":1.82088279724121,"track_id":"1007"}
ZmqGateway: dispatching payload to JUCE message thread.
VitHeadlessService: processing queued command on JUCE message thread: {"action":"import_media_to_track","file_path":"D:/Vit_DAW/test_target_3s.wav","media_type":"audio","start_time":1.82088279724121,"track_id":"1007"}
Command received: {"action":"import_media_to_track","file_path":"D:/Vit_DAW/test_target_3s.wav","media_type":"audio","start_time":1.82088279724121,"track_id":"1007"}
VitHeadlessService: project saved to D:\Vit_DAW\VitApp\Workspace\default_project.xml
CommandDispatcher::handleImportMediaToTrack: clipId="1011" clip="test_target_3s" trackId="1007" source="D:\Vit_DAW\test_target_3s.wav" lengthSec=3.000 isPlaying=false isRecording=false playContextActive=true positionSeconds=0.000 editLengthSeconds=4.821
Command executed: import_media_to_track, result: {
  "status": "success",
  "action": "import_media_to_track",
  "clip_id": "1011",
  "track_id": "1007",
  "start_time": 1.82088279724121,
  "resolved_start_time": 1.82088279724121,
  "length": 3.0,
  "applied_mode": "destructive",
  "clip_name": "test_target_3s",
  "file_path": "D:\\Vit_DAW\\test_target_3s.wav",
  "edit_length_seconds": 4.82088279724121,
  "baking_status": "baking_started"
}
VitHeadlessService: command reply (truncated): {
  "status": "success",
  "action": "import_media_to_track",
  "clip_id": "1011",
  "track_id": "1007",
  "start_time": 1.82088279724121,
  "resolved_start_time": 1.82088279724121,
  "length": 3.0,
  "applied_mo
ZmqGateway: received command payload: {"cmd":"get_project_state"}
ZmqGateway: dispatching payload to JUCE message thread.
VitHeadlessService: processing queued command on JUCE message thread: {"cmd":"get_project_state"}
Command received: {"cmd":"get_project_state"}
Command executed: get_project_state, result: {
  "status": "ok",
  "project_path": "",
  "tracks": [
    {
      "track_id": "1002",
      "track_name": "Arranger",
      "track_type": "track",
      "is_audio_track": false,
      "is_audio": false,
      "plugins": [],
      "clips": []
    },
    {
      "track_id": "1003",
      "track_name": "Chord",
      "track_type": "track",
      "is_audio_track": false,
      "is_audio": false,
      "plugins": [],
      "clips": []
    },
    {
      "track_id": "1004",
      "track_name": "Marker",
      "track_type": "track",
      "is_audio_track": false,
      "is_audio": false,
      "plugins": [],
      "clips": []
    },
    {
      "track_id": "1005",
      "track_name": "Tempo",
      "track_type": "track",
      "is_audio_track": false,
      "is_audio": false,
      "plugins": [],
      "clips": []
    },
    {
      "track_id": "1006",
      "track_name": "Master",
      "track_type": "master",
      "is_audio_track": false,
      "is_audio": false,
      "plugins": [],
      "clips": []
    },
    {
      "track_id": "1007",
      "track_name": "Track 1",
      "track_type": "hybrid",
      "is_audio_track": true,
      "is_audio": true,
      "plugins": [
        {
          "id": "1008",
          "item_id": "1008",
          "name": "Volume & Pan Plugin",
          "type": "volume",
          "enabled": true
        },
        {
          "id": "1009",
          "item_id": "1009",
          "name": "Level Meter",
          "type": "level",
          "enabled": true
        }
      ],
      "clips": [
        {
          "id": "1011",
          "name": "test_target_3s",
          "clip_type": "wave",
          "start_seconds": 1.82088279724121,
          "end_seconds": 4.82088279724121,
          "length_seconds": 3.0,
          "file_path": "D:\\Vit_DAW\\test_target_3s.wav",
          "current_source_path": "D:\\Vit_DAW\\test_target_3s.wav",
          "playback_source_valid": true
        }
      ],
      "output_to_device_resolved": true,
      "output_device_enabled": true,
      "output_device_id": "out_b7a4b4c1",
      "output_routing_name": "(default audio output)"
    }
  ]
}
VitHeadlessService: command reply (truncated): {
  "status": "ok",
  "project_path": "",
  "tracks": [
    {
      "track_id": "1002",
      "track_name": "Arranger",
      "track_type": "track",
      "is_audio_track": false,
      "is_audio": false,
     
ZmqGateway: received command payload: {"cmd":"list_tracks"}
ZmqGateway: dispatching payload to JUCE message thread.
VitHeadlessService: processing queued command on JUCE message thread: {"cmd":"list_tracks"}
Command received: {"cmd":"list_tracks"}
Command executed: list_tracks, result: {
  "status": "ok",
  "message": "Track list fetched",
  "tracks": [
    {
      "track_id": "1002",
      "name": "Arranger",
      "track_type": "track",
      "is_audio": false,
      "is_audio_track": false,
      "vit_type": "",
      "vit_intent": "",
      "plugin_count": 0,
      "plugins": []
    },
    {
      "track_id": "1003",
      "name": "Chord",
      "track_type": "track",
      "is_audio": false,
      "is_audio_track": false,
      "vit_type": "",
      "vit_intent": "",
      "plugin_count": 0,
      "plugins": []
    },
    {
      "track_id": "1004",
      "name": "Marker",
      "track_type": "track",
      "is_audio": false,
      "is_audio_track": false,
      "vit_type": "",
      "vit_intent": "",
      "plugin_count": 0,
      "plugins": []
    },
    {
      "track_id": "1005",
      "name": "Tempo",
      "track_type": "track",
      "is_audio": false,
      "is_audio_track": false,
      "vit_type": "",
      "vit_intent": "",
      "plugin_count": 0,
      "plugins": []
    },
    {
      "track_id": "1006",
      "name": "Master",
      "track_type": "master",
      "is_audio": false,
      "is_audio_track": false,
      "vit_type": "",
      "vit_intent": "",
      "plugin_count": 0,
      "plugins": []
    },
    {
      "track_id": "1007",
      "name": "Track 1",
      "track_type": "hybrid",
      "is_audio": true,
      "is_audio_track": true,
      "vit_type": "",
      "vit_intent": "",
      "plugin_count": 2,
      "plugins": [
        {
          "name": "Volume & Pan Plugin",
          "type": "volume",
          "enabled": true
        },
        {
          "name": "Level Meter",
          "type": "level",
          "enabled": true
        }
      ]
    }
  ]
}
VitHeadlessService: command reply (truncated): {
  "status": "ok",
  "message": "Track list fetched",
  "tracks": [
    {
      "track_id": "1002",
      "name": "Arranger",
      "track_type": "track",
      "is_audio": false,
      "is_audio_track": false,
ZmqGateway: received command payload: {"action":"import_media_to_track","file_path":"D:/Vit_DAW/test_100hz_10s.wav","media_type":"audio","start_time":17.3134250640869,"track_id":"1007"}
ZmqGateway: dispatching payload to JUCE message thread.
VitHeadlessService: processing queued command on JUCE message thread: {"action":"import_media_to_track","file_path":"D:/Vit_DAW/test_100hz_10s.wav","media_type":"audio","start_time":17.3134250640869,"track_id":"1007"}
Command received: {"action":"import_media_to_track","file_path":"D:/Vit_DAW/test_100hz_10s.wav","media_type":"audio","start_time":17.3134250640869,"track_id":"1007"}
VitHeadlessService: project saved to D:\Vit_DAW\VitApp\Workspace\default_project.xml
CommandDispatcher::handleImportMediaToTrack: clipId="1013" clip="test_100hz_10s" trackId="1007" source="D:\Vit_DAW\test_100hz_10s.wav" lengthSec=10.000 isPlaying=false isRecording=false playContextActive=true positionSeconds=0.000 editLengthSeconds=27.313
Command executed: import_media_to_track, result: {
  "status": "success",
  "action": "import_media_to_track",
  "clip_id": "1013",
  "track_id": "1007",
  "start_time": 17.3134250640869,
  "resolved_start_time": 17.3134250640869,
  "length": 10.0,
  "applied_mode": "destructive",
  "clip_name": "test_100hz_10s",
  "file_path": "D:\\Vit_DAW\\test_100hz_10s.wav",
  "edit_length_seconds": 27.3134250640869,
  "baking_status": "baking_started"
}
VitHeadlessService: command reply (truncated): {
  "status": "success",
  "action": "import_media_to_track",
  "clip_id": "1013",
  "track_id": "1007",
  "start_time": 17.3134250640869,
  "resolved_start_time": 17.3134250640869,
  "length": 10.0,
  "applied_m
ZmqGateway: received command payload: {"cmd":"get_project_state"}
ZmqGateway: dispatching payload to JUCE message thread.
VitHeadlessService: processing queued command on JUCE message thread: {"cmd":"get_project_state"}
Command received: {"cmd":"get_project_state"}
Command executed: get_project_state, result: {
  "status": "ok",
  "project_path": "",
  "tracks": [
    {
      "track_id": "1002",
      "track_name": "Arranger",
      "track_type": "track",
      "is_audio_track": false,
      "is_audio": false,
      "plugins": [],
      "clips": []
    },
    {
      "track_id": "1003",
      "track_name": "Chord",
      "track_type": "track",
      "is_audio_track": false,
      "is_audio": false,
      "plugins": [],
      "clips": []
    },
    {
      "track_id": "1004",
      "track_name": "Marker",
      "track_type": "track",
      "is_audio_track": false,
      "is_audio": false,
      "plugins": [],
      "clips": []
    },
    {
      "track_id": "1005",
      "track_name": "Tempo",
      "track_type": "track",
      "is_audio_track": false,
      "is_audio": false,
      "plugins": [],
      "clips": []
    },
    {
      "track_id": "1006",
      "track_name": "Master",
      "track_type": "master",
      "is_audio_track": false,
      "is_audio": false,
      "plugins": [],
      "clips": []
    },
    {
      "track_id": "1007",
      "track_name": "Track 1",
      "track_type": "hybrid",
      "is_audio_track": true,
      "is_audio": true,
      "plugins": [
        {
          "id": "1008",
          "item_id": "1008",
          "name": "Volume & Pan Plugin",
          "type": "volume",
          "enabled": true
        },
        {
          "id": "1009",
          "item_id": "1009",
          "name": "Level Meter",
          "type": "level",
          "enabled": true
        }
      ],
      "clips": [
        {
          "id": "1011",
          "name": "test_target_3s",
          "clip_type": "wave",
          "start_seconds": 1.82088279724121,
          "end_seconds": 4.82088279724121,
          "length_seconds": 3.0,
          "file_path": "D:\\Vit_DAW\\test_target_3s.wav",
          "current_source_path": "D:\\Vit_DAW\\test_target_3s.wav",
          "playback_source_valid": true
        },
        {
          "id": "1013",
          "name": "test_100hz_10s",
          "clip_type": "wave",
          "start_seconds": 17.3134250640869,
          "end_seconds": 27.3134250640869,
          "length_seconds": 10.0,
          "file_path": "D:\\Vit_DAW\\test_100hz_10s.wav",
          "current_source_path": "D:\\Vit_DAW\\test_100hz_10s.wav",
          "playback_source_valid": true
        }
      ],
      "output_to_device_resolved": true,
      "output_device_enabled": true,
      "output_device_id": "out_b7a4b4c1",
      "output_routing_name": "(default audio output)"
    }
  ]
}
VitHeadlessService: command reply (truncated): {
  "status": "ok",
  "project_path": "",
  "tracks": [
    {
      "track_id": "1002",
      "track_name": "Arranger",
      "track_type": "track",
      "is_audio_track": false,
      "is_audio": false,
     
ZmqGateway: received command payload: {"cmd":"list_tracks"}
ZmqGateway: dispatching payload to JUCE message thread.
VitHeadlessService: processing queued command on JUCE message thread: {"cmd":"list_tracks"}
Command received: {"cmd":"list_tracks"}
Command executed: list_tracks, result: {
  "status": "ok",
  "message": "Track list fetched",
  "tracks": [
    {
      "track_id": "1002",
      "name": "Arranger",
      "track_type": "track",
      "is_audio": false,
      "is_audio_track": false,
      "vit_type": "",
      "vit_intent": "",
      "plugin_count": 0,
      "plugins": []
    },
    {
      "track_id": "1003",
      "name": "Chord",
      "track_type": "track",
      "is_audio": false,
      "is_audio_track": false,
      "vit_type": "",
      "vit_intent": "",
      "plugin_count": 0,
      "plugins": []
    },
    {
      "track_id": "1004",
      "name": "Marker",
      "track_type": "track",
      "is_audio": false,
      "is_audio_track": false,
      "vit_type": "",
      "vit_intent": "",
      "plugin_count": 0,
      "plugins": []
    },
    {
      "track_id": "1005",
      "name": "Tempo",
      "track_type": "track",
      "is_audio": false,
      "is_audio_track": false,
      "vit_type": "",
      "vit_intent": "",
      "plugin_count": 0,
      "plugins": []
    },
    {
      "track_id": "1006",
      "name": "Master",
      "track_type": "master",
      "is_audio": false,
      "is_audio_track": false,
      "vit_type": "",
      "vit_intent": "",
      "plugin_count": 0,
      "plugins": []
    },
    {
      "track_id": "1007",
      "name": "Track 1",
      "track_type": "hybrid",
      "is_audio": true,
      "is_audio_track": true,
      "vit_type": "",
      "vit_intent": "",
      "plugin_count": 2,
      "plugins": [
        {
          "name": "Volume & Pan Plugin",
          "type": "volume",
          "enabled": true
        },
        {
          "name": "Level Meter",
          "type": "level",
          "enabled": true
        }
      ]
    }
  ]
}
VitHeadlessService: command reply (truncated): {
  "status": "ok",
  "message": "Track list fetched",
  "tracks": [
    {
      "track_id": "1002",
      "name": "Arranger",
      "track_type": "track",
      "is_audio": false,
      "is_audio_track": false,
ZmqGateway: received command payload: {"cmd":"get_recent_projects"}
ZmqGateway: dispatching payload to JUCE message thread.
VitHeadlessService: processing queued command on JUCE message thread: {"cmd":"get_recent_projects"}
Command received: {"cmd":"get_recent_projects"}
Command executed: get_recent_projects, result: {
  "status": "ok",
  "recent_projects": [
    "D:\\Godot\\project\\vit-daw-frontend\\4.4.3.vit",
    "D:\\Godot\\project\\vit-daw-frontend\\4.4.2.vit",
    "D:\\Godot\\project\\vit-daw-frontend\\4.4.1.vit",
    "D:\\Godot\\project\\vit-daw-frontend\\4.4.vit",
    "D:\\4.1.tracktionedit"
  ]
}
VitHeadlessService: command reply (truncated): {
  "status": "ok",
  "recent_projects": [
    "D:\\Godot\\project\\vit-daw-frontend\\4.4.3.vit",
    "D:\\Godot\\project\\vit-daw-frontend\\4.4.2.vit",
    "D:\\Godot\\project\\vit-daw-frontend\\4.4.1.vit",
    "D
ZmqGateway: received command payload: {"cmd":"new_project"}
ZmqGateway: dispatching payload to JUCE message thread.
VitHeadlessService: processing queued command on JUCE message thread: {"cmd":"new_project"}
Command received: {"cmd":"new_project"}
VitEngineDevice: audio IO ready for playback graph: "扬声器 (USB AUDIO  CODEC)" 48000.00 Hz, block 480 samples
Command executed: new_project, result: {
  "status": "ok",
  "message": "Blank project created"
}
VitHeadlessService: command reply (truncated): {
  "status": "ok",
  "message": "Blank project created"
}
ZmqGateway: received command payload: {"cmd":"ping"}
ZmqGateway: dispatching payload to JUCE message thread.
VitHeadlessService: processing queued command on JUCE message thread: {"cmd":"ping"}
Command received: {"cmd":"ping"}
CommandDispatcher: handled ping command.
Command executed: ping, result: {
  "status": "ok",
  "message": "pong"
}
VitHeadlessService: command reply (truncated): {
  "status": "ok",
  "message": "pong"
}
ZmqGateway: received command payload: {"cmd":"get_project_state"}
ZmqGateway: dispatching payload to JUCE message thread.
VitHeadlessService: processing queued command on JUCE message thread: {"cmd":"get_project_state"}
Command received: {"cmd":"get_project_state"}
Command executed: get_project_state, result: {
  "status": "ok",
  "project_path": "",
  "tracks": [
    {
      "track_id": "1002",
      "track_name": "Arranger",
      "track_type": "track",
      "is_audio_track": false,
      "is_audio": false,
      "plugins": [],
      "clips": []
    },
    {
      "track_id": "1003",
      "track_name": "Chord",
      "track_type": "track",
      "is_audio_track": false,
      "is_audio": false,
      "plugins": [],
      "clips": []
    },
    {
      "track_id": "1004",
      "track_name": "Marker",
      "track_type": "track",
      "is_audio_track": false,
      "is_audio": false,
      "plugins": [],
      "clips": []
    },
    {
      "track_id": "1005",
      "track_name": "Tempo",
      "track_type": "track",
      "is_audio_track": false,
      "is_audio": false,
      "plugins": [],
      "clips": []
    },
    {
      "track_id": "1006",
      "track_name": "Master",
      "track_type": "master",
      "is_audio_track": false,
      "is_audio": false,
      "plugins": [],
      "clips": []
    }
  ]
}
VitHeadlessService: command reply (truncated): {
  "status": "ok",
  "project_path": "",
  "tracks": [
    {
      "track_id": "1002",
      "track_name": "Arranger",
      "track_type": "track",
      "is_audio_track": false,
      "is_audio": false,
     
ZmqGateway: received command payload: {"cmd":"list_tracks"}
ZmqGateway: dispatching payload to JUCE message thread.
VitHeadlessService: processing queued command on JUCE message thread: {"cmd":"list_tracks"}
Command received: {"cmd":"list_tracks"}
Command executed: list_tracks, result: {
  "status": "ok",
  "message": "Track list fetched",
  "tracks": [
    {
      "track_id": "1002",
      "name": "Arranger",
      "track_type": "track",
      "is_audio": false,
      "is_audio_track": false,
      "vit_type": "",
      "vit_intent": "",
      "plugin_count": 0,
      "plugins": []
    },
    {
      "track_id": "1003",
      "name": "Chord",
      "track_type": "track",
      "is_audio": false,
      "is_audio_track": false,
      "vit_type": "",
      "vit_intent": "",
      "plugin_count": 0,
      "plugins": []
    },
    {
      "track_id": "1004",
      "name": "Marker",
      "track_type": "track",
      "is_audio": false,
      "is_audio_track": false,
      "vit_type": "",
      "vit_intent": "",
      "plugin_count": 0,
      "plugins": []
    },
    {
      "track_id": "1005",
      "name": "Tempo",
      "track_type": "track",
      "is_audio": false,
      "is_audio_track": false,
      "vit_type": "",
      "vit_intent": "",
      "plugin_count": 0,
      "plugins": []
    },
    {
      "track_id": "1006",
      "name": "Master",
      "track_type": "master",
      "is_audio": false,
      "is_audio_track": false,
      "vit_type": "",
      "vit_intent": "",
      "plugin_count": 0,
      "plugins": []
    }
  ]
}
VitHeadlessService: command reply (truncated): {
  "status": "ok",
  "message": "Track list fetched",
  "tracks": [
    {
      "track_id": "1002",
      "name": "Arranger",
      "track_type": "track",
      "is_audio": false,
      "is_audio_track": false,
ZmqGateway: received command payload: {"cmd":"list_tracks"}
ZmqGateway: dispatching payload to JUCE message thread.
VitHeadlessService: processing queued command on JUCE message thread: {"cmd":"list_tracks"}
Command received: {"cmd":"list_tracks"}
Command executed: list_tracks, result: {
  "status": "ok",
  "message": "Track list fetched",
  "tracks": [
    {
      "track_id": "1002",
      "name": "Arranger",
      "track_type": "track",
      "is_audio": false,
      "is_audio_track": false,
      "vit_type": "",
      "vit_intent": "",
      "plugin_count": 0,
      "plugins": []
    },
    {
      "track_id": "1003",
      "name": "Chord",
      "track_type": "track",
      "is_audio": false,
      "is_audio_track": false,
      "vit_type": "",
      "vit_intent": "",
      "plugin_count": 0,
      "plugins": []
    },
    {
      "track_id": "1004",
      "name": "Marker",
      "track_type": "track",
      "is_audio": false,
      "is_audio_track": false,
      "vit_type": "",
      "vit_intent": "",
      "plugin_count": 0,
      "plugins": []
    },
    {
      "track_id": "1005",
      "name": "Tempo",
      "track_type": "track",
      "is_audio": false,
      "is_audio_track": false,
      "vit_type": "",
      "vit_intent": "",
      "plugin_count": 0,
      "plugins": []
    },
    {
      "track_id": "1006",
      "name": "Master",
      "track_type": "master",
      "is_audio": false,
      "is_audio_track": false,
      "vit_type": "",
      "vit_intent": "",
      "plugin_count": 0,
      "plugins": []
    }
  ]
}
VitHeadlessService: command reply (truncated): {
  "status": "ok",
  "message": "Track list fetched",
  "tracks": [
    {
      "track_id": "1002",
      "name": "Arranger",
      "track_type": "track",
      "is_audio": false,
      "is_audio_track": false,
ZmqGateway: received command payload: {"cmd":"add_track","type":"hybrid"}
ZmqGateway: dispatching payload to JUCE message thread.
VitHeadlessService: processing queued command on JUCE message thread: {"cmd":"add_track","type":"hybrid"}
Command received: {"cmd":"add_track","type":"hybrid"}
VitHeadlessService: project saved to D:\Vit_DAW\VitApp\Workspace\default_project.xml
Command executed: add_track, result: {
  "status": "ok",
  "message": "Track added",
  "track_id": "1007",
  "track_name": "Track 1"
}
VitHeadlessService: command reply (truncated): {
  "status": "ok",
  "message": "Track added",
  "track_id": "1007",
  "track_name": "Track 1"
}
ZmqGateway: received command payload: {"cmd":"list_tracks"}
ZmqGateway: dispatching payload to JUCE message thread.
VitHeadlessService: processing queued command on JUCE message thread: {"cmd":"list_tracks"}
Command received: {"cmd":"list_tracks"}
Command executed: list_tracks, result: {
  "status": "ok",
  "message": "Track list fetched",
  "tracks": [
    {
      "track_id": "1002",
      "name": "Arranger",
      "track_type": "track",
      "is_audio": false,
      "is_audio_track": false,
      "vit_type": "",
      "vit_intent": "",
      "plugin_count": 0,
      "plugins": []
    },
    {
      "track_id": "1003",
      "name": "Chord",
      "track_type": "track",
      "is_audio": false,
      "is_audio_track": false,
      "vit_type": "",
      "vit_intent": "",
      "plugin_count": 0,
      "plugins": []
    },
    {
      "track_id": "1004",
      "name": "Marker",
      "track_type": "track",
      "is_audio": false,
      "is_audio_track": false,
      "vit_type": "",
      "vit_intent": "",
      "plugin_count": 0,
      "plugins": []
    },
    {
      "track_id": "1005",
      "name": "Tempo",
      "track_type": "track",
      "is_audio": false,
      "is_audio_track": false,
      "vit_type": "",
      "vit_intent": "",
      "plugin_count": 0,
      "plugins": []
    },
    {
      "track_id": "1006",
      "name": "Master",
      "track_type": "master",
      "is_audio": false,
      "is_audio_track": false,
      "vit_type": "",
      "vit_intent": "",
      "plugin_count": 0,
      "plugins": []
    },
    {
      "track_id": "1007",
      "name": "Track 1",
      "track_type": "hybrid",
      "is_audio": true,
      "is_audio_track": true,
      "vit_type": "",
      "vit_intent": "",
      "plugin_count": 2,
      "plugins": [
        {
          "name": "Volume & Pan Plugin",
          "type": "volume",
          "enabled": true
        },
        {
          "name": "Level Meter",
          "type": "level",
          "enabled": true
        }
      ]
    }
  ]
}
VitHeadlessService: command reply (truncated): {
  "status": "ok",
  "message": "Track list fetched",
  "tracks": [
    {
      "track_id": "1002",
      "name": "Arranger",
      "track_type": "track",
      "is_audio": false,
      "is_audio_track": false,
ZmqGateway: received command payload: {"cmd":"get_project_state"}
ZmqGateway: dispatching payload to JUCE message thread.
VitHeadlessService: processing queued command on JUCE message thread: {"cmd":"get_project_state"}
Command received: {"cmd":"get_project_state"}
Command executed: get_project_state, result: {
  "status": "ok",
  "project_path": "",
  "tracks": [
    {
      "track_id": "1002",
      "track_name": "Arranger",
      "track_type": "track",
      "is_audio_track": false,
      "is_audio": false,
      "plugins": [],
      "clips": []
    },
    {
      "track_id": "1003",
      "track_name": "Chord",
      "track_type": "track",
      "is_audio_track": false,
      "is_audio": false,
      "plugins": [],
      "clips": []
    },
    {
      "track_id": "1004",
      "track_name": "Marker",
      "track_type": "track",
      "is_audio_track": false,
      "is_audio": false,
      "plugins": [],
      "clips": []
    },
    {
      "track_id": "1005",
      "track_name": "Tempo",
      "track_type": "track",
      "is_audio_track": false,
      "is_audio": false,
      "plugins": [],
      "clips": []
    },
    {
      "track_id": "1006",
      "track_name": "Master",
      "track_type": "master",
      "is_audio_track": false,
      "is_audio": false,
      "plugins": [],
      "clips": []
    },
    {
      "track_id": "1007",
      "track_name": "Track 1",
      "track_type": "hybrid",
      "is_audio_track": true,
      "is_audio": true,
      "plugins": [
        {
          "id": "1008",
          "item_id": "1008",
          "name": "Volume & Pan Plugin",
          "type": "volume",
          "enabled": true
        },
        {
          "id": "1009",
          "item_id": "1009",
          "name": "Level Meter",
          "type": "level",
          "enabled": true
        }
      ],
      "clips": [],
      "output_to_device_resolved": true,
      "output_device_enabled": true,
      "output_device_id": "out_b7a4b4c1",
      "output_routing_name": "(default audio output)"
    }
  ]
}
VitHeadlessService: command reply (truncated): {
  "status": "ok",
  "project_path": "",
  "tracks": [
    {
      "track_id": "1002",
      "track_name": "Arranger",
      "track_type": "track",
      "is_audio_track": false,
      "is_audio": false,
     
ZmqGateway: received command payload: {"cmd":"list_tracks"}
ZmqGateway: dispatching payload to JUCE message thread.
VitHeadlessService: processing queued command on JUCE message thread: {"cmd":"list_tracks"}
Command received: {"cmd":"list_tracks"}
Command executed: list_tracks, result: {
  "status": "ok",
  "message": "Track list fetched",
  "tracks": [
    {
      "track_id": "1002",
      "name": "Arranger",
      "track_type": "track",
      "is_audio": false,
      "is_audio_track": false,
      "vit_type": "",
      "vit_intent": "",
      "plugin_count": 0,
      "plugins": []
    },
    {
      "track_id": "1003",
      "name": "Chord",
      "track_type": "track",
      "is_audio": false,
      "is_audio_track": false,
      "vit_type": "",
      "vit_intent": "",
      "plugin_count": 0,
      "plugins": []
    },
    {
      "track_id": "1004",
      "name": "Marker",
      "track_type": "track",
      "is_audio": false,
      "is_audio_track": false,
      "vit_type": "",
      "vit_intent": "",
      "plugin_count": 0,
      "plugins": []
    },
    {
      "track_id": "1005",
      "name": "Tempo",
      "track_type": "track",
      "is_audio": false,
      "is_audio_track": false,
      "vit_type": "",
      "vit_intent": "",
      "plugin_count": 0,
      "plugins": []
    },
    {
      "track_id": "1006",
      "name": "Master",
      "track_type": "master",
      "is_audio": false,
      "is_audio_track": false,
      "vit_type": "",
      "vit_intent": "",
      "plugin_count": 0,
      "plugins": []
    },
    {
      "track_id": "1007",
      "name": "Track 1",
      "track_type": "hybrid",
      "is_audio": true,
      "is_audio_track": true,
      "vit_type": "",
      "vit_intent": "",
      "plugin_count": 2,
      "plugins": [
        {
          "name": "Volume & Pan Plugin",
          "type": "volume",
          "enabled": true
        },
        {
          "name": "Level Meter",
          "type": "level",
          "enabled": true
        }
      ]
    }
  ]
}
VitHeadlessService: command reply (truncated): {
  "status": "ok",
  "message": "Track list fetched",
  "tracks": [
    {
      "track_id": "1002",
      "name": "Arranger",
      "track_type": "track",
      "is_audio": false,
      "is_audio_track": false,
ZmqGateway: received command payload: {"action":"import_media_to_track","file_path":"D:/Vit_DAW/test_100hz_10s.wav","media_type":"audio","start_time":0.925359725952148,"track_id":"1007"}
ZmqGateway: dispatching payload to JUCE message thread.
VitHeadlessService: processing queued command on JUCE message thread: {"action":"import_media_to_track","file_path":"D:/Vit_DAW/test_100hz_10s.wav","media_type":"audio","start_time":0.925359725952148,"track_id":"1007"}
Command received: {"action":"import_media_to_track","file_path":"D:/Vit_DAW/test_100hz_10s.wav","media_type":"audio","start_time":0.925359725952148,"track_id":"1007"}
VitHeadlessService: project saved to D:\Vit_DAW\VitApp\Workspace\default_project.xml
CommandDispatcher::handleImportMediaToTrack: clipId="1011" clip="test_100hz_10s" trackId="1007" source="D:\Vit_DAW\test_100hz_10s.wav" lengthSec=10.000 isPlaying=false isRecording=false playContextActive=true positionSeconds=0.000 editLengthSeconds=10.925
Command executed: import_media_to_track, result: {
  "status": "success",
  "action": "import_media_to_track",
  "clip_id": "1011",
  "track_id": "1007",
  "start_time": 0.925359725952148,
  "resolved_start_time": 0.925359725952148,
  "length": 10.0,
  "applied_mode": "destructive",
  "clip_name": "test_100hz_10s",
  "file_path": "D:\\Vit_DAW\\test_100hz_10s.wav",
  "edit_length_seconds": 10.925359725952148,
  "baking_status": "baking_started"
}
VitHeadlessService: command reply (truncated): {
  "status": "success",
  "action": "import_media_to_track",
  "clip_id": "1011",
  "track_id": "1007",
  "start_time": 0.925359725952148,
  "resolved_start_time": 0.925359725952148,
  "length": 10.0,
  "applied
ZmqGateway: received command payload: {"cmd":"get_project_state"}
ZmqGateway: dispatching payload to JUCE message thread.
VitHeadlessService: processing queued command on JUCE message thread: {"cmd":"get_project_state"}
Command received: {"cmd":"get_project_state"}
Command executed: get_project_state, result: {
  "status": "ok",
  "project_path": "",
  "tracks": [
    {
      "track_id": "1002",
      "track_name": "Arranger",
      "track_type": "track",
      "is_audio_track": false,
      "is_audio": false,
      "plugins": [],
      "clips": []
    },
    {
      "track_id": "1003",
      "track_name": "Chord",
      "track_type": "track",
      "is_audio_track": false,
      "is_audio": false,
      "plugins": [],
      "clips": []
    },
    {
      "track_id": "1004",
      "track_name": "Marker",
      "track_type": "track",
      "is_audio_track": false,
      "is_audio": false,
      "plugins": [],
      "clips": []
    },
    {
      "track_id": "1005",
      "track_name": "Tempo",
      "track_type": "track",
      "is_audio_track": false,
      "is_audio": false,
      "plugins": [],
      "clips": []
    },
    {
      "track_id": "1006",
      "track_name": "Master",
      "track_type": "master",
      "is_audio_track": false,
      "is_audio": false,
      "plugins": [],
      "clips": []
    },
    {
      "track_id": "1007",
      "track_name": "Track 1",
      "track_type": "hybrid",
      "is_audio_track": true,
      "is_audio": true,
      "plugins": [
        {
          "id": "1008",
          "item_id": "1008",
          "name": "Volume & Pan Plugin",
          "type": "volume",
          "enabled": true
        },
        {
          "id": "1009",
          "item_id": "1009",
          "name": "Level Meter",
          "type": "level",
          "enabled": true
        }
      ],
      "clips": [
        {
          "id": "1011",
          "name": "test_100hz_10s",
          "clip_type": "wave",
          "start_seconds": 0.925359725952148,
          "end_seconds": 10.925359725952148,
          "length_seconds": 10.0,
          "file_path": "D:\\Vit_DAW\\test_100hz_10s.wav",
          "current_source_path": "D:\\Vit_DAW\\test_100hz_10s.wav",
          "playback_source_valid": true
        }
      ],
      "output_to_device_resolved": true,
      "output_device_enabled": true,
      "output_device_id": "out_b7a4b4c1",
      "output_routing_name": "(default audio output)"
    }
  ]
}
VitHeadlessService: command reply (truncated): {
  "status": "ok",
  "project_path": "",
  "tracks": [
    {
      "track_id": "1002",
      "track_name": "Arranger",
      "track_type": "track",
      "is_audio_track": false,
      "is_audio": false,
     
ZmqGateway: received command payload: {"cmd":"list_tracks"}
ZmqGateway: dispatching payload to JUCE message thread.
VitHeadlessService: processing queued command on JUCE message thread: {"cmd":"list_tracks"}
Command received: {"cmd":"list_tracks"}
Command executed: list_tracks, result: {
  "status": "ok",
  "message": "Track list fetched",
  "tracks": [
    {
      "track_id": "1002",
      "name": "Arranger",
      "track_type": "track",
      "is_audio": false,
      "is_audio_track": false,
      "vit_type": "",
      "vit_intent": "",
      "plugin_count": 0,
      "plugins": []
    },
    {
      "track_id": "1003",
      "name": "Chord",
      "track_type": "track",
      "is_audio": false,
      "is_audio_track": false,
      "vit_type": "",
      "vit_intent": "",
      "plugin_count": 0,
      "plugins": []
    },
    {
      "track_id": "1004",
      "name": "Marker",
      "track_type": "track",
      "is_audio": false,
      "is_audio_track": false,
      "vit_type": "",
      "vit_intent": "",
      "plugin_count": 0,
      "plugins": []
    },
    {
      "track_id": "1005",
      "name": "Tempo",
      "track_type": "track",
      "is_audio": false,
      "is_audio_track": false,
      "vit_type": "",
      "vit_intent": "",
      "plugin_count": 0,
      "plugins": []
    },
    {
      "track_id": "1006",
      "name": "Master",
      "track_type": "master",
      "is_audio": false,
      "is_audio_track": false,
      "vit_type": "",
      "vit_intent": "",
      "plugin_count": 0,
      "plugins": []
    },
    {
      "track_id": "1007",
      "name": "Track 1",
      "track_type": "hybrid",
      "is_audio": true,
      "is_audio_track": true,
      "vit_type": "",
      "vit_intent": "",
      "plugin_count": 2,
      "plugins": [
        {
          "name": "Volume & Pan Plugin",
          "type": "volume",
          "enabled": true
        },
        {
          "name": "Level Meter",
          "type": "level",
          "enabled": true
        }
      ]
    }
  ]
}
VitHeadlessService: command reply (truncated): {
  "status": "ok",
  "message": "Track list fetched",
  "tracks": [
    {
      "track_id": "1002",
      "name": "Arranger",
      "track_type": "track",
      "is_audio": false,
      "is_audio_track": false,
ZmqGateway: received command payload: {"action":"import_media_to_track","file_path":"D:/Vit_DAW/test_target_3s.wav","media_type":"audio","start_time":17.2835731506348,"track_id":"1007"}
ZmqGateway: dispatching payload to JUCE message thread.
VitHeadlessService: processing queued command on JUCE message thread: {"action":"import_media_to_track","file_path":"D:/Vit_DAW/test_target_3s.wav","media_type":"audio","start_time":17.2835731506348,"track_id":"1007"}
Command received: {"action":"import_media_to_track","file_path":"D:/Vit_DAW/test_target_3s.wav","media_type":"audio","start_time":17.2835731506348,"track_id":"1007"}
VitHeadlessService: project saved to D:\Vit_DAW\VitApp\Workspace\default_project.xml
CommandDispatcher::handleImportMediaToTrack: clipId="1013" clip="test_target_3s" trackId="1007" source="D:\Vit_DAW\test_target_3s.wav" lengthSec=3.000 isPlaying=false isRecording=false playContextActive=true positionSeconds=0.000 editLengthSeconds=20.284
Command executed: import_media_to_track, result: {
  "status": "success",
  "action": "import_media_to_track",
  "clip_id": "1013",
  "track_id": "1007",
  "start_time": 17.283573150634801,
  "resolved_start_time": 17.283573150634801,
  "length": 3.0,
  "applied_mode": "destructive",
  "clip_name": "test_target_3s",
  "file_path": "D:\\Vit_DAW\\test_target_3s.wav",
  "edit_length_seconds": 20.283573150634801,
  "baking_status": "baking_started"
}
VitHeadlessService: command reply (truncated): {
  "status": "success",
  "action": "import_media_to_track",
  "clip_id": "1013",
  "track_id": "1007",
  "start_time": 17.283573150634801,
  "resolved_start_time": 17.283573150634801,
  "length": 3.0,
  "applie
ZmqGateway: received command payload: {"cmd":"get_project_state"}
ZmqGateway: dispatching payload to JUCE message thread.
VitHeadlessService: processing queued command on JUCE message thread: {"cmd":"get_project_state"}
Command received: {"cmd":"get_project_state"}
Command executed: get_project_state, result: {
  "status": "ok",
  "project_path": "",
  "tracks": [
    {
      "track_id": "1002",
      "track_name": "Arranger",
      "track_type": "track",
      "is_audio_track": false,
      "is_audio": false,
      "plugins": [],
      "clips": []
    },
    {
      "track_id": "1003",
      "track_name": "Chord",
      "track_type": "track",
      "is_audio_track": false,
      "is_audio": false,
      "plugins": [],
      "clips": []
    },
    {
      "track_id": "1004",
      "track_name": "Marker",
      "track_type": "track",
      "is_audio_track": false,
      "is_audio": false,
      "plugins": [],
      "clips": []
    },
    {
      "track_id": "1005",
      "track_name": "Tempo",
      "track_type": "track",
      "is_audio_track": false,
      "is_audio": false,
      "plugins": [],
      "clips": []
    },
    {
      "track_id": "1006",
      "track_name": "Master",
      "track_type": "master",
      "is_audio_track": false,
      "is_audio": false,
      "plugins": [],
      "clips": []
    },
    {
      "track_id": "1007",
      "track_name": "Track 1",
      "track_type": "hybrid",
      "is_audio_track": true,
      "is_audio": true,
      "plugins": [
        {
          "id": "1008",
          "item_id": "1008",
          "name": "Volume & Pan Plugin",
          "type": "volume",
          "enabled": true
        },
        {
          "id": "1009",
          "item_id": "1009",
          "name": "Level Meter",
          "type": "level",
          "enabled": true
        }
      ],
      "clips": [
        {
          "id": "1011",
          "name": "test_100hz_10s",
          "clip_type": "wave",
          "start_seconds": 0.925359725952148,
          "end_seconds": 10.925359725952148,
          "length_seconds": 10.0,
          "file_path": "D:\\Vit_DAW\\test_100hz_10s.wav",
          "current_source_path": "D:\\Vit_DAW\\test_100hz_10s.wav",
          "playback_source_valid": true
        },
        {
          "id": "1013",
          "name": "test_target_3s",
          "clip_type": "wave",
          "start_seconds": 17.283573150634801,
          "end_seconds": 20.283573150634801,
          "length_seconds": 3.0,
          "file_path": "D:\\Vit_DAW\\test_target_3s.wav",
          "current_source_path": "D:\\Vit_DAW\\test_target_3s.wav",
          "playback_source_valid": true
        }
      ],
      "output_to_device_resolved": true,
      "output_device_enabled": true,
      "output_device_id": "out_b7a4b4c1",
      "output_routing_name": "(default audio output)"
    }
  ]
}
VitHeadlessService: command reply (truncated): {
  "status": "ok",
  "project_path": "",
  "tracks": [
    {
      "track_id": "1002",
      "track_name": "Arranger",
      "track_type": "track",
      "is_audio_track": false,
      "is_audio": false,
     
ZmqGateway: received command payload: {"cmd":"list_tracks"}
ZmqGateway: dispatching payload to JUCE message thread.
VitHeadlessService: processing queued command on JUCE message thread: {"cmd":"list_tracks"}
Command received: {"cmd":"list_tracks"}
Command executed: list_tracks, result: {
  "status": "ok",
  "message": "Track list fetched",
  "tracks": [
    {
      "track_id": "1002",
      "name": "Arranger",
      "track_type": "track",
      "is_audio": false,
      "is_audio_track": false,
      "vit_type": "",
      "vit_intent": "",
      "plugin_count": 0,
      "plugins": []
    },
    {
      "track_id": "1003",
      "name": "Chord",
      "track_type": "track",
      "is_audio": false,
      "is_audio_track": false,
      "vit_type": "",
      "vit_intent": "",
      "plugin_count": 0,
      "plugins": []
    },
    {
      "track_id": "1004",
      "name": "Marker",
      "track_type": "track",
      "is_audio": false,
      "is_audio_track": false,
      "vit_type": "",
      "vit_intent": "",
      "plugin_count": 0,
      "plugins": []
    },
    {
      "track_id": "1005",
      "name": "Tempo",
      "track_type": "track",
      "is_audio": false,
      "is_audio_track": false,
      "vit_type": "",
      "vit_intent": "",
      "plugin_count": 0,
      "plugins": []
    },
    {
      "track_id": "1006",
      "name": "Master",
      "track_type": "master",
      "is_audio": false,
      "is_audio_track": false,
      "vit_type": "",
      "vit_intent": "",
      "plugin_count": 0,
      "plugins": []
    },
    {
      "track_id": "1007",
      "name": "Track 1",
      "track_type": "hybrid",
      "is_audio": true,
      "is_audio_track": true,
      "vit_type": "",
      "vit_intent": "",
      "plugin_count": 2,
      "plugins": [
        {
          "name": "Volume & Pan Plugin",
          "type": "volume",
          "enabled": true
        },
        {
          "name": "Level Meter",
          "type": "level",
          "enabled": true
        }
      ]
    }
  ]
}
VitHeadlessService: command reply (truncated): {
  "status": "ok",
  "message": "Track list fetched",
  "tracks": [
    {
      "track_id": "1002",
      "name": "Arranger",
      "track_type": "track",
      "is_audio": false,
      "is_audio_track": false,
ZmqGateway: received command payload: {"cmd":"undo"}
ZmqGateway: dispatching payload to JUCE message thread.
VitHeadlessService: processing queued command on JUCE message thread: {"cmd":"undo"}
Command received: {"cmd":"undo"}
Command executed: undo, result: {
  "status": "ok",
  "message": "Undo executed"
}
VitHeadlessService: command reply (truncated): {
  "status": "ok",
  "message": "Undo executed"
}
ZmqGateway: received command payload: {"cmd":"get_project_state"}
ZmqGateway: dispatching payload to JUCE message thread.
VitHeadlessService: processing queued command on JUCE message thread: {"cmd":"get_project_state"}
Command received: {"cmd":"get_project_state"}
Command executed: get_project_state, result: {
  "status": "ok",
  "project_path": "",
  "tracks": [
    {
      "track_id": "1002",
      "track_name": "Arranger",
      "track_type": "track",
      "is_audio_track": false,
      "is_audio": false,
      "plugins": [],
      "clips": []
    },
    {
      "track_id": "1003",
      "track_name": "Chord",
      "track_type": "track",
      "is_audio_track": false,
      "is_audio": false,
      "plugins": [],
      "clips": []
    },
    {
      "track_id": "1004",
      "track_name": "Marker",
      "track_type": "track",
      "is_audio_track": false,
      "is_audio": false,
      "plugins": [],
      "clips": []
    },
    {
      "track_id": "1005",
      "track_name": "Tempo",
      "track_type": "track",
      "is_audio_track": false,
      "is_audio": false,
      "plugins": [],
      "clips": []
    },
    {
      "track_id": "1006",
      "track_name": "Master",
      "track_type": "master",
      "is_audio_track": false,
      "is_audio": false,
      "plugins": [],
      "clips": []
    },
    {
      "track_id": "1007",
      "track_name": "Track 1",
      "track_type": "hybrid",
      "is_audio_track": true,
      "is_audio": true,
      "plugins": [
        {
          "id": "1008",
          "item_id": "1008",
          "name": "Volume & Pan Plugin",
          "type": "volume",
          "enabled": true
        },
        {
          "id": "1009",
          "item_id": "1009",
          "name": "Level Meter",
          "type": "level",
          "enabled": true
        }
      ],
      "clips": [
        {
          "id": "1011",
          "name": "test_100hz_10s",
          "clip_type": "wave",
          "start_seconds": 0.925359725952148,
          "end_seconds": 10.925359725952148,
          "length_seconds": 10.0,
          "file_path": "D:\\Vit_DAW\\test_100hz_10s.wav",
          "current_source_path": "D:\\Vit_DAW\\test_100hz_10s.wav",
          "playback_source_valid": true
        }
      ],
      "output_to_device_resolved": true,
      "output_device_enabled": true,
      "output_device_id": "out_b7a4b4c1",
      "output_routing_name": "(default audio output)"
    }
  ]
}
VitHeadlessService: command reply (truncated): {
  "status": "ok",
  "project_path": "",
  "tracks": [
    {
      "track_id": "1002",
      "track_name": "Arranger",
      "track_type": "track",
      "is_audio_track": false,
      "is_audio": false,
     
ZmqGateway: received command payload: {"cmd":"list_tracks"}
ZmqGateway: dispatching payload to JUCE message thread.
VitHeadlessService: processing queued command on JUCE message thread: {"cmd":"list_tracks"}
Command received: {"cmd":"list_tracks"}
Command executed: list_tracks, result: {
  "status": "ok",
  "message": "Track list fetched",
  "tracks": [
    {
      "track_id": "1002",
      "name": "Arranger",
      "track_type": "track",
      "is_audio": false,
      "is_audio_track": false,
      "vit_type": "",
      "vit_intent": "",
      "plugin_count": 0,
      "plugins": []
    },
    {
      "track_id": "1003",
      "name": "Chord",
      "track_type": "track",
      "is_audio": false,
      "is_audio_track": false,
      "vit_type": "",
      "vit_intent": "",
      "plugin_count": 0,
      "plugins": []
    },
    {
      "track_id": "1004",
      "name": "Marker",
      "track_type": "track",
      "is_audio": false,
      "is_audio_track": false,
      "vit_type": "",
      "vit_intent": "",
      "plugin_count": 0,
      "plugins": []
    },
    {
      "track_id": "1005",
      "name": "Tempo",
      "track_type": "track",
      "is_audio": false,
      "is_audio_track": false,
      "vit_type": "",
      "vit_intent": "",
      "plugin_count": 0,
      "plugins": []
    },
    {
      "track_id": "1006",
      "name": "Master",
      "track_type": "master",
      "is_audio": false,
      "is_audio_track": false,
      "vit_type": "",
      "vit_intent": "",
      "plugin_count": 0,
      "plugins": []
    },
    {
      "track_id": "1007",
      "name": "Track 1",
      "track_type": "hybrid",
      "is_audio": true,
      "is_audio_track": true,
      "vit_type": "",
      "vit_intent": "",
      "plugin_count": 2,
      "plugins": [
        {
          "name": "Volume & Pan Plugin",
          "type": "volume",
          "enabled": true
        },
        {
          "name": "Level Meter",
          "type": "level",
          "enabled": true
        }
      ]
    }
  ]
}
VitHeadlessService: command reply (truncated): {
  "status": "ok",
  "message": "Track list fetched",
  "tracks": [
    {
      "track_id": "1002",
      "name": "Arranger",
      "track_type": "track",
      "is_audio": false,
      "is_audio_track": false,
ZmqGateway: received command payload: {"cmd":"redo"}
ZmqGateway: dispatching payload to JUCE message thread.
VitHeadlessService: processing queued command on JUCE message thread: {"cmd":"redo"}
Command received: {"cmd":"redo"}
Command executed: redo, result: {
  "status": "ok",
  "message": "Redo executed"
}
VitHeadlessService: command reply (truncated): {
  "status": "ok",
  "message": "Redo executed"
}
ZmqGateway: received command payload: {"cmd":"get_project_state"}
ZmqGateway: dispatching payload to JUCE message thread.
VitHeadlessService: processing queued command on JUCE message thread: {"cmd":"get_project_state"}
Command received: {"cmd":"get_project_state"}
Command executed: get_project_state, result: {
  "status": "ok",
  "project_path": "",
  "tracks": [
    {
      "track_id": "1002",
      "track_name": "Arranger",
      "track_type": "track",
      "is_audio_track": false,
      "is_audio": false,
      "plugins": [],
      "clips": []
    },
    {
      "track_id": "1003",
      "track_name": "Chord",
      "track_type": "track",
      "is_audio_track": false,
      "is_audio": false,
      "plugins": [],
      "clips": []
    },
    {
      "track_id": "1004",
      "track_name": "Marker",
      "track_type": "track",
      "is_audio_track": false,
      "is_audio": false,
      "plugins": [],
      "clips": []
    },
    {
      "track_id": "1005",
      "track_name": "Tempo",
      "track_type": "track",
      "is_audio_track": false,
      "is_audio": false,
      "plugins": [],
      "clips": []
    },
    {
      "track_id": "1006",
      "track_name": "Master",
      "track_type": "master",
      "is_audio_track": false,
      "is_audio": false,
      "plugins": [],
      "clips": []
    },
    {
      "track_id": "1007",
      "track_name": "Track 1",
      "track_type": "hybrid",
      "is_audio_track": true,
      "is_audio": true,
      "plugins": [
        {
          "id": "1008",
          "item_id": "1008",
          "name": "Volume & Pan Plugin",
          "type": "volume",
          "enabled": true
        },
        {
          "id": "1009",
          "item_id": "1009",
          "name": "Level Meter",
          "type": "level",
          "enabled": true
        }
      ],
      "clips": [
        {
          "id": "1011",
          "name": "test_100hz_10s",
          "clip_type": "wave",
          "start_seconds": 0.925359725952148,
          "end_seconds": 10.925359725952148,
          "length_seconds": 10.0,
          "file_path": "D:\\Vit_DAW\\test_100hz_10s.wav",
          "current_source_path": "D:\\Vit_DAW\\test_100hz_10s.wav",
          "playback_source_valid": true
        },
        {
          "id": "1013",
          "name": "test_target_3s",
          "clip_type": "wave",
          "start_seconds": 17.283573150634801,
          "end_seconds": 20.283573150634801,
          "length_seconds": 3.0,
          "file_path": "D:\\Vit_DAW\\test_target_3s.wav",
          "current_source_path": "D:\\Vit_DAW\\test_target_3s.wav",
          "playback_source_valid": true
        }
      ],
      "output_to_device_resolved": true,
      "output_device_enabled": true,
      "output_device_id": "out_b7a4b4c1",
      "output_routing_name": "(default audio output)"
    }
  ]
}
VitHeadlessService: command reply (truncated): {
  "status": "ok",
  "project_path": "",
  "tracks": [
    {
      "track_id": "1002",
      "track_name": "Arranger",
      "track_type": "track",
      "is_audio_track": false,
      "is_audio": false,
     
ZmqGateway: received command payload: {"clip_id":"1013","cmd":"warm_waveform_bake","file_path":"D:\\Vit_DAW\\test_target_3s.wav","track_id":"1007"}
ZmqGateway: dispatching payload to JUCE message thread.
VitHeadlessService: processing queued command on JUCE message thread: {"clip_id":"1013","cmd":"warm_waveform_bake","file_path":"D:\\Vit_DAW\\test_target_3s.wav","track_id":"1007"}
Command received: {"clip_id":"1013","cmd":"warm_waveform_bake","file_path":"D:\\Vit_DAW\\test_target_3s.wav","track_id":"1007"}
Command executed: warm_waveform_bake, result: {
  "status": "ok",
  "cmd": "warm_waveform_bake",
  "track_id": "1007",
  "clip_id": "1013",
  "file_path": "D:\\Vit_DAW\\test_target_3s.wav",
  "message": "Waveform bake started (no new clip inserted)"
}
VitHeadlessService: command reply (truncated): {
  "status": "ok",
  "cmd": "warm_waveform_bake",
  "track_id": "1007",
  "clip_id": "1013",
  "file_path": "D:\\Vit_DAW\\test_target_3s.wav",
  "message": "Waveform bake started (no new clip inserted)"
}
ZmqGateway: received command payload: {"cmd":"list_tracks"}
ZmqGateway: dispatching payload to JUCE message thread.
VitHeadlessService: processing queued command on JUCE message thread: {"cmd":"list_tracks"}
Command received: {"cmd":"list_tracks"}
Command executed: list_tracks, result: {
  "status": "ok",
  "message": "Track list fetched",
  "tracks": [
    {
      "track_id": "1002",
      "name": "Arranger",
      "track_type": "track",
      "is_audio": false,
      "is_audio_track": false,
      "vit_type": "",
      "vit_intent": "",
      "plugin_count": 0,
      "plugins": []
    },
    {
      "track_id": "1003",
      "name": "Chord",
      "track_type": "track",
      "is_audio": false,
      "is_audio_track": false,
      "vit_type": "",
      "vit_intent": "",
      "plugin_count": 0,
      "plugins": []
    },
    {
      "track_id": "1004",
      "name": "Marker",
      "track_type": "track",
      "is_audio": false,
      "is_audio_track": false,
      "vit_type": "",
      "vit_intent": "",
      "plugin_count": 0,
      "plugins": []
    },
    {
      "track_id": "1005",
      "name": "Tempo",
      "track_type": "track",
      "is_audio": false,
      "is_audio_track": false,
      "vit_type": "",
      "vit_intent": "",
      "plugin_count": 0,
      "plugins": []
    },
    {
      "track_id": "1006",
      "name": "Master",
      "track_type": "master",
      "is_audio": false,
      "is_audio_track": false,
      "vit_type": "",
      "vit_intent": "",
      "plugin_count": 0,
      "plugins": []
    },
    {
      "track_id": "1007",
      "name": "Track 1",
      "track_type": "hybrid",
      "is_audio": true,
      "is_audio_track": true,
      "vit_type": "",
      "vit_intent": "",
      "plugin_count": 2,
      "plugins": [
        {
          "name": "Volume & Pan Plugin",
          "type": "volume",
          "enabled": true
        },
        {
          "name": "Level Meter",
          "type": "level",
          "enabled": true
        }
      ]
    }
  ]
}
VitHeadlessService: command reply (truncated): {
  "status": "ok",
  "message": "Track list fetched",
  "tracks": [
    {
      "track_id": "1002",
      "name": "Arranger",
      "track_type": "track",
      "is_audio": false,
      "is_audio_track": false,
ZmqGateway: received command payload: {"cmd":"get_recent_projects"}
ZmqGateway: dispatching payload to JUCE message thread.
VitHeadlessService: processing queued command on JUCE message thread: {"cmd":"get_recent_projects"}
Command received: {"cmd":"get_recent_projects"}
Command executed: get_recent_projects, result: {
  "status": "ok",
  "recent_projects": [
    "D:\\Godot\\project\\vit-daw-frontend\\4.4.3.vit",
    "D:\\Godot\\project\\vit-daw-frontend\\4.4.2.vit",
    "D:\\Godot\\project\\vit-daw-frontend\\4.4.1.vit",
    "D:\\Godot\\project\\vit-daw-frontend\\4.4.vit",
    "D:\\4.1.tracktionedit"
  ]
}
VitHeadlessService: command reply (truncated): {
  "status": "ok",
  "recent_projects": [
    "D:\\Godot\\project\\vit-daw-frontend\\4.4.3.vit",
    "D:\\Godot\\project\\vit-daw-frontend\\4.4.2.vit",
    "D:\\Godot\\project\\vit-daw-frontend\\4.4.1.vit",
    "D
ZmqGateway: received command payload: {"cmd":"new_project"}
ZmqGateway: dispatching payload to JUCE message thread.
VitHeadlessService: processing queued command on JUCE message thread: {"cmd":"new_project"}
Command received: {"cmd":"new_project"}
VitEngineDevice: audio IO ready for playback graph: "扬声器 (USB AUDIO  CODEC)" 48000.00 Hz, block 480 samples
Command executed: new_project, result: {
  "status": "ok",
  "message": "Blank project created"
}
VitHeadlessService: command reply (truncated): {
  "status": "ok",
  "message": "Blank project created"
}
ZmqGateway: received command payload: {"cmd":"ping"}
ZmqGateway: dispatching payload to JUCE message thread.
VitHeadlessService: processing queued command on JUCE message thread: {"cmd":"ping"}
Command received: {"cmd":"ping"}
CommandDispatcher: handled ping command.
Command executed: ping, result: {
  "status": "ok",
  "message": "pong"
}
VitHeadlessService: command reply (truncated): {
  "status": "ok",
  "message": "pong"
}
ZmqGateway: received command payload: {"cmd":"get_project_state"}
ZmqGateway: dispatching payload to JUCE message thread.
VitHeadlessService: processing queued command on JUCE message thread: {"cmd":"get_project_state"}
Command received: {"cmd":"get_project_state"}
Command executed: get_project_state, result: {
  "status": "ok",
  "project_path": "",
  "tracks": [
    {
      "track_id": "1002",
      "track_name": "Arranger",
      "track_type": "track",
      "is_audio_track": false,
      "is_audio": false,
      "plugins": [],
      "clips": []
    },
    {
      "track_id": "1003",
      "track_name": "Chord",
      "track_type": "track",
      "is_audio_track": false,
      "is_audio": false,
      "plugins": [],
      "clips": []
    },
    {
      "track_id": "1004",
      "track_name": "Marker",
      "track_type": "track",
      "is_audio_track": false,
      "is_audio": false,
      "plugins": [],
      "clips": []
    },
    {
      "track_id": "1005",
      "track_name": "Tempo",
      "track_type": "track",
      "is_audio_track": false,
      "is_audio": false,
      "plugins": [],
      "clips": []
    },
    {
      "track_id": "1006",
      "track_name": "Master",
      "track_type": "master",
      "is_audio_track": false,
      "is_audio": false,
      "plugins": [],
      "clips": []
    }
  ]
}
VitHeadlessService: command reply (truncated): {
  "status": "ok",
  "project_path": "",
  "tracks": [
    {
      "track_id": "1002",
      "track_name": "Arranger",
      "track_type": "track",
      "is_audio_track": false,
      "is_audio": false,
     
ZmqGateway: received command payload: {"cmd":"list_tracks"}
ZmqGateway: dispatching payload to JUCE message thread.
VitHeadlessService: processing queued command on JUCE message thread: {"cmd":"list_tracks"}
Command received: {"cmd":"list_tracks"}
Command executed: list_tracks, result: {
  "status": "ok",
  "message": "Track list fetched",
  "tracks": [
    {
      "track_id": "1002",
      "name": "Arranger",
      "track_type": "track",
      "is_audio": false,
      "is_audio_track": false,
      "vit_type": "",
      "vit_intent": "",
      "plugin_count": 0,
      "plugins": []
    },
    {
      "track_id": "1003",
      "name": "Chord",
      "track_type": "track",
      "is_audio": false,
      "is_audio_track": false,
      "vit_type": "",
      "vit_intent": "",
      "plugin_count": 0,
      "plugins": []
    },
    {
      "track_id": "1004",
      "name": "Marker",
      "track_type": "track",
      "is_audio": false,
      "is_audio_track": false,
      "vit_type": "",
      "vit_intent": "",
      "plugin_count": 0,
      "plugins": []
    },
    {
      "track_id": "1005",
      "name": "Tempo",
      "track_type": "track",
      "is_audio": false,
      "is_audio_track": false,
      "vit_type": "",
      "vit_intent": "",
      "plugin_count": 0,
      "plugins": []
    },
    {
      "track_id": "1006",
      "name": "Master",
      "track_type": "master",
      "is_audio": false,
      "is_audio_track": false,
      "vit_type": "",
      "vit_intent": "",
      "plugin_count": 0,
      "plugins": []
    }
  ]
}
VitHeadlessService: command reply (truncated): {
  "status": "ok",
  "message": "Track list fetched",
  "tracks": [
    {
      "track_id": "1002",
      "name": "Arranger",
      "track_type": "track",
      "is_audio": false,
      "is_audio_track": false,
ZmqGateway: received command payload: {"cmd":"list_tracks"}
ZmqGateway: dispatching payload to JUCE message thread.
VitHeadlessService: processing queued command on JUCE message thread: {"cmd":"list_tracks"}
Command received: {"cmd":"list_tracks"}
Command executed: list_tracks, result: {
  "status": "ok",
  "message": "Track list fetched",
  "tracks": [
    {
      "track_id": "1002",
      "name": "Arranger",
      "track_type": "track",
      "is_audio": false,
      "is_audio_track": false,
      "vit_type": "",
      "vit_intent": "",
      "plugin_count": 0,
      "plugins": []
    },
    {
      "track_id": "1003",
      "name": "Chord",
      "track_type": "track",
      "is_audio": false,
      "is_audio_track": false,
      "vit_type": "",
      "vit_intent": "",
      "plugin_count": 0,
      "plugins": []
    },
    {
      "track_id": "1004",
      "name": "Marker",
      "track_type": "track",
      "is_audio": false,
      "is_audio_track": false,
      "vit_type": "",
      "vit_intent": "",
      "plugin_count": 0,
      "plugins": []
    },
    {
      "track_id": "1005",
      "name": "Tempo",
      "track_type": "track",
      "is_audio": false,
      "is_audio_track": false,
      "vit_type": "",
      "vit_intent": "",
      "plugin_count": 0,
      "plugins": []
    },
    {
      "track_id": "1006",
      "name": "Master",
      "track_type": "master",
      "is_audio": false,
      "is_audio_track": false,
      "vit_type": "",
      "vit_intent": "",
      "plugin_count": 0,
      "plugins": []
    }
  ]
}
VitHeadlessService: command reply (truncated): {
  "status": "ok",
  "message": "Track list fetched",
  "tracks": [
    {
      "track_id": "1002",
      "name": "Arranger",
      "track_type": "track",
      "is_audio": false,
      "is_audio_track": false,
ZmqGateway: received command payload: {"cmd":"add_track","type":"hybrid"}
ZmqGateway: dispatching payload to JUCE message thread.
VitHeadlessService: processing queued command on JUCE message thread: {"cmd":"add_track","type":"hybrid"}
Command received: {"cmd":"add_track","type":"hybrid"}
VitHeadlessService: project saved to D:\Vit_DAW\VitApp\Workspace\default_project.xml
Command executed: add_track, result: {
  "status": "ok",
  "message": "Track added",
  "track_id": "1007",
  "track_name": "Track 1"
}
VitHeadlessService: command reply (truncated): {
  "status": "ok",
  "message": "Track added",
  "track_id": "1007",
  "track_name": "Track 1"
}
ZmqGateway: received command payload: {"cmd":"list_tracks"}
ZmqGateway: dispatching payload to JUCE message thread.
VitHeadlessService: processing queued command on JUCE message thread: {"cmd":"list_tracks"}
Command received: {"cmd":"list_tracks"}
Command executed: list_tracks, result: {
  "status": "ok",
  "message": "Track list fetched",
  "tracks": [
    {
      "track_id": "1002",
      "name": "Arranger",
      "track_type": "track",
      "is_audio": false,
      "is_audio_track": false,
      "vit_type": "",
      "vit_intent": "",
      "plugin_count": 0,
      "plugins": []
    },
    {
      "track_id": "1003",
      "name": "Chord",
      "track_type": "track",
      "is_audio": false,
      "is_audio_track": false,
      "vit_type": "",
      "vit_intent": "",
      "plugin_count": 0,
      "plugins": []
    },
    {
      "track_id": "1004",
      "name": "Marker",
      "track_type": "track",
      "is_audio": false,
      "is_audio_track": false,
      "vit_type": "",
      "vit_intent": "",
      "plugin_count": 0,
      "plugins": []
    },
    {
      "track_id": "1005",
      "name": "Tempo",
      "track_type": "track",
      "is_audio": false,
      "is_audio_track": false,
      "vit_type": "",
      "vit_intent": "",
      "plugin_count": 0,
      "plugins": []
    },
    {
      "track_id": "1006",
      "name": "Master",
      "track_type": "master",
      "is_audio": false,
      "is_audio_track": false,
      "vit_type": "",
      "vit_intent": "",
      "plugin_count": 0,
      "plugins": []
    },
    {
      "track_id": "1007",
      "name": "Track 1",
      "track_type": "hybrid",
      "is_audio": true,
      "is_audio_track": true,
      "vit_type": "",
      "vit_intent": "",
      "plugin_count": 2,
      "plugins": [
        {
          "name": "Volume & Pan Plugin",
          "type": "volume",
          "enabled": true
        },
        {
          "name": "Level Meter",
          "type": "level",
          "enabled": true
        }
      ]
    }
  ]
}
VitHeadlessService: command reply (truncated): {
  "status": "ok",
  "message": "Track list fetched",
  "tracks": [
    {
      "track_id": "1002",
      "name": "Arranger",
      "track_type": "track",
      "is_audio": false,
      "is_audio_track": false,
ZmqGateway: received command payload: {"cmd":"get_project_state"}
ZmqGateway: dispatching payload to JUCE message thread.
VitHeadlessService: processing queued command on JUCE message thread: {"cmd":"get_project_state"}
Command received: {"cmd":"get_project_state"}
Command executed: get_project_state, result: {
  "status": "ok",
  "project_path": "",
  "tracks": [
    {
      "track_id": "1002",
      "track_name": "Arranger",
      "track_type": "track",
      "is_audio_track": false,
      "is_audio": false,
      "plugins": [],
      "clips": []
    },
    {
      "track_id": "1003",
      "track_name": "Chord",
      "track_type": "track",
      "is_audio_track": false,
      "is_audio": false,
      "plugins": [],
      "clips": []
    },
    {
      "track_id": "1004",
      "track_name": "Marker",
      "track_type": "track",
      "is_audio_track": false,
      "is_audio": false,
      "plugins": [],
      "clips": []
    },
    {
      "track_id": "1005",
      "track_name": "Tempo",
      "track_type": "track",
      "is_audio_track": false,
      "is_audio": false,
      "plugins": [],
      "clips": []
    },
    {
      "track_id": "1006",
      "track_name": "Master",
      "track_type": "master",
      "is_audio_track": false,
      "is_audio": false,
      "plugins": [],
      "clips": []
    },
    {
      "track_id": "1007",
      "track_name": "Track 1",
      "track_type": "hybrid",
      "is_audio_track": true,
      "is_audio": true,
      "plugins": [
        {
          "id": "1008",
          "item_id": "1008",
          "name": "Volume & Pan Plugin",
          "type": "volume",
          "enabled": true
        },
        {
          "id": "1009",
          "item_id": "1009",
          "name": "Level Meter",
          "type": "level",
          "enabled": true
        }
      ],
      "clips": [],
      "output_to_device_resolved": true,
      "output_device_enabled": true,
      "output_device_id": "out_b7a4b4c1",
      "output_routing_name": "(default audio output)"
    }
  ]
}
VitHeadlessService: command reply (truncated): {
  "status": "ok",
  "project_path": "",
  "tracks": [
    {
      "track_id": "1002",
      "track_name": "Arranger",
      "track_type": "track",
      "is_audio_track": false,
      "is_audio": false,
     
ZmqGateway: received command payload: {"cmd":"list_tracks"}
ZmqGateway: dispatching payload to JUCE message thread.
VitHeadlessService: processing queued command on JUCE message thread: {"cmd":"list_tracks"}
Command received: {"cmd":"list_tracks"}
Command executed: list_tracks, result: {
  "status": "ok",
  "message": "Track list fetched",
  "tracks": [
    {
      "track_id": "1002",
      "name": "Arranger",
      "track_type": "track",
      "is_audio": false,
      "is_audio_track": false,
      "vit_type": "",
      "vit_intent": "",
      "plugin_count": 0,
      "plugins": []
    },
    {
      "track_id": "1003",
      "name": "Chord",
      "track_type": "track",
      "is_audio": false,
      "is_audio_track": false,
      "vit_type": "",
      "vit_intent": "",
      "plugin_count": 0,
      "plugins": []
    },
    {
      "track_id": "1004",
      "name": "Marker",
      "track_type": "track",
      "is_audio": false,
      "is_audio_track": false,
      "vit_type": "",
      "vit_intent": "",
      "plugin_count": 0,
      "plugins": []
    },
    {
      "track_id": "1005",
      "name": "Tempo",
      "track_type": "track",
      "is_audio": false,
      "is_audio_track": false,
      "vit_type": "",
      "vit_intent": "",
      "plugin_count": 0,
      "plugins": []
    },
    {
      "track_id": "1006",
      "name": "Master",
      "track_type": "master",
      "is_audio": false,
      "is_audio_track": false,
      "vit_type": "",
      "vit_intent": "",
      "plugin_count": 0,
      "plugins": []
    },
    {
      "track_id": "1007",
      "name": "Track 1",
      "track_type": "hybrid",
      "is_audio": true,
      "is_audio_track": true,
      "vit_type": "",
      "vit_intent": "",
      "plugin_count": 2,
      "plugins": [
        {
          "name": "Volume & Pan Plugin",
          "type": "volume",
          "enabled": true
        },
        {
          "name": "Level Meter",
          "type": "level",
          "enabled": true
        }
      ]
    }
  ]
}
VitHeadlessService: command reply (truncated): {
  "status": "ok",
  "message": "Track list fetched",
  "tracks": [
    {
      "track_id": "1002",
      "name": "Arranger",
      "track_type": "track",
      "is_audio": false,
      "is_audio_track": false,
ZmqGateway: received command payload: {"action":"import_media_to_track","file_path":"D:/Vit_DAW/test_100hz_10s.wav","media_type":"audio","start_time":0.0,"track_id":"1007"}
ZmqGateway: dispatching payload to JUCE message thread.
VitHeadlessService: processing queued command on JUCE message thread: {"action":"import_media_to_track","file_path":"D:/Vit_DAW/test_100hz_10s.wav","media_type":"audio","start_time":0.0,"track_id":"1007"}
Command received: {"action":"import_media_to_track","file_path":"D:/Vit_DAW/test_100hz_10s.wav","media_type":"audio","start_time":0.0,"track_id":"1007"}
VitHeadlessService: project saved to D:\Vit_DAW\VitApp\Workspace\default_project.xml
CommandDispatcher::handleImportMediaToTrack: clipId="1011" clip="test_100hz_10s" trackId="1007" source="D:\Vit_DAW\test_100hz_10s.wav" lengthSec=10.000 isPlaying=false isRecording=false playContextActive=true positionSeconds=0.000 editLengthSeconds=10.000
Command executed: import_media_to_track, result: {
  "status": "success",
  "action": "import_media_to_track",
  "clip_id": "1011",
  "track_id": "1007",
  "start_time": 0.0,
  "resolved_start_time": 0.0,
  "length": 10.0,
  "applied_mode": "destructive",
  "clip_name": "test_100hz_10s",
  "file_path": "D:\\Vit_DAW\\test_100hz_10s.wav",
  "edit_length_seconds": 10.0,
  "baking_status": "baking_started"
}
VitHeadlessService: command reply (truncated): {
  "status": "success",
  "action": "import_media_to_track",
  "clip_id": "1011",
  "track_id": "1007",
  "start_time": 0.0,
  "resolved_start_time": 0.0,
  "length": 10.0,
  "applied_mode": "destructive",
  "c
ZmqGateway: received command payload: {"cmd":"get_project_state"}
ZmqGateway: dispatching payload to JUCE message thread.
VitHeadlessService: processing queued command on JUCE message thread: {"cmd":"get_project_state"}
Command received: {"cmd":"get_project_state"}
Command executed: get_project_state, result: {
  "status": "ok",
  "project_path": "",
  "tracks": [
    {
      "track_id": "1002",
      "track_name": "Arranger",
      "track_type": "track",
      "is_audio_track": false,
      "is_audio": false,
      "plugins": [],
      "clips": []
    },
    {
      "track_id": "1003",
      "track_name": "Chord",
      "track_type": "track",
      "is_audio_track": false,
      "is_audio": false,
      "plugins": [],
      "clips": []
    },
    {
      "track_id": "1004",
      "track_name": "Marker",
      "track_type": "track",
      "is_audio_track": false,
      "is_audio": false,
      "plugins": [],
      "clips": []
    },
    {
      "track_id": "1005",
      "track_name": "Tempo",
      "track_type": "track",
      "is_audio_track": false,
      "is_audio": false,
      "plugins": [],
      "clips": []
    },
    {
      "track_id": "1006",
      "track_name": "Master",
      "track_type": "master",
      "is_audio_track": false,
      "is_audio": false,
      "plugins": [],
      "clips": []
    },
    {
      "track_id": "1007",
      "track_name": "Track 1",
      "track_type": "hybrid",
      "is_audio_track": true,
      "is_audio": true,
      "plugins": [
        {
          "id": "1008",
          "item_id": "1008",
          "name": "Volume & Pan Plugin",
          "type": "volume",
          "enabled": true
        },
        {
          "id": "1009",
          "item_id": "1009",
          "name": "Level Meter",
          "type": "level",
          "enabled": true
        }
      ],
      "clips": [
        {
          "id": "1011",
          "name": "test_100hz_10s",
          "clip_type": "wave",
          "start_seconds": 0.0,
          "end_seconds": 10.0,
          "length_seconds": 10.0,
          "file_path": "D:\\Vit_DAW\\test_100hz_10s.wav",
          "current_source_path": "D:\\Vit_DAW\\test_100hz_10s.wav",
          "playback_source_valid": true
        }
      ],
      "output_to_device_resolved": true,
      "output_device_enabled": true,
      "output_device_id": "out_b7a4b4c1",
      "output_routing_name": "(default audio output)"
    }
  ]
}
VitHeadlessService: command reply (truncated): {
  "status": "ok",
  "project_path": "",
  "tracks": [
    {
      "track_id": "1002",
      "track_name": "Arranger",
      "track_type": "track",
      "is_audio_track": false,
      "is_audio": false,
     
ZmqGateway: received command payload: {"cmd":"list_tracks"}
ZmqGateway: dispatching payload to JUCE message thread.
VitHeadlessService: processing queued command on JUCE message thread: {"cmd":"list_tracks"}
Command received: {"cmd":"list_tracks"}
Command executed: list_tracks, result: {
  "status": "ok",
  "message": "Track list fetched",
  "tracks": [
    {
      "track_id": "1002",
      "name": "Arranger",
      "track_type": "track",
      "is_audio": false,
      "is_audio_track": false,
      "vit_type": "",
      "vit_intent": "",
      "plugin_count": 0,
      "plugins": []
    },
    {
      "track_id": "1003",
      "name": "Chord",
      "track_type": "track",
      "is_audio": false,
      "is_audio_track": false,
      "vit_type": "",
      "vit_intent": "",
      "plugin_count": 0,
      "plugins": []
    },
    {
      "track_id": "1004",
      "name": "Marker",
      "track_type": "track",
      "is_audio": false,
      "is_audio_track": false,
      "vit_type": "",
      "vit_intent": "",
      "plugin_count": 0,
      "plugins": []
    },
    {
      "track_id": "1005",
      "name": "Tempo",
      "track_type": "track",
      "is_audio": false,
      "is_audio_track": false,
      "vit_type": "",
      "vit_intent": "",
      "plugin_count": 0,
      "plugins": []
    },
    {
      "track_id": "1006",
      "name": "Master",
      "track_type": "master",
      "is_audio": false,
      "is_audio_track": false,
      "vit_type": "",
      "vit_intent": "",
      "plugin_count": 0,
      "plugins": []
    },
    {
      "track_id": "1007",
      "name": "Track 1",
      "track_type": "hybrid",
      "is_audio": true,
      "is_audio_track": true,
      "vit_type": "",
      "vit_intent": "",
      "plugin_count": 2,
      "plugins": [
        {
          "name": "Volume & Pan Plugin",
          "type": "volume",
          "enabled": true
        },
        {
          "name": "Level Meter",
          "type": "level",
          "enabled": true
        }
      ]
    }
  ]
}
VitHeadlessService: command reply (truncated): {
  "status": "ok",
  "message": "Track list fetched",
  "tracks": [
    {
      "track_id": "1002",
      "name": "Arranger",
      "track_type": "track",
      "is_audio": false,
      "is_audio_track": false,
ZmqGateway: received command payload: {"action":"import_media_to_track","file_path":"D:/Vit_DAW/test_target_3s.wav","media_type":"audio","start_time":18.6865615844727,"track_id":"1007"}
ZmqGateway: dispatching payload to JUCE message thread.
VitHeadlessService: processing queued command on JUCE message thread: {"action":"import_media_to_track","file_path":"D:/Vit_DAW/test_target_3s.wav","media_type":"audio","start_time":18.6865615844727,"track_id":"1007"}
Command received: {"action":"import_media_to_track","file_path":"D:/Vit_DAW/test_target_3s.wav","media_type":"audio","start_time":18.6865615844727,"track_id":"1007"}
VitHeadlessService: project saved to D:\Vit_DAW\VitApp\Workspace\default_project.xml
CommandDispatcher::handleImportMediaToTrack: clipId="1013" clip="test_target_3s" trackId="1007" source="D:\Vit_DAW\test_target_3s.wav" lengthSec=3.000 isPlaying=false isRecording=false playContextActive=true positionSeconds=0.000 editLengthSeconds=21.687
Command executed: import_media_to_track, result: {
  "status": "success",
  "action": "import_media_to_track",
  "clip_id": "1013",
  "track_id": "1007",
  "start_time": 18.686561584472699,
  "resolved_start_time": 18.686561584472699,
  "length": 3.0,
  "applied_mode": "destructive",
  "clip_name": "test_target_3s",
  "file_path": "D:\\Vit_DAW\\test_target_3s.wav",
  "edit_length_seconds": 21.686561584472699,
  "baking_status": "baking_started"
}
VitHeadlessService: command reply (truncated): {
  "status": "success",
  "action": "import_media_to_track",
  "clip_id": "1013",
  "track_id": "1007",
  "start_time": 18.686561584472699,
  "resolved_start_time": 18.686561584472699,
  "length": 3.0,
  "applie
ZmqGateway: received command payload: {"cmd":"get_project_state"}
ZmqGateway: dispatching payload to JUCE message thread.
VitHeadlessService: processing queued command on JUCE message thread: {"cmd":"get_project_state"}
Command received: {"cmd":"get_project_state"}
Command executed: get_project_state, result: {
  "status": "ok",
  "project_path": "",
  "tracks": [
    {
      "track_id": "1002",
      "track_name": "Arranger",
      "track_type": "track",
      "is_audio_track": false,
      "is_audio": false,
      "plugins": [],
      "clips": []
    },
    {
      "track_id": "1003",
      "track_name": "Chord",
      "track_type": "track",
      "is_audio_track": false,
      "is_audio": false,
      "plugins": [],
      "clips": []
    },
    {
      "track_id": "1004",
      "track_name": "Marker",
      "track_type": "track",
      "is_audio_track": false,
      "is_audio": false,
      "plugins": [],
      "clips": []
    },
    {
      "track_id": "1005",
      "track_name": "Tempo",
      "track_type": "track",
      "is_audio_track": false,
      "is_audio": false,
      "plugins": [],
      "clips": []
    },
    {
      "track_id": "1006",
      "track_name": "Master",
      "track_type": "master",
      "is_audio_track": false,
      "is_audio": false,
      "plugins": [],
      "clips": []
    },
    {
      "track_id": "1007",
      "track_name": "Track 1",
      "track_type": "hybrid",
      "is_audio_track": true,
      "is_audio": true,
      "plugins": [
        {
          "id": "1008",
          "item_id": "1008",
          "name": "Volume & Pan Plugin",
          "type": "volume",
          "enabled": true
        },
        {
          "id": "1009",
          "item_id": "1009",
          "name": "Level Meter",
          "type": "level",
          "enabled": true
        }
      ],
      "clips": [
        {
          "id": "1011",
          "name": "test_100hz_10s",
          "clip_type": "wave",
          "start_seconds": 0.0,
          "end_seconds": 10.0,
          "length_seconds": 10.0,
          "file_path": "D:\\Vit_DAW\\test_100hz_10s.wav",
          "current_source_path": "D:\\Vit_DAW\\test_100hz_10s.wav",
          "playback_source_valid": true
        },
        {
          "id": "1013",
          "name": "test_target_3s",
          "clip_type": "wave",
          "start_seconds": 18.686561584472699,
          "end_seconds": 21.686561584472699,
          "length_seconds": 3.0,
          "file_path": "D:\\Vit_DAW\\test_target_3s.wav",
          "current_source_path": "D:\\Vit_DAW\\test_target_3s.wav",
          "playback_source_valid": true
        }
      ],
      "output_to_device_resolved": true,
      "output_device_enabled": true,
      "output_device_id": "out_b7a4b4c1",
      "output_routing_name": "(default audio output)"
    }
  ]
}
VitHeadlessService: command reply (truncated): {
  "status": "ok",
  "project_path": "",
  "tracks": [
    {
      "track_id": "1002",
      "track_name": "Arranger",
      "track_type": "track",
      "is_audio_track": false,
      "is_audio": false,
     
ZmqGateway: received command payload: {"cmd":"list_tracks"}
ZmqGateway: dispatching payload to JUCE message thread.
VitHeadlessService: processing queued command on JUCE message thread: {"cmd":"list_tracks"}
Command received: {"cmd":"list_tracks"}
Command executed: list_tracks, result: {
  "status": "ok",
  "message": "Track list fetched",
  "tracks": [
    {
      "track_id": "1002",
      "name": "Arranger",
      "track_type": "track",
      "is_audio": false,
      "is_audio_track": false,
      "vit_type": "",
      "vit_intent": "",
      "plugin_count": 0,
      "plugins": []
    },
    {
      "track_id": "1003",
      "name": "Chord",
      "track_type": "track",
      "is_audio": false,
      "is_audio_track": false,
      "vit_type": "",
      "vit_intent": "",
      "plugin_count": 0,
      "plugins": []
    },
    {
      "track_id": "1004",
      "name": "Marker",
      "track_type": "track",
      "is_audio": false,
      "is_audio_track": false,
      "vit_type": "",
      "vit_intent": "",
      "plugin_count": 0,
      "plugins": []
    },
    {
      "track_id": "1005",
      "name": "Tempo",
      "track_type": "track",
      "is_audio": false,
      "is_audio_track": false,
      "vit_type": "",
      "vit_intent": "",
      "plugin_count": 0,
      "plugins": []
    },
    {
      "track_id": "1006",
      "name": "Master",
      "track_type": "master",
      "is_audio": false,
      "is_audio_track": false,
      "vit_type": "",
      "vit_intent": "",
      "plugin_count": 0,
      "plugins": []
    },
    {
      "track_id": "1007",
      "name": "Track 1",
      "track_type": "hybrid",
      "is_audio": true,
      "is_audio_track": true,
      "vit_type": "",
      "vit_intent": "",
      "plugin_count": 2,
      "plugins": [
        {
          "name": "Volume & Pan Plugin",
          "type": "volume",
          "enabled": true
        },
        {
          "name": "Level Meter",
          "type": "level",
          "enabled": true
        }
      ]
    }
  ]
}
VitHeadlessService: command reply (truncated): {
  "status": "ok",
  "message": "Track list fetched",
  "tracks": [
    {
      "track_id": "1002",
      "name": "Arranger",
      "track_type": "track",
      "is_audio": false,
      "is_audio_track": false,
ZmqGateway: received command payload: {"cmd":"undo"}
ZmqGateway: dispatching payload to JUCE message thread.
VitHeadlessService: processing queued command on JUCE message thread: {"cmd":"undo"}
Command received: {"cmd":"undo"}
Command executed: undo, result: {
  "status": "ok",
  "message": "Undo executed"
}
VitHeadlessService: command reply (truncated): {
  "status": "ok",
  "message": "Undo executed"
}
ZmqGateway: received command payload: {"cmd":"get_project_state"}
ZmqGateway: dispatching payload to JUCE message thread.
VitHeadlessService: processing queued command on JUCE message thread: {"cmd":"get_project_state"}
Command received: {"cmd":"get_project_state"}
Command executed: get_project_state, result: {
  "status": "ok",
  "project_path": "",
  "tracks": [
    {
      "track_id": "1002",
      "track_name": "Arranger",
      "track_type": "track",
      "is_audio_track": false,
      "is_audio": false,
      "plugins": [],
      "clips": []
    },
    {
      "track_id": "1003",
      "track_name": "Chord",
      "track_type": "track",
      "is_audio_track": false,
      "is_audio": false,
      "plugins": [],
      "clips": []
    },
    {
      "track_id": "1004",
      "track_name": "Marker",
      "track_type": "track",
      "is_audio_track": false,
      "is_audio": false,
      "plugins": [],
      "clips": []
    },
    {
      "track_id": "1005",
      "track_name": "Tempo",
      "track_type": "track",
      "is_audio_track": false,
      "is_audio": false,
      "plugins": [],
      "clips": []
    },
    {
      "track_id": "1006",
      "track_name": "Master",
      "track_type": "master",
      "is_audio_track": false,
      "is_audio": false,
      "plugins": [],
      "clips": []
    },
    {
      "track_id": "1007",
      "track_name": "Track 1",
      "track_type": "hybrid",
      "is_audio_track": true,
      "is_audio": true,
      "plugins": [
        {
          "id": "1008",
          "item_id": "1008",
          "name": "Volume & Pan Plugin",
          "type": "volume",
          "enabled": true
        },
        {
          "id": "1009",
          "item_id": "1009",
          "name": "Level Meter",
          "type": "level",
          "enabled": true
        }
      ],
      "clips": [
        {
          "id": "1011",
          "name": "test_100hz_10s",
          "clip_type": "wave",
          "start_seconds": 0.0,
          "end_seconds": 10.0,
          "length_seconds": 10.0,
          "file_path": "D:\\Vit_DAW\\test_100hz_10s.wav",
          "current_source_path": "D:\\Vit_DAW\\test_100hz_10s.wav",
          "playback_source_valid": true
        }
      ],
      "output_to_device_resolved": true,
      "output_device_enabled": true,
      "output_device_id": "out_b7a4b4c1",
      "output_routing_name": "(default audio output)"
    }
  ]
}
VitHeadlessService: command reply (truncated): {
  "status": "ok",
  "project_path": "",
  "tracks": [
    {
      "track_id": "1002",
      "track_name": "Arranger",
      "track_type": "track",
      "is_audio_track": false,
      "is_audio": false,
     
ZmqGateway: received command payload: {"cmd":"list_tracks"}
ZmqGateway: dispatching payload to JUCE message thread.
VitHeadlessService: processing queued command on JUCE message thread: {"cmd":"list_tracks"}
Command received: {"cmd":"list_tracks"}
Command executed: list_tracks, result: {
  "status": "ok",
  "message": "Track list fetched",
  "tracks": [
    {
      "track_id": "1002",
      "name": "Arranger",
      "track_type": "track",
      "is_audio": false,
      "is_audio_track": false,
      "vit_type": "",
      "vit_intent": "",
      "plugin_count": 0,
      "plugins": []
    },
    {
      "track_id": "1003",
      "name": "Chord",
      "track_type": "track",
      "is_audio": false,
      "is_audio_track": false,
      "vit_type": "",
      "vit_intent": "",
      "plugin_count": 0,
      "plugins": []
    },
    {
      "track_id": "1004",
      "name": "Marker",
      "track_type": "track",
      "is_audio": false,
      "is_audio_track": false,
      "vit_type": "",
      "vit_intent": "",
      "plugin_count": 0,
      "plugins": []
    },
    {
      "track_id": "1005",
      "name": "Tempo",
      "track_type": "track",
      "is_audio": false,
      "is_audio_track": false,
      "vit_type": "",
      "vit_intent": "",
      "plugin_count": 0,
      "plugins": []
    },
    {
      "track_id": "1006",
      "name": "Master",
      "track_type": "master",
      "is_audio": false,
      "is_audio_track": false,
      "vit_type": "",
      "vit_intent": "",
      "plugin_count": 0,
      "plugins": []
    },
    {
      "track_id": "1007",
      "name": "Track 1",
      "track_type": "hybrid",
      "is_audio": true,
      "is_audio_track": true,
      "vit_type": "",
      "vit_intent": "",
      "plugin_count": 2,
      "plugins": [
        {
          "name": "Volume & Pan Plugin",
          "type": "volume",
          "enabled": true
        },
        {
          "name": "Level Meter",
          "type": "level",
          "enabled": true
        }
      ]
    }
  ]
}
VitHeadlessService: command reply (truncated): {
  "status": "ok",
  "message": "Track list fetched",
  "tracks": [
    {
      "track_id": "1002",
      "name": "Arranger",
      "track_type": "track",
      "is_audio": false,
      "is_audio_track": false,
ZmqGateway: received command payload: {"cmd":"redo"}
ZmqGateway: dispatching payload to JUCE message thread.
VitHeadlessService: processing queued command on JUCE message thread: {"cmd":"redo"}
Command received: {"cmd":"redo"}
Command executed: redo, result: {
  "status": "ok",
  "message": "Redo executed"
}
VitHeadlessService: command reply (truncated): {
  "status": "ok",
  "message": "Redo executed"
}
ZmqGateway: received command payload: {"cmd":"get_project_state"}
ZmqGateway: dispatching payload to JUCE message thread.
VitHeadlessService: processing queued command on JUCE message thread: {"cmd":"get_project_state"}
Command received: {"cmd":"get_project_state"}
Command executed: get_project_state, result: {
  "status": "ok",
  "project_path": "",
  "tracks": [
    {
      "track_id": "1002",
      "track_name": "Arranger",
      "track_type": "track",
      "is_audio_track": false,
      "is_audio": false,
      "plugins": [],
      "clips": []
    },
    {
      "track_id": "1003",
      "track_name": "Chord",
      "track_type": "track",
      "is_audio_track": false,
      "is_audio": false,
      "plugins": [],
      "clips": []
    },
    {
      "track_id": "1004",
      "track_name": "Marker",
      "track_type": "track",
      "is_audio_track": false,
      "is_audio": false,
      "plugins": [],
      "clips": []
    },
    {
      "track_id": "1005",
      "track_name": "Tempo",
      "track_type": "track",
      "is_audio_track": false,
      "is_audio": false,
      "plugins": [],
      "clips": []
    },
    {
      "track_id": "1006",
      "track_name": "Master",
      "track_type": "master",
      "is_audio_track": false,
      "is_audio": false,
      "plugins": [],
      "clips": []
    },
    {
      "track_id": "1007",
      "track_name": "Track 1",
      "track_type": "hybrid",
      "is_audio_track": true,
      "is_audio": true,
      "plugins": [
        {
          "id": "1008",
          "item_id": "1008",
          "name": "Volume & Pan Plugin",
          "type": "volume",
          "enabled": true
        },
        {
          "id": "1009",
          "item_id": "1009",
          "name": "Level Meter",
          "type": "level",
          "enabled": true
        }
      ],
      "clips": [
        {
          "id": "1011",
          "name": "test_100hz_10s",
          "clip_type": "wave",
          "start_seconds": 0.0,
          "end_seconds": 10.0,
          "length_seconds": 10.0,
          "file_path": "D:\\Vit_DAW\\test_100hz_10s.wav",
          "current_source_path": "D:\\Vit_DAW\\test_100hz_10s.wav",
          "playback_source_valid": true
        },
        {
          "id": "1013",
          "name": "test_target_3s",
          "clip_type": "wave",
          "start_seconds": 18.686561584472699,
          "end_seconds": 21.686561584472699,
          "length_seconds": 3.0,
          "file_path": "D:\\Vit_DAW\\test_target_3s.wav",
          "current_source_path": "D:\\Vit_DAW\\test_target_3s.wav",
          "playback_source_valid": true
        }
      ],
      "output_to_device_resolved": true,
      "output_device_enabled": true,
      "output_device_id": "out_b7a4b4c1",
      "output_routing_name": "(default audio output)"
    }
  ]
}
VitHeadlessService: command reply (truncated): {
  "status": "ok",
  "project_path": "",
  "tracks": [
    {
      "track_id": "1002",
      "track_name": "Arranger",
      "track_type": "track",
      "is_audio_track": false,
      "is_audio": false,
     
ZmqGateway: received command payload: {"clip_id":"1013","cmd":"warm_waveform_bake","file_path":"D:\\Vit_DAW\\test_target_3s.wav","track_id":"1007"}
ZmqGateway: dispatching payload to JUCE message thread.
VitHeadlessService: processing queued command on JUCE message thread: {"clip_id":"1013","cmd":"warm_waveform_bake","file_path":"D:\\Vit_DAW\\test_target_3s.wav","track_id":"1007"}
Command received: {"clip_id":"1013","cmd":"warm_waveform_bake","file_path":"D:\\Vit_DAW\\test_target_3s.wav","track_id":"1007"}
Command executed: warm_waveform_bake, result: {
  "status": "ok",
  "cmd": "warm_waveform_bake",
  "track_id": "1007",
  "clip_id": "1013",
  "file_path": "D:\\Vit_DAW\\test_target_3s.wav",
  "message": "Waveform bake started (no new clip inserted)"
}
VitHeadlessService: command reply (truncated): {
  "status": "ok",
  "cmd": "warm_waveform_bake",
  "track_id": "1007",
  "clip_id": "1013",
  "file_path": "D:\\Vit_DAW\\test_target_3s.wav",
  "message": "Waveform bake started (no new clip inserted)"
}
ZmqGateway: received command payload: {"cmd":"list_tracks"}
ZmqGateway: dispatching payload to JUCE message thread.
VitHeadlessService: processing queued command on JUCE message thread: {"cmd":"list_tracks"}
Command received: {"cmd":"list_tracks"}
Command executed: list_tracks, result: {
  "status": "ok",
  "message": "Track list fetched",
  "tracks": [
    {
      "track_id": "1002",
      "name": "Arranger",
      "track_type": "track",
      "is_audio": false,
      "is_audio_track": false,
      "vit_type": "",
      "vit_intent": "",
      "plugin_count": 0,
      "plugins": []
    },
    {
      "track_id": "1003",
      "name": "Chord",
      "track_type": "track",
      "is_audio": false,
      "is_audio_track": false,
      "vit_type": "",
      "vit_intent": "",
      "plugin_count": 0,
      "plugins": []
    },
    {
      "track_id": "1004",
      "name": "Marker",
      "track_type": "track",
      "is_audio": false,
      "is_audio_track": false,
      "vit_type": "",
      "vit_intent": "",
      "plugin_count": 0,
      "plugins": []
    },
    {
      "track_id": "1005",
      "name": "Tempo",
      "track_type": "track",
      "is_audio": false,
      "is_audio_track": false,
      "vit_type": "",
      "vit_intent": "",
      "plugin_count": 0,
      "plugins": []
    },
    {
      "track_id": "1006",
      "name": "Master",
      "track_type": "master",
      "is_audio": false,
      "is_audio_track": false,
      "vit_type": "",
      "vit_intent": "",
      "plugin_count": 0,
      "plugins": []
    },
    {
      "track_id": "1007",
      "name": "Track 1",
      "track_type": "hybrid",
      "is_audio": true,
      "is_audio_track": true,
      "vit_type": "",
      "vit_intent": "",
      "plugin_count": 2,
      "plugins": [
        {
          "name": "Volume & Pan Plugin",
          "type": "volume",
          "enabled": true
        },
        {
          "name": "Level Meter",
          "type": "level",
          "enabled": true
        }
      ]
    }
  ]
}
VitHeadlessService: command reply (truncated): {
  "status": "ok",
  "message": "Track list fetched",
  "tracks": [
    {
      "track_id": "1002",
      "name": "Arranger",
      "track_type": "track",
      "is_audio": false,
      "is_audio_track": false,
ZmqGateway: received command payload: {"cmd":"get_recent_projects"}
ZmqGateway: dispatching payload to JUCE message thread.
VitHeadlessService: processing queued command on JUCE message thread: {"cmd":"get_recent_projects"}
Command received: {"cmd":"get_recent_projects"}
Command executed: get_recent_projects, result: {
  "status": "ok",
  "recent_projects": [
    "D:\\Godot\\project\\vit-daw-frontend\\4.4.3.vit",
    "D:\\Godot\\project\\vit-daw-frontend\\4.4.2.vit",
    "D:\\Godot\\project\\vit-daw-frontend\\4.4.1.vit",
    "D:\\Godot\\project\\vit-daw-frontend\\4.4.vit",
    "D:\\4.1.tracktionedit"
  ]
}
VitHeadlessService: command reply (truncated): {
  "status": "ok",
  "recent_projects": [
    "D:\\Godot\\project\\vit-daw-frontend\\4.4.3.vit",
    "D:\\Godot\\project\\vit-daw-frontend\\4.4.2.vit",
    "D:\\Godot\\project\\vit-daw-frontend\\4.4.1.vit",
    "D
ZmqGateway: received command payload: {"cmd":"new_project"}
ZmqGateway: dispatching payload to JUCE message thread.
VitHeadlessService: processing queued command on JUCE message thread: {"cmd":"new_project"}
Command received: {"cmd":"new_project"}
VitEngineDevice: audio IO ready for playback graph: "扬声器 (USB AUDIO  CODEC)" 48000.00 Hz, block 480 samples
Command executed: new_project, result: {
  "status": "ok",
  "message": "Blank project created"
}
VitHeadlessService: command reply (truncated): {
  "status": "ok",
  "message": "Blank project created"
}
ZmqGateway: received command payload: {"cmd":"ping"}
ZmqGateway: dispatching payload to JUCE message thread.
VitHeadlessService: processing queued command on JUCE message thread: {"cmd":"ping"}
Command received: {"cmd":"ping"}
CommandDispatcher: handled ping command.
Command executed: ping, result: {
  "status": "ok",
  "message": "pong"
}
VitHeadlessService: command reply (truncated): {
  "status": "ok",
  "message": "pong"
}
ZmqGateway: received command payload: {"cmd":"get_project_state"}
ZmqGateway: dispatching payload to JUCE message thread.
VitHeadlessService: processing queued command on JUCE message thread: {"cmd":"get_project_state"}
Command received: {"cmd":"get_project_state"}
Command executed: get_project_state, result: {
  "status": "ok",
  "project_path": "",
  "tracks": [
    {
      "track_id": "1002",
      "track_name": "Arranger",
      "track_type": "track",
      "is_audio_track": false,
      "is_audio": false,
      "plugins": [],
      "clips": []
    },
    {
      "track_id": "1003",
      "track_name": "Chord",
      "track_type": "track",
      "is_audio_track": false,
      "is_audio": false,
      "plugins": [],
      "clips": []
    },
    {
      "track_id": "1004",
      "track_name": "Marker",
      "track_type": "track",
      "is_audio_track": false,
      "is_audio": false,
      "plugins": [],
      "clips": []
    },
    {
      "track_id": "1005",
      "track_name": "Tempo",
      "track_type": "track",
      "is_audio_track": false,
      "is_audio": false,
      "plugins": [],
      "clips": []
    },
    {
      "track_id": "1006",
      "track_name": "Master",
      "track_type": "master",
      "is_audio_track": false,
      "is_audio": false,
      "plugins": [],
      "clips": []
    }
  ]
}
VitHeadlessService: command reply (truncated): {
  "status": "ok",
  "project_path": "",
  "tracks": [
    {
      "track_id": "1002",
      "track_name": "Arranger",
      "track_type": "track",
      "is_audio_track": false,
      "is_audio": false,
     
ZmqGateway: received command payload: {"cmd":"list_tracks"}
ZmqGateway: dispatching payload to JUCE message thread.
VitHeadlessService: processing queued command on JUCE message thread: {"cmd":"list_tracks"}
Command received: {"cmd":"list_tracks"}
Command executed: list_tracks, result: {
  "status": "ok",
  "message": "Track list fetched",
  "tracks": [
    {
      "track_id": "1002",
      "name": "Arranger",
      "track_type": "track",
      "is_audio": false,
      "is_audio_track": false,
      "vit_type": "",
      "vit_intent": "",
      "plugin_count": 0,
      "plugins": []
    },
    {
      "track_id": "1003",
      "name": "Chord",
      "track_type": "track",
      "is_audio": false,
      "is_audio_track": false,
      "vit_type": "",
      "vit_intent": "",
      "plugin_count": 0,
      "plugins": []
    },
    {
      "track_id": "1004",
      "name": "Marker",
      "track_type": "track",
      "is_audio": false,
      "is_audio_track": false,
      "vit_type": "",
      "vit_intent": "",
      "plugin_count": 0,
      "plugins": []
    },
    {
      "track_id": "1005",
      "name": "Tempo",
      "track_type": "track",
      "is_audio": false,
      "is_audio_track": false,
      "vit_type": "",
      "vit_intent": "",
      "plugin_count": 0,
      "plugins": []
    },
    {
      "track_id": "1006",
      "name": "Master",
      "track_type": "master",
      "is_audio": false,
      "is_audio_track": false,
      "vit_type": "",
      "vit_intent": "",
      "plugin_count": 0,
      "plugins": []
    }
  ]
}
VitHeadlessService: command reply (truncated): {
  "status": "ok",
  "message": "Track list fetched",
  "tracks": [
    {
      "track_id": "1002",
      "name": "Arranger",
      "track_type": "track",
      "is_audio": false,
      "is_audio_track": false,
ZmqGateway: received command payload: {"cmd":"list_tracks"}
ZmqGateway: dispatching payload to JUCE message thread.
VitHeadlessService: processing queued command on JUCE message thread: {"cmd":"list_tracks"}
Command received: {"cmd":"list_tracks"}
Command executed: list_tracks, result: {
  "status": "ok",
  "message": "Track list fetched",
  "tracks": [
    {
      "track_id": "1002",
      "name": "Arranger",
      "track_type": "track",
      "is_audio": false,
      "is_audio_track": false,
      "vit_type": "",
      "vit_intent": "",
      "plugin_count": 0,
      "plugins": []
    },
    {
      "track_id": "1003",
      "name": "Chord",
      "track_type": "track",
      "is_audio": false,
      "is_audio_track": false,
      "vit_type": "",
      "vit_intent": "",
      "plugin_count": 0,
      "plugins": []
    },
    {
      "track_id": "1004",
      "name": "Marker",
      "track_type": "track",
      "is_audio": false,
      "is_audio_track": false,
      "vit_type": "",
      "vit_intent": "",
      "plugin_count": 0,
      "plugins": []
    },
    {
      "track_id": "1005",
      "name": "Tempo",
      "track_type": "track",
      "is_audio": false,
      "is_audio_track": false,
      "vit_type": "",
      "vit_intent": "",
      "plugin_count": 0,
      "plugins": []
    },
    {
      "track_id": "1006",
      "name": "Master",
      "track_type": "master",
      "is_audio": false,
      "is_audio_track": false,
      "vit_type": "",
      "vit_intent": "",
      "plugin_count": 0,
      "plugins": []
    }
  ]
}
VitHeadlessService: command reply (truncated): {
  "status": "ok",
  "message": "Track list fetched",
  "tracks": [
    {
      "track_id": "1002",
      "name": "Arranger",
      "track_type": "track",
      "is_audio": false,
      "is_audio_track": false,
ZmqGateway: received command payload: {"cmd":"add_track","type":"hybrid"}
ZmqGateway: dispatching payload to JUCE message thread.
VitHeadlessService: processing queued command on JUCE message thread: {"cmd":"add_track","type":"hybrid"}
Command received: {"cmd":"add_track","type":"hybrid"}
VitHeadlessService: project saved to D:\Vit_DAW\VitApp\Workspace\default_project.xml
Command executed: add_track, result: {
  "status": "ok",
  "message": "Track added",
  "track_id": "1007",
  "track_name": "Track 1"
}
VitHeadlessService: command reply (truncated): {
  "status": "ok",
  "message": "Track added",
  "track_id": "1007",
  "track_name": "Track 1"
}
ZmqGateway: received command payload: {"cmd":"list_tracks"}
ZmqGateway: dispatching payload to JUCE message thread.
VitHeadlessService: processing queued command on JUCE message thread: {"cmd":"list_tracks"}
Command received: {"cmd":"list_tracks"}
Command executed: list_tracks, result: {
  "status": "ok",
  "message": "Track list fetched",
  "tracks": [
    {
      "track_id": "1002",
      "name": "Arranger",
      "track_type": "track",
      "is_audio": false,
      "is_audio_track": false,
      "vit_type": "",
      "vit_intent": "",
      "plugin_count": 0,
      "plugins": []
    },
    {
      "track_id": "1003",
      "name": "Chord",
      "track_type": "track",
      "is_audio": false,
      "is_audio_track": false,
      "vit_type": "",
      "vit_intent": "",
      "plugin_count": 0,
      "plugins": []
    },
    {
      "track_id": "1004",
      "name": "Marker",
      "track_type": "track",
      "is_audio": false,
      "is_audio_track": false,
      "vit_type": "",
      "vit_intent": "",
      "plugin_count": 0,
      "plugins": []
    },
    {
      "track_id": "1005",
      "name": "Tempo",
      "track_type": "track",
      "is_audio": false,
      "is_audio_track": false,
      "vit_type": "",
      "vit_intent": "",
      "plugin_count": 0,
      "plugins": []
    },
    {
      "track_id": "1006",
      "name": "Master",
      "track_type": "master",
      "is_audio": false,
      "is_audio_track": false,
      "vit_type": "",
      "vit_intent": "",
      "plugin_count": 0,
      "plugins": []
    },
    {
      "track_id": "1007",
      "name": "Track 1",
      "track_type": "hybrid",
      "is_audio": true,
      "is_audio_track": true,
      "vit_type": "",
      "vit_intent": "",
      "plugin_count": 2,
      "plugins": [
        {
          "name": "Volume & Pan Plugin",
          "type": "volume",
          "enabled": true
        },
        {
          "name": "Level Meter",
          "type": "level",
          "enabled": true
        }
      ]
    }
  ]
}
VitHeadlessService: command reply (truncated): {
  "status": "ok",
  "message": "Track list fetched",
  "tracks": [
    {
      "track_id": "1002",
      "name": "Arranger",
      "track_type": "track",
      "is_audio": false,
      "is_audio_track": false,
ZmqGateway: received command payload: {"cmd":"get_project_state"}
ZmqGateway: dispatching payload to JUCE message thread.
VitHeadlessService: processing queued command on JUCE message thread: {"cmd":"get_project_state"}
Command received: {"cmd":"get_project_state"}
Command executed: get_project_state, result: {
  "status": "ok",
  "project_path": "",
  "tracks": [
    {
      "track_id": "1002",
      "track_name": "Arranger",
      "track_type": "track",
      "is_audio_track": false,
      "is_audio": false,
      "plugins": [],
      "clips": []
    },
    {
      "track_id": "1003",
      "track_name": "Chord",
      "track_type": "track",
      "is_audio_track": false,
      "is_audio": false,
      "plugins": [],
      "clips": []
    },
    {
      "track_id": "1004",
      "track_name": "Marker",
      "track_type": "track",
      "is_audio_track": false,
      "is_audio": false,
      "plugins": [],
      "clips": []
    },
    {
      "track_id": "1005",
      "track_name": "Tempo",
      "track_type": "track",
      "is_audio_track": false,
      "is_audio": false,
      "plugins": [],
      "clips": []
    },
    {
      "track_id": "1006",
      "track_name": "Master",
      "track_type": "master",
      "is_audio_track": false,
      "is_audio": false,
      "plugins": [],
      "clips": []
    },
    {
      "track_id": "1007",
      "track_name": "Track 1",
      "track_type": "hybrid",
      "is_audio_track": true,
      "is_audio": true,
      "plugins": [
        {
          "id": "1008",
          "item_id": "1008",
          "name": "Volume & Pan Plugin",
          "type": "volume",
          "enabled": true
        },
        {
          "id": "1009",
          "item_id": "1009",
          "name": "Level Meter",
          "type": "level",
          "enabled": true
        }
      ],
      "clips": [],
      "output_to_device_resolved": true,
      "output_device_enabled": true,
      "output_device_id": "out_b7a4b4c1",
      "output_routing_name": "(default audio output)"
    }
  ]
}
VitHeadlessService: command reply (truncated): {
  "status": "ok",
  "project_path": "",
  "tracks": [
    {
      "track_id": "1002",
      "track_name": "Arranger",
      "track_type": "track",
      "is_audio_track": false,
      "is_audio": false,
     
ZmqGateway: received command payload: {"cmd":"list_tracks"}
ZmqGateway: dispatching payload to JUCE message thread.
VitHeadlessService: processing queued command on JUCE message thread: {"cmd":"list_tracks"}
Command received: {"cmd":"list_tracks"}
Command executed: list_tracks, result: {
  "status": "ok",
  "message": "Track list fetched",
  "tracks": [
    {
      "track_id": "1002",
      "name": "Arranger",
      "track_type": "track",
      "is_audio": false,
      "is_audio_track": false,
      "vit_type": "",
      "vit_intent": "",
      "plugin_count": 0,
      "plugins": []
    },
    {
      "track_id": "1003",
      "name": "Chord",
      "track_type": "track",
      "is_audio": false,
      "is_audio_track": false,
      "vit_type": "",
      "vit_intent": "",
      "plugin_count": 0,
      "plugins": []
    },
    {
      "track_id": "1004",
      "name": "Marker",
      "track_type": "track",
      "is_audio": false,
      "is_audio_track": false,
      "vit_type": "",
      "vit_intent": "",
      "plugin_count": 0,
      "plugins": []
    },
    {
      "track_id": "1005",
      "name": "Tempo",
      "track_type": "track",
      "is_audio": false,
      "is_audio_track": false,
      "vit_type": "",
      "vit_intent": "",
      "plugin_count": 0,
      "plugins": []
    },
    {
      "track_id": "1006",
      "name": "Master",
      "track_type": "master",
      "is_audio": false,
      "is_audio_track": false,
      "vit_type": "",
      "vit_intent": "",
      "plugin_count": 0,
      "plugins": []
    },
    {
      "track_id": "1007",
      "name": "Track 1",
      "track_type": "hybrid",
      "is_audio": true,
      "is_audio_track": true,
      "vit_type": "",
      "vit_intent": "",
      "plugin_count": 2,
      "plugins": [
        {
          "name": "Volume & Pan Plugin",
          "type": "volume",
          "enabled": true
        },
        {
          "name": "Level Meter",
          "type": "level",
          "enabled": true
        }
      ]
    }
  ]
}
VitHeadlessService: command reply (truncated): {
  "status": "ok",
  "message": "Track list fetched",
  "tracks": [
    {
      "track_id": "1002",
      "name": "Arranger",
      "track_type": "track",
      "is_audio": false,
      "is_audio_track": false,
ZmqGateway: received command payload: {"action":"import_media_to_track","file_path":"D:/Vit_DAW/test_target_3s.wav","media_type":"audio","start_time":0.0,"track_id":"1007"}
ZmqGateway: dispatching payload to JUCE message thread.
VitHeadlessService: processing queued command on JUCE message thread: {"action":"import_media_to_track","file_path":"D:/Vit_DAW/test_target_3s.wav","media_type":"audio","start_time":0.0,"track_id":"1007"}
Command received: {"action":"import_media_to_track","file_path":"D:/Vit_DAW/test_target_3s.wav","media_type":"audio","start_time":0.0,"track_id":"1007"}
VitHeadlessService: project saved to D:\Vit_DAW\VitApp\Workspace\default_project.xml
CommandDispatcher::handleImportMediaToTrack: clipId="1011" clip="test_target_3s" trackId="1007" source="D:\Vit_DAW\test_target_3s.wav" lengthSec=3.000 isPlaying=false isRecording=false playContextActive=true positionSeconds=0.000 editLengthSeconds=3.000
Command executed: import_media_to_track, result: {
  "status": "success",
  "action": "import_media_to_track",
  "clip_id": "1011",
  "track_id": "1007",
  "start_time": 0.0,
  "resolved_start_time": 0.0,
  "length": 3.0,
  "applied_mode": "destructive",
  "clip_name": "test_target_3s",
  "file_path": "D:\\Vit_DAW\\test_target_3s.wav",
  "edit_length_seconds": 3.0,
  "baking_status": "baking_started"
}
VitHeadlessService: command reply (truncated): {
  "status": "success",
  "action": "import_media_to_track",
  "clip_id": "1011",
  "track_id": "1007",
  "start_time": 0.0,
  "resolved_start_time": 0.0,
  "length": 3.0,
  "applied_mode": "destructive",
  "cl
ZmqGateway: received command payload: {"cmd":"get_project_state"}
ZmqGateway: dispatching payload to JUCE message thread.
VitHeadlessService: processing queued command on JUCE message thread: {"cmd":"get_project_state"}
Command received: {"cmd":"get_project_state"}
Command executed: get_project_state, result: {
  "status": "ok",
  "project_path": "",
  "tracks": [
    {
      "track_id": "1002",
      "track_name": "Arranger",
      "track_type": "track",
      "is_audio_track": false,
      "is_audio": false,
      "plugins": [],
      "clips": []
    },
    {
      "track_id": "1003",
      "track_name": "Chord",
      "track_type": "track",
      "is_audio_track": false,
      "is_audio": false,
      "plugins": [],
      "clips": []
    },
    {
      "track_id": "1004",
      "track_name": "Marker",
      "track_type": "track",
      "is_audio_track": false,
      "is_audio": false,
      "plugins": [],
      "clips": []
    },
    {
      "track_id": "1005",
      "track_name": "Tempo",
      "track_type": "track",
      "is_audio_track": false,
      "is_audio": false,
      "plugins": [],
      "clips": []
    },
    {
      "track_id": "1006",
      "track_name": "Master",
      "track_type": "master",
      "is_audio_track": false,
      "is_audio": false,
      "plugins": [],
      "clips": []
    },
    {
      "track_id": "1007",
      "track_name": "Track 1",
      "track_type": "hybrid",
      "is_audio_track": true,
      "is_audio": true,
      "plugins": [
        {
          "id": "1008",
          "item_id": "1008",
          "name": "Volume & Pan Plugin",
          "type": "volume",
          "enabled": true
        },
        {
          "id": "1009",
          "item_id": "1009",
          "name": "Level Meter",
          "type": "level",
          "enabled": true
        }
      ],
      "clips": [
        {
          "id": "1011",
          "name": "test_target_3s",
          "clip_type": "wave",
          "start_seconds": 0.0,
          "end_seconds": 3.0,
          "length_seconds": 3.0,
          "file_path": "D:\\Vit_DAW\\test_target_3s.wav",
          "current_source_path": "D:\\Vit_DAW\\test_target_3s.wav",
          "playback_source_valid": true
        }
      ],
      "output_to_device_resolved": true,
      "output_device_enabled": true,
      "output_device_id": "out_b7a4b4c1",
      "output_routing_name": "(default audio output)"
    }
  ]
}
VitHeadlessService: command reply (truncated): {
  "status": "ok",
  "project_path": "",
  "tracks": [
    {
      "track_id": "1002",
      "track_name": "Arranger",
      "track_type": "track",
      "is_audio_track": false,
      "is_audio": false,
     
ZmqGateway: received command payload: {"clip_id":"1011","cmd":"warm_waveform_bake","file_path":"D:\\Vit_DAW\\test_target_3s.wav","track_id":"1007"}
ZmqGateway: dispatching payload to JUCE message thread.
VitHeadlessService: processing queued command on JUCE message thread: {"clip_id":"1011","cmd":"warm_waveform_bake","file_path":"D:\\Vit_DAW\\test_target_3s.wav","track_id":"1007"}
Command received: {"clip_id":"1011","cmd":"warm_waveform_bake","file_path":"D:\\Vit_DAW\\test_target_3s.wav","track_id":"1007"}
Command executed: warm_waveform_bake, result: {
  "status": "ok",
  "cmd": "warm_waveform_bake",
  "track_id": "1007",
  "clip_id": "1011",
  "file_path": "D:\\Vit_DAW\\test_target_3s.wav",
  "message": "Waveform bake started (no new clip inserted)"
}
VitHeadlessService: command reply (truncated): {
  "status": "ok",
  "cmd": "warm_waveform_bake",
  "track_id": "1007",
  "clip_id": "1011",
  "file_path": "D:\\Vit_DAW\\test_target_3s.wav",
  "message": "Waveform bake started (no new clip inserted)"
}
ZmqGateway: received command payload: {"cmd":"list_tracks"}
ZmqGateway: dispatching payload to JUCE message thread.
VitHeadlessService: processing queued command on JUCE message thread: {"cmd":"list_tracks"}
Command received: {"cmd":"list_tracks"}
Command executed: list_tracks, result: {
  "status": "ok",
  "message": "Track list fetched",
  "tracks": [
    {
      "track_id": "1002",
      "name": "Arranger",
      "track_type": "track",
      "is_audio": false,
      "is_audio_track": false,
      "vit_type": "",
      "vit_intent": "",
      "plugin_count": 0,
      "plugins": []
    },
    {
      "track_id": "1003",
      "name": "Chord",
      "track_type": "track",
      "is_audio": false,
      "is_audio_track": false,
      "vit_type": "",
      "vit_intent": "",
      "plugin_count": 0,
      "plugins": []
    },
    {
      "track_id": "1004",
      "name": "Marker",
      "track_type": "track",
      "is_audio": false,
      "is_audio_track": false,
      "vit_type": "",
      "vit_intent": "",
      "plugin_count": 0,
      "plugins": []
    },
    {
      "track_id": "1005",
      "name": "Tempo",
      "track_type": "track",
      "is_audio": false,
      "is_audio_track": false,
      "vit_type": "",
      "vit_intent": "",
      "plugin_count": 0,
      "plugins": []
    },
    {
      "track_id": "1006",
      "name": "Master",
      "track_type": "master",
      "is_audio": false,
      "is_audio_track": false,
      "vit_type": "",
      "vit_intent": "",
      "plugin_count": 0,
      "plugins": []
    },
    {
      "track_id": "1007",
      "name": "Track 1",
      "track_type": "hybrid",
      "is_audio": true,
      "is_audio_track": true,
      "vit_type": "",
      "vit_intent": "",
      "plugin_count": 2,
      "plugins": [
        {
          "name": "Volume & Pan Plugin",
          "type": "volume",
          "enabled": true
        },
        {
          "name": "Level Meter",
          "type": "level",
          "enabled": true
        }
      ]
    }
  ]
}
VitHeadlessService: command reply (truncated): {
  "status": "ok",
  "message": "Track list fetched",
  "tracks": [
    {
      "track_id": "1002",
      "name": "Arranger",
      "track_type": "track",
      "is_audio": false,
      "is_audio_track": false,
ZmqGateway: received command payload: {"cmd":"list_tracks"}
ZmqGateway: dispatching payload to JUCE message thread.
VitHeadlessService: processing queued command on JUCE message thread: {"cmd":"list_tracks"}
Command received: {"cmd":"list_tracks"}
Command executed: list_tracks, result: {
  "status": "ok",
  "message": "Track list fetched",
  "tracks": [
    {
      "track_id": "1002",
      "name": "Arranger",
      "track_type": "track",
      "is_audio": false,
      "is_audio_track": false,
      "vit_type": "",
      "vit_intent": "",
      "plugin_count": 0,
      "plugins": []
    },
    {
      "track_id": "1003",
      "name": "Chord",
      "track_type": "track",
      "is_audio": false,
      "is_audio_track": false,
      "vit_type": "",
      "vit_intent": "",
      "plugin_count": 0,
      "plugins": []
    },
    {
      "track_id": "1004",
      "name": "Marker",
      "track_type": "track",
      "is_audio": false,
      "is_audio_track": false,
      "vit_type": "",
      "vit_intent": "",
      "plugin_count": 0,
      "plugins": []
    },
    {
      "track_id": "1005",
      "name": "Tempo",
      "track_type": "track",
      "is_audio": false,
      "is_audio_track": false,
      "vit_type": "",
      "vit_intent": "",
      "plugin_count": 0,
      "plugins": []
    },
    {
      "track_id": "1006",
      "name": "Master",
      "track_type": "master",
      "is_audio": false,
      "is_audio_track": false,
      "vit_type": "",
      "vit_intent": "",
      "plugin_count": 0,
      "plugins": []
    },
    {
      "track_id": "1007",
      "name": "Track 1",
      "track_type": "hybrid",
      "is_audio": true,
      "is_audio_track": true,
      "vit_type": "",
      "vit_intent": "",
      "plugin_count": 2,
      "plugins": [
        {
          "name": "Volume & Pan Plugin",
          "type": "volume",
          "enabled": true
        },
        {
          "name": "Level Meter",
          "type": "level",
          "enabled": true
        }
      ]
    }
  ]
}
VitHeadlessService: command reply (truncated): {
  "status": "ok",
  "message": "Track list fetched",
  "tracks": [
    {
      "track_id": "1002",
      "name": "Arranger",
      "track_type": "track",
      "is_audio": false,
      "is_audio_track": false,
ZmqGateway: received command payload: {"action":"import_media_to_track","file_path":"D:/Vit_DAW/test_target_3s.wav","media_type":"audio","start_time":6.98506546020508,"track_id":"1007"}
ZmqGateway: dispatching payload to JUCE message thread.
VitHeadlessService: processing queued command on JUCE message thread: {"action":"import_media_to_track","file_path":"D:/Vit_DAW/test_target_3s.wav","media_type":"audio","start_time":6.98506546020508,"track_id":"1007"}
Command received: {"action":"import_media_to_track","file_path":"D:/Vit_DAW/test_target_3s.wav","media_type":"audio","start_time":6.98506546020508,"track_id":"1007"}
VitHeadlessService: project saved to D:\Vit_DAW\VitApp\Workspace\default_project.xml
CommandDispatcher::handleImportMediaToTrack: clipId="1013" clip="test_target_3s" trackId="1007" source="D:\Vit_DAW\test_target_3s.wav" lengthSec=3.000 isPlaying=false isRecording=false playContextActive=true positionSeconds=0.000 editLengthSeconds=9.985
Command executed: import_media_to_track, result: {
  "status": "success",
  "action": "import_media_to_track",
  "clip_id": "1013",
  "track_id": "1007",
  "start_time": 6.98506546020508,
  "resolved_start_time": 6.98506546020508,
  "length": 3.0,
  "applied_mode": "destructive",
  "clip_name": "test_target_3s",
  "file_path": "D:\\Vit_DAW\\test_target_3s.wav",
  "edit_length_seconds": 9.98506546020508,
  "baking_status": "baking_started"
}
VitHeadlessService: command reply (truncated): {
  "status": "success",
  "action": "import_media_to_track",
  "clip_id": "1013",
  "track_id": "1007",
  "start_time": 6.98506546020508,
  "resolved_start_time": 6.98506546020508,
  "length": 3.0,
  "applied_mo
ZmqGateway: received command payload: {"cmd":"get_project_state"}
ZmqGateway: dispatching payload to JUCE message thread.
VitHeadlessService: processing queued command on JUCE message thread: {"cmd":"get_project_state"}
Command received: {"cmd":"get_project_state"}
Command executed: get_project_state, result: {
  "status": "ok",
  "project_path": "",
  "tracks": [
    {
      "track_id": "1002",
      "track_name": "Arranger",
      "track_type": "track",
      "is_audio_track": false,
      "is_audio": false,
      "plugins": [],
      "clips": []
    },
    {
      "track_id": "1003",
      "track_name": "Chord",
      "track_type": "track",
      "is_audio_track": false,
      "is_audio": false,
      "plugins": [],
      "clips": []
    },
    {
      "track_id": "1004",
      "track_name": "Marker",
      "track_type": "track",
      "is_audio_track": false,
      "is_audio": false,
      "plugins": [],
      "clips": []
    },
    {
      "track_id": "1005",
      "track_name": "Tempo",
      "track_type": "track",
      "is_audio_track": false,
      "is_audio": false,
      "plugins": [],
      "clips": []
    },
    {
      "track_id": "1006",
      "track_name": "Master",
      "track_type": "master",
      "is_audio_track": false,
      "is_audio": false,
      "plugins": [],
      "clips": []
    },
    {
      "track_id": "1007",
      "track_name": "Track 1",
      "track_type": "hybrid",
      "is_audio_track": true,
      "is_audio": true,
      "plugins": [
        {
          "id": "1008",
          "item_id": "1008",
          "name": "Volume & Pan Plugin",
          "type": "volume",
          "enabled": true
        },
        {
          "id": "1009",
          "item_id": "1009",
          "name": "Level Meter",
          "type": "level",
          "enabled": true
        }
      ],
      "clips": [
        {
          "id": "1011",
          "name": "test_target_3s",
          "clip_type": "wave",
          "start_seconds": 0.0,
          "end_seconds": 3.0,
          "length_seconds": 3.0,
          "file_path": "D:\\Vit_DAW\\test_target_3s.wav",
          "current_source_path": "D:\\Vit_DAW\\test_target_3s.wav",
          "playback_source_valid": true
        },
        {
          "id": "1013",
          "name": "test_target_3s",
          "clip_type": "wave",
          "start_seconds": 6.98506546020508,
          "end_seconds": 9.98506546020508,
          "length_seconds": 3.0,
          "file_path": "D:\\Vit_DAW\\test_target_3s.wav",
          "current_source_path": "D:\\Vit_DAW\\test_target_3s.wav",
          "playback_source_valid": true
        }
      ],
      "output_to_device_resolved": true,
      "output_device_enabled": true,
      "output_device_id": "out_b7a4b4c1",
      "output_routing_name": "(default audio output)"
    }
  ]
}
VitHeadlessService: command reply (truncated): {
  "status": "ok",
  "project_path": "",
  "tracks": [
    {
      "track_id": "1002",
      "track_name": "Arranger",
      "track_type": "track",
      "is_audio_track": false,
      "is_audio": false,
     
ZmqGateway: received command payload: {"clip_id":"1011","cmd":"warm_waveform_bake","file_path":"D:\\Vit_DAW\\test_target_3s.wav","track_id":"1007"}
ZmqGateway: dispatching payload to JUCE message thread.
VitHeadlessService: processing queued command on JUCE message thread: {"clip_id":"1011","cmd":"warm_waveform_bake","file_path":"D:\\Vit_DAW\\test_target_3s.wav","track_id":"1007"}
Command received: {"clip_id":"1011","cmd":"warm_waveform_bake","file_path":"D:\\Vit_DAW\\test_target_3s.wav","track_id":"1007"}
Command executed: warm_waveform_bake, result: {
  "status": "ok",
  "cmd": "warm_waveform_bake",
  "track_id": "1007",
  "clip_id": "1011",
  "file_path": "D:\\Vit_DAW\\test_target_3s.wav",
  "message": "Waveform bake started (no new clip inserted)"
}
VitHeadlessService: command reply (truncated): {
  "status": "ok",
  "cmd": "warm_waveform_bake",
  "track_id": "1007",
  "clip_id": "1011",
  "file_path": "D:\\Vit_DAW\\test_target_3s.wav",
  "message": "Waveform bake started (no new clip inserted)"
}
ZmqGateway: received command payload: {"clip_id":"1013","cmd":"warm_waveform_bake","file_path":"D:\\Vit_DAW\\test_target_3s.wav","track_id":"1007"}
ZmqGateway: dispatching payload to JUCE message thread.
VitHeadlessService: processing queued command on JUCE message thread: {"clip_id":"1013","cmd":"warm_waveform_bake","file_path":"D:\\Vit_DAW\\test_target_3s.wav","track_id":"1007"}
Command received: {"clip_id":"1013","cmd":"warm_waveform_bake","file_path":"D:\\Vit_DAW\\test_target_3s.wav","track_id":"1007"}
Command executed: warm_waveform_bake, result: {
  "status": "ok",
  "cmd": "warm_waveform_bake",
  "track_id": "1007",
  "clip_id": "1013",
  "file_path": "D:\\Vit_DAW\\test_target_3s.wav",
  "message": "Waveform bake started (no new clip inserted)"
}
VitHeadlessService: command reply (truncated): {
  "status": "ok",
  "cmd": "warm_waveform_bake",
  "track_id": "1007",
  "clip_id": "1013",
  "file_path": "D:\\Vit_DAW\\test_target_3s.wav",
  "message": "Waveform bake started (no new clip inserted)"
}
ZmqGateway: received command payload: {"cmd":"list_tracks"}
ZmqGateway: dispatching payload to JUCE message thread.
VitHeadlessService: processing queued command on JUCE message thread: {"cmd":"list_tracks"}
Command received: {"cmd":"list_tracks"}
Command executed: list_tracks, result: {
  "status": "ok",
  "message": "Track list fetched",
  "tracks": [
    {
      "track_id": "1002",
      "name": "Arranger",
      "track_type": "track",
      "is_audio": false,
      "is_audio_track": false,
      "vit_type": "",
      "vit_intent": "",
      "plugin_count": 0,
      "plugins": []
    },
    {
      "track_id": "1003",
      "name": "Chord",
      "track_type": "track",
      "is_audio": false,
      "is_audio_track": false,
      "vit_type": "",
      "vit_intent": "",
      "plugin_count": 0,
      "plugins": []
    },
    {
      "track_id": "1004",
      "name": "Marker",
      "track_type": "track",
      "is_audio": false,
      "is_audio_track": false,
      "vit_type": "",
      "vit_intent": "",
      "plugin_count": 0,
      "plugins": []
    },
    {
      "track_id": "1005",
      "name": "Tempo",
      "track_type": "track",
      "is_audio": false,
      "is_audio_track": false,
      "vit_type": "",
      "vit_intent": "",
      "plugin_count": 0,
      "plugins": []
    },
    {
      "track_id": "1006",
      "name": "Master",
      "track_type": "master",
      "is_audio": false,
      "is_audio_track": false,
      "vit_type": "",
      "vit_intent": "",
      "plugin_count": 0,
      "plugins": []
    },
    {
      "track_id": "1007",
      "name": "Track 1",
      "track_type": "hybrid",
      "is_audio": true,
      "is_audio_track": true,
      "vit_type": "",
      "vit_intent": "",
      "plugin_count": 2,
      "plugins": [
        {
          "name": "Volume & Pan Plugin",
          "type": "volume",
          "enabled": true
        },
        {
          "name": "Level Meter",
          "type": "level",
          "enabled": true
        }
      ]
    }
  ]
}
VitHeadlessService: command reply (truncated): {
  "status": "ok",
  "message": "Track list fetched",
  "tracks": [
    {
      "track_id": "1002",
      "name": "Arranger",
      "track_type": "track",
      "is_audio": false,
      "is_audio_track": false,
ZmqGateway: received command payload: {"action":"play"}
ZmqGateway: dispatching payload to JUCE message thread.
VitHeadlessService: processing queued command on JUCE message thread: {"action":"play"}
Command received: {"action":"play"}
CommandDispatcher::handlePlay: before isPlaying=false isRecording=false playContextActive=true positionSeconds=0.000 editLengthSeconds=9.985
CommandDispatcher::handlePlay: after isPlaying=true isRecording=false playContextActive=true positionSeconds=0.000 editLengthSeconds=9.985
Command executed: play, result: {
  "status": "ok",
  "message": "Transport playing",
  "is_playing": true,
  "is_recording": false,
  "position_seconds": 0.0,
  "click_track_enabled": false
}
VitHeadlessService: command reply (truncated): {
  "status": "ok",
  "message": "Transport playing",
  "is_playing": true,
  "is_recording": false,
  "position_seconds": 0.0,
  "click_track_enabled": false
}
ZmqGateway: received command payload: {"action":"stop"}
ZmqGateway: dispatching payload to JUCE message thread.
VitHeadlessService: processing queued command on JUCE message thread: {"action":"stop"}
Command received: {"action":"stop"}
CommandDispatcher::handleStop: before isPlaying=true isRecording=false playContextActive=true positionSeconds=0.520 editLengthSeconds=9.985
CommandDispatcher::handleStop: after isPlaying=false isRecording=false playContextActive=true positionSeconds=0.520 editLengthSeconds=9.985
Command executed: stop, result: {
  "status": "ok",
  "message": "Transport stopped",
  "is_playing": false,
  "is_recording": false,
  "position_seconds": 0.52,
  "click_track_enabled": false
}
VitHeadlessService: command reply (truncated): {
  "status": "ok",
  "message": "Transport stopped",
  "is_playing": false,
  "is_recording": false,
  "position_seconds": 0.52,
  "click_track_enabled": false
}
ZmqGateway: received command payload: {"cmd":"add_track","type":"hybrid"}
ZmqGateway: dispatching payload to JUCE message thread.
VitHeadlessService: processing queued command on JUCE message thread: {"cmd":"add_track","type":"hybrid"}
Command received: {"cmd":"add_track","type":"hybrid"}
VitHeadlessService: project saved to D:\Vit_DAW\VitApp\Workspace\default_project.xml
Command executed: add_track, result: {
  "status": "ok",
  "message": "Track added",
  "track_id": "1014",
  "track_name": "Track 2"
}
VitHeadlessService: command reply (truncated): {
  "status": "ok",
  "message": "Track added",
  "track_id": "1014",
  "track_name": "Track 2"
}
ZmqGateway: received command payload: {"cmd":"list_tracks"}
ZmqGateway: dispatching payload to JUCE message thread.
VitHeadlessService: processing queued command on JUCE message thread: {"cmd":"list_tracks"}
Command received: {"cmd":"list_tracks"}
Command executed: list_tracks, result: {
  "status": "ok",
  "message": "Track list fetched",
  "tracks": [
    {
      "track_id": "1002",
      "name": "Arranger",
      "track_type": "track",
      "is_audio": false,
      "is_audio_track": false,
      "vit_type": "",
      "vit_intent": "",
      "plugin_count": 0,
      "plugins": []
    },
    {
      "track_id": "1003",
      "name": "Chord",
      "track_type": "track",
      "is_audio": false,
      "is_audio_track": false,
      "vit_type": "",
      "vit_intent": "",
      "plugin_count": 0,
      "plugins": []
    },
    {
      "track_id": "1004",
      "name": "Marker",
      "track_type": "track",
      "is_audio": false,
      "is_audio_track": false,
      "vit_type": "",
      "vit_intent": "",
      "plugin_count": 0,
      "plugins": []
    },
    {
      "track_id": "1005",
      "name": "Tempo",
      "track_type": "track",
      "is_audio": false,
      "is_audio_track": false,
      "vit_type": "",
      "vit_intent": "",
      "plugin_count": 0,
      "plugins": []
    },
    {
      "track_id": "1006",
      "name": "Master",
      "track_type": "master",
      "is_audio": false,
      "is_audio_track": false,
      "vit_type": "",
      "vit_intent": "",
      "plugin_count": 0,
      "plugins": []
    },
    {
      "track_id": "1007",
      "name": "Track 1",
      "track_type": "hybrid",
      "is_audio": true,
      "is_audio_track": true,
      "vit_type": "",
      "vit_intent": "",
      "plugin_count": 2,
      "plugins": [
        {
          "name": "Volume & Pan Plugin",
          "type": "volume",
          "enabled": true
        },
        {
          "name": "Level Meter",
          "type": "level",
          "enabled": true
        }
      ]
    },
    {
      "track_id": "1014",
      "name": "Track 2",
      "track_type": "hybrid",
      "is_audio": true,
      "is_audio_track": true,
      "vit_type": "",
      "vit_intent": "",
      "plugin_count": 2,
      "plugins": [
        {
          "name": "Volume & Pan Plugin",
          "type": "volume",
          "enabled": true
        },
        {
          "name": "Level Meter",
          "type": "level",
          "enabled": true
        }
      ]
    }
  ]
}
VitHeadlessService: command reply (truncated): {
  "status": "ok",
  "message": "Track list fetched",
  "tracks": [
    {
      "track_id": "1002",
      "name": "Arranger",
      "track_type": "track",
      "is_audio": false,
      "is_audio_track": false,
ZmqGateway: received command payload: {"cmd":"get_project_state"}
ZmqGateway: dispatching payload to JUCE message thread.
VitHeadlessService: processing queued command on JUCE message thread: {"cmd":"get_project_state"}
Command received: {"cmd":"get_project_state"}
Command executed: get_project_state, result: {
  "status": "ok",
  "project_path": "",
  "tracks": [
    {
      "track_id": "1002",
      "track_name": "Arranger",
      "track_type": "track",
      "is_audio_track": false,
      "is_audio": false,
      "plugins": [],
      "clips": []
    },
    {
      "track_id": "1003",
      "track_name": "Chord",
      "track_type": "track",
      "is_audio_track": false,
      "is_audio": false,
      "plugins": [],
      "clips": []
    },
    {
      "track_id": "1004",
      "track_name": "Marker",
      "track_type": "track",
      "is_audio_track": false,
      "is_audio": false,
      "plugins": [],
      "clips": []
    },
    {
      "track_id": "1005",
      "track_name": "Tempo",
      "track_type": "track",
      "is_audio_track": false,
      "is_audio": false,
      "plugins": [],
      "clips": []
    },
    {
      "track_id": "1006",
      "track_name": "Master",
      "track_type": "master",
      "is_audio_track": false,
      "is_audio": false,
      "plugins": [],
      "clips": []
    },
    {
      "track_id": "1007",
      "track_name": "Track 1",
      "track_type": "hybrid",
      "is_audio_track": true,
      "is_audio": true,
      "plugins": [
        {
          "id": "1008",
          "item_id": "1008",
          "name": "Volume & Pan Plugin",
          "type": "volume",
          "enabled": true
        },
        {
          "id": "1009",
          "item_id": "1009",
          "name": "Level Meter",
          "type": "level",
          "enabled": true
        }
      ],
      "clips": [
        {
          "id": "1011",
          "name": "test_target_3s",
          "clip_type": "wave",
          "start_seconds": 0.0,
          "end_seconds": 3.0,
          "length_seconds": 3.0,
          "file_path": "D:\\Vit_DAW\\test_target_3s.wav",
          "current_source_path": "D:\\Vit_DAW\\test_target_3s.wav",
          "playback_source_valid": true
        },
        {
          "id": "1013",
          "name": "test_target_3s",
          "clip_type": "wave",
          "start_seconds": 6.98506546020508,
          "end_seconds": 9.98506546020508,
          "length_seconds": 3.0,
          "file_path": "D:\\Vit_DAW\\test_target_3s.wav",
          "current_source_path": "D:\\Vit_DAW\\test_target_3s.wav",
          "playback_source_valid": true
        }
      ],
      "output_to_device_resolved": true,
      "output_device_enabled": true,
      "output_device_id": "out_b7a4b4c1",
      "output_routing_name": "(default audio output)"
    },
    {
      "track_id": "1014",
      "track_name": "Track 2",
      "track_type": "hybrid",
      "is_audio_track": true,
      "is_audio": true,
      "plugins": [
        {
          "id": "1015",
          "item_id": "1015",
          "name": "Volume & Pan Plugin",
          "type": "volume",
          "enabled": true
        },
        {
          "id": "1016",
          "item_id": "1016",
          "name": "Level Meter",
          "type": "level",
          "enabled": true
        }
      ],
      "clips": [],
      "output_to_device_resolved": true,
      "output_device_enabled": true,
      "output_device_id": "out_b7a4b4c1",
      "output_routing_name": "(default audio output)"
    }
  ]
}
VitHeadlessService: command reply (truncated): {
  "status": "ok",
  "project_path": "",
  "tracks": [
    {
      "track_id": "1002",
      "track_name": "Arranger",
      "track_type": "track",
      "is_audio_track": false,
      "is_audio": false,
     
ZmqGateway: received command payload: {"clip_id":"1011","cmd":"warm_waveform_bake","file_path":"D:\\Vit_DAW\\test_target_3s.wav","track_id":"1007"}
ZmqGateway: dispatching payload to JUCE message thread.
VitHeadlessService: processing queued command on JUCE message thread: {"clip_id":"1011","cmd":"warm_waveform_bake","file_path":"D:\\Vit_DAW\\test_target_3s.wav","track_id":"1007"}
Command received: {"clip_id":"1011","cmd":"warm_waveform_bake","file_path":"D:\\Vit_DAW\\test_target_3s.wav","track_id":"1007"}
Command executed: warm_waveform_bake, result: {
  "status": "ok",
  "cmd": "warm_waveform_bake",
  "track_id": "1007",
  "clip_id": "1011",
  "file_path": "D:\\Vit_DAW\\test_target_3s.wav",
  "message": "Waveform bake started (no new clip inserted)"
}
VitHeadlessService: command reply (truncated): {
  "status": "ok",
  "cmd": "warm_waveform_bake",
  "track_id": "1007",
  "clip_id": "1011",
  "file_path": "D:\\Vit_DAW\\test_target_3s.wav",
  "message": "Waveform bake started (no new clip inserted)"
}
ZmqGateway: received command payload: {"clip_id":"1013","cmd":"warm_waveform_bake","file_path":"D:\\Vit_DAW\\test_target_3s.wav","track_id":"1007"}
ZmqGateway: dispatching payload to JUCE message thread.
VitHeadlessService: processing queued command on JUCE message thread: {"clip_id":"1013","cmd":"warm_waveform_bake","file_path":"D:\\Vit_DAW\\test_target_3s.wav","track_id":"1007"}
Command received: {"clip_id":"1013","cmd":"warm_waveform_bake","file_path":"D:\\Vit_DAW\\test_target_3s.wav","track_id":"1007"}
Command executed: warm_waveform_bake, result: {
  "status": "ok",
  "cmd": "warm_waveform_bake",
  "track_id": "1007",
  "clip_id": "1013",
  "file_path": "D:\\Vit_DAW\\test_target_3s.wav",
  "message": "Waveform bake started (no new clip inserted)"
}
VitHeadlessService: command reply (truncated): {
  "status": "ok",
  "cmd": "warm_waveform_bake",
  "track_id": "1007",
  "clip_id": "1013",
  "file_path": "D:\\Vit_DAW\\test_target_3s.wav",
  "message": "Waveform bake started (no new clip inserted)"
}
ZmqGateway: received command payload: {"cmd":"list_tracks"}
ZmqGateway: dispatching payload to JUCE message thread.
VitHeadlessService: processing queued command on JUCE message thread: {"cmd":"list_tracks"}
Command received: {"cmd":"list_tracks"}
Command executed: list_tracks, result: {
  "status": "ok",
  "message": "Track list fetched",
  "tracks": [
    {
      "track_id": "1002",
      "name": "Arranger",
      "track_type": "track",
      "is_audio": false,
      "is_audio_track": false,
      "vit_type": "",
      "vit_intent": "",
      "plugin_count": 0,
      "plugins": []
    },
    {
      "track_id": "1003",
      "name": "Chord",
      "track_type": "track",
      "is_audio": false,
      "is_audio_track": false,
      "vit_type": "",
      "vit_intent": "",
      "plugin_count": 0,
      "plugins": []
    },
    {
      "track_id": "1004",
      "name": "Marker",
      "track_type": "track",
      "is_audio": false,
      "is_audio_track": false,
      "vit_type": "",
      "vit_intent": "",
      "plugin_count": 0,
      "plugins": []
    },
    {
      "track_id": "1005",
      "name": "Tempo",
      "track_type": "track",
      "is_audio": false,
      "is_audio_track": false,
      "vit_type": "",
      "vit_intent": "",
      "plugin_count": 0,
      "plugins": []
    },
    {
      "track_id": "1006",
      "name": "Master",
      "track_type": "master",
      "is_audio": false,
      "is_audio_track": false,
      "vit_type": "",
      "vit_intent": "",
      "plugin_count": 0,
      "plugins": []
    },
    {
      "track_id": "1007",
      "name": "Track 1",
      "track_type": "hybrid",
      "is_audio": true,
      "is_audio_track": true,
      "vit_type": "",
      "vit_intent": "",
      "plugin_count": 2,
      "plugins": [
        {
          "name": "Volume & Pan Plugin",
          "type": "volume",
          "enabled": true
        },
        {
          "name": "Level Meter",
          "type": "level",
          "enabled": true
        }
      ]
    },
    {
      "track_id": "1014",
      "name": "Track 2",
      "track_type": "hybrid",
      "is_audio": true,
      "is_audio_track": true,
      "vit_type": "",
      "vit_intent": "",
      "plugin_count": 2,
      "plugins": [
        {
          "name": "Volume & Pan Plugin",
          "type": "volume",
          "enabled": true
        },
        {
          "name": "Level Meter",
          "type": "level",
          "enabled": true
        }
      ]
    }
  ]
}
VitHeadlessService: command reply (truncated): {
  "status": "ok",
  "message": "Track list fetched",
  "tracks": [
    {
      "track_id": "1002",
      "name": "Arranger",
      "track_type": "track",
      "is_audio": false,
      "is_audio_track": false,
ZmqGateway: received command payload: {"action":"delete_track","track_index":1}
ZmqGateway: dispatching payload to JUCE message thread.
VitHeadlessService: processing queued command on JUCE message thread: {"action":"delete_track","track_index":1}
Command received: {"action":"delete_track","track_index":1}
VitHeadlessService: project saved to D:\Vit_DAW\VitApp\Workspace\default_project.xml
Command executed: delete_track, result: {
  "status": "ok",
  "message": "Audio track deleted",
  "track_index": 1
}
VitHeadlessService: command reply (truncated): {
  "status": "ok",
  "message": "Audio track deleted",
  "track_index": 1
}
ZmqGateway: received command payload: {"cmd":"list_tracks"}
ZmqGateway: dispatching payload to JUCE message thread.
VitHeadlessService: processing queued command on JUCE message thread: {"cmd":"list_tracks"}
Command received: {"cmd":"list_tracks"}
Command executed: list_tracks, result: {
  "status": "ok",
  "message": "Track list fetched",
  "tracks": [
    {
      "track_id": "1002",
      "name": "Arranger",
      "track_type": "track",
      "is_audio": false,
      "is_audio_track": false,
      "vit_type": "",
      "vit_intent": "",
      "plugin_count": 0,
      "plugins": []
    },
    {
      "track_id": "1003",
      "name": "Chord",
      "track_type": "track",
      "is_audio": false,
      "is_audio_track": false,
      "vit_type": "",
      "vit_intent": "",
      "plugin_count": 0,
      "plugins": []
    },
    {
      "track_id": "1004",
      "name": "Marker",
      "track_type": "track",
      "is_audio": false,
      "is_audio_track": false,
      "vit_type": "",
      "vit_intent": "",
      "plugin_count": 0,
      "plugins": []
    },
    {
      "track_id": "1005",
      "name": "Tempo",
      "track_type": "track",
      "is_audio": false,
      "is_audio_track": false,
      "vit_type": "",
      "vit_intent": "",
      "plugin_count": 0,
      "plugins": []
    },
    {
      "track_id": "1006",
      "name": "Master",
      "track_type": "master",
      "is_audio": false,
      "is_audio_track": false,
      "vit_type": "",
      "vit_intent": "",
      "plugin_count": 0,
      "plugins": []
    },
    {
      "track_id": "1014",
      "name": "Track 1",
      "track_type": "hybrid",
      "is_audio": true,
      "is_audio_track": true,
      "vit_type": "",
      "vit_intent": "",
      "plugin_count": 2,
      "plugins": [
        {
          "name": "Volume & Pan Plugin",
          "type": "volume",
          "enabled": true
        },
        {
          "name": "Level Meter",
          "type": "level",
          "enabled": true
        }
      ]
    }
  ]
}
VitHeadlessService: command reply (truncated): {
  "status": "ok",
  "message": "Track list fetched",
  "tracks": [
    {
      "track_id": "1002",
      "name": "Arranger",
      "track_type": "track",
      "is_audio": false,
      "is_audio_track": false,
ZmqGateway: received command payload: {"cmd":"list_tracks"}
ZmqGateway: dispatching payload to JUCE message thread.
VitHeadlessService: processing queued command on JUCE message thread: {"cmd":"list_tracks"}
Command received: {"cmd":"list_tracks"}
Command executed: list_tracks, result: {
  "status": "ok",
  "message": "Track list fetched",
  "tracks": [
    {
      "track_id": "1002",
      "name": "Arranger",
      "track_type": "track",
      "is_audio": false,
      "is_audio_track": false,
      "vit_type": "",
      "vit_intent": "",
      "plugin_count": 0,
      "plugins": []
    },
    {
      "track_id": "1003",
      "name": "Chord",
      "track_type": "track",
      "is_audio": false,
      "is_audio_track": false,
      "vit_type": "",
      "vit_intent": "",
      "plugin_count": 0,
      "plugins": []
    },
    {
      "track_id": "1004",
      "name": "Marker",
      "track_type": "track",
      "is_audio": false,
      "is_audio_track": false,
      "vit_type": "",
      "vit_intent": "",
      "plugin_count": 0,
      "plugins": []
    },
    {
      "track_id": "1005",
      "name": "Tempo",
      "track_type": "track",
      "is_audio": false,
      "is_audio_track": false,
      "vit_type": "",
      "vit_intent": "",
      "plugin_count": 0,
      "plugins": []
    },
    {
      "track_id": "1006",
      "name": "Master",
      "track_type": "master",
      "is_audio": false,
      "is_audio_track": false,
      "vit_type": "",
      "vit_intent": "",
      "plugin_count": 0,
      "plugins": []
    },
    {
      "track_id": "1014",
      "name": "Track 1",
      "track_type": "hybrid",
      "is_audio": true,
      "is_audio_track": true,
      "vit_type": "",
      "vit_intent": "",
      "plugin_count": 2,
      "plugins": [
        {
          "name": "Volume & Pan Plugin",
          "type": "volume",
          "enabled": true
        },
        {
          "name": "Level Meter",
          "type": "level",
          "enabled": true
        }
      ]
    }
  ]
}
VitHeadlessService: command reply (truncated): {
  "status": "ok",
  "message": "Track list fetched",
  "tracks": [
    {
      "track_id": "1002",
      "name": "Arranger",
      "track_type": "track",
      "is_audio": false,
      "is_audio_track": false,
ZmqGateway: received command payload: {"action":"import_media_to_track","file_path":"D:/Vit_DAW/test_100hz_10s.wav","media_type":"audio","start_time":1.52237319946289,"track_id":"1014"}
ZmqGateway: dispatching payload to JUCE message thread.
VitHeadlessService: processing queued command on JUCE message thread: {"action":"import_media_to_track","file_path":"D:/Vit_DAW/test_100hz_10s.wav","media_type":"audio","start_time":1.52237319946289,"track_id":"1014"}
Command received: {"action":"import_media_to_track","file_path":"D:/Vit_DAW/test_100hz_10s.wav","media_type":"audio","start_time":1.52237319946289,"track_id":"1014"}
VitHeadlessService: project saved to D:\Vit_DAW\VitApp\Workspace\default_project.xml
CommandDispatcher::handleImportMediaToTrack: clipId="1018" clip="test_100hz_10s" trackId="1014" source="D:\Vit_DAW\test_100hz_10s.wav" lengthSec=10.000 isPlaying=false isRecording=false playContextActive=true positionSeconds=0.530 editLengthSeconds=11.522
Command executed: import_media_to_track, result: {
  "status": "success",
  "action": "import_media_to_track",
  "clip_id": "1018",
  "track_id": "1014",
  "start_time": 1.52237319946289,
  "resolved_start_time": 1.52237319946289,
  "length": 10.0,
  "applied_mode": "destructive",
  "clip_name": "test_100hz_10s",
  "file_path": "D:\\Vit_DAW\\test_100hz_10s.wav",
  "edit_length_seconds": 11.522373199462891,
  "baking_status": "baking_started"
}
VitHeadlessService: command reply (truncated): {
  "status": "success",
  "action": "import_media_to_track",
  "clip_id": "1018",
  "track_id": "1014",
  "start_time": 1.52237319946289,
  "resolved_start_time": 1.52237319946289,
  "length": 10.0,
  "applied_m
ZmqGateway: received command payload: {"cmd":"get_project_state"}
ZmqGateway: dispatching payload to JUCE message thread.
VitHeadlessService: processing queued command on JUCE message thread: {"cmd":"get_project_state"}
Command received: {"cmd":"get_project_state"}
Command executed: get_project_state, result: {
  "status": "ok",
  "project_path": "",
  "tracks": [
    {
      "track_id": "1002",
      "track_name": "Arranger",
      "track_type": "track",
      "is_audio_track": false,
      "is_audio": false,
      "plugins": [],
      "clips": []
    },
    {
      "track_id": "1003",
      "track_name": "Chord",
      "track_type": "track",
      "is_audio_track": false,
      "is_audio": false,
      "plugins": [],
      "clips": []
    },
    {
      "track_id": "1004",
      "track_name": "Marker",
      "track_type": "track",
      "is_audio_track": false,
      "is_audio": false,
      "plugins": [],
      "clips": []
    },
    {
      "track_id": "1005",
      "track_name": "Tempo",
      "track_type": "track",
      "is_audio_track": false,
      "is_audio": false,
      "plugins": [],
      "clips": []
    },
    {
      "track_id": "1006",
      "track_name": "Master",
      "track_type": "master",
      "is_audio_track": false,
      "is_audio": false,
      "plugins": [],
      "clips": []
    },
    {
      "track_id": "1014",
      "track_name": "Track 1",
      "track_type": "hybrid",
      "is_audio_track": true,
      "is_audio": true,
      "plugins": [
        {
          "id": "1015",
          "item_id": "1015",
          "name": "Volume & Pan Plugin",
          "type": "volume",
          "enabled": true
        },
        {
          "id": "1016",
          "item_id": "1016",
          "name": "Level Meter",
          "type": "level",
          "enabled": true
        }
      ],
      "clips": [
        {
          "id": "1018",
          "name": "test_100hz_10s",
          "clip_type": "wave",
          "start_seconds": 1.52237319946289,
          "end_seconds": 11.522373199462891,
          "length_seconds": 10.0,
          "file_path": "D:\\Vit_DAW\\test_100hz_10s.wav",
          "current_source_path": "D:\\Vit_DAW\\test_100hz_10s.wav",
          "playback_source_valid": true
        }
      ],
      "output_to_device_resolved": true,
      "output_device_enabled": true,
      "output_device_id": "out_b7a4b4c1",
      "output_routing_name": "(default audio output)"
    }
  ]
}
VitHeadlessService: command reply (truncated): {
  "status": "ok",
  "project_path": "",
  "tracks": [
    {
      "track_id": "1002",
      "track_name": "Arranger",
      "track_type": "track",
      "is_audio_track": false,
      "is_audio": false,
     
ZmqGateway: received command payload: {"clip_id":"1018","cmd":"warm_waveform_bake","file_path":"D:\\Vit_DAW\\test_100hz_10s.wav","track_id":"1014"}
ZmqGateway: dispatching payload to JUCE message thread.
VitHeadlessService: processing queued command on JUCE message thread: {"clip_id":"1018","cmd":"warm_waveform_bake","file_path":"D:\\Vit_DAW\\test_100hz_10s.wav","track_id":"1014"}
Command received: {"clip_id":"1018","cmd":"warm_waveform_bake","file_path":"D:\\Vit_DAW\\test_100hz_10s.wav","track_id":"1014"}
Command executed: warm_waveform_bake, result: {
  "status": "ok",
  "cmd": "warm_waveform_bake",
  "track_id": "1014",
  "clip_id": "1018",
  "file_path": "D:\\Vit_DAW\\test_100hz_10s.wav",
  "message": "Waveform bake started (no new clip inserted)"
}
VitHeadlessService: command reply (truncated): {
  "status": "ok",
  "cmd": "warm_waveform_bake",
  "track_id": "1014",
  "clip_id": "1018",
  "file_path": "D:\\Vit_DAW\\test_100hz_10s.wav",
  "message": "Waveform bake started (no new clip inserted)"
}
ZmqGateway: received command payload: {"cmd":"list_tracks"}
ZmqGateway: dispatching payload to JUCE message thread.
VitHeadlessService: processing queued command on JUCE message thread: {"cmd":"list_tracks"}
Command received: {"cmd":"list_tracks"}
Command executed: list_tracks, result: {
  "status": "ok",
  "message": "Track list fetched",
  "tracks": [
    {
      "track_id": "1002",
      "name": "Arranger",
      "track_type": "track",
      "is_audio": false,
      "is_audio_track": false,
      "vit_type": "",
      "vit_intent": "",
      "plugin_count": 0,
      "plugins": []
    },
    {
      "track_id": "1003",
      "name": "Chord",
      "track_type": "track",
      "is_audio": false,
      "is_audio_track": false,
      "vit_type": "",
      "vit_intent": "",
      "plugin_count": 0,
      "plugins": []
    },
    {
      "track_id": "1004",
      "name": "Marker",
      "track_type": "track",
      "is_audio": false,
      "is_audio_track": false,
      "vit_type": "",
      "vit_intent": "",
      "plugin_count": 0,
      "plugins": []
    },
    {
      "track_id": "1005",
      "name": "Tempo",
      "track_type": "track",
      "is_audio": false,
      "is_audio_track": false,
      "vit_type": "",
      "vit_intent": "",
      "plugin_count": 0,
      "plugins": []
    },
    {
      "track_id": "1006",
      "name": "Master",
      "track_type": "master",
      "is_audio": false,
      "is_audio_track": false,
      "vit_type": "",
      "vit_intent": "",
      "plugin_count": 0,
      "plugins": []
    },
    {
      "track_id": "1014",
      "name": "Track 1",
      "track_type": "hybrid",
      "is_audio": true,
      "is_audio_track": true,
      "vit_type": "",
      "vit_intent": "",
      "plugin_count": 2,
      "plugins": [
        {
          "name": "Volume & Pan Plugin",
          "type": "volume",
          "enabled": true
        },
        {
          "name": "Level Meter",
          "type": "level",
          "enabled": true
        }
      ]
    }
  ]
}
VitHeadlessService: command reply (truncated): {
  "status": "ok",
  "message": "Track list fetched",
  "tracks": [
    {
      "track_id": "1002",
      "name": "Arranger",
      "track_type": "track",
      "is_audio": false,
      "is_audio_track": false,
ZmqGateway: received command payload: {"cmd":"get_recent_projects"}
ZmqGateway: dispatching payload to JUCE message thread.
VitHeadlessService: processing queued command on JUCE message thread: {"cmd":"get_recent_projects"}
Command received: {"cmd":"get_recent_projects"}
Command executed: get_recent_projects, result: {
  "status": "ok",
  "recent_projects": [
    "D:\\Godot\\project\\vit-daw-frontend\\4.4.3.vit",
    "D:\\Godot\\project\\vit-daw-frontend\\4.4.2.vit",
    "D:\\Godot\\project\\vit-daw-frontend\\4.4.1.vit",
    "D:\\Godot\\project\\vit-daw-frontend\\4.4.vit",
    "D:\\4.1.tracktionedit"
  ]
}
VitHeadlessService: command reply (truncated): {
  "status": "ok",
  "recent_projects": [
    "D:\\Godot\\project\\vit-daw-frontend\\4.4.3.vit",
    "D:\\Godot\\project\\vit-daw-frontend\\4.4.2.vit",
    "D:\\Godot\\project\\vit-daw-frontend\\4.4.1.vit",
    "D
ZmqGateway: received command payload: {"cmd":"new_project"}
ZmqGateway: dispatching payload to JUCE message thread.
VitHeadlessService: processing queued command on JUCE message thread: {"cmd":"new_project"}
Command received: {"cmd":"new_project"}
VitEngineDevice: audio IO ready for playback graph: "扬声器 (USB AUDIO  CODEC)" 48000.00 Hz, block 480 samples
Command executed: new_project, result: {
  "status": "ok",
  "message": "Blank project created"
}
VitHeadlessService: command reply (truncated): {
  "status": "ok",
  "message": "Blank project created"
}
ZmqGateway: received command payload: {"cmd":"ping"}
ZmqGateway: dispatching payload to JUCE message thread.
VitHeadlessService: processing queued command on JUCE message thread: {"cmd":"ping"}
Command received: {"cmd":"ping"}
CommandDispatcher: handled ping command.
Command executed: ping, result: {
  "status": "ok",
  "message": "pong"
}
VitHeadlessService: command reply (truncated): {
  "status": "ok",
  "message": "pong"
}
ZmqGateway: received command payload: {"cmd":"get_project_state"}
ZmqGateway: dispatching payload to JUCE message thread.
VitHeadlessService: processing queued command on JUCE message thread: {"cmd":"get_project_state"}
Command received: {"cmd":"get_project_state"}
Command executed: get_project_state, result: {
  "status": "ok",
  "project_path": "",
  "tracks": [
    {
      "track_id": "1002",
      "track_name": "Arranger",
      "track_type": "track",
      "is_audio_track": false,
      "is_audio": false,
      "plugins": [],
      "clips": []
    },
    {
      "track_id": "1003",
      "track_name": "Chord",
      "track_type": "track",
      "is_audio_track": false,
      "is_audio": false,
      "plugins": [],
      "clips": []
    },
    {
      "track_id": "1004",
      "track_name": "Marker",
      "track_type": "track",
      "is_audio_track": false,
      "is_audio": false,
      "plugins": [],
      "clips": []
    },
    {
      "track_id": "1005",
      "track_name": "Tempo",
      "track_type": "track",
      "is_audio_track": false,
      "is_audio": false,
      "plugins": [],
      "clips": []
    },
    {
      "track_id": "1006",
      "track_name": "Master",
      "track_type": "master",
      "is_audio_track": false,
      "is_audio": false,
      "plugins": [],
      "clips": []
    }
  ]
}
VitHeadlessService: command reply (truncated): {
  "status": "ok",
  "project_path": "",
  "tracks": [
    {
      "track_id": "1002",
      "track_name": "Arranger",
      "track_type": "track",
      "is_audio_track": false,
      "is_audio": false,
     
ZmqGateway: received command payload: {"cmd":"list_tracks"}
ZmqGateway: dispatching payload to JUCE message thread.
VitHeadlessService: processing queued command on JUCE message thread: {"cmd":"list_tracks"}
Command received: {"cmd":"list_tracks"}
Command executed: list_tracks, result: {
  "status": "ok",
  "message": "Track list fetched",
  "tracks": [
    {
      "track_id": "1002",
      "name": "Arranger",
      "track_type": "track",
      "is_audio": false,
      "is_audio_track": false,
      "vit_type": "",
      "vit_intent": "",
      "plugin_count": 0,
      "plugins": []
    },
    {
      "track_id": "1003",
      "name": "Chord",
      "track_type": "track",
      "is_audio": false,
      "is_audio_track": false,
      "vit_type": "",
      "vit_intent": "",
      "plugin_count": 0,
      "plugins": []
    },
    {
      "track_id": "1004",
      "name": "Marker",
      "track_type": "track",
      "is_audio": false,
      "is_audio_track": false,
      "vit_type": "",
      "vit_intent": "",
      "plugin_count": 0,
      "plugins": []
    },
    {
      "track_id": "1005",
      "name": "Tempo",
      "track_type": "track",
      "is_audio": false,
      "is_audio_track": false,
      "vit_type": "",
      "vit_intent": "",
      "plugin_count": 0,
      "plugins": []
    },
    {
      "track_id": "1006",
      "name": "Master",
      "track_type": "master",
      "is_audio": false,
      "is_audio_track": false,
      "vit_type": "",
      "vit_intent": "",
      "plugin_count": 0,
      "plugins": []
    }
  ]
}
VitHeadlessService: command reply (truncated): {
  "status": "ok",
  "message": "Track list fetched",
  "tracks": [
    {
      "track_id": "1002",
      "name": "Arranger",
      "track_type": "track",
      "is_audio": false,
      "is_audio_track": false,
ZmqGateway: received command payload: {"cmd":"list_tracks"}
ZmqGateway: dispatching payload to JUCE message thread.
VitHeadlessService: processing queued command on JUCE message thread: {"cmd":"list_tracks"}
Command received: {"cmd":"list_tracks"}
Command executed: list_tracks, result: {
  "status": "ok",
  "message": "Track list fetched",
  "tracks": [
    {
      "track_id": "1002",
      "name": "Arranger",
      "track_type": "track",
      "is_audio": false,
      "is_audio_track": false,
      "vit_type": "",
      "vit_intent": "",
      "plugin_count": 0,
      "plugins": []
    },
    {
      "track_id": "1003",
      "name": "Chord",
      "track_type": "track",
      "is_audio": false,
      "is_audio_track": false,
      "vit_type": "",
      "vit_intent": "",
      "plugin_count": 0,
      "plugins": []
    },
    {
      "track_id": "1004",
      "name": "Marker",
      "track_type": "track",
      "is_audio": false,
      "is_audio_track": false,
      "vit_type": "",
      "vit_intent": "",
      "plugin_count": 0,
      "plugins": []
    },
    {
      "track_id": "1005",
      "name": "Tempo",
      "track_type": "track",
      "is_audio": false,
      "is_audio_track": false,
      "vit_type": "",
      "vit_intent": "",
      "plugin_count": 0,
      "plugins": []
    },
    {
      "track_id": "1006",
      "name": "Master",
      "track_type": "master",
      "is_audio": false,
      "is_audio_track": false,
      "vit_type": "",
      "vit_intent": "",
      "plugin_count": 0,
      "plugins": []
    }
  ]
}
VitHeadlessService: command reply (truncated): {
  "status": "ok",
  "message": "Track list fetched",
  "tracks": [
    {
      "track_id": "1002",
      "name": "Arranger",
      "track_type": "track",
      "is_audio": false,
      "is_audio_track": false,
ZmqGateway: received command payload: {"cmd":"add_track","type":"hybrid"}
ZmqGateway: dispatching payload to JUCE message thread.
VitHeadlessService: processing queued command on JUCE message thread: {"cmd":"add_track","type":"hybrid"}
Command received: {"cmd":"add_track","type":"hybrid"}
VitHeadlessService: project saved to D:\Vit_DAW\VitApp\Workspace\default_project.xml
Command executed: add_track, result: {
  "status": "ok",
  "message": "Track added",
  "track_id": "1007",
  "track_name": "Track 1"
}
VitHeadlessService: command reply (truncated): {
  "status": "ok",
  "message": "Track added",
  "track_id": "1007",
  "track_name": "Track 1"
}
ZmqGateway: received command payload: {"cmd":"list_tracks"}
ZmqGateway: dispatching payload to JUCE message thread.
VitHeadlessService: processing queued command on JUCE message thread: {"cmd":"list_tracks"}
Command received: {"cmd":"list_tracks"}
Command executed: list_tracks, result: {
  "status": "ok",
  "message": "Track list fetched",
  "tracks": [
    {
      "track_id": "1002",
      "name": "Arranger",
      "track_type": "track",
      "is_audio": false,
      "is_audio_track": false,
      "vit_type": "",
      "vit_intent": "",
      "plugin_count": 0,
      "plugins": []
    },
    {
      "track_id": "1003",
      "name": "Chord",
      "track_type": "track",
      "is_audio": false,
      "is_audio_track": false,
      "vit_type": "",
      "vit_intent": "",
      "plugin_count": 0,
      "plugins": []
    },
    {
      "track_id": "1004",
      "name": "Marker",
      "track_type": "track",
      "is_audio": false,
      "is_audio_track": false,
      "vit_type": "",
      "vit_intent": "",
      "plugin_count": 0,
      "plugins": []
    },
    {
      "track_id": "1005",
      "name": "Tempo",
      "track_type": "track",
      "is_audio": false,
      "is_audio_track": false,
      "vit_type": "",
      "vit_intent": "",
      "plugin_count": 0,
      "plugins": []
    },
    {
      "track_id": "1006",
      "name": "Master",
      "track_type": "master",
      "is_audio": false,
      "is_audio_track": false,
      "vit_type": "",
      "vit_intent": "",
      "plugin_count": 0,
      "plugins": []
    },
    {
      "track_id": "1007",
      "name": "Track 1",
      "track_type": "hybrid",
      "is_audio": true,
      "is_audio_track": true,
      "vit_type": "",
      "vit_intent": "",
      "plugin_count": 2,
      "plugins": [
        {
          "name": "Volume & Pan Plugin",
          "type": "volume",
          "enabled": true
        },
        {
          "name": "Level Meter",
          "type": "level",
          "enabled": true
        }
      ]
    }
  ]
}
VitHeadlessService: command reply (truncated): {
  "status": "ok",
  "message": "Track list fetched",
  "tracks": [
    {
      "track_id": "1002",
      "name": "Arranger",
      "track_type": "track",
      "is_audio": false,
      "is_audio_track": false,
ZmqGateway: received command payload: {"cmd":"get_project_state"}
ZmqGateway: dispatching payload to JUCE message thread.
VitHeadlessService: processing queued command on JUCE message thread: {"cmd":"get_project_state"}
Command received: {"cmd":"get_project_state"}
Command executed: get_project_state, result: {
  "status": "ok",
  "project_path": "",
  "tracks": [
    {
      "track_id": "1002",
      "track_name": "Arranger",
      "track_type": "track",
      "is_audio_track": false,
      "is_audio": false,
      "plugins": [],
      "clips": []
    },
    {
      "track_id": "1003",
      "track_name": "Chord",
      "track_type": "track",
      "is_audio_track": false,
      "is_audio": false,
      "plugins": [],
      "clips": []
    },
    {
      "track_id": "1004",
      "track_name": "Marker",
      "track_type": "track",
      "is_audio_track": false,
      "is_audio": false,
      "plugins": [],
      "clips": []
    },
    {
      "track_id": "1005",
      "track_name": "Tempo",
      "track_type": "track",
      "is_audio_track": false,
      "is_audio": false,
      "plugins": [],
      "clips": []
    },
    {
      "track_id": "1006",
      "track_name": "Master",
      "track_type": "master",
      "is_audio_track": false,
      "is_audio": false,
      "plugins": [],
      "clips": []
    },
    {
      "track_id": "1007",
      "track_name": "Track 1",
      "track_type": "hybrid",
      "is_audio_track": true,
      "is_audio": true,
      "plugins": [
        {
          "id": "1008",
          "item_id": "1008",
          "name": "Volume & Pan Plugin",
          "type": "volume",
          "enabled": true
        },
        {
          "id": "1009",
          "item_id": "1009",
          "name": "Level Meter",
          "type": "level",
          "enabled": true
        }
      ],
      "clips": [],
      "output_to_device_resolved": true,
      "output_device_enabled": true,
      "output_device_id": "out_b7a4b4c1",
      "output_routing_name": "(default audio output)"
    }
  ]
}
VitHeadlessService: command reply (truncated): {
  "status": "ok",
  "project_path": "",
  "tracks": [
    {
      "track_id": "1002",
      "track_name": "Arranger",
      "track_type": "track",
      "is_audio_track": false,
      "is_audio": false,
     
ZmqGateway: received command payload: {"cmd":"list_tracks"}
ZmqGateway: dispatching payload to JUCE message thread.
VitHeadlessService: processing queued command on JUCE message thread: {"cmd":"list_tracks"}
Command received: {"cmd":"list_tracks"}
Command executed: list_tracks, result: {
  "status": "ok",
  "message": "Track list fetched",
  "tracks": [
    {
      "track_id": "1002",
      "name": "Arranger",
      "track_type": "track",
      "is_audio": false,
      "is_audio_track": false,
      "vit_type": "",
      "vit_intent": "",
      "plugin_count": 0,
      "plugins": []
    },
    {
      "track_id": "1003",
      "name": "Chord",
      "track_type": "track",
      "is_audio": false,
      "is_audio_track": false,
      "vit_type": "",
      "vit_intent": "",
      "plugin_count": 0,
      "plugins": []
    },
    {
      "track_id": "1004",
      "name": "Marker",
      "track_type": "track",
      "is_audio": false,
      "is_audio_track": false,
      "vit_type": "",
      "vit_intent": "",
      "plugin_count": 0,
      "plugins": []
    },
    {
      "track_id": "1005",
      "name": "Tempo",
      "track_type": "track",
      "is_audio": false,
      "is_audio_track": false,
      "vit_type": "",
      "vit_intent": "",
      "plugin_count": 0,
      "plugins": []
    },
    {
      "track_id": "1006",
      "name": "Master",
      "track_type": "master",
      "is_audio": false,
      "is_audio_track": false,
      "vit_type": "",
      "vit_intent": "",
      "plugin_count": 0,
      "plugins": []
    },
    {
      "track_id": "1007",
      "name": "Track 1",
      "track_type": "hybrid",
      "is_audio": true,
      "is_audio_track": true,
      "vit_type": "",
      "vit_intent": "",
      "plugin_count": 2,
      "plugins": [
        {
          "name": "Volume & Pan Plugin",
          "type": "volume",
          "enabled": true
        },
        {
          "name": "Level Meter",
          "type": "level",
          "enabled": true
        }
      ]
    }
  ]
}
VitHeadlessService: command reply (truncated): {
  "status": "ok",
  "message": "Track list fetched",
  "tracks": [
    {
      "track_id": "1002",
      "name": "Arranger",
      "track_type": "track",
      "is_audio": false,
      "is_audio_track": false,
ZmqGateway: received command payload: {"action":"import_media_to_track","file_path":"D:/Vit_DAW/test_100hz_10s.wav","media_type":"audio","start_time":0.0,"track_id":"1007"}
ZmqGateway: dispatching payload to JUCE message thread.
VitHeadlessService: processing queued command on JUCE message thread: {"action":"import_media_to_track","file_path":"D:/Vit_DAW/test_100hz_10s.wav","media_type":"audio","start_time":0.0,"track_id":"1007"}
Command received: {"action":"import_media_to_track","file_path":"D:/Vit_DAW/test_100hz_10s.wav","media_type":"audio","start_time":0.0,"track_id":"1007"}
VitHeadlessService: project saved to D:\Vit_DAW\VitApp\Workspace\default_project.xml
CommandDispatcher::handleImportMediaToTrack: clipId="1011" clip="test_100hz_10s" trackId="1007" source="D:\Vit_DAW\test_100hz_10s.wav" lengthSec=10.000 isPlaying=false isRecording=false playContextActive=true positionSeconds=0.000 editLengthSeconds=10.000
Command executed: import_media_to_track, result: {
  "status": "success",
  "action": "import_media_to_track",
  "clip_id": "1011",
  "track_id": "1007",
  "start_time": 0.0,
  "resolved_start_time": 0.0,
  "length": 10.0,
  "applied_mode": "destructive",
  "clip_name": "test_100hz_10s",
  "file_path": "D:\\Vit_DAW\\test_100hz_10s.wav",
  "edit_length_seconds": 10.0,
  "baking_status": "baking_started"
}
VitHeadlessService: command reply (truncated): {
  "status": "success",
  "action": "import_media_to_track",
  "clip_id": "1011",
  "track_id": "1007",
  "start_time": 0.0,
  "resolved_start_time": 0.0,
  "length": 10.0,
  "applied_mode": "destructive",
  "c
ZmqGateway: received command payload: {"cmd":"get_project_state"}
ZmqGateway: dispatching payload to JUCE message thread.
VitHeadlessService: processing queued command on JUCE message thread: {"cmd":"get_project_state"}
Command received: {"cmd":"get_project_state"}
Command executed: get_project_state, result: {
  "status": "ok",
  "project_path": "",
  "tracks": [
    {
      "track_id": "1002",
      "track_name": "Arranger",
      "track_type": "track",
      "is_audio_track": false,
      "is_audio": false,
      "plugins": [],
      "clips": []
    },
    {
      "track_id": "1003",
      "track_name": "Chord",
      "track_type": "track",
      "is_audio_track": false,
      "is_audio": false,
      "plugins": [],
      "clips": []
    },
    {
      "track_id": "1004",
      "track_name": "Marker",
      "track_type": "track",
      "is_audio_track": false,
      "is_audio": false,
      "plugins": [],
      "clips": []
    },
    {
      "track_id": "1005",
      "track_name": "Tempo",
      "track_type": "track",
      "is_audio_track": false,
      "is_audio": false,
      "plugins": [],
      "clips": []
    },
    {
      "track_id": "1006",
      "track_name": "Master",
      "track_type": "master",
      "is_audio_track": false,
      "is_audio": false,
      "plugins": [],
      "clips": []
    },
    {
      "track_id": "1007",
      "track_name": "Track 1",
      "track_type": "hybrid",
      "is_audio_track": true,
      "is_audio": true,
      "plugins": [
        {
          "id": "1008",
          "item_id": "1008",
          "name": "Volume & Pan Plugin",
          "type": "volume",
          "enabled": true
        },
        {
          "id": "1009",
          "item_id": "1009",
          "name": "Level Meter",
          "type": "level",
          "enabled": true
        }
      ],
      "clips": [
        {
          "id": "1011",
          "name": "test_100hz_10s",
          "clip_type": "wave",
          "start_seconds": 0.0,
          "end_seconds": 10.0,
          "length_seconds": 10.0,
          "file_path": "D:\\Vit_DAW\\test_100hz_10s.wav",
          "current_source_path": "D:\\Vit_DAW\\test_100hz_10s.wav",
          "playback_source_valid": true
        }
      ],
      "output_to_device_resolved": true,
      "output_device_enabled": true,
      "output_device_id": "out_b7a4b4c1",
      "output_routing_name": "(default audio output)"
    }
  ]
}
VitHeadlessService: command reply (truncated): {
  "status": "ok",
  "project_path": "",
  "tracks": [
    {
      "track_id": "1002",
      "track_name": "Arranger",
      "track_type": "track",
      "is_audio_track": false,
      "is_audio": false,
     
ZmqGateway: received command payload: {"cmd":"list_tracks"}
ZmqGateway: dispatching payload to JUCE message thread.
VitHeadlessService: processing queued command on JUCE message thread: {"cmd":"list_tracks"}
Command received: {"cmd":"list_tracks"}
Command executed: list_tracks, result: {
  "status": "ok",
  "message": "Track list fetched",
  "tracks": [
    {
      "track_id": "1002",
      "name": "Arranger",
      "track_type": "track",
      "is_audio": false,
      "is_audio_track": false,
      "vit_type": "",
      "vit_intent": "",
      "plugin_count": 0,
      "plugins": []
    },
    {
      "track_id": "1003",
      "name": "Chord",
      "track_type": "track",
      "is_audio": false,
      "is_audio_track": false,
      "vit_type": "",
      "vit_intent": "",
      "plugin_count": 0,
      "plugins": []
    },
    {
      "track_id": "1004",
      "name": "Marker",
      "track_type": "track",
      "is_audio": false,
      "is_audio_track": false,
      "vit_type": "",
      "vit_intent": "",
      "plugin_count": 0,
      "plugins": []
    },
    {
      "track_id": "1005",
      "name": "Tempo",
      "track_type": "track",
      "is_audio": false,
      "is_audio_track": false,
      "vit_type": "",
      "vit_intent": "",
      "plugin_count": 0,
      "plugins": []
    },
    {
      "track_id": "1006",
      "name": "Master",
      "track_type": "master",
      "is_audio": false,
      "is_audio_track": false,
      "vit_type": "",
      "vit_intent": "",
      "plugin_count": 0,
      "plugins": []
    },
    {
      "track_id": "1007",
      "name": "Track 1",
      "track_type": "hybrid",
      "is_audio": true,
      "is_audio_track": true,
      "vit_type": "",
      "vit_intent": "",
      "plugin_count": 2,
      "plugins": [
        {
          "name": "Volume & Pan Plugin",
          "type": "volume",
          "enabled": true
        },
        {
          "name": "Level Meter",
          "type": "level",
          "enabled": true
        }
      ]
    }
  ]
}
VitHeadlessService: command reply (truncated): {
  "status": "ok",
  "message": "Track list fetched",
  "tracks": [
    {
      "track_id": "1002",
      "name": "Arranger",
      "track_type": "track",
      "is_audio": false,
      "is_audio_track": false,
ZmqGateway: received command payload: {"action":"import_media_to_track","file_path":"D:/Vit_DAW/test_target_3s.wav","media_type":"audio","start_time":17.3731288909912,"track_id":"1007"}
ZmqGateway: dispatching payload to JUCE message thread.
VitHeadlessService: processing queued command on JUCE message thread: {"action":"import_media_to_track","file_path":"D:/Vit_DAW/test_target_3s.wav","media_type":"audio","start_time":17.3731288909912,"track_id":"1007"}
Command received: {"action":"import_media_to_track","file_path":"D:/Vit_DAW/test_target_3s.wav","media_type":"audio","start_time":17.3731288909912,"track_id":"1007"}
VitHeadlessService: project saved to D:\Vit_DAW\VitApp\Workspace\default_project.xml
CommandDispatcher::handleImportMediaToTrack: clipId="1013" clip="test_target_3s" trackId="1007" source="D:\Vit_DAW\test_target_3s.wav" lengthSec=3.000 isPlaying=false isRecording=false playContextActive=true positionSeconds=0.000 editLengthSeconds=20.373
Command executed: import_media_to_track, result: {
  "status": "success",
  "action": "import_media_to_track",
  "clip_id": "1013",
  "track_id": "1007",
  "start_time": 17.3731288909912,
  "resolved_start_time": 17.3731288909912,
  "length": 3.0,
  "applied_mode": "destructive",
  "clip_name": "test_target_3s",
  "file_path": "D:\\Vit_DAW\\test_target_3s.wav",
  "edit_length_seconds": 20.3731288909912,
  "baking_status": "baking_started"
}
VitHeadlessService: command reply (truncated): {
  "status": "success",
  "action": "import_media_to_track",
  "clip_id": "1013",
  "track_id": "1007",
  "start_time": 17.3731288909912,
  "resolved_start_time": 17.3731288909912,
  "length": 3.0,
  "applied_mo
ZmqGateway: received command payload: {"cmd":"get_project_state"}
ZmqGateway: dispatching payload to JUCE message thread.
VitHeadlessService: processing queued command on JUCE message thread: {"cmd":"get_project_state"}
Command received: {"cmd":"get_project_state"}
Command executed: get_project_state, result: {
  "status": "ok",
  "project_path": "",
  "tracks": [
    {
      "track_id": "1002",
      "track_name": "Arranger",
      "track_type": "track",
      "is_audio_track": false,
      "is_audio": false,
      "plugins": [],
      "clips": []
    },
    {
      "track_id": "1003",
      "track_name": "Chord",
      "track_type": "track",
      "is_audio_track": false,
      "is_audio": false,
      "plugins": [],
      "clips": []
    },
    {
      "track_id": "1004",
      "track_name": "Marker",
      "track_type": "track",
      "is_audio_track": false,
      "is_audio": false,
      "plugins": [],
      "clips": []
    },
    {
      "track_id": "1005",
      "track_name": "Tempo",
      "track_type": "track",
      "is_audio_track": false,
      "is_audio": false,
      "plugins": [],
      "clips": []
    },
    {
      "track_id": "1006",
      "track_name": "Master",
      "track_type": "master",
      "is_audio_track": false,
      "is_audio": false,
      "plugins": [],
      "clips": []
    },
    {
      "track_id": "1007",
      "track_name": "Track 1",
      "track_type": "hybrid",
      "is_audio_track": true,
      "is_audio": true,
      "plugins": [
        {
          "id": "1008",
          "item_id": "1008",
          "name": "Volume & Pan Plugin",
          "type": "volume",
          "enabled": true
        },
        {
          "id": "1009",
          "item_id": "1009",
          "name": "Level Meter",
          "type": "level",
          "enabled": true
        }
      ],
      "clips": [
        {
          "id": "1011",
          "name": "test_100hz_10s",
          "clip_type": "wave",
          "start_seconds": 0.0,
          "end_seconds": 10.0,
          "length_seconds": 10.0,
          "file_path": "D:\\Vit_DAW\\test_100hz_10s.wav",
          "current_source_path": "D:\\Vit_DAW\\test_100hz_10s.wav",
          "playback_source_valid": true
        },
        {
          "id": "1013",
          "name": "test_target_3s",
          "clip_type": "wave",
          "start_seconds": 17.3731288909912,
          "end_seconds": 20.3731288909912,
          "length_seconds": 3.0,
          "file_path": "D:\\Vit_DAW\\test_target_3s.wav",
          "current_source_path": "D:\\Vit_DAW\\test_target_3s.wav",
          "playback_source_valid": true
        }
      ],
      "output_to_device_resolved": true,
      "output_device_enabled": true,
      "output_device_id": "out_b7a4b4c1",
      "output_routing_name": "(default audio output)"
    }
  ]
}
VitHeadlessService: command reply (truncated): {
  "status": "ok",
  "project_path": "",
  "tracks": [
    {
      "track_id": "1002",
      "track_name": "Arranger",
      "track_type": "track",
      "is_audio_track": false,
      "is_audio": false,
     
ZmqGateway: received command payload: {"cmd":"list_tracks"}
ZmqGateway: dispatching payload to JUCE message thread.
VitHeadlessService: processing queued command on JUCE message thread: {"cmd":"list_tracks"}
Command received: {"cmd":"list_tracks"}
Command executed: list_tracks, result: {
  "status": "ok",
  "message": "Track list fetched",
  "tracks": [
    {
      "track_id": "1002",
      "name": "Arranger",
      "track_type": "track",
      "is_audio": false,
      "is_audio_track": false,
      "vit_type": "",
      "vit_intent": "",
      "plugin_count": 0,
      "plugins": []
    },
    {
      "track_id": "1003",
      "name": "Chord",
      "track_type": "track",
      "is_audio": false,
      "is_audio_track": false,
      "vit_type": "",
      "vit_intent": "",
      "plugin_count": 0,
      "plugins": []
    },
    {
      "track_id": "1004",
      "name": "Marker",
      "track_type": "track",
      "is_audio": false,
      "is_audio_track": false,
      "vit_type": "",
      "vit_intent": "",
      "plugin_count": 0,
      "plugins": []
    },
    {
      "track_id": "1005",
      "name": "Tempo",
      "track_type": "track",
      "is_audio": false,
      "is_audio_track": false,
      "vit_type": "",
      "vit_intent": "",
      "plugin_count": 0,
      "plugins": []
    },
    {
      "track_id": "1006",
      "name": "Master",
      "track_type": "master",
      "is_audio": false,
      "is_audio_track": false,
      "vit_type": "",
      "vit_intent": "",
      "plugin_count": 0,
      "plugins": []
    },
    {
      "track_id": "1007",
      "name": "Track 1",
      "track_type": "hybrid",
      "is_audio": true,
      "is_audio_track": true,
      "vit_type": "",
      "vit_intent": "",
      "plugin_count": 2,
      "plugins": [
        {
          "name": "Volume & Pan Plugin",
          "type": "volume",
          "enabled": true
        },
        {
          "name": "Level Meter",
          "type": "level",
          "enabled": true
        }
      ]
    }
  ]
}
VitHeadlessService: command reply (truncated): {
  "status": "ok",
  "message": "Track list fetched",
  "tracks": [
    {
      "track_id": "1002",
      "name": "Arranger",
      "track_type": "track",
      "is_audio": false,
      "is_audio_track": false,
ZmqGateway: received command payload: {"cmd":"undo"}
ZmqGateway: dispatching payload to JUCE message thread.
VitHeadlessService: processing queued command on JUCE message thread: {"cmd":"undo"}
Command received: {"cmd":"undo"}
Command executed: undo, result: {
  "status": "ok",
  "message": "Undo executed"
}
VitHeadlessService: command reply (truncated): {
  "status": "ok",
  "message": "Undo executed"
}
ZmqGateway: received command payload: {"cmd":"get_project_state"}
ZmqGateway: dispatching payload to JUCE message thread.
VitHeadlessService: processing queued command on JUCE message thread: {"cmd":"get_project_state"}
Command received: {"cmd":"get_project_state"}
Command executed: get_project_state, result: {
  "status": "ok",
  "project_path": "",
  "tracks": [
    {
      "track_id": "1002",
      "track_name": "Arranger",
      "track_type": "track",
      "is_audio_track": false,
      "is_audio": false,
      "plugins": [],
      "clips": []
    },
    {
      "track_id": "1003",
      "track_name": "Chord",
      "track_type": "track",
      "is_audio_track": false,
      "is_audio": false,
      "plugins": [],
      "clips": []
    },
    {
      "track_id": "1004",
      "track_name": "Marker",
      "track_type": "track",
      "is_audio_track": false,
      "is_audio": false,
      "plugins": [],
      "clips": []
    },
    {
      "track_id": "1005",
      "track_name": "Tempo",
      "track_type": "track",
      "is_audio_track": false,
      "is_audio": false,
      "plugins": [],
      "clips": []
    },
    {
      "track_id": "1006",
      "track_name": "Master",
      "track_type": "master",
      "is_audio_track": false,
      "is_audio": false,
      "plugins": [],
      "clips": []
    },
    {
      "track_id": "1007",
      "track_name": "Track 1",
      "track_type": "hybrid",
      "is_audio_track": true,
      "is_audio": true,
      "plugins": [
        {
          "id": "1008",
          "item_id": "1008",
          "name": "Volume & Pan Plugin",
          "type": "volume",
          "enabled": true
        },
        {
          "id": "1009",
          "item_id": "1009",
          "name": "Level Meter",
          "type": "level",
          "enabled": true
        }
      ],
      "clips": [
        {
          "id": "1011",
          "name": "test_100hz_10s",
          "clip_type": "wave",
          "start_seconds": 0.0,
          "end_seconds": 10.0,
          "length_seconds": 10.0,
          "file_path": "D:\\Vit_DAW\\test_100hz_10s.wav",
          "current_source_path": "D:\\Vit_DAW\\test_100hz_10s.wav",
          "playback_source_valid": true
        }
      ],
      "output_to_device_resolved": true,
      "output_device_enabled": true,
      "output_device_id": "out_b7a4b4c1",
      "output_routing_name": "(default audio output)"
    }
  ]
}
VitHeadlessService: command reply (truncated): {
  "status": "ok",
  "project_path": "",
  "tracks": [
    {
      "track_id": "1002",
      "track_name": "Arranger",
      "track_type": "track",
      "is_audio_track": false,
      "is_audio": false,
     
ZmqGateway: received command payload: {"cmd":"list_tracks"}
ZmqGateway: dispatching payload to JUCE message thread.
VitHeadlessService: processing queued command on JUCE message thread: {"cmd":"list_tracks"}
Command received: {"cmd":"list_tracks"}
Command executed: list_tracks, result: {
  "status": "ok",
  "message": "Track list fetched",
  "tracks": [
    {
      "track_id": "1002",
      "name": "Arranger",
      "track_type": "track",
      "is_audio": false,
      "is_audio_track": false,
      "vit_type": "",
      "vit_intent": "",
      "plugin_count": 0,
      "plugins": []
    },
    {
      "track_id": "1003",
      "name": "Chord",
      "track_type": "track",
      "is_audio": false,
      "is_audio_track": false,
      "vit_type": "",
      "vit_intent": "",
      "plugin_count": 0,
      "plugins": []
    },
    {
      "track_id": "1004",
      "name": "Marker",
      "track_type": "track",
      "is_audio": false,
      "is_audio_track": false,
      "vit_type": "",
      "vit_intent": "",
      "plugin_count": 0,
      "plugins": []
    },
    {
      "track_id": "1005",
      "name": "Tempo",
      "track_type": "track",
      "is_audio": false,
      "is_audio_track": false,
      "vit_type": "",
      "vit_intent": "",
      "plugin_count": 0,
      "plugins": []
    },
    {
      "track_id": "1006",
      "name": "Master",
      "track_type": "master",
      "is_audio": false,
      "is_audio_track": false,
      "vit_type": "",
      "vit_intent": "",
      "plugin_count": 0,
      "plugins": []
    },
    {
      "track_id": "1007",
      "name": "Track 1",
      "track_type": "hybrid",
      "is_audio": true,
      "is_audio_track": true,
      "vit_type": "",
      "vit_intent": "",
      "plugin_count": 2,
      "plugins": [
        {
          "name": "Volume & Pan Plugin",
          "type": "volume",
          "enabled": true
        },
        {
          "name": "Level Meter",
          "type": "level",
          "enabled": true
        }
      ]
    }
  ]
}
VitHeadlessService: command reply (truncated): {
  "status": "ok",
  "message": "Track list fetched",
  "tracks": [
    {
      "track_id": "1002",
      "name": "Arranger",
      "track_type": "track",
      "is_audio": false,
      "is_audio_track": false,
ZmqGateway: received command payload: {"cmd":"redo"}
ZmqGateway: dispatching payload to JUCE message thread.
VitHeadlessService: processing queued command on JUCE message thread: {"cmd":"redo"}
Command received: {"cmd":"redo"}
Command executed: redo, result: {
  "status": "ok",
  "message": "Redo executed"
}
VitHeadlessService: command reply (truncated): {
  "status": "ok",
  "message": "Redo executed"
}
ZmqGateway: received command payload: {"cmd":"get_project_state"}
ZmqGateway: dispatching payload to JUCE message thread.
VitHeadlessService: processing queued command on JUCE message thread: {"cmd":"get_project_state"}
Command received: {"cmd":"get_project_state"}
Command executed: get_project_state, result: {
  "status": "ok",
  "project_path": "",
  "tracks": [
    {
      "track_id": "1002",
      "track_name": "Arranger",
      "track_type": "track",
      "is_audio_track": false,
      "is_audio": false,
      "plugins": [],
      "clips": []
    },
    {
      "track_id": "1003",
      "track_name": "Chord",
      "track_type": "track",
      "is_audio_track": false,
      "is_audio": false,
      "plugins": [],
      "clips": []
    },
    {
      "track_id": "1004",
      "track_name": "Marker",
      "track_type": "track",
      "is_audio_track": false,
      "is_audio": false,
      "plugins": [],
      "clips": []
    },
    {
      "track_id": "1005",
      "track_name": "Tempo",
      "track_type": "track",
      "is_audio_track": false,
      "is_audio": false,
      "plugins": [],
      "clips": []
    },
    {
      "track_id": "1006",
      "track_name": "Master",
      "track_type": "master",
      "is_audio_track": false,
      "is_audio": false,
      "plugins": [],
      "clips": []
    },
    {
      "track_id": "1007",
      "track_name": "Track 1",
      "track_type": "hybrid",
      "is_audio_track": true,
      "is_audio": true,
      "plugins": [
        {
          "id": "1008",
          "item_id": "1008",
          "name": "Volume & Pan Plugin",
          "type": "volume",
          "enabled": true
        },
        {
          "id": "1009",
          "item_id": "1009",
          "name": "Level Meter",
          "type": "level",
          "enabled": true
        }
      ],
      "clips": [
        {
          "id": "1011",
          "name": "test_100hz_10s",
          "clip_type": "wave",
          "start_seconds": 0.0,
          "end_seconds": 10.0,
          "length_seconds": 10.0,
          "file_path": "D:\\Vit_DAW\\test_100hz_10s.wav",
          "current_source_path": "D:\\Vit_DAW\\test_100hz_10s.wav",
          "playback_source_valid": true
        },
        {
          "id": "1013",
          "name": "test_target_3s",
          "clip_type": "wave",
          "start_seconds": 17.3731288909912,
          "end_seconds": 20.3731288909912,
          "length_seconds": 3.0,
          "file_path": "D:\\Vit_DAW\\test_target_3s.wav",
          "current_source_path": "D:\\Vit_DAW\\test_target_3s.wav",
          "playback_source_valid": true
        }
      ],
      "output_to_device_resolved": true,
      "output_device_enabled": true,
      "output_device_id": "out_b7a4b4c1",
      "output_routing_name": "(default audio output)"
    }
  ]
}
VitHeadlessService: command reply (truncated): {
  "status": "ok",
  "project_path": "",
  "tracks": [
    {
      "track_id": "1002",
      "track_name": "Arranger",
      "track_type": "track",
      "is_audio_track": false,
      "is_audio": false,
     
ZmqGateway: received command payload: {"clip_id":"1013","cmd":"warm_waveform_bake","file_path":"D:\\Vit_DAW\\test_target_3s.wav","track_id":"1007"}
ZmqGateway: dispatching payload to JUCE message thread.
VitHeadlessService: processing queued command on JUCE message thread: {"clip_id":"1013","cmd":"warm_waveform_bake","file_path":"D:\\Vit_DAW\\test_target_3s.wav","track_id":"1007"}
Command received: {"clip_id":"1013","cmd":"warm_waveform_bake","file_path":"D:\\Vit_DAW\\test_target_3s.wav","track_id":"1007"}
Command executed: warm_waveform_bake, result: {
  "status": "ok",
  "cmd": "warm_waveform_bake",
  "track_id": "1007",
  "clip_id": "1013",
  "file_path": "D:\\Vit_DAW\\test_target_3s.wav",
  "message": "Waveform bake started (no new clip inserted)"
}
VitHeadlessService: command reply (truncated): {
  "status": "ok",
  "cmd": "warm_waveform_bake",
  "track_id": "1007",
  "clip_id": "1013",
  "file_path": "D:\\Vit_DAW\\test_target_3s.wav",
  "message": "Waveform bake started (no new clip inserted)"
}
ZmqGateway: received command payload: {"cmd":"list_tracks"}
ZmqGateway: dispatching payload to JUCE message thread.
VitHeadlessService: processing queued command on JUCE message thread: {"cmd":"list_tracks"}
Command received: {"cmd":"list_tracks"}
Command executed: list_tracks, result: {
  "status": "ok",
  "message": "Track list fetched",
  "tracks": [
    {
      "track_id": "1002",
      "name": "Arranger",
      "track_type": "track",
      "is_audio": false,
      "is_audio_track": false,
      "vit_type": "",
      "vit_intent": "",
      "plugin_count": 0,
      "plugins": []
    },
    {
      "track_id": "1003",
      "name": "Chord",
      "track_type": "track",
      "is_audio": false,
      "is_audio_track": false,
      "vit_type": "",
      "vit_intent": "",
      "plugin_count": 0,
      "plugins": []
    },
    {
      "track_id": "1004",
      "name": "Marker",
      "track_type": "track",
      "is_audio": false,
      "is_audio_track": false,
      "vit_type": "",
      "vit_intent": "",
      "plugin_count": 0,
      "plugins": []
    },
    {
      "track_id": "1005",
      "name": "Tempo",
      "track_type": "track",
      "is_audio": false,
      "is_audio_track": false,
      "vit_type": "",
      "vit_intent": "",
      "plugin_count": 0,
      "plugins": []
    },
    {
      "track_id": "1006",
      "name": "Master",
      "track_type": "master",
      "is_audio": false,
      "is_audio_track": false,
      "vit_type": "",
      "vit_intent": "",
      "plugin_count": 0,
      "plugins": []
    },
    {
      "track_id": "1007",
      "name": "Track 1",
      "track_type": "hybrid",
      "is_audio": true,
      "is_audio_track": true,
      "vit_type": "",
      "vit_intent": "",
      "plugin_count": 2,
      "plugins": [
        {
          "name": "Volume & Pan Plugin",
          "type": "volume",
          "enabled": true
        },
        {
          "name": "Level Meter",
          "type": "level",
          "enabled": true
        }
      ]
    }
  ]
}
VitHeadlessService: command reply (truncated): {
  "status": "ok",
  "message": "Track list fetched",
  "tracks": [
    {
      "track_id": "1002",
      "name": "Arranger",
      "track_type": "track",
      "is_audio": false,
      "is_audio_track": false,
ZmqGateway: received command payload: {"cmd":"get_recent_projects"}
ZmqGateway: dispatching payload to JUCE message thread.
VitHeadlessService: processing queued command on JUCE message thread: {"cmd":"get_recent_projects"}
Command received: {"cmd":"get_recent_projects"}
Command executed: get_recent_projects, result: {
  "status": "ok",
  "recent_projects": [
    "D:\\Godot\\project\\vit-daw-frontend\\4.4.3.vit",
    "D:\\Godot\\project\\vit-daw-frontend\\4.4.2.vit",
    "D:\\Godot\\project\\vit-daw-frontend\\4.4.1.vit",
    "D:\\Godot\\project\\vit-daw-frontend\\4.4.vit",
    "D:\\4.1.tracktionedit"
  ]
}
VitHeadlessService: command reply (truncated): {
  "status": "ok",
  "recent_projects": [
    "D:\\Godot\\project\\vit-daw-frontend\\4.4.3.vit",
    "D:\\Godot\\project\\vit-daw-frontend\\4.4.2.vit",
    "D:\\Godot\\project\\vit-daw-frontend\\4.4.1.vit",
    "D
ZmqGateway: received command payload: {"cmd":"new_project"}
ZmqGateway: dispatching payload to JUCE message thread.
VitHeadlessService: processing queued command on JUCE message thread: {"cmd":"new_project"}
Command received: {"cmd":"new_project"}
VitEngineDevice: audio IO ready for playback graph: "扬声器 (USB AUDIO  CODEC)" 48000.00 Hz, block 480 samples
Command executed: new_project, result: {
  "status": "ok",
  "message": "Blank project created"
}
VitHeadlessService: command reply (truncated): {
  "status": "ok",
  "message": "Blank project created"
}
ZmqGateway: received command payload: {"cmd":"ping"}
ZmqGateway: dispatching payload to JUCE message thread.
VitHeadlessService: processing queued command on JUCE message thread: {"cmd":"ping"}
Command received: {"cmd":"ping"}
CommandDispatcher: handled ping command.
Command executed: ping, result: {
  "status": "ok",
  "message": "pong"
}
VitHeadlessService: command reply (truncated): {
  "status": "ok",
  "message": "pong"
}
ZmqGateway: received command payload: {"cmd":"get_project_state"}
ZmqGateway: dispatching payload to JUCE message thread.
VitHeadlessService: processing queued command on JUCE message thread: {"cmd":"get_project_state"}
Command received: {"cmd":"get_project_state"}
Command executed: get_project_state, result: {
  "status": "ok",
  "project_path": "",
  "tracks": [
    {
      "track_id": "1002",
      "track_name": "Arranger",
      "track_type": "track",
      "is_audio_track": false,
      "is_audio": false,
      "plugins": [],
      "clips": []
    },
    {
      "track_id": "1003",
      "track_name": "Chord",
      "track_type": "track",
      "is_audio_track": false,
      "is_audio": false,
      "plugins": [],
      "clips": []
    },
    {
      "track_id": "1004",
      "track_name": "Marker",
      "track_type": "track",
      "is_audio_track": false,
      "is_audio": false,
      "plugins": [],
      "clips": []
    },
    {
      "track_id": "1005",
      "track_name": "Tempo",
      "track_type": "track",
      "is_audio_track": false,
      "is_audio": false,
      "plugins": [],
      "clips": []
    },
    {
      "track_id": "1006",
      "track_name": "Master",
      "track_type": "master",
      "is_audio_track": false,
      "is_audio": false,
      "plugins": [],
      "clips": []
    }
  ]
}
VitHeadlessService: command reply (truncated): {
  "status": "ok",
  "project_path": "",
  "tracks": [
    {
      "track_id": "1002",
      "track_name": "Arranger",
      "track_type": "track",
      "is_audio_track": false,
      "is_audio": false,
     
ZmqGateway: received command payload: {"cmd":"list_tracks"}
ZmqGateway: dispatching payload to JUCE message thread.
VitHeadlessService: processing queued command on JUCE message thread: {"cmd":"list_tracks"}
Command received: {"cmd":"list_tracks"}
Command executed: list_tracks, result: {
  "status": "ok",
  "message": "Track list fetched",
  "tracks": [
    {
      "track_id": "1002",
      "name": "Arranger",
      "track_type": "track",
      "is_audio": false,
      "is_audio_track": false,
      "vit_type": "",
      "vit_intent": "",
      "plugin_count": 0,
      "plugins": []
    },
    {
      "track_id": "1003",
      "name": "Chord",
      "track_type": "track",
      "is_audio": false,
      "is_audio_track": false,
      "vit_type": "",
      "vit_intent": "",
      "plugin_count": 0,
      "plugins": []
    },
    {
      "track_id": "1004",
      "name": "Marker",
      "track_type": "track",
      "is_audio": false,
      "is_audio_track": false,
      "vit_type": "",
      "vit_intent": "",
      "plugin_count": 0,
      "plugins": []
    },
    {
      "track_id": "1005",
      "name": "Tempo",
      "track_type": "track",
      "is_audio": false,
      "is_audio_track": false,
      "vit_type": "",
      "vit_intent": "",
      "plugin_count": 0,
      "plugins": []
    },
    {
      "track_id": "1006",
      "name": "Master",
      "track_type": "master",
      "is_audio": false,
      "is_audio_track": false,
      "vit_type": "",
      "vit_intent": "",
      "plugin_count": 0,
      "plugins": []
    }
  ]
}
VitHeadlessService: command reply (truncated): {
  "status": "ok",
  "message": "Track list fetched",
  "tracks": [
    {
      "track_id": "1002",
      "name": "Arranger",
      "track_type": "track",
      "is_audio": false,
      "is_audio_track": false,
ZmqGateway: received command payload: {"cmd":"list_tracks"}
ZmqGateway: dispatching payload to JUCE message thread.
VitHeadlessService: processing queued command on JUCE message thread: {"cmd":"list_tracks"}
Command received: {"cmd":"list_tracks"}
Command executed: list_tracks, result: {
  "status": "ok",
  "message": "Track list fetched",
  "tracks": [
    {
      "track_id": "1002",
      "name": "Arranger",
      "track_type": "track",
      "is_audio": false,
      "is_audio_track": false,
      "vit_type": "",
      "vit_intent": "",
      "plugin_count": 0,
      "plugins": []
    },
    {
      "track_id": "1003",
      "name": "Chord",
      "track_type": "track",
      "is_audio": false,
      "is_audio_track": false,
      "vit_type": "",
      "vit_intent": "",
      "plugin_count": 0,
      "plugins": []
    },
    {
      "track_id": "1004",
      "name": "Marker",
      "track_type": "track",
      "is_audio": false,
      "is_audio_track": false,
      "vit_type": "",
      "vit_intent": "",
      "plugin_count": 0,
      "plugins": []
    },
    {
      "track_id": "1005",
      "name": "Tempo",
      "track_type": "track",
      "is_audio": false,
      "is_audio_track": false,
      "vit_type": "",
      "vit_intent": "",
      "plugin_count": 0,
      "plugins": []
    },
    {
      "track_id": "1006",
      "name": "Master",
      "track_type": "master",
      "is_audio": false,
      "is_audio_track": false,
      "vit_type": "",
      "vit_intent": "",
      "plugin_count": 0,
      "plugins": []
    }
  ]
}
VitHeadlessService: command reply (truncated): {
  "status": "ok",
  "message": "Track list fetched",
  "tracks": [
    {
      "track_id": "1002",
      "name": "Arranger",
      "track_type": "track",
      "is_audio": false,
      "is_audio_track": false,
ZmqGateway: received command payload: {"cmd":"add_track","type":"hybrid"}
ZmqGateway: dispatching payload to JUCE message thread.
VitHeadlessService: processing queued command on JUCE message thread: {"cmd":"add_track","type":"hybrid"}
Command received: {"cmd":"add_track","type":"hybrid"}
VitHeadlessService: project saved to D:\Vit_DAW\VitApp\Workspace\default_project.xml
Command executed: add_track, result: {
  "status": "ok",
  "message": "Track added",
  "track_id": "1007",
  "track_name": "Track 1"
}
VitHeadlessService: command reply (truncated): {
  "status": "ok",
  "message": "Track added",
  "track_id": "1007",
  "track_name": "Track 1"
}
ZmqGateway: received command payload: {"cmd":"list_tracks"}
ZmqGateway: dispatching payload to JUCE message thread.
VitHeadlessService: processing queued command on JUCE message thread: {"cmd":"list_tracks"}
Command received: {"cmd":"list_tracks"}
Command executed: list_tracks, result: {
  "status": "ok",
  "message": "Track list fetched",
  "tracks": [
    {
      "track_id": "1002",
      "name": "Arranger",
      "track_type": "track",
      "is_audio": false,
      "is_audio_track": false,
      "vit_type": "",
      "vit_intent": "",
      "plugin_count": 0,
      "plugins": []
    },
    {
      "track_id": "1003",
      "name": "Chord",
      "track_type": "track",
      "is_audio": false,
      "is_audio_track": false,
      "vit_type": "",
      "vit_intent": "",
      "plugin_count": 0,
      "plugins": []
    },
    {
      "track_id": "1004",
      "name": "Marker",
      "track_type": "track",
      "is_audio": false,
      "is_audio_track": false,
      "vit_type": "",
      "vit_intent": "",
      "plugin_count": 0,
      "plugins": []
    },
    {
      "track_id": "1005",
      "name": "Tempo",
      "track_type": "track",
      "is_audio": false,
      "is_audio_track": false,
      "vit_type": "",
      "vit_intent": "",
      "plugin_count": 0,
      "plugins": []
    },
    {
      "track_id": "1006",
      "name": "Master",
      "track_type": "master",
      "is_audio": false,
      "is_audio_track": false,
      "vit_type": "",
      "vit_intent": "",
      "plugin_count": 0,
      "plugins": []
    },
    {
      "track_id": "1007",
      "name": "Track 1",
      "track_type": "hybrid",
      "is_audio": true,
      "is_audio_track": true,
      "vit_type": "",
      "vit_intent": "",
      "plugin_count": 2,
      "plugins": [
        {
          "name": "Volume & Pan Plugin",
          "type": "volume",
          "enabled": true
        },
        {
          "name": "Level Meter",
          "type": "level",
          "enabled": true
        }
      ]
    }
  ]
}
VitHeadlessService: command reply (truncated): {
  "status": "ok",
  "message": "Track list fetched",
  "tracks": [
    {
      "track_id": "1002",
      "name": "Arranger",
      "track_type": "track",
      "is_audio": false,
      "is_audio_track": false,
ZmqGateway: received command payload: {"cmd":"get_project_state"}
ZmqGateway: dispatching payload to JUCE message thread.
VitHeadlessService: processing queued command on JUCE message thread: {"cmd":"get_project_state"}
Command received: {"cmd":"get_project_state"}
Command executed: get_project_state, result: {
  "status": "ok",
  "project_path": "",
  "tracks": [
    {
      "track_id": "1002",
      "track_name": "Arranger",
      "track_type": "track",
      "is_audio_track": false,
      "is_audio": false,
      "plugins": [],
      "clips": []
    },
    {
      "track_id": "1003",
      "track_name": "Chord",
      "track_type": "track",
      "is_audio_track": false,
      "is_audio": false,
      "plugins": [],
      "clips": []
    },
    {
      "track_id": "1004",
      "track_name": "Marker",
      "track_type": "track",
      "is_audio_track": false,
      "is_audio": false,
      "plugins": [],
      "clips": []
    },
    {
      "track_id": "1005",
      "track_name": "Tempo",
      "track_type": "track",
      "is_audio_track": false,
      "is_audio": false,
      "plugins": [],
      "clips": []
    },
    {
      "track_id": "1006",
      "track_name": "Master",
      "track_type": "master",
      "is_audio_track": false,
      "is_audio": false,
      "plugins": [],
      "clips": []
    },
    {
      "track_id": "1007",
      "track_name": "Track 1",
      "track_type": "hybrid",
      "is_audio_track": true,
      "is_audio": true,
      "plugins": [
        {
          "id": "1008",
          "item_id": "1008",
          "name": "Volume & Pan Plugin",
          "type": "volume",
          "enabled": true
        },
        {
          "id": "1009",
          "item_id": "1009",
          "name": "Level Meter",
          "type": "level",
          "enabled": true
        }
      ],
      "clips": [],
      "output_to_device_resolved": true,
      "output_device_enabled": true,
      "output_device_id": "out_b7a4b4c1",
      "output_routing_name": "(default audio output)"
    }
  ]
}
VitHeadlessService: command reply (truncated): {
  "status": "ok",
  "project_path": "",
  "tracks": [
    {
      "track_id": "1002",
      "track_name": "Arranger",
      "track_type": "track",
      "is_audio_track": false,
      "is_audio": false,
     
ZmqGateway: received command payload: {"cmd":"list_tracks"}
ZmqGateway: dispatching payload to JUCE message thread.
VitHeadlessService: processing queued command on JUCE message thread: {"cmd":"list_tracks"}
Command received: {"cmd":"list_tracks"}
Command executed: list_tracks, result: {
  "status": "ok",
  "message": "Track list fetched",
  "tracks": [
    {
      "track_id": "1002",
      "name": "Arranger",
      "track_type": "track",
      "is_audio": false,
      "is_audio_track": false,
      "vit_type": "",
      "vit_intent": "",
      "plugin_count": 0,
      "plugins": []
    },
    {
      "track_id": "1003",
      "name": "Chord",
      "track_type": "track",
      "is_audio": false,
      "is_audio_track": false,
      "vit_type": "",
      "vit_intent": "",
      "plugin_count": 0,
      "plugins": []
    },
    {
      "track_id": "1004",
      "name": "Marker",
      "track_type": "track",
      "is_audio": false,
      "is_audio_track": false,
      "vit_type": "",
      "vit_intent": "",
      "plugin_count": 0,
      "plugins": []
    },
    {
      "track_id": "1005",
      "name": "Tempo",
      "track_type": "track",
      "is_audio": false,
      "is_audio_track": false,
      "vit_type": "",
      "vit_intent": "",
      "plugin_count": 0,
      "plugins": []
    },
    {
      "track_id": "1006",
      "name": "Master",
      "track_type": "master",
      "is_audio": false,
      "is_audio_track": false,
      "vit_type": "",
      "vit_intent": "",
      "plugin_count": 0,
      "plugins": []
    },
    {
      "track_id": "1007",
      "name": "Track 1",
      "track_type": "hybrid",
      "is_audio": true,
      "is_audio_track": true,
      "vit_type": "",
      "vit_intent": "",
      "plugin_count": 2,
      "plugins": [
        {
          "name": "Volume & Pan Plugin",
          "type": "volume",
          "enabled": true
        },
        {
          "name": "Level Meter",
          "type": "level",
          "enabled": true
        }
      ]
    }
  ]
}
VitHeadlessService: command reply (truncated): {
  "status": "ok",
  "message": "Track list fetched",
  "tracks": [
    {
      "track_id": "1002",
      "name": "Arranger",
      "track_type": "track",
      "is_audio": false,
      "is_audio_track": false,
ZmqGateway: received command payload: {"action":"import_media_to_track","file_path":"D:/Vit_DAW/test_100hz_10s.wav","media_type":"audio","start_time":0.0,"track_id":"1007"}
ZmqGateway: dispatching payload to JUCE message thread.
VitHeadlessService: processing queued command on JUCE message thread: {"action":"import_media_to_track","file_path":"D:/Vit_DAW/test_100hz_10s.wav","media_type":"audio","start_time":0.0,"track_id":"1007"}
Command received: {"action":"import_media_to_track","file_path":"D:/Vit_DAW/test_100hz_10s.wav","media_type":"audio","start_time":0.0,"track_id":"1007"}
VitHeadlessService: project saved to D:\Vit_DAW\VitApp\Workspace\default_project.xml
CommandDispatcher::handleImportMediaToTrack: clipId="1011" clip="test_100hz_10s" trackId="1007" source="D:\Vit_DAW\test_100hz_10s.wav" lengthSec=10.000 isPlaying=false isRecording=false playContextActive=true positionSeconds=0.000 editLengthSeconds=10.000
Command executed: import_media_to_track, result: {
  "status": "success",
  "action": "import_media_to_track",
  "clip_id": "1011",
  "track_id": "1007",
  "start_time": 0.0,
  "resolved_start_time": 0.0,
  "length": 10.0,
  "applied_mode": "destructive",
  "clip_name": "test_100hz_10s",
  "file_path": "D:\\Vit_DAW\\test_100hz_10s.wav",
  "edit_length_seconds": 10.0,
  "baking_status": "baking_started"
}
VitHeadlessService: command reply (truncated): {
  "status": "success",
  "action": "import_media_to_track",
  "clip_id": "1011",
  "track_id": "1007",
  "start_time": 0.0,
  "resolved_start_time": 0.0,
  "length": 10.0,
  "applied_mode": "destructive",
  "c
ZmqGateway: received command payload: {"cmd":"get_project_state"}
ZmqGateway: dispatching payload to JUCE message thread.
VitHeadlessService: processing queued command on JUCE message thread: {"cmd":"get_project_state"}
Command received: {"cmd":"get_project_state"}
Command executed: get_project_state, result: {
  "status": "ok",
  "project_path": "",
  "tracks": [
    {
      "track_id": "1002",
      "track_name": "Arranger",
      "track_type": "track",
      "is_audio_track": false,
      "is_audio": false,
      "plugins": [],
      "clips": []
    },
    {
      "track_id": "1003",
      "track_name": "Chord",
      "track_type": "track",
      "is_audio_track": false,
      "is_audio": false,
      "plugins": [],
      "clips": []
    },
    {
      "track_id": "1004",
      "track_name": "Marker",
      "track_type": "track",
      "is_audio_track": false,
      "is_audio": false,
      "plugins": [],
      "clips": []
    },
    {
      "track_id": "1005",
      "track_name": "Tempo",
      "track_type": "track",
      "is_audio_track": false,
      "is_audio": false,
      "plugins": [],
      "clips": []
    },
    {
      "track_id": "1006",
      "track_name": "Master",
      "track_type": "master",
      "is_audio_track": false,
      "is_audio": false,
      "plugins": [],
      "clips": []
    },
    {
      "track_id": "1007",
      "track_name": "Track 1",
      "track_type": "hybrid",
      "is_audio_track": true,
      "is_audio": true,
      "plugins": [
        {
          "id": "1008",
          "item_id": "1008",
          "name": "Volume & Pan Plugin",
          "type": "volume",
          "enabled": true
        },
        {
          "id": "1009",
          "item_id": "1009",
          "name": "Level Meter",
          "type": "level",
          "enabled": true
        }
      ],
      "clips": [
        {
          "id": "1011",
          "name": "test_100hz_10s",
          "clip_type": "wave",
          "start_seconds": 0.0,
          "end_seconds": 10.0,
          "length_seconds": 10.0,
          "file_path": "D:\\Vit_DAW\\test_100hz_10s.wav",
          "current_source_path": "D:\\Vit_DAW\\test_100hz_10s.wav",
          "playback_source_valid": true
        }
      ],
      "output_to_device_resolved": true,
      "output_device_enabled": true,
      "output_device_id": "out_b7a4b4c1",
      "output_routing_name": "(default audio output)"
    }
  ]
}
VitHeadlessService: command reply (truncated): {
  "status": "ok",
  "project_path": "",
  "tracks": [
    {
      "track_id": "1002",
      "track_name": "Arranger",
      "track_type": "track",
      "is_audio_track": false,
      "is_audio": false,
     
ZmqGateway: received command payload: {"cmd":"list_tracks"}
ZmqGateway: dispatching payload to JUCE message thread.
VitHeadlessService: processing queued command on JUCE message thread: {"cmd":"list_tracks"}
Command received: {"cmd":"list_tracks"}
Command executed: list_tracks, result: {
  "status": "ok",
  "message": "Track list fetched",
  "tracks": [
    {
      "track_id": "1002",
      "name": "Arranger",
      "track_type": "track",
      "is_audio": false,
      "is_audio_track": false,
      "vit_type": "",
      "vit_intent": "",
      "plugin_count": 0,
      "plugins": []
    },
    {
      "track_id": "1003",
      "name": "Chord",
      "track_type": "track",
      "is_audio": false,
      "is_audio_track": false,
      "vit_type": "",
      "vit_intent": "",
      "plugin_count": 0,
      "plugins": []
    },
    {
      "track_id": "1004",
      "name": "Marker",
      "track_type": "track",
      "is_audio": false,
      "is_audio_track": false,
      "vit_type": "",
      "vit_intent": "",
      "plugin_count": 0,
      "plugins": []
    },
    {
      "track_id": "1005",
      "name": "Tempo",
      "track_type": "track",
      "is_audio": false,
      "is_audio_track": false,
      "vit_type": "",
      "vit_intent": "",
      "plugin_count": 0,
      "plugins": []
    },
    {
      "track_id": "1006",
      "name": "Master",
      "track_type": "master",
      "is_audio": false,
      "is_audio_track": false,
      "vit_type": "",
      "vit_intent": "",
      "plugin_count": 0,
      "plugins": []
    },
    {
      "track_id": "1007",
      "name": "Track 1",
      "track_type": "hybrid",
      "is_audio": true,
      "is_audio_track": true,
      "vit_type": "",
      "vit_intent": "",
      "plugin_count": 2,
      "plugins": [
        {
          "name": "Volume & Pan Plugin",
          "type": "volume",
          "enabled": true
        },
        {
          "name": "Level Meter",
          "type": "level",
          "enabled": true
        }
      ]
    }
  ]
}
VitHeadlessService: command reply (truncated): {
  "status": "ok",
  "message": "Track list fetched",
  "tracks": [
    {
      "track_id": "1002",
      "name": "Arranger",
      "track_type": "track",
      "is_audio": false,
      "is_audio_track": false,
ZmqGateway: received command payload: {"action":"import_media_to_track","file_path":"D:/Vit_DAW/test_target_3s.wav","media_type":"audio","start_time":21.7014846801758,"track_id":"1007"}
ZmqGateway: dispatching payload to JUCE message thread.
VitHeadlessService: processing queued command on JUCE message thread: {"action":"import_media_to_track","file_path":"D:/Vit_DAW/test_target_3s.wav","media_type":"audio","start_time":21.7014846801758,"track_id":"1007"}
Command received: {"action":"import_media_to_track","file_path":"D:/Vit_DAW/test_target_3s.wav","media_type":"audio","start_time":21.7014846801758,"track_id":"1007"}
VitHeadlessService: project saved to D:\Vit_DAW\VitApp\Workspace\default_project.xml
CommandDispatcher::handleImportMediaToTrack: clipId="1013" clip="test_target_3s" trackId="1007" source="D:\Vit_DAW\test_target_3s.wav" lengthSec=3.000 isPlaying=false isRecording=false playContextActive=true positionSeconds=0.000 editLengthSeconds=24.701
Command executed: import_media_to_track, result: {
  "status": "success",
  "action": "import_media_to_track",
  "clip_id": "1013",
  "track_id": "1007",
  "start_time": 21.701484680175799,
  "resolved_start_time": 21.701484680175799,
  "length": 3.0,
  "applied_mode": "destructive",
  "clip_name": "test_target_3s",
  "file_path": "D:\\Vit_DAW\\test_target_3s.wav",
  "edit_length_seconds": 24.701484680175799,
  "baking_status": "baking_started"
}
VitHeadlessService: command reply (truncated): {
  "status": "success",
  "action": "import_media_to_track",
  "clip_id": "1013",
  "track_id": "1007",
  "start_time": 21.701484680175799,
  "resolved_start_time": 21.701484680175799,
  "length": 3.0,
  "applie
ZmqGateway: received command payload: {"cmd":"get_project_state"}
ZmqGateway: dispatching payload to JUCE message thread.
VitHeadlessService: processing queued command on JUCE message thread: {"cmd":"get_project_state"}
Command received: {"cmd":"get_project_state"}
Command executed: get_project_state, result: {
  "status": "ok",
  "project_path": "",
  "tracks": [
    {
      "track_id": "1002",
      "track_name": "Arranger",
      "track_type": "track",
      "is_audio_track": false,
      "is_audio": false,
      "plugins": [],
      "clips": []
    },
    {
      "track_id": "1003",
      "track_name": "Chord",
      "track_type": "track",
      "is_audio_track": false,
      "is_audio": false,
      "plugins": [],
      "clips": []
    },
    {
      "track_id": "1004",
      "track_name": "Marker",
      "track_type": "track",
      "is_audio_track": false,
      "is_audio": false,
      "plugins": [],
      "clips": []
    },
    {
      "track_id": "1005",
      "track_name": "Tempo",
      "track_type": "track",
      "is_audio_track": false,
      "is_audio": false,
      "plugins": [],
      "clips": []
    },
    {
      "track_id": "1006",
      "track_name": "Master",
      "track_type": "master",
      "is_audio_track": false,
      "is_audio": false,
      "plugins": [],
      "clips": []
    },
    {
      "track_id": "1007",
      "track_name": "Track 1",
      "track_type": "hybrid",
      "is_audio_track": true,
      "is_audio": true,
      "plugins": [
        {
          "id": "1008",
          "item_id": "1008",
          "name": "Volume & Pan Plugin",
          "type": "volume",
          "enabled": true
        },
        {
          "id": "1009",
          "item_id": "1009",
          "name": "Level Meter",
          "type": "level",
          "enabled": true
        }
      ],
      "clips": [
        {
          "id": "1011",
          "name": "test_100hz_10s",
          "clip_type": "wave",
          "start_seconds": 0.0,
          "end_seconds": 10.0,
          "length_seconds": 10.0,
          "file_path": "D:\\Vit_DAW\\test_100hz_10s.wav",
          "current_source_path": "D:\\Vit_DAW\\test_100hz_10s.wav",
          "playback_source_valid": true
        },
        {
          "id": "1013",
          "name": "test_target_3s",
          "clip_type": "wave",
          "start_seconds": 21.701484680175799,
          "end_seconds": 24.701484680175799,
          "length_seconds": 3.0,
          "file_path": "D:\\Vit_DAW\\test_target_3s.wav",
          "current_source_path": "D:\\Vit_DAW\\test_target_3s.wav",
          "playback_source_valid": true
        }
      ],
      "output_to_device_resolved": true,
      "output_device_enabled": true,
      "output_device_id": "out_b7a4b4c1",
      "output_routing_name": "(default audio output)"
    }
  ]
}
VitHeadlessService: command reply (truncated): {
  "status": "ok",
  "project_path": "",
  "tracks": [
    {
      "track_id": "1002",
      "track_name": "Arranger",
      "track_type": "track",
      "is_audio_track": false,
      "is_audio": false,
     
ZmqGateway: received command payload: {"cmd":"list_tracks"}
ZmqGateway: dispatching payload to JUCE message thread.
VitHeadlessService: processing queued command on JUCE message thread: {"cmd":"list_tracks"}
Command received: {"cmd":"list_tracks"}
Command executed: list_tracks, result: {
  "status": "ok",
  "message": "Track list fetched",
  "tracks": [
    {
      "track_id": "1002",
      "name": "Arranger",
      "track_type": "track",
      "is_audio": false,
      "is_audio_track": false,
      "vit_type": "",
      "vit_intent": "",
      "plugin_count": 0,
      "plugins": []
    },
    {
      "track_id": "1003",
      "name": "Chord",
      "track_type": "track",
      "is_audio": false,
      "is_audio_track": false,
      "vit_type": "",
      "vit_intent": "",
      "plugin_count": 0,
      "plugins": []
    },
    {
      "track_id": "1004",
      "name": "Marker",
      "track_type": "track",
      "is_audio": false,
      "is_audio_track": false,
      "vit_type": "",
      "vit_intent": "",
      "plugin_count": 0,
      "plugins": []
    },
    {
      "track_id": "1005",
      "name": "Tempo",
      "track_type": "track",
      "is_audio": false,
      "is_audio_track": false,
      "vit_type": "",
      "vit_intent": "",
      "plugin_count": 0,
      "plugins": []
    },
    {
      "track_id": "1006",
      "name": "Master",
      "track_type": "master",
      "is_audio": false,
      "is_audio_track": false,
      "vit_type": "",
      "vit_intent": "",
      "plugin_count": 0,
      "plugins": []
    },
    {
      "track_id": "1007",
      "name": "Track 1",
      "track_type": "hybrid",
      "is_audio": true,
      "is_audio_track": true,
      "vit_type": "",
      "vit_intent": "",
      "plugin_count": 2,
      "plugins": [
        {
          "name": "Volume & Pan Plugin",
          "type": "volume",
          "enabled": true
        },
        {
          "name": "Level Meter",
          "type": "level",
          "enabled": true
        }
      ]
    }
  ]
}
VitHeadlessService: command reply (truncated): {
  "status": "ok",
  "message": "Track list fetched",
  "tracks": [
    {
      "track_id": "1002",
      "name": "Arranger",
      "track_type": "track",
      "is_audio": false,
      "is_audio_track": false,
ZmqGateway: received command payload: {"cmd":"undo"}
ZmqGateway: dispatching payload to JUCE message thread.
VitHeadlessService: processing queued command on JUCE message thread: {"cmd":"undo"}
Command received: {"cmd":"undo"}
Command executed: undo, result: {
  "status": "ok",
  "message": "Undo executed"
}
VitHeadlessService: command reply (truncated): {
  "status": "ok",
  "message": "Undo executed"
}
ZmqGateway: received command payload: {"cmd":"get_project_state"}
ZmqGateway: dispatching payload to JUCE message thread.
VitHeadlessService: processing queued command on JUCE message thread: {"cmd":"get_project_state"}
Command received: {"cmd":"get_project_state"}
Command executed: get_project_state, result: {
  "status": "ok",
  "project_path": "",
  "tracks": [
    {
      "track_id": "1002",
      "track_name": "Arranger",
      "track_type": "track",
      "is_audio_track": false,
      "is_audio": false,
      "plugins": [],
      "clips": []
    },
    {
      "track_id": "1003",
      "track_name": "Chord",
      "track_type": "track",
      "is_audio_track": false,
      "is_audio": false,
      "plugins": [],
      "clips": []
    },
    {
      "track_id": "1004",
      "track_name": "Marker",
      "track_type": "track",
      "is_audio_track": false,
      "is_audio": false,
      "plugins": [],
      "clips": []
    },
    {
      "track_id": "1005",
      "track_name": "Tempo",
      "track_type": "track",
      "is_audio_track": false,
      "is_audio": false,
      "plugins": [],
      "clips": []
    },
    {
      "track_id": "1006",
      "track_name": "Master",
      "track_type": "master",
      "is_audio_track": false,
      "is_audio": false,
      "plugins": [],
      "clips": []
    },
    {
      "track_id": "1007",
      "track_name": "Track 1",
      "track_type": "hybrid",
      "is_audio_track": true,
      "is_audio": true,
      "plugins": [
        {
          "id": "1008",
          "item_id": "1008",
          "name": "Volume & Pan Plugin",
          "type": "volume",
          "enabled": true
        },
        {
          "id": "1009",
          "item_id": "1009",
          "name": "Level Meter",
          "type": "level",
          "enabled": true
        }
      ],
      "clips": [
        {
          "id": "1011",
          "name": "test_100hz_10s",
          "clip_type": "wave",
          "start_seconds": 0.0,
          "end_seconds": 10.0,
          "length_seconds": 10.0,
          "file_path": "D:\\Vit_DAW\\test_100hz_10s.wav",
          "current_source_path": "D:\\Vit_DAW\\test_100hz_10s.wav",
          "playback_source_valid": true
        }
      ],
      "output_to_device_resolved": true,
      "output_device_enabled": true,
      "output_device_id": "out_b7a4b4c1",
      "output_routing_name": "(default audio output)"
    }
  ]
}
VitHeadlessService: command reply (truncated): {
  "status": "ok",
  "project_path": "",
  "tracks": [
    {
      "track_id": "1002",
      "track_name": "Arranger",
      "track_type": "track",
      "is_audio_track": false,
      "is_audio": false,
     
ZmqGateway: received command payload: {"cmd":"list_tracks"}
ZmqGateway: dispatching payload to JUCE message thread.
VitHeadlessService: processing queued command on JUCE message thread: {"cmd":"list_tracks"}
Command received: {"cmd":"list_tracks"}
Command executed: list_tracks, result: {
  "status": "ok",
  "message": "Track list fetched",
  "tracks": [
    {
      "track_id": "1002",
      "name": "Arranger",
      "track_type": "track",
      "is_audio": false,
      "is_audio_track": false,
      "vit_type": "",
      "vit_intent": "",
      "plugin_count": 0,
      "plugins": []
    },
    {
      "track_id": "1003",
      "name": "Chord",
      "track_type": "track",
      "is_audio": false,
      "is_audio_track": false,
      "vit_type": "",
      "vit_intent": "",
      "plugin_count": 0,
      "plugins": []
    },
    {
      "track_id": "1004",
      "name": "Marker",
      "track_type": "track",
      "is_audio": false,
      "is_audio_track": false,
      "vit_type": "",
      "vit_intent": "",
      "plugin_count": 0,
      "plugins": []
    },
    {
      "track_id": "1005",
      "name": "Tempo",
      "track_type": "track",
      "is_audio": false,
      "is_audio_track": false,
      "vit_type": "",
      "vit_intent": "",
      "plugin_count": 0,
      "plugins": []
    },
    {
      "track_id": "1006",
      "name": "Master",
      "track_type": "master",
      "is_audio": false,
      "is_audio_track": false,
      "vit_type": "",
      "vit_intent": "",
      "plugin_count": 0,
      "plugins": []
    },
    {
      "track_id": "1007",
      "name": "Track 1",
      "track_type": "hybrid",
      "is_audio": true,
      "is_audio_track": true,
      "vit_type": "",
      "vit_intent": "",
      "plugin_count": 2,
      "plugins": [
        {
          "name": "Volume & Pan Plugin",
          "type": "volume",
          "enabled": true
        },
        {
          "name": "Level Meter",
          "type": "level",
          "enabled": true
        }
      ]
    }
  ]
}
VitHeadlessService: command reply (truncated): {
  "status": "ok",
  "message": "Track list fetched",
  "tracks": [
    {
      "track_id": "1002",
      "name": "Arranger",
      "track_type": "track",
      "is_audio": false,
      "is_audio_track": false,
ZmqGateway: received command payload: {"cmd":"redo"}
ZmqGateway: dispatching payload to JUCE message thread.
VitHeadlessService: processing queued command on JUCE message thread: {"cmd":"redo"}
Command received: {"cmd":"redo"}
Command executed: redo, result: {
  "status": "ok",
  "message": "Redo executed"
}
VitHeadlessService: command reply (truncated): {
  "status": "ok",
  "message": "Redo executed"
}
ZmqGateway: received command payload: {"cmd":"get_project_state"}
ZmqGateway: dispatching payload to JUCE message thread.
VitHeadlessService: processing queued command on JUCE message thread: {"cmd":"get_project_state"}
Command received: {"cmd":"get_project_state"}
Command executed: get_project_state, result: {
  "status": "ok",
  "project_path": "",
  "tracks": [
    {
      "track_id": "1002",
      "track_name": "Arranger",
      "track_type": "track",
      "is_audio_track": false,
      "is_audio": false,
      "plugins": [],
      "clips": []
    },
    {
      "track_id": "1003",
      "track_name": "Chord",
      "track_type": "track",
      "is_audio_track": false,
      "is_audio": false,
      "plugins": [],
      "clips": []
    },
    {
      "track_id": "1004",
      "track_name": "Marker",
      "track_type": "track",
      "is_audio_track": false,
      "is_audio": false,
      "plugins": [],
      "clips": []
    },
    {
      "track_id": "1005",
      "track_name": "Tempo",
      "track_type": "track",
      "is_audio_track": false,
      "is_audio": false,
      "plugins": [],
      "clips": []
    },
    {
      "track_id": "1006",
      "track_name": "Master",
      "track_type": "master",
      "is_audio_track": false,
      "is_audio": false,
      "plugins": [],
      "clips": []
    },
    {
      "track_id": "1007",
      "track_name": "Track 1",
      "track_type": "hybrid",
      "is_audio_track": true,
      "is_audio": true,
      "plugins": [
        {
          "id": "1008",
          "item_id": "1008",
          "name": "Volume & Pan Plugin",
          "type": "volume",
          "enabled": true
        },
        {
          "id": "1009",
          "item_id": "1009",
          "name": "Level Meter",
          "type": "level",
          "enabled": true
        }
      ],
      "clips": [
        {
          "id": "1011",
          "name": "test_100hz_10s",
          "clip_type": "wave",
          "start_seconds": 0.0,
          "end_seconds": 10.0,
          "length_seconds": 10.0,
          "file_path": "D:\\Vit_DAW\\test_100hz_10s.wav",
          "current_source_path": "D:\\Vit_DAW\\test_100hz_10s.wav",
          "playback_source_valid": true
        },
        {
          "id": "1013",
          "name": "test_target_3s",
          "clip_type": "wave",
          "start_seconds": 21.701484680175799,
          "end_seconds": 24.701484680175799,
          "length_seconds": 3.0,
          "file_path": "D:\\Vit_DAW\\test_target_3s.wav",
          "current_source_path": "D:\\Vit_DAW\\test_target_3s.wav",
          "playback_source_valid": true
        }
      ],
      "output_to_device_resolved": true,
      "output_device_enabled": true,
      "output_device_id": "out_b7a4b4c1",
      "output_routing_name": "(default audio output)"
    }
  ]
}
VitHeadlessService: command reply (truncated): {
  "status": "ok",
  "project_path": "",
  "tracks": [
    {
      "track_id": "1002",
      "track_name": "Arranger",
      "track_type": "track",
      "is_audio_track": false,
      "is_audio": false,
     
ZmqGateway: received command payload: {"clip_id":"1013","cmd":"warm_waveform_bake","file_path":"D:\\Vit_DAW\\test_target_3s.wav","track_id":"1007"}
ZmqGateway: dispatching payload to JUCE message thread.
VitHeadlessService: processing queued command on JUCE message thread: {"clip_id":"1013","cmd":"warm_waveform_bake","file_path":"D:\\Vit_DAW\\test_target_3s.wav","track_id":"1007"}
Command received: {"clip_id":"1013","cmd":"warm_waveform_bake","file_path":"D:\\Vit_DAW\\test_target_3s.wav","track_id":"1007"}
Command executed: warm_waveform_bake, result: {
  "status": "ok",
  "cmd": "warm_waveform_bake",
  "track_id": "1007",
  "clip_id": "1013",
  "file_path": "D:\\Vit_DAW\\test_target_3s.wav",
  "message": "Waveform bake started (no new clip inserted)"
}
VitHeadlessService: command reply (truncated): {
  "status": "ok",
  "cmd": "warm_waveform_bake",
  "track_id": "1007",
  "clip_id": "1013",
  "file_path": "D:\\Vit_DAW\\test_target_3s.wav",
  "message": "Waveform bake started (no new clip inserted)"
}
ZmqGateway: received command payload: {"cmd":"list_tracks"}
ZmqGateway: dispatching payload to JUCE message thread.
VitHeadlessService: processing queued command on JUCE message thread: {"cmd":"list_tracks"}
Command received: {"cmd":"list_tracks"}
Command executed: list_tracks, result: {
  "status": "ok",
  "message": "Track list fetched",
  "tracks": [
    {
      "track_id": "1002",
      "name": "Arranger",
      "track_type": "track",
      "is_audio": false,
      "is_audio_track": false,
      "vit_type": "",
      "vit_intent": "",
      "plugin_count": 0,
      "plugins": []
    },
    {
      "track_id": "1003",
      "name": "Chord",
      "track_type": "track",
      "is_audio": false,
      "is_audio_track": false,
      "vit_type": "",
      "vit_intent": "",
      "plugin_count": 0,
      "plugins": []
    },
    {
      "track_id": "1004",
      "name": "Marker",
      "track_type": "track",
      "is_audio": false,
      "is_audio_track": false,
      "vit_type": "",
      "vit_intent": "",
      "plugin_count": 0,
      "plugins": []
    },
    {
      "track_id": "1005",
      "name": "Tempo",
      "track_type": "track",
      "is_audio": false,
      "is_audio_track": false,
      "vit_type": "",
      "vit_intent": "",
      "plugin_count": 0,
      "plugins": []
    },
    {
      "track_id": "1006",
      "name": "Master",
      "track_type": "master",
      "is_audio": false,
      "is_audio_track": false,
      "vit_type": "",
      "vit_intent": "",
      "plugin_count": 0,
      "plugins": []
    },
    {
      "track_id": "1007",
      "name": "Track 1",
      "track_type": "hybrid",
      "is_audio": true,
      "is_audio_track": true,
      "vit_type": "",
      "vit_intent": "",
      "plugin_count": 2,
      "plugins": [
        {
          "name": "Volume & Pan Plugin",
          "type": "volume",
          "enabled": true
        },
        {
          "name": "Level Meter",
          "type": "level",
          "enabled": true
        }
      ]
    }
  ]
}
VitHeadlessService: command reply (truncated): {
  "status": "ok",
  "message": "Track list fetched",
  "tracks": [
    {
      "track_id": "1002",
      "name": "Arranger",
      "track_type": "track",
      "is_audio": false,
      "is_audio_track": false,
ZmqGateway: received command payload: {"cmd":"get_recent_projects"}
ZmqGateway: dispatching payload to JUCE message thread.
VitHeadlessService: processing queued command on JUCE message thread: {"cmd":"get_recent_projects"}
Command received: {"cmd":"get_recent_projects"}
Command executed: get_recent_projects, result: {
  "status": "ok",
  "recent_projects": [
    "D:\\Godot\\project\\vit-daw-frontend\\4.4.3.vit",
    "D:\\Godot\\project\\vit-daw-frontend\\4.4.2.vit",
    "D:\\Godot\\project\\vit-daw-frontend\\4.4.1.vit",
    "D:\\Godot\\project\\vit-daw-frontend\\4.4.vit",
    "D:\\4.1.tracktionedit"
  ]
}
VitHeadlessService: command reply (truncated): {
  "status": "ok",
  "recent_projects": [
    "D:\\Godot\\project\\vit-daw-frontend\\4.4.3.vit",
    "D:\\Godot\\project\\vit-daw-frontend\\4.4.2.vit",
    "D:\\Godot\\project\\vit-daw-frontend\\4.4.1.vit",
    "D
ZmqGateway: received command payload: {"cmd":"new_project"}
ZmqGateway: dispatching payload to JUCE message thread.
VitHeadlessService: processing queued command on JUCE message thread: {"cmd":"new_project"}
Command received: {"cmd":"new_project"}
VitEngineDevice: audio IO ready for playback graph: "扬声器 (USB AUDIO  CODEC)" 48000.00 Hz, block 480 samples
Command executed: new_project, result: {
  "status": "ok",
  "message": "Blank project created"
}
VitHeadlessService: command reply (truncated): {
  "status": "ok",
  "message": "Blank project created"
}
ZmqGateway: received command payload: {"cmd":"ping"}
ZmqGateway: dispatching payload to JUCE message thread.
VitHeadlessService: processing queued command on JUCE message thread: {"cmd":"ping"}
Command received: {"cmd":"ping"}
CommandDispatcher: handled ping command.
Command executed: ping, result: {
  "status": "ok",
  "message": "pong"
}
VitHeadlessService: command reply (truncated): {
  "status": "ok",
  "message": "pong"
}
ZmqGateway: received command payload: {"cmd":"get_project_state"}
ZmqGateway: dispatching payload to JUCE message thread.
VitHeadlessService: processing queued command on JUCE message thread: {"cmd":"get_project_state"}
Command received: {"cmd":"get_project_state"}
Command executed: get_project_state, result: {
  "status": "ok",
  "project_path": "",
  "tracks": [
    {
      "track_id": "1002",
      "track_name": "Arranger",
      "track_type": "track",
      "is_audio_track": false,
      "is_audio": false,
      "plugins": [],
      "clips": []
    },
    {
      "track_id": "1003",
      "track_name": "Chord",
      "track_type": "track",
      "is_audio_track": false,
      "is_audio": false,
      "plugins": [],
      "clips": []
    },
    {
      "track_id": "1004",
      "track_name": "Marker",
      "track_type": "track",
      "is_audio_track": false,
      "is_audio": false,
      "plugins": [],
      "clips": []
    },
    {
      "track_id": "1005",
      "track_name": "Tempo",
      "track_type": "track",
      "is_audio_track": false,
      "is_audio": false,
      "plugins": [],
      "clips": []
    },
    {
      "track_id": "1006",
      "track_name": "Master",
      "track_type": "master",
      "is_audio_track": false,
      "is_audio": false,
      "plugins": [],
      "clips": []
    }
  ]
}
VitHeadlessService: command reply (truncated): {
  "status": "ok",
  "project_path": "",
  "tracks": [
    {
      "track_id": "1002",
      "track_name": "Arranger",
      "track_type": "track",
      "is_audio_track": false,
      "is_audio": false,
     
ZmqGateway: received command payload: {"cmd":"list_tracks"}
ZmqGateway: dispatching payload to JUCE message thread.
VitHeadlessService: processing queued command on JUCE message thread: {"cmd":"list_tracks"}
Command received: {"cmd":"list_tracks"}
Command executed: list_tracks, result: {
  "status": "ok",
  "message": "Track list fetched",
  "tracks": [
    {
      "track_id": "1002",
      "name": "Arranger",
      "track_type": "track",
      "is_audio": false,
      "is_audio_track": false,
      "vit_type": "",
      "vit_intent": "",
      "plugin_count": 0,
      "plugins": []
    },
    {
      "track_id": "1003",
      "name": "Chord",
      "track_type": "track",
      "is_audio": false,
      "is_audio_track": false,
      "vit_type": "",
      "vit_intent": "",
      "plugin_count": 0,
      "plugins": []
    },
    {
      "track_id": "1004",
      "name": "Marker",
      "track_type": "track",
      "is_audio": false,
      "is_audio_track": false,
      "vit_type": "",
      "vit_intent": "",
      "plugin_count": 0,
      "plugins": []
    },
    {
      "track_id": "1005",
      "name": "Tempo",
      "track_type": "track",
      "is_audio": false,
      "is_audio_track": false,
      "vit_type": "",
      "vit_intent": "",
      "plugin_count": 0,
      "plugins": []
    },
    {
      "track_id": "1006",
      "name": "Master",
      "track_type": "master",
      "is_audio": false,
      "is_audio_track": false,
      "vit_type": "",
      "vit_intent": "",
      "plugin_count": 0,
      "plugins": []
    }
  ]
}
VitHeadlessService: command reply (truncated): {
  "status": "ok",
  "message": "Track list fetched",
  "tracks": [
    {
      "track_id": "1002",
      "name": "Arranger",
      "track_type": "track",
      "is_audio": false,
      "is_audio_track": false,
ZmqGateway: received command payload: {"cmd":"list_tracks"}
ZmqGateway: dispatching payload to JUCE message thread.
VitHeadlessService: processing queued command on JUCE message thread: {"cmd":"list_tracks"}
Command received: {"cmd":"list_tracks"}
Command executed: list_tracks, result: {
  "status": "ok",
  "message": "Track list fetched",
  "tracks": [
    {
      "track_id": "1002",
      "name": "Arranger",
      "track_type": "track",
      "is_audio": false,
      "is_audio_track": false,
      "vit_type": "",
      "vit_intent": "",
      "plugin_count": 0,
      "plugins": []
    },
    {
      "track_id": "1003",
      "name": "Chord",
      "track_type": "track",
      "is_audio": false,
      "is_audio_track": false,
      "vit_type": "",
      "vit_intent": "",
      "plugin_count": 0,
      "plugins": []
    },
    {
      "track_id": "1004",
      "name": "Marker",
      "track_type": "track",
      "is_audio": false,
      "is_audio_track": false,
      "vit_type": "",
      "vit_intent": "",
      "plugin_count": 0,
      "plugins": []
    },
    {
      "track_id": "1005",
      "name": "Tempo",
      "track_type": "track",
      "is_audio": false,
      "is_audio_track": false,
      "vit_type": "",
      "vit_intent": "",
      "plugin_count": 0,
      "plugins": []
    },
    {
      "track_id": "1006",
      "name": "Master",
      "track_type": "master",
      "is_audio": false,
      "is_audio_track": false,
      "vit_type": "",
      "vit_intent": "",
      "plugin_count": 0,
      "plugins": []
    }
  ]
}
VitHeadlessService: command reply (truncated): {
  "status": "ok",
  "message": "Track list fetched",
  "tracks": [
    {
      "track_id": "1002",
      "name": "Arranger",
      "track_type": "track",
      "is_audio": false,
      "is_audio_track": false,
ZmqGateway: received command payload: {"cmd":"add_track","type":"hybrid"}
ZmqGateway: dispatching payload to JUCE message thread.
VitHeadlessService: processing queued command on JUCE message thread: {"cmd":"add_track","type":"hybrid"}
Command received: {"cmd":"add_track","type":"hybrid"}
VitHeadlessService: project saved to D:\Vit_DAW\VitApp\Workspace\default_project.xml
Command executed: add_track, result: {
  "status": "ok",
  "message": "Track added",
  "track_id": "1007",
  "track_name": "Track 1"
}
VitHeadlessService: command reply (truncated): {
  "status": "ok",
  "message": "Track added",
  "track_id": "1007",
  "track_name": "Track 1"
}
ZmqGateway: received command payload: {"cmd":"list_tracks"}
ZmqGateway: dispatching payload to JUCE message thread.
VitHeadlessService: processing queued command on JUCE message thread: {"cmd":"list_tracks"}
Command received: {"cmd":"list_tracks"}
Command executed: list_tracks, result: {
  "status": "ok",
  "message": "Track list fetched",
  "tracks": [
    {
      "track_id": "1002",
      "name": "Arranger",
      "track_type": "track",
      "is_audio": false,
      "is_audio_track": false,
      "vit_type": "",
      "vit_intent": "",
      "plugin_count": 0,
      "plugins": []
    },
    {
      "track_id": "1003",
      "name": "Chord",
      "track_type": "track",
      "is_audio": false,
      "is_audio_track": false,
      "vit_type": "",
      "vit_intent": "",
      "plugin_count": 0,
      "plugins": []
    },
    {
      "track_id": "1004",
      "name": "Marker",
      "track_type": "track",
      "is_audio": false,
      "is_audio_track": false,
      "vit_type": "",
      "vit_intent": "",
      "plugin_count": 0,
      "plugins": []
    },
    {
      "track_id": "1005",
      "name": "Tempo",
      "track_type": "track",
      "is_audio": false,
      "is_audio_track": false,
      "vit_type": "",
      "vit_intent": "",
      "plugin_count": 0,
      "plugins": []
    },
    {
      "track_id": "1006",
      "name": "Master",
      "track_type": "master",
      "is_audio": false,
      "is_audio_track": false,
      "vit_type": "",
      "vit_intent": "",
      "plugin_count": 0,
      "plugins": []
    },
    {
      "track_id": "1007",
      "name": "Track 1",
      "track_type": "hybrid",
      "is_audio": true,
      "is_audio_track": true,
      "vit_type": "",
      "vit_intent": "",
      "plugin_count": 2,
      "plugins": [
        {
          "name": "Volume & Pan Plugin",
          "type": "volume",
          "enabled": true
        },
        {
          "name": "Level Meter",
          "type": "level",
          "enabled": true
        }
      ]
    }
  ]
}
VitHeadlessService: command reply (truncated): {
  "status": "ok",
  "message": "Track list fetched",
  "tracks": [
    {
      "track_id": "1002",
      "name": "Arranger",
      "track_type": "track",
      "is_audio": false,
      "is_audio_track": false,
ZmqGateway: received command payload: {"cmd":"get_project_state"}
ZmqGateway: dispatching payload to JUCE message thread.
VitHeadlessService: processing queued command on JUCE message thread: {"cmd":"get_project_state"}
Command received: {"cmd":"get_project_state"}
Command executed: get_project_state, result: {
  "status": "ok",
  "project_path": "",
  "tracks": [
    {
      "track_id": "1002",
      "track_name": "Arranger",
      "track_type": "track",
      "is_audio_track": false,
      "is_audio": false,
      "plugins": [],
      "clips": []
    },
    {
      "track_id": "1003",
      "track_name": "Chord",
      "track_type": "track",
      "is_audio_track": false,
      "is_audio": false,
      "plugins": [],
      "clips": []
    },
    {
      "track_id": "1004",
      "track_name": "Marker",
      "track_type": "track",
      "is_audio_track": false,
      "is_audio": false,
      "plugins": [],
      "clips": []
    },
    {
      "track_id": "1005",
      "track_name": "Tempo",
      "track_type": "track",
      "is_audio_track": false,
      "is_audio": false,
      "plugins": [],
      "clips": []
    },
    {
      "track_id": "1006",
      "track_name": "Master",
      "track_type": "master",
      "is_audio_track": false,
      "is_audio": false,
      "plugins": [],
      "clips": []
    },
    {
      "track_id": "1007",
      "track_name": "Track 1",
      "track_type": "hybrid",
      "is_audio_track": true,
      "is_audio": true,
      "plugins": [
        {
          "id": "1008",
          "item_id": "1008",
          "name": "Volume & Pan Plugin",
          "type": "volume",
          "enabled": true
        },
        {
          "id": "1009",
          "item_id": "1009",
          "name": "Level Meter",
          "type": "level",
          "enabled": true
        }
      ],
      "clips": [],
      "output_to_device_resolved": true,
      "output_device_enabled": true,
      "output_device_id": "out_b7a4b4c1",
      "output_routing_name": "(default audio output)"
    }
  ]
}
VitHeadlessService: command reply (truncated): {
  "status": "ok",
  "project_path": "",
  "tracks": [
    {
      "track_id": "1002",
      "track_name": "Arranger",
      "track_type": "track",
      "is_audio_track": false,
      "is_audio": false,
     
ZmqGateway: received command payload: {"cmd":"list_tracks"}
ZmqGateway: dispatching payload to JUCE message thread.
VitHeadlessService: processing queued command on JUCE message thread: {"cmd":"list_tracks"}
Command received: {"cmd":"list_tracks"}
Command executed: list_tracks, result: {
  "status": "ok",
  "message": "Track list fetched",
  "tracks": [
    {
      "track_id": "1002",
      "name": "Arranger",
      "track_type": "track",
      "is_audio": false,
      "is_audio_track": false,
      "vit_type": "",
      "vit_intent": "",
      "plugin_count": 0,
      "plugins": []
    },
    {
      "track_id": "1003",
      "name": "Chord",
      "track_type": "track",
      "is_audio": false,
      "is_audio_track": false,
      "vit_type": "",
      "vit_intent": "",
      "plugin_count": 0,
      "plugins": []
    },
    {
      "track_id": "1004",
      "name": "Marker",
      "track_type": "track",
      "is_audio": false,
      "is_audio_track": false,
      "vit_type": "",
      "vit_intent": "",
      "plugin_count": 0,
      "plugins": []
    },
    {
      "track_id": "1005",
      "name": "Tempo",
      "track_type": "track",
      "is_audio": false,
      "is_audio_track": false,
      "vit_type": "",
      "vit_intent": "",
      "plugin_count": 0,
      "plugins": []
    },
    {
      "track_id": "1006",
      "name": "Master",
      "track_type": "master",
      "is_audio": false,
      "is_audio_track": false,
      "vit_type": "",
      "vit_intent": "",
      "plugin_count": 0,
      "plugins": []
    },
    {
      "track_id": "1007",
      "name": "Track 1",
      "track_type": "hybrid",
      "is_audio": true,
      "is_audio_track": true,
      "vit_type": "",
      "vit_intent": "",
      "plugin_count": 2,
      "plugins": [
        {
          "name": "Volume & Pan Plugin",
          "type": "volume",
          "enabled": true
        },
        {
          "name": "Level Meter",
          "type": "level",
          "enabled": true
        }
      ]
    }
  ]
}
VitHeadlessService: command reply (truncated): {
  "status": "ok",
  "message": "Track list fetched",
  "tracks": [
    {
      "track_id": "1002",
      "name": "Arranger",
      "track_type": "track",
      "is_audio": false,
      "is_audio_track": false,
ZmqGateway: received command payload: {"action":"import_media_to_track","file_path":"D:/Vit_DAW/test_100hz_10s.wav","media_type":"audio","start_time":0.0596885681152344,"track_id":"1007"}
ZmqGateway: dispatching payload to JUCE message thread.
VitHeadlessService: processing queued command on JUCE message thread: {"action":"import_media_to_track","file_path":"D:/Vit_DAW/test_100hz_10s.wav","media_type":"audio","start_time":0.0596885681152344,"track_id":"1007"}
Command received: {"action":"import_media_to_track","file_path":"D:/Vit_DAW/test_100hz_10s.wav","media_type":"audio","start_time":0.0596885681152344,"track_id":"1007"}
VitHeadlessService: project saved to D:\Vit_DAW\VitApp\Workspace\default_project.xml
CommandDispatcher::handleImportMediaToTrack: clipId="1011" clip="test_100hz_10s" trackId="1007" source="D:\Vit_DAW\test_100hz_10s.wav" lengthSec=10.000 isPlaying=false isRecording=false playContextActive=true positionSeconds=0.000 editLengthSeconds=10.060
Command executed: import_media_to_track, result: {
  "status": "success",
  "action": "import_media_to_track",
  "clip_id": "1011",
  "track_id": "1007",
  "start_time": 0.059688568115234,
  "resolved_start_time": 0.059688568115234,
  "length": 10.0,
  "applied_mode": "destructive",
  "clip_name": "test_100hz_10s",
  "file_path": "D:\\Vit_DAW\\test_100hz_10s.wav",
  "edit_length_seconds": 10.059688568115234,
  "baking_status": "baking_started"
}
VitHeadlessService: command reply (truncated): {
  "status": "success",
  "action": "import_media_to_track",
  "clip_id": "1011",
  "track_id": "1007",
  "start_time": 0.059688568115234,
  "resolved_start_time": 0.059688568115234,
  "length": 10.0,
  "applied
ZmqGateway: received command payload: {"cmd":"get_project_state"}
ZmqGateway: dispatching payload to JUCE message thread.
VitHeadlessService: processing queued command on JUCE message thread: {"cmd":"get_project_state"}
Command received: {"cmd":"get_project_state"}
Command executed: get_project_state, result: {
  "status": "ok",
  "project_path": "",
  "tracks": [
    {
      "track_id": "1002",
      "track_name": "Arranger",
      "track_type": "track",
      "is_audio_track": false,
      "is_audio": false,
      "plugins": [],
      "clips": []
    },
    {
      "track_id": "1003",
      "track_name": "Chord",
      "track_type": "track",
      "is_audio_track": false,
      "is_audio": false,
      "plugins": [],
      "clips": []
    },
    {
      "track_id": "1004",
      "track_name": "Marker",
      "track_type": "track",
      "is_audio_track": false,
      "is_audio": false,
      "plugins": [],
      "clips": []
    },
    {
      "track_id": "1005",
      "track_name": "Tempo",
      "track_type": "track",
      "is_audio_track": false,
      "is_audio": false,
      "plugins": [],
      "clips": []
    },
    {
      "track_id": "1006",
      "track_name": "Master",
      "track_type": "master",
      "is_audio_track": false,
      "is_audio": false,
      "plugins": [],
      "clips": []
    },
    {
      "track_id": "1007",
      "track_name": "Track 1",
      "track_type": "hybrid",
      "is_audio_track": true,
      "is_audio": true,
      "plugins": [
        {
          "id": "1008",
          "item_id": "1008",
          "name": "Volume & Pan Plugin",
          "type": "volume",
          "enabled": true
        },
        {
          "id": "1009",
          "item_id": "1009",
          "name": "Level Meter",
          "type": "level",
          "enabled": true
        }
      ],
      "clips": [
        {
          "id": "1011",
          "name": "test_100hz_10s",
          "clip_type": "wave",
          "start_seconds": 0.059688568115234,
          "end_seconds": 10.059688568115234,
          "length_seconds": 10.0,
          "file_path": "D:\\Vit_DAW\\test_100hz_10s.wav",
          "current_source_path": "D:\\Vit_DAW\\test_100hz_10s.wav",
          "playback_source_valid": true
        }
      ],
      "output_to_device_resolved": true,
      "output_device_enabled": true,
      "output_device_id": "out_b7a4b4c1",
      "output_routing_name": "(default audio output)"
    }
  ]
}
VitHeadlessService: command reply (truncated): {
  "status": "ok",
  "project_path": "",
  "tracks": [
    {
      "track_id": "1002",
      "track_name": "Arranger",
      "track_type": "track",
      "is_audio_track": false,
      "is_audio": false,
     
ZmqGateway: received command payload: {"cmd":"list_tracks"}
ZmqGateway: dispatching payload to JUCE message thread.
VitHeadlessService: processing queued command on JUCE message thread: {"cmd":"list_tracks"}
Command received: {"cmd":"list_tracks"}
Command executed: list_tracks, result: {
  "status": "ok",
  "message": "Track list fetched",
  "tracks": [
    {
      "track_id": "1002",
      "name": "Arranger",
      "track_type": "track",
      "is_audio": false,
      "is_audio_track": false,
      "vit_type": "",
      "vit_intent": "",
      "plugin_count": 0,
      "plugins": []
    },
    {
      "track_id": "1003",
      "name": "Chord",
      "track_type": "track",
      "is_audio": false,
      "is_audio_track": false,
      "vit_type": "",
      "vit_intent": "",
      "plugin_count": 0,
      "plugins": []
    },
    {
      "track_id": "1004",
      "name": "Marker",
      "track_type": "track",
      "is_audio": false,
      "is_audio_track": false,
      "vit_type": "",
      "vit_intent": "",
      "plugin_count": 0,
      "plugins": []
    },
    {
      "track_id": "1005",
      "name": "Tempo",
      "track_type": "track",
      "is_audio": false,
      "is_audio_track": false,
      "vit_type": "",
      "vit_intent": "",
      "plugin_count": 0,
      "plugins": []
    },
    {
      "track_id": "1006",
      "name": "Master",
      "track_type": "master",
      "is_audio": false,
      "is_audio_track": false,
      "vit_type": "",
      "vit_intent": "",
      "plugin_count": 0,
      "plugins": []
    },
    {
      "track_id": "1007",
      "name": "Track 1",
      "track_type": "hybrid",
      "is_audio": true,
      "is_audio_track": true,
      "vit_type": "",
      "vit_intent": "",
      "plugin_count": 2,
      "plugins": [
        {
          "name": "Volume & Pan Plugin",
          "type": "volume",
          "enabled": true
        },
        {
          "name": "Level Meter",
          "type": "level",
          "enabled": true
        }
      ]
    }
  ]
}
VitHeadlessService: command reply (truncated): {
  "status": "ok",
  "message": "Track list fetched",
  "tracks": [
    {
      "track_id": "1002",
      "name": "Arranger",
      "track_type": "track",
      "is_audio": false,
      "is_audio_track": false,
ZmqGateway: received command payload: {"action":"import_media_to_track","file_path":"D:/Vit_DAW/test_target_3s.wav","media_type":"audio","start_time":19.5522270202637,"track_id":"1007"}
ZmqGateway: dispatching payload to JUCE message thread.
VitHeadlessService: processing queued command on JUCE message thread: {"action":"import_media_to_track","file_path":"D:/Vit_DAW/test_target_3s.wav","media_type":"audio","start_time":19.5522270202637,"track_id":"1007"}
Command received: {"action":"import_media_to_track","file_path":"D:/Vit_DAW/test_target_3s.wav","media_type":"audio","start_time":19.5522270202637,"track_id":"1007"}
VitHeadlessService: project saved to D:\Vit_DAW\VitApp\Workspace\default_project.xml
CommandDispatcher::handleImportMediaToTrack: clipId="1013" clip="test_target_3s" trackId="1007" source="D:\Vit_DAW\test_target_3s.wav" lengthSec=3.000 isPlaying=false isRecording=false playContextActive=true positionSeconds=0.000 editLengthSeconds=22.552
Command executed: import_media_to_track, result: {
  "status": "success",
  "action": "import_media_to_track",
  "clip_id": "1013",
  "track_id": "1007",
  "start_time": 19.5522270202637,
  "resolved_start_time": 19.5522270202637,
  "length": 3.0,
  "applied_mode": "destructive",
  "clip_name": "test_target_3s",
  "file_path": "D:\\Vit_DAW\\test_target_3s.wav",
  "edit_length_seconds": 22.5522270202637,
  "baking_status": "baking_started"
}
VitHeadlessService: command reply (truncated): {
  "status": "success",
  "action": "import_media_to_track",
  "clip_id": "1013",
  "track_id": "1007",
  "start_time": 19.5522270202637,
  "resolved_start_time": 19.5522270202637,
  "length": 3.0,
  "applied_mo
ZmqGateway: received command payload: {"cmd":"get_project_state"}
ZmqGateway: dispatching payload to JUCE message thread.
VitHeadlessService: processing queued command on JUCE message thread: {"cmd":"get_project_state"}
Command received: {"cmd":"get_project_state"}
Command executed: get_project_state, result: {
  "status": "ok",
  "project_path": "",
  "tracks": [
    {
      "track_id": "1002",
      "track_name": "Arranger",
      "track_type": "track",
      "is_audio_track": false,
      "is_audio": false,
      "plugins": [],
      "clips": []
    },
    {
      "track_id": "1003",
      "track_name": "Chord",
      "track_type": "track",
      "is_audio_track": false,
      "is_audio": false,
      "plugins": [],
      "clips": []
    },
    {
      "track_id": "1004",
      "track_name": "Marker",
      "track_type": "track",
      "is_audio_track": false,
      "is_audio": false,
      "plugins": [],
      "clips": []
    },
    {
      "track_id": "1005",
      "track_name": "Tempo",
      "track_type": "track",
      "is_audio_track": false,
      "is_audio": false,
      "plugins": [],
      "clips": []
    },
    {
      "track_id": "1006",
      "track_name": "Master",
      "track_type": "master",
      "is_audio_track": false,
      "is_audio": false,
      "plugins": [],
      "clips": []
    },
    {
      "track_id": "1007",
      "track_name": "Track 1",
      "track_type": "hybrid",
      "is_audio_track": true,
      "is_audio": true,
      "plugins": [
        {
          "id": "1008",
          "item_id": "1008",
          "name": "Volume & Pan Plugin",
          "type": "volume",
          "enabled": true
        },
        {
          "id": "1009",
          "item_id": "1009",
          "name": "Level Meter",
          "type": "level",
          "enabled": true
        }
      ],
      "clips": [
        {
          "id": "1011",
          "name": "test_100hz_10s",
          "clip_type": "wave",
          "start_seconds": 0.059688568115234,
          "end_seconds": 10.059688568115234,
          "length_seconds": 10.0,
          "file_path": "D:\\Vit_DAW\\test_100hz_10s.wav",
          "current_source_path": "D:\\Vit_DAW\\test_100hz_10s.wav",
          "playback_source_valid": true
        },
        {
          "id": "1013",
          "name": "test_target_3s",
          "clip_type": "wave",
          "start_seconds": 19.5522270202637,
          "end_seconds": 22.5522270202637,
          "length_seconds": 3.0,
          "file_path": "D:\\Vit_DAW\\test_target_3s.wav",
          "current_source_path": "D:\\Vit_DAW\\test_target_3s.wav",
          "playback_source_valid": true
        }
      ],
      "output_to_device_resolved": true,
      "output_device_enabled": true,
      "output_device_id": "out_b7a4b4c1",
      "output_routing_name": "(default audio output)"
    }
  ]
}
VitHeadlessService: command reply (truncated): {
  "status": "ok",
  "project_path": "",
  "tracks": [
    {
      "track_id": "1002",
      "track_name": "Arranger",
      "track_type": "track",
      "is_audio_track": false,
      "is_audio": false,
     
ZmqGateway: received command payload: {"cmd":"list_tracks"}
ZmqGateway: dispatching payload to JUCE message thread.
VitHeadlessService: processing queued command on JUCE message thread: {"cmd":"list_tracks"}
Command received: {"cmd":"list_tracks"}
Command executed: list_tracks, result: {
  "status": "ok",
  "message": "Track list fetched",
  "tracks": [
    {
      "track_id": "1002",
      "name": "Arranger",
      "track_type": "track",
      "is_audio": false,
      "is_audio_track": false,
      "vit_type": "",
      "vit_intent": "",
      "plugin_count": 0,
      "plugins": []
    },
    {
      "track_id": "1003",
      "name": "Chord",
      "track_type": "track",
      "is_audio": false,
      "is_audio_track": false,
      "vit_type": "",
      "vit_intent": "",
      "plugin_count": 0,
      "plugins": []
    },
    {
      "track_id": "1004",
      "name": "Marker",
      "track_type": "track",
      "is_audio": false,
      "is_audio_track": false,
      "vit_type": "",
      "vit_intent": "",
      "plugin_count": 0,
      "plugins": []
    },
    {
      "track_id": "1005",
      "name": "Tempo",
      "track_type": "track",
      "is_audio": false,
      "is_audio_track": false,
      "vit_type": "",
      "vit_intent": "",
      "plugin_count": 0,
      "plugins": []
    },
    {
      "track_id": "1006",
      "name": "Master",
      "track_type": "master",
      "is_audio": false,
      "is_audio_track": false,
      "vit_type": "",
      "vit_intent": "",
      "plugin_count": 0,
      "plugins": []
    },
    {
      "track_id": "1007",
      "name": "Track 1",
      "track_type": "hybrid",
      "is_audio": true,
      "is_audio_track": true,
      "vit_type": "",
      "vit_intent": "",
      "plugin_count": 2,
      "plugins": [
        {
          "name": "Volume & Pan Plugin",
          "type": "volume",
          "enabled": true
        },
        {
          "name": "Level Meter",
          "type": "level",
          "enabled": true
        }
      ]
    }
  ]
}
VitHeadlessService: command reply (truncated): {
  "status": "ok",
  "message": "Track list fetched",
  "tracks": [
    {
      "track_id": "1002",
      "name": "Arranger",
      "track_type": "track",
      "is_audio": false,
      "is_audio_track": false,
ZmqGateway: received command payload: {"action":"play"}
ZmqGateway: dispatching payload to JUCE message thread.
VitHeadlessService: processing queued command on JUCE message thread: {"action":"play"}
Command received: {"action":"play"}
CommandDispatcher::handlePlay: before isPlaying=false isRecording=false playContextActive=true positionSeconds=0.000 editLengthSeconds=22.552
CommandDispatcher::handlePlay: after isPlaying=true isRecording=false playContextActive=true positionSeconds=0.000 editLengthSeconds=22.552
Command executed: play, result: {
  "status": "ok",
  "message": "Transport playing",
  "is_playing": true,
  "is_recording": false,
  "position_seconds": 0.0,
  "click_track_enabled": false
}
VitHeadlessService: command reply (truncated): {
  "status": "ok",
  "message": "Transport playing",
  "is_playing": true,
  "is_recording": false,
  "position_seconds": 0.0,
  "click_track_enabled": false
}
ZmqGateway: received command payload: {"action":"stop"}
ZmqGateway: dispatching payload to JUCE message thread.
VitHeadlessService: processing queued command on JUCE message thread: {"action":"stop"}
Command received: {"action":"stop"}
CommandDispatcher::handleStop: before isPlaying=true isRecording=false playContextActive=true positionSeconds=10.200 editLengthSeconds=22.552
CommandDispatcher::handleStop: after isPlaying=false isRecording=false playContextActive=true positionSeconds=10.200 editLengthSeconds=22.552
Command executed: stop, result: {
  "status": "ok",
  "message": "Transport stopped",
  "is_playing": false,
  "is_recording": false,
  "position_seconds": 10.199999999999999,
  "click_track_enabled": false
}
VitHeadlessService: command reply (truncated): {
  "status": "ok",
  "message": "Transport stopped",
  "is_playing": false,
  "is_recording": false,
  "position_seconds": 10.199999999999999,
  "click_track_enabled": false
}
ZmqGateway: received command payload: {"action":"return_to_zero"}
ZmqGateway: dispatching payload to JUCE message thread.
VitHeadlessService: processing queued command on JUCE message thread: {"action":"return_to_zero"}
Command received: {"action":"return_to_zero"}
CommandDispatcher::handleReturnToZero: before isPlaying=false isRecording=false playContextActive=true positionSeconds=10.220 editLengthSeconds=22.552
CommandDispatcher::handleReturnToZero: after isPlaying=false isRecording=false playContextActive=true positionSeconds=0.000 editLengthSeconds=22.552
Command executed: return_to_zero, result: {
  "status": "ok",
  "message": "Transport returned to zero",
  "is_playing": false,
  "is_recording": false,
  "position_seconds": 0.0,
  "click_track_enabled": false
}
VitHeadlessService: command reply (truncated): {
  "status": "ok",
  "message": "Transport returned to zero",
  "is_playing": false,
  "is_recording": false,
  "position_seconds": 0.0,
  "click_track_enabled": false
}
ZmqGateway: received command payload: {"action":"return_to_zero"}
ZmqGateway: dispatching payload to JUCE message thread.
VitHeadlessService: processing queued command on JUCE message thread: {"action":"return_to_zero"}
Command received: {"action":"return_to_zero"}
CommandDispatcher::handleReturnToZero: before isPlaying=false isRecording=false playContextActive=true positionSeconds=0.000 editLengthSeconds=22.552
CommandDispatcher::handleReturnToZero: after isPlaying=false isRecording=false playContextActive=true positionSeconds=0.000 editLengthSeconds=22.552
Command executed: return_to_zero, result: {
  "status": "ok",
  "message": "Transport returned to zero",
  "is_playing": false,
  "is_recording": false,
  "position_seconds": 0.0,
  "click_track_enabled": false
}
VitHeadlessService: command reply (truncated): {
  "status": "ok",
  "message": "Transport returned to zero",
  "is_playing": false,
  "is_recording": false,
  "position_seconds": 0.0,
  "click_track_enabled": false
}
ZmqGateway: received command payload: {"cmd":"undo"}
ZmqGateway: dispatching payload to JUCE message thread.
VitHeadlessService: processing queued command on JUCE message thread: {"cmd":"undo"}
Command received: {"cmd":"undo"}
Command executed: undo, result: {
  "status": "ok",
  "message": "Undo executed"
}
VitHeadlessService: command reply (truncated): {
  "status": "ok",
  "message": "Undo executed"
}
ZmqGateway: received command payload: {"cmd":"get_project_state"}
ZmqGateway: dispatching payload to JUCE message thread.
VitHeadlessService: processing queued command on JUCE message thread: {"cmd":"get_project_state"}
Command received: {"cmd":"get_project_state"}
Command executed: get_project_state, result: {
  "status": "ok",
  "project_path": "",
  "tracks": [
    {
      "track_id": "1002",
      "track_name": "Arranger",
      "track_type": "track",
      "is_audio_track": false,
      "is_audio": false,
      "plugins": [],
      "clips": []
    },
    {
      "track_id": "1003",
      "track_name": "Chord",
      "track_type": "track",
      "is_audio_track": false,
      "is_audio": false,
      "plugins": [],
      "clips": []
    },
    {
      "track_id": "1004",
      "track_name": "Marker",
      "track_type": "track",
      "is_audio_track": false,
      "is_audio": false,
      "plugins": [],
      "clips": []
    },
    {
      "track_id": "1005",
      "track_name": "Tempo",
      "track_type": "track",
      "is_audio_track": false,
      "is_audio": false,
      "plugins": [],
      "clips": []
    },
    {
      "track_id": "1006",
      "track_name": "Master",
      "track_type": "master",
      "is_audio_track": false,
      "is_audio": false,
      "plugins": [],
      "clips": []
    },
    {
      "track_id": "1007",
      "track_name": "Track 1",
      "track_type": "hybrid",
      "is_audio_track": true,
      "is_audio": true,
      "plugins": [
        {
          "id": "1008",
          "item_id": "1008",
          "name": "Volume & Pan Plugin",
          "type": "volume",
          "enabled": true
        },
        {
          "id": "1009",
          "item_id": "1009",
          "name": "Level Meter",
          "type": "level",
          "enabled": true
        }
      ],
      "clips": [
        {
          "id": "1011",
          "name": "test_100hz_10s",
          "clip_type": "wave",
          "start_seconds": 0.059688568115234,
          "end_seconds": 10.059688568115234,
          "length_seconds": 10.0,
          "file_path": "D:\\Vit_DAW\\test_100hz_10s.wav",
          "current_source_path": "D:\\Vit_DAW\\test_100hz_10s.wav",
          "playback_source_valid": true
        }
      ],
      "output_to_device_resolved": true,
      "output_device_enabled": true,
      "output_device_id": "out_b7a4b4c1",
      "output_routing_name": "(default audio output)"
    }
  ]
}
VitHeadlessService: command reply (truncated): {
  "status": "ok",
  "project_path": "",
  "tracks": [
    {
      "track_id": "1002",
      "track_name": "Arranger",
      "track_type": "track",
      "is_audio_track": false,
      "is_audio": false,
     
ZmqGateway: received command payload: {"cmd":"list_tracks"}
ZmqGateway: dispatching payload to JUCE message thread.
VitHeadlessService: processing queued command on JUCE message thread: {"cmd":"list_tracks"}
Command received: {"cmd":"list_tracks"}
Command executed: list_tracks, result: {
  "status": "ok",
  "message": "Track list fetched",
  "tracks": [
    {
      "track_id": "1002",
      "name": "Arranger",
      "track_type": "track",
      "is_audio": false,
      "is_audio_track": false,
      "vit_type": "",
      "vit_intent": "",
      "plugin_count": 0,
      "plugins": []
    },
    {
      "track_id": "1003",
      "name": "Chord",
      "track_type": "track",
      "is_audio": false,
      "is_audio_track": false,
      "vit_type": "",
      "vit_intent": "",
      "plugin_count": 0,
      "plugins": []
    },
    {
      "track_id": "1004",
      "name": "Marker",
      "track_type": "track",
      "is_audio": false,
      "is_audio_track": false,
      "vit_type": "",
      "vit_intent": "",
      "plugin_count": 0,
      "plugins": []
    },
    {
      "track_id": "1005",
      "name": "Tempo",
      "track_type": "track",
      "is_audio": false,
      "is_audio_track": false,
      "vit_type": "",
      "vit_intent": "",
      "plugin_count": 0,
      "plugins": []
    },
    {
      "track_id": "1006",
      "name": "Master",
      "track_type": "master",
      "is_audio": false,
      "is_audio_track": false,
      "vit_type": "",
      "vit_intent": "",
      "plugin_count": 0,
      "plugins": []
    },
    {
      "track_id": "1007",
      "name": "Track 1",
      "track_type": "hybrid",
      "is_audio": true,
      "is_audio_track": true,
      "vit_type": "",
      "vit_intent": "",
      "plugin_count": 2,
      "plugins": [
        {
          "name": "Volume & Pan Plugin",
          "type": "volume",
          "enabled": true
        },
        {
          "name": "Level Meter",
          "type": "level",
          "enabled": true
        }
      ]
    }
  ]
}
VitHeadlessService: command reply (truncated): {
  "status": "ok",
  "message": "Track list fetched",
  "tracks": [
    {
      "track_id": "1002",
      "name": "Arranger",
      "track_type": "track",
      "is_audio": false,
      "is_audio_track": false,
ZmqGateway: received command payload: {"cmd":"redo"}
ZmqGateway: dispatching payload to JUCE message thread.
VitHeadlessService: processing queued command on JUCE message thread: {"cmd":"redo"}
Command received: {"cmd":"redo"}
Command executed: redo, result: {
  "status": "ok",
  "message": "Redo executed"
}
VitHeadlessService: command reply (truncated): {
  "status": "ok",
  "message": "Redo executed"
}
ZmqGateway: received command payload: {"cmd":"get_project_state"}
ZmqGateway: dispatching payload to JUCE message thread.
VitHeadlessService: processing queued command on JUCE message thread: {"cmd":"get_project_state"}
Command received: {"cmd":"get_project_state"}
Command executed: get_project_state, result: {
  "status": "ok",
  "project_path": "",
  "tracks": [
    {
      "track_id": "1002",
      "track_name": "Arranger",
      "track_type": "track",
      "is_audio_track": false,
      "is_audio": false,
      "plugins": [],
      "clips": []
    },
    {
      "track_id": "1003",
      "track_name": "Chord",
      "track_type": "track",
      "is_audio_track": false,
      "is_audio": false,
      "plugins": [],
      "clips": []
    },
    {
      "track_id": "1004",
      "track_name": "Marker",
      "track_type": "track",
      "is_audio_track": false,
      "is_audio": false,
      "plugins": [],
      "clips": []
    },
    {
      "track_id": "1005",
      "track_name": "Tempo",
      "track_type": "track",
      "is_audio_track": false,
      "is_audio": false,
      "plugins": [],
      "clips": []
    },
    {
      "track_id": "1006",
      "track_name": "Master",
      "track_type": "master",
      "is_audio_track": false,
      "is_audio": false,
      "plugins": [],
      "clips": []
    },
    {
      "track_id": "1007",
      "track_name": "Track 1",
      "track_type": "hybrid",
      "is_audio_track": true,
      "is_audio": true,
      "plugins": [
        {
          "id": "1008",
          "item_id": "1008",
          "name": "Volume & Pan Plugin",
          "type": "volume",
          "enabled": true
        },
        {
          "id": "1009",
          "item_id": "1009",
          "name": "Level Meter",
          "type": "level",
          "enabled": true
        }
      ],
      "clips": [
        {
          "id": "1011",
          "name": "test_100hz_10s",
          "clip_type": "wave",
          "start_seconds": 0.059688568115234,
          "end_seconds": 10.059688568115234,
          "length_seconds": 10.0,
          "file_path": "D:\\Vit_DAW\\test_100hz_10s.wav",
          "current_source_path": "D:\\Vit_DAW\\test_100hz_10s.wav",
          "playback_source_valid": true
        },
        {
          "id": "1013",
          "name": "test_target_3s",
          "clip_type": "wave",
          "start_seconds": 19.5522270202637,
          "end_seconds": 22.5522270202637,
          "length_seconds": 3.0,
          "file_path": "D:\\Vit_DAW\\test_target_3s.wav",
          "current_source_path": "D:\\Vit_DAW\\test_target_3s.wav",
          "playback_source_valid": true
        }
      ],
      "output_to_device_resolved": true,
      "output_device_enabled": true,
      "output_device_id": "out_b7a4b4c1",
      "output_routing_name": "(default audio output)"
    }
  ]
}
VitHeadlessService: command reply (truncated): {
  "status": "ok",
  "project_path": "",
  "tracks": [
    {
      "track_id": "1002",
      "track_name": "Arranger",
      "track_type": "track",
      "is_audio_track": false,
      "is_audio": false,
     
ZmqGateway: received command payload: {"clip_id":"1013","cmd":"warm_waveform_bake","file_path":"D:\\Vit_DAW\\test_target_3s.wav","track_id":"1007"}
ZmqGateway: dispatching payload to JUCE message thread.
VitHeadlessService: processing queued command on JUCE message thread: {"clip_id":"1013","cmd":"warm_waveform_bake","file_path":"D:\\Vit_DAW\\test_target_3s.wav","track_id":"1007"}
Command received: {"clip_id":"1013","cmd":"warm_waveform_bake","file_path":"D:\\Vit_DAW\\test_target_3s.wav","track_id":"1007"}
Command executed: warm_waveform_bake, result: {
  "status": "ok",
  "cmd": "warm_waveform_bake",
  "track_id": "1007",
  "clip_id": "1013",
  "file_path": "D:\\Vit_DAW\\test_target_3s.wav",
  "message": "Waveform bake started (no new clip inserted)"
}
VitHeadlessService: command reply (truncated): {
  "status": "ok",
  "cmd": "warm_waveform_bake",
  "track_id": "1007",
  "clip_id": "1013",
  "file_path": "D:\\Vit_DAW\\test_target_3s.wav",
  "message": "Waveform bake started (no new clip inserted)"
}
ZmqGateway: received command payload: {"cmd":"list_tracks"}
ZmqGateway: dispatching payload to JUCE message thread.
VitHeadlessService: processing queued command on JUCE message thread: {"cmd":"list_tracks"}
Command received: {"cmd":"list_tracks"}
Command executed: list_tracks, result: {
  "status": "ok",
  "message": "Track list fetched",
  "tracks": [
    {
      "track_id": "1002",
      "name": "Arranger",
      "track_type": "track",
      "is_audio": false,
      "is_audio_track": false,
      "vit_type": "",
      "vit_intent": "",
      "plugin_count": 0,
      "plugins": []
    },
    {
      "track_id": "1003",
      "name": "Chord",
      "track_type": "track",
      "is_audio": false,
      "is_audio_track": false,
      "vit_type": "",
      "vit_intent": "",
      "plugin_count": 0,
      "plugins": []
    },
    {
      "track_id": "1004",
      "name": "Marker",
      "track_type": "track",
      "is_audio": false,
      "is_audio_track": false,
      "vit_type": "",
      "vit_intent": "",
      "plugin_count": 0,
      "plugins": []
    },
    {
      "track_id": "1005",
      "name": "Tempo",
      "track_type": "track",
      "is_audio": false,
      "is_audio_track": false,
      "vit_type": "",
      "vit_intent": "",
      "plugin_count": 0,
      "plugins": []
    },
    {
      "track_id": "1006",
      "name": "Master",
      "track_type": "master",
      "is_audio": false,
      "is_audio_track": false,
      "vit_type": "",
      "vit_intent": "",
      "plugin_count": 0,
      "plugins": []
    },
    {
      "track_id": "1007",
      "name": "Track 1",
      "track_type": "hybrid",
      "is_audio": true,
      "is_audio_track": true,
      "vit_type": "",
      "vit_intent": "",
      "plugin_count": 2,
      "plugins": [
        {
          "name": "Volume & Pan Plugin",
          "type": "volume",
          "enabled": true
        },
        {
          "name": "Level Meter",
          "type": "level",
          "enabled": true
        }
      ]
    }
  ]
}
VitHeadlessService: command reply (truncated): {
  "status": "ok",
  "message": "Track list fetched",
  "tracks": [
    {
      "track_id": "1002",
      "name": "Arranger",
      "track_type": "track",
      "is_audio": false,
      "is_audio_track": false,
ZmqGateway: received command payload: {"cmd":"get_recent_projects"}
ZmqGateway: dispatching payload to JUCE message thread.
VitHeadlessService: processing queued command on JUCE message thread: {"cmd":"get_recent_projects"}
Command received: {"cmd":"get_recent_projects"}
Command executed: get_recent_projects, result: {
  "status": "ok",
  "recent_projects": [
    "D:\\Godot\\project\\vit-daw-frontend\\4.4.3.vit",
    "D:\\Godot\\project\\vit-daw-frontend\\4.4.2.vit",
    "D:\\Godot\\project\\vit-daw-frontend\\4.4.1.vit",
    "D:\\Godot\\project\\vit-daw-frontend\\4.4.vit",
    "D:\\4.1.tracktionedit"
  ]
}
VitHeadlessService: command reply (truncated): {
  "status": "ok",
  "recent_projects": [
    "D:\\Godot\\project\\vit-daw-frontend\\4.4.3.vit",
    "D:\\Godot\\project\\vit-daw-frontend\\4.4.2.vit",
    "D:\\Godot\\project\\vit-daw-frontend\\4.4.1.vit",
    "D
ZmqGateway: received command payload: {"cmd":"new_project"}
ZmqGateway: dispatching payload to JUCE message thread.
VitHeadlessService: processing queued command on JUCE message thread: {"cmd":"new_project"}
Command received: {"cmd":"new_project"}
VitEngineDevice: audio IO ready for playback graph: "扬声器 (USB AUDIO  CODEC)" 48000.00 Hz, block 480 samples
Command executed: new_project, result: {
  "status": "ok",
  "message": "Blank project created"
}
VitHeadlessService: command reply (truncated): {
  "status": "ok",
  "message": "Blank project created"
}
ZmqGateway: received command payload: {"cmd":"ping"}
ZmqGateway: dispatching payload to JUCE message thread.
VitHeadlessService: processing queued command on JUCE message thread: {"cmd":"ping"}
Command received: {"cmd":"ping"}
CommandDispatcher: handled ping command.
Command executed: ping, result: {
  "status": "ok",
  "message": "pong"
}
VitHeadlessService: command reply (truncated): {
  "status": "ok",
  "message": "pong"
}
ZmqGateway: received command payload: {"cmd":"get_project_state"}
ZmqGateway: dispatching payload to JUCE message thread.
VitHeadlessService: processing queued command on JUCE message thread: {"cmd":"get_project_state"}
Command received: {"cmd":"get_project_state"}
Command executed: get_project_state, result: {
  "status": "ok",
  "project_path": "",
  "tracks": [
    {
      "track_id": "1002",
      "track_name": "Arranger",
      "track_type": "track",
      "is_audio_track": false,
      "is_audio": false,
      "plugins": [],
      "clips": []
    },
    {
      "track_id": "1003",
      "track_name": "Chord",
      "track_type": "track",
      "is_audio_track": false,
      "is_audio": false,
      "plugins": [],
      "clips": []
    },
    {
      "track_id": "1004",
      "track_name": "Marker",
      "track_type": "track",
      "is_audio_track": false,
      "is_audio": false,
      "plugins": [],
      "clips": []
    },
    {
      "track_id": "1005",
      "track_name": "Tempo",
      "track_type": "track",
      "is_audio_track": false,
      "is_audio": false,
      "plugins": [],
      "clips": []
    },
    {
      "track_id": "1006",
      "track_name": "Master",
      "track_type": "master",
      "is_audio_track": false,
      "is_audio": false,
      "plugins": [],
      "clips": []
    }
  ]
}
VitHeadlessService: command reply (truncated): {
  "status": "ok",
  "project_path": "",
  "tracks": [
    {
      "track_id": "1002",
      "track_name": "Arranger",
      "track_type": "track",
      "is_audio_track": false,
      "is_audio": false,
     
ZmqGateway: received command payload: {"cmd":"list_tracks"}
ZmqGateway: dispatching payload to JUCE message thread.
VitHeadlessService: processing queued command on JUCE message thread: {"cmd":"list_tracks"}
Command received: {"cmd":"list_tracks"}
Command executed: list_tracks, result: {
  "status": "ok",
  "message": "Track list fetched",
  "tracks": [
    {
      "track_id": "1002",
      "name": "Arranger",
      "track_type": "track",
      "is_audio": false,
      "is_audio_track": false,
      "vit_type": "",
      "vit_intent": "",
      "plugin_count": 0,
      "plugins": []
    },
    {
      "track_id": "1003",
      "name": "Chord",
      "track_type": "track",
      "is_audio": false,
      "is_audio_track": false,
      "vit_type": "",
      "vit_intent": "",
      "plugin_count": 0,
      "plugins": []
    },
    {
      "track_id": "1004",
      "name": "Marker",
      "track_type": "track",
      "is_audio": false,
      "is_audio_track": false,
      "vit_type": "",
      "vit_intent": "",
      "plugin_count": 0,
      "plugins": []
    },
    {
      "track_id": "1005",
      "name": "Tempo",
      "track_type": "track",
      "is_audio": false,
      "is_audio_track": false,
      "vit_type": "",
      "vit_intent": "",
      "plugin_count": 0,
      "plugins": []
    },
    {
      "track_id": "1006",
      "name": "Master",
      "track_type": "master",
      "is_audio": false,
      "is_audio_track": false,
      "vit_type": "",
      "vit_intent": "",
      "plugin_count": 0,
      "plugins": []
    }
  ]
}
VitHeadlessService: command reply (truncated): {
  "status": "ok",
  "message": "Track list fetched",
  "tracks": [
    {
      "track_id": "1002",
      "name": "Arranger",
      "track_type": "track",
      "is_audio": false,
      "is_audio_track": false,
ZmqGateway: received command payload: {"cmd":"list_tracks"}
ZmqGateway: dispatching payload to JUCE message thread.
VitHeadlessService: processing queued command on JUCE message thread: {"cmd":"list_tracks"}
Command received: {"cmd":"list_tracks"}
Command executed: list_tracks, result: {
  "status": "ok",
  "message": "Track list fetched",
  "tracks": [
    {
      "track_id": "1002",
      "name": "Arranger",
      "track_type": "track",
      "is_audio": false,
      "is_audio_track": false,
      "vit_type": "",
      "vit_intent": "",
      "plugin_count": 0,
      "plugins": []
    },
    {
      "track_id": "1003",
      "name": "Chord",
      "track_type": "track",
      "is_audio": false,
      "is_audio_track": false,
      "vit_type": "",
      "vit_intent": "",
      "plugin_count": 0,
      "plugins": []
    },
    {
      "track_id": "1004",
      "name": "Marker",
      "track_type": "track",
      "is_audio": false,
      "is_audio_track": false,
      "vit_type": "",
      "vit_intent": "",
      "plugin_count": 0,
      "plugins": []
    },
    {
      "track_id": "1005",
      "name": "Tempo",
      "track_type": "track",
      "is_audio": false,
      "is_audio_track": false,
      "vit_type": "",
      "vit_intent": "",
      "plugin_count": 0,
      "plugins": []
    },
    {
      "track_id": "1006",
      "name": "Master",
      "track_type": "master",
      "is_audio": false,
      "is_audio_track": false,
      "vit_type": "",
      "vit_intent": "",
      "plugin_count": 0,
      "plugins": []
    }
  ]
}
VitHeadlessService: command reply (truncated): {
  "status": "ok",
  "message": "Track list fetched",
  "tracks": [
    {
      "track_id": "1002",
      "name": "Arranger",
      "track_type": "track",
      "is_audio": false,
      "is_audio_track": false,
ZmqGateway: received command payload: {"cmd":"add_track","type":"hybrid"}
ZmqGateway: dispatching payload to JUCE message thread.
VitHeadlessService: processing queued command on JUCE message thread: {"cmd":"add_track","type":"hybrid"}
Command received: {"cmd":"add_track","type":"hybrid"}
VitHeadlessService: project saved to D:\Vit_DAW\VitApp\Workspace\default_project.xml
Command executed: add_track, result: {
  "status": "ok",
  "message": "Track added",
  "track_id": "1007",
  "track_name": "Track 1"
}
VitHeadlessService: command reply (truncated): {
  "status": "ok",
  "message": "Track added",
  "track_id": "1007",
  "track_name": "Track 1"
}
ZmqGateway: received command payload: {"cmd":"list_tracks"}
ZmqGateway: dispatching payload to JUCE message thread.
VitHeadlessService: processing queued command on JUCE message thread: {"cmd":"list_tracks"}
Command received: {"cmd":"list_tracks"}
Command executed: list_tracks, result: {
  "status": "ok",
  "message": "Track list fetched",
  "tracks": [
    {
      "track_id": "1002",
      "name": "Arranger",
      "track_type": "track",
      "is_audio": false,
      "is_audio_track": false,
      "vit_type": "",
      "vit_intent": "",
      "plugin_count": 0,
      "plugins": []
    },
    {
      "track_id": "1003",
      "name": "Chord",
      "track_type": "track",
      "is_audio": false,
      "is_audio_track": false,
      "vit_type": "",
      "vit_intent": "",
      "plugin_count": 0,
      "plugins": []
    },
    {
      "track_id": "1004",
      "name": "Marker",
      "track_type": "track",
      "is_audio": false,
      "is_audio_track": false,
      "vit_type": "",
      "vit_intent": "",
      "plugin_count": 0,
      "plugins": []
    },
    {
      "track_id": "1005",
      "name": "Tempo",
      "track_type": "track",
      "is_audio": false,
      "is_audio_track": false,
      "vit_type": "",
      "vit_intent": "",
      "plugin_count": 0,
      "plugins": []
    },
    {
      "track_id": "1006",
      "name": "Master",
      "track_type": "master",
      "is_audio": false,
      "is_audio_track": false,
      "vit_type": "",
      "vit_intent": "",
      "plugin_count": 0,
      "plugins": []
    },
    {
      "track_id": "1007",
      "name": "Track 1",
      "track_type": "hybrid",
      "is_audio": true,
      "is_audio_track": true,
      "vit_type": "",
      "vit_intent": "",
      "plugin_count": 2,
      "plugins": [
        {
          "name": "Volume & Pan Plugin",
          "type": "volume",
          "enabled": true
        },
        {
          "name": "Level Meter",
          "type": "level",
          "enabled": true
        }
      ]
    }
  ]
}
VitHeadlessService: command reply (truncated): {
  "status": "ok",
  "message": "Track list fetched",
  "tracks": [
    {
      "track_id": "1002",
      "name": "Arranger",
      "track_type": "track",
      "is_audio": false,
      "is_audio_track": false,
ZmqGateway: received command payload: {"cmd":"get_project_state"}
ZmqGateway: dispatching payload to JUCE message thread.
VitHeadlessService: processing queued command on JUCE message thread: {"cmd":"get_project_state"}
Command received: {"cmd":"get_project_state"}
Command executed: get_project_state, result: {
  "status": "ok",
  "project_path": "",
  "tracks": [
    {
      "track_id": "1002",
      "track_name": "Arranger",
      "track_type": "track",
      "is_audio_track": false,
      "is_audio": false,
      "plugins": [],
      "clips": []
    },
    {
      "track_id": "1003",
      "track_name": "Chord",
      "track_type": "track",
      "is_audio_track": false,
      "is_audio": false,
      "plugins": [],
      "clips": []
    },
    {
      "track_id": "1004",
      "track_name": "Marker",
      "track_type": "track",
      "is_audio_track": false,
      "is_audio": false,
      "plugins": [],
      "clips": []
    },
    {
      "track_id": "1005",
      "track_name": "Tempo",
      "track_type": "track",
      "is_audio_track": false,
      "is_audio": false,
      "plugins": [],
      "clips": []
    },
    {
      "track_id": "1006",
      "track_name": "Master",
      "track_type": "master",
      "is_audio_track": false,
      "is_audio": false,
      "plugins": [],
      "clips": []
    },
    {
      "track_id": "1007",
      "track_name": "Track 1",
      "track_type": "hybrid",
      "is_audio_track": true,
      "is_audio": true,
      "plugins": [
        {
          "id": "1008",
          "item_id": "1008",
          "name": "Volume & Pan Plugin",
          "type": "volume",
          "enabled": true
        },
        {
          "id": "1009",
          "item_id": "1009",
          "name": "Level Meter",
          "type": "level",
          "enabled": true
        }
      ],
      "clips": [],
      "output_to_device_resolved": true,
      "output_device_enabled": true,
      "output_device_id": "out_b7a4b4c1",
      "output_routing_name": "(default audio output)"
    }
  ]
}
VitHeadlessService: command reply (truncated): {
  "status": "ok",
  "project_path": "",
  "tracks": [
    {
      "track_id": "1002",
      "track_name": "Arranger",
      "track_type": "track",
      "is_audio_track": false,
      "is_audio": false,
     
ZmqGateway: received command payload: {"cmd":"list_tracks"}
ZmqGateway: dispatching payload to JUCE message thread.
VitHeadlessService: processing queued command on JUCE message thread: {"cmd":"list_tracks"}
Command received: {"cmd":"list_tracks"}
Command executed: list_tracks, result: {
  "status": "ok",
  "message": "Track list fetched",
  "tracks": [
    {
      "track_id": "1002",
      "name": "Arranger",
      "track_type": "track",
      "is_audio": false,
      "is_audio_track": false,
      "vit_type": "",
      "vit_intent": "",
      "plugin_count": 0,
      "plugins": []
    },
    {
      "track_id": "1003",
      "name": "Chord",
      "track_type": "track",
      "is_audio": false,
      "is_audio_track": false,
      "vit_type": "",
      "vit_intent": "",
      "plugin_count": 0,
      "plugins": []
    },
    {
      "track_id": "1004",
      "name": "Marker",
      "track_type": "track",
      "is_audio": false,
      "is_audio_track": false,
      "vit_type": "",
      "vit_intent": "",
      "plugin_count": 0,
      "plugins": []
    },
    {
      "track_id": "1005",
      "name": "Tempo",
      "track_type": "track",
      "is_audio": false,
      "is_audio_track": false,
      "vit_type": "",
      "vit_intent": "",
      "plugin_count": 0,
      "plugins": []
    },
    {
      "track_id": "1006",
      "name": "Master",
      "track_type": "master",
      "is_audio": false,
      "is_audio_track": false,
      "vit_type": "",
      "vit_intent": "",
      "plugin_count": 0,
      "plugins": []
    },
    {
      "track_id": "1007",
      "name": "Track 1",
      "track_type": "hybrid",
      "is_audio": true,
      "is_audio_track": true,
      "vit_type": "",
      "vit_intent": "",
      "plugin_count": 2,
      "plugins": [
        {
          "name": "Volume & Pan Plugin",
          "type": "volume",
          "enabled": true
        },
        {
          "name": "Level Meter",
          "type": "level",
          "enabled": true
        }
      ]
    }
  ]
}
VitHeadlessService: command reply (truncated): {
  "status": "ok",
  "message": "Track list fetched",
  "tracks": [
    {
      "track_id": "1002",
      "name": "Arranger",
      "track_type": "track",
      "is_audio": false,
      "is_audio_track": false,
ZmqGateway: received command payload: {"action":"import_media_to_track","file_path":"D:/Vit_DAW/test_target_3s.wav","media_type":"audio","start_time":0.0596885681152344,"track_id":"1007"}
ZmqGateway: dispatching payload to JUCE message thread.
VitHeadlessService: processing queued command on JUCE message thread: {"action":"import_media_to_track","file_path":"D:/Vit_DAW/test_target_3s.wav","media_type":"audio","start_time":0.0596885681152344,"track_id":"1007"}
Command received: {"action":"import_media_to_track","file_path":"D:/Vit_DAW/test_target_3s.wav","media_type":"audio","start_time":0.0596885681152344,"track_id":"1007"}
VitHeadlessService: project saved to D:\Vit_DAW\VitApp\Workspace\default_project.xml
CommandDispatcher::handleImportMediaToTrack: clipId="1011" clip="test_target_3s" trackId="1007" source="D:\Vit_DAW\test_target_3s.wav" lengthSec=3.000 isPlaying=false isRecording=false playContextActive=true positionSeconds=0.000 editLengthSeconds=3.060
Command executed: import_media_to_track, result: {
  "status": "success",
  "action": "import_media_to_track",
  "clip_id": "1011",
  "track_id": "1007",
  "start_time": 0.059688568115234,
  "resolved_start_time": 0.059688568115234,
  "length": 3.0,
  "applied_mode": "destructive",
  "clip_name": "test_target_3s",
  "file_path": "D:\\Vit_DAW\\test_target_3s.wav",
  "edit_length_seconds": 3.059688568115234,
  "baking_status": "baking_started"
}
VitHeadlessService: command reply (truncated): {
  "status": "success",
  "action": "import_media_to_track",
  "clip_id": "1011",
  "track_id": "1007",
  "start_time": 0.059688568115234,
  "resolved_start_time": 0.059688568115234,
  "length": 3.0,
  "applied_
ZmqGateway: received command payload: {"cmd":"get_project_state"}
ZmqGateway: dispatching payload to JUCE message thread.
VitHeadlessService: processing queued command on JUCE message thread: {"cmd":"get_project_state"}
Command received: {"cmd":"get_project_state"}
Command executed: get_project_state, result: {
  "status": "ok",
  "project_path": "",
  "tracks": [
    {
      "track_id": "1002",
      "track_name": "Arranger",
      "track_type": "track",
      "is_audio_track": false,
      "is_audio": false,
      "plugins": [],
      "clips": []
    },
    {
      "track_id": "1003",
      "track_name": "Chord",
      "track_type": "track",
      "is_audio_track": false,
      "is_audio": false,
      "plugins": [],
      "clips": []
    },
    {
      "track_id": "1004",
      "track_name": "Marker",
      "track_type": "track",
      "is_audio_track": false,
      "is_audio": false,
      "plugins": [],
      "clips": []
    },
    {
      "track_id": "1005",
      "track_name": "Tempo",
      "track_type": "track",
      "is_audio_track": false,
      "is_audio": false,
      "plugins": [],
      "clips": []
    },
    {
      "track_id": "1006",
      "track_name": "Master",
      "track_type": "master",
      "is_audio_track": false,
      "is_audio": false,
      "plugins": [],
      "clips": []
    },
    {
      "track_id": "1007",
      "track_name": "Track 1",
      "track_type": "hybrid",
      "is_audio_track": true,
      "is_audio": true,
      "plugins": [
        {
          "id": "1008",
          "item_id": "1008",
          "name": "Volume & Pan Plugin",
          "type": "volume",
          "enabled": true
        },
        {
          "id": "1009",
          "item_id": "1009",
          "name": "Level Meter",
          "type": "level",
          "enabled": true
        }
      ],
      "clips": [
        {
          "id": "1011",
          "name": "test_target_3s",
          "clip_type": "wave",
          "start_seconds": 0.059688568115234,
          "end_seconds": 3.059688568115234,
          "length_seconds": 3.0,
          "file_path": "D:\\Vit_DAW\\test_target_3s.wav",
          "current_source_path": "D:\\Vit_DAW\\test_target_3s.wav",
          "playback_source_valid": true
        }
      ],
      "output_to_device_resolved": true,
      "output_device_enabled": true,
      "output_device_id": "out_b7a4b4c1",
      "output_routing_name": "(default audio output)"
    }
  ]
}
VitHeadlessService: command reply (truncated): {
  "status": "ok",
  "project_path": "",
  "tracks": [
    {
      "track_id": "1002",
      "track_name": "Arranger",
      "track_type": "track",
      "is_audio_track": false,
      "is_audio": false,
     
ZmqGateway: received command payload: {"cmd":"list_tracks"}
ZmqGateway: dispatching payload to JUCE message thread.
VitHeadlessService: processing queued command on JUCE message thread: {"cmd":"list_tracks"}
Command received: {"cmd":"list_tracks"}
Command executed: list_tracks, result: {
  "status": "ok",
  "message": "Track list fetched",
  "tracks": [
    {
      "track_id": "1002",
      "name": "Arranger",
      "track_type": "track",
      "is_audio": false,
      "is_audio_track": false,
      "vit_type": "",
      "vit_intent": "",
      "plugin_count": 0,
      "plugins": []
    },
    {
      "track_id": "1003",
      "name": "Chord",
      "track_type": "track",
      "is_audio": false,
      "is_audio_track": false,
      "vit_type": "",
      "vit_intent": "",
      "plugin_count": 0,
      "plugins": []
    },
    {
      "track_id": "1004",
      "name": "Marker",
      "track_type": "track",
      "is_audio": false,
      "is_audio_track": false,
      "vit_type": "",
      "vit_intent": "",
      "plugin_count": 0,
      "plugins": []
    },
    {
      "track_id": "1005",
      "name": "Tempo",
      "track_type": "track",
      "is_audio": false,
      "is_audio_track": false,
      "vit_type": "",
      "vit_intent": "",
      "plugin_count": 0,
      "plugins": []
    },
    {
      "track_id": "1006",
      "name": "Master",
      "track_type": "master",
      "is_audio": false,
      "is_audio_track": false,
      "vit_type": "",
      "vit_intent": "",
      "plugin_count": 0,
      "plugins": []
    },
    {
      "track_id": "1007",
      "name": "Track 1",
      "track_type": "hybrid",
      "is_audio": true,
      "is_audio_track": true,
      "vit_type": "",
      "vit_intent": "",
      "plugin_count": 2,
      "plugins": [
        {
          "name": "Volume & Pan Plugin",
          "type": "volume",
          "enabled": true
        },
        {
          "name": "Level Meter",
          "type": "level",
          "enabled": true
        }
      ]
    }
  ]
}
VitHeadlessService: command reply (truncated): {
  "status": "ok",
  "message": "Track list fetched",
  "tracks": [
    {
      "track_id": "1002",
      "name": "Arranger",
      "track_type": "track",
      "is_audio": false,
      "is_audio_track": false,
ZmqGateway: received command payload: {"action":"import_media_to_track","file_path":"D:/Vit_DAW/test_100hz_10s.wav","media_type":"audio","start_time":11.1343212127686,"track_id":"1007"}
ZmqGateway: dispatching payload to JUCE message thread.
VitHeadlessService: processing queued command on JUCE message thread: {"action":"import_media_to_track","file_path":"D:/Vit_DAW/test_100hz_10s.wav","media_type":"audio","start_time":11.1343212127686,"track_id":"1007"}
Command received: {"action":"import_media_to_track","file_path":"D:/Vit_DAW/test_100hz_10s.wav","media_type":"audio","start_time":11.1343212127686,"track_id":"1007"}
VitHeadlessService: project saved to D:\Vit_DAW\VitApp\Workspace\default_project.xml
CommandDispatcher::handleImportMediaToTrack: clipId="1013" clip="test_100hz_10s" trackId="1007" source="D:\Vit_DAW\test_100hz_10s.wav" lengthSec=10.000 isPlaying=false isRecording=false playContextActive=true positionSeconds=0.000 editLengthSeconds=21.134
Command executed: import_media_to_track, result: {
  "status": "success",
  "action": "import_media_to_track",
  "clip_id": "1013",
  "track_id": "1007",
  "start_time": 11.134321212768601,
  "resolved_start_time": 11.134321212768601,
  "length": 10.0,
  "applied_mode": "destructive",
  "clip_name": "test_100hz_10s",
  "file_path": "D:\\Vit_DAW\\test_100hz_10s.wav",
  "edit_length_seconds": 21.134321212768601,
  "baking_status": "baking_started"
}
VitHeadlessService: command reply (truncated): {
  "status": "success",
  "action": "import_media_to_track",
  "clip_id": "1013",
  "track_id": "1007",
  "start_time": 11.134321212768601,
  "resolved_start_time": 11.134321212768601,
  "length": 10.0,
  "appli
ZmqGateway: received command payload: {"cmd":"get_project_state"}
ZmqGateway: dispatching payload to JUCE message thread.
VitHeadlessService: processing queued command on JUCE message thread: {"cmd":"get_project_state"}
Command received: {"cmd":"get_project_state"}
Command executed: get_project_state, result: {
  "status": "ok",
  "project_path": "",
  "tracks": [
    {
      "track_id": "1002",
      "track_name": "Arranger",
      "track_type": "track",
      "is_audio_track": false,
      "is_audio": false,
      "plugins": [],
      "clips": []
    },
    {
      "track_id": "1003",
      "track_name": "Chord",
      "track_type": "track",
      "is_audio_track": false,
      "is_audio": false,
      "plugins": [],
      "clips": []
    },
    {
      "track_id": "1004",
      "track_name": "Marker",
      "track_type": "track",
      "is_audio_track": false,
      "is_audio": false,
      "plugins": [],
      "clips": []
    },
    {
      "track_id": "1005",
      "track_name": "Tempo",
      "track_type": "track",
      "is_audio_track": false,
      "is_audio": false,
      "plugins": [],
      "clips": []
    },
    {
      "track_id": "1006",
      "track_name": "Master",
      "track_type": "master",
      "is_audio_track": false,
      "is_audio": false,
      "plugins": [],
      "clips": []
    },
    {
      "track_id": "1007",
      "track_name": "Track 1",
      "track_type": "hybrid",
      "is_audio_track": true,
      "is_audio": true,
      "plugins": [
        {
          "id": "1008",
          "item_id": "1008",
          "name": "Volume & Pan Plugin",
          "type": "volume",
          "enabled": true
        },
        {
          "id": "1009",
          "item_id": "1009",
          "name": "Level Meter",
          "type": "level",
          "enabled": true
        }
      ],
      "clips": [
        {
          "id": "1011",
          "name": "test_target_3s",
          "clip_type": "wave",
          "start_seconds": 0.059688568115234,
          "end_seconds": 3.059688568115234,
          "length_seconds": 3.0,
          "file_path": "D:\\Vit_DAW\\test_target_3s.wav",
          "current_source_path": "D:\\Vit_DAW\\test_target_3s.wav",
          "playback_source_valid": true
        },
        {
          "id": "1013",
          "name": "test_100hz_10s",
          "clip_type": "wave",
          "start_seconds": 11.134321212768601,
          "end_seconds": 21.134321212768601,
          "length_seconds": 10.0,
          "file_path": "D:\\Vit_DAW\\test_100hz_10s.wav",
          "current_source_path": "D:\\Vit_DAW\\test_100hz_10s.wav",
          "playback_source_valid": true
        }
      ],
      "output_to_device_resolved": true,
      "output_device_enabled": true,
      "output_device_id": "out_b7a4b4c1",
      "output_routing_name": "(default audio output)"
    }
  ]
}
VitHeadlessService: command reply (truncated): {
  "status": "ok",
  "project_path": "",
  "tracks": [
    {
      "track_id": "1002",
      "track_name": "Arranger",
      "track_type": "track",
      "is_audio_track": false,
      "is_audio": false,
     
ZmqGateway: received command payload: {"cmd":"list_tracks"}
ZmqGateway: dispatching payload to JUCE message thread.
VitHeadlessService: processing queued command on JUCE message thread: {"cmd":"list_tracks"}
Command received: {"cmd":"list_tracks"}
Command executed: list_tracks, result: {
  "status": "ok",
  "message": "Track list fetched",
  "tracks": [
    {
      "track_id": "1002",
      "name": "Arranger",
      "track_type": "track",
      "is_audio": false,
      "is_audio_track": false,
      "vit_type": "",
      "vit_intent": "",
      "plugin_count": 0,
      "plugins": []
    },
    {
      "track_id": "1003",
      "name": "Chord",
      "track_type": "track",
      "is_audio": false,
      "is_audio_track": false,
      "vit_type": "",
      "vit_intent": "",
      "plugin_count": 0,
      "plugins": []
    },
    {
      "track_id": "1004",
      "name": "Marker",
      "track_type": "track",
      "is_audio": false,
      "is_audio_track": false,
      "vit_type": "",
      "vit_intent": "",
      "plugin_count": 0,
      "plugins": []
    },
    {
      "track_id": "1005",
      "name": "Tempo",
      "track_type": "track",
      "is_audio": false,
      "is_audio_track": false,
      "vit_type": "",
      "vit_intent": "",
      "plugin_count": 0,
      "plugins": []
    },
    {
      "track_id": "1006",
      "name": "Master",
      "track_type": "master",
      "is_audio": false,
      "is_audio_track": false,
      "vit_type": "",
      "vit_intent": "",
      "plugin_count": 0,
      "plugins": []
    },
    {
      "track_id": "1007",
      "name": "Track 1",
      "track_type": "hybrid",
      "is_audio": true,
      "is_audio_track": true,
      "vit_type": "",
      "vit_intent": "",
      "plugin_count": 2,
      "plugins": [
        {
          "name": "Volume & Pan Plugin",
          "type": "volume",
          "enabled": true
        },
        {
          "name": "Level Meter",
          "type": "level",
          "enabled": true
        }
      ]
    }
  ]
}
VitHeadlessService: command reply (truncated): {
  "status": "ok",
  "message": "Track list fetched",
  "tracks": [
    {
      "track_id": "1002",
      "name": "Arranger",
      "track_type": "track",
      "is_audio": false,
      "is_audio_track": false,
ZmqGateway: received command payload: {"cmd":"undo"}
ZmqGateway: dispatching payload to JUCE message thread.
VitHeadlessService: processing queued command on JUCE message thread: {"cmd":"undo"}
Command received: {"cmd":"undo"}
Command executed: undo, result: {
  "status": "ok",
  "message": "Undo executed"
}
VitHeadlessService: command reply (truncated): {
  "status": "ok",
  "message": "Undo executed"
}
ZmqGateway: received command payload: {"cmd":"get_project_state"}
ZmqGateway: dispatching payload to JUCE message thread.
VitHeadlessService: processing queued command on JUCE message thread: {"cmd":"get_project_state"}
Command received: {"cmd":"get_project_state"}
Command executed: get_project_state, result: {
  "status": "ok",
  "project_path": "",
  "tracks": [
    {
      "track_id": "1002",
      "track_name": "Arranger",
      "track_type": "track",
      "is_audio_track": false,
      "is_audio": false,
      "plugins": [],
      "clips": []
    },
    {
      "track_id": "1003",
      "track_name": "Chord",
      "track_type": "track",
      "is_audio_track": false,
      "is_audio": false,
      "plugins": [],
      "clips": []
    },
    {
      "track_id": "1004",
      "track_name": "Marker",
      "track_type": "track",
      "is_audio_track": false,
      "is_audio": false,
      "plugins": [],
      "clips": []
    },
    {
      "track_id": "1005",
      "track_name": "Tempo",
      "track_type": "track",
      "is_audio_track": false,
      "is_audio": false,
      "plugins": [],
      "clips": []
    },
    {
      "track_id": "1006",
      "track_name": "Master",
      "track_type": "master",
      "is_audio_track": false,
      "is_audio": false,
      "plugins": [],
      "clips": []
    },
    {
      "track_id": "1007",
      "track_name": "Track 1",
      "track_type": "hybrid",
      "is_audio_track": true,
      "is_audio": true,
      "plugins": [
        {
          "id": "1008",
          "item_id": "1008",
          "name": "Volume & Pan Plugin",
          "type": "volume",
          "enabled": true
        },
        {
          "id": "1009",
          "item_id": "1009",
          "name": "Level Meter",
          "type": "level",
          "enabled": true
        }
      ],
      "clips": [
        {
          "id": "1011",
          "name": "test_target_3s",
          "clip_type": "wave",
          "start_seconds": 0.059688568115234,
          "end_seconds": 3.059688568115234,
          "length_seconds": 3.0,
          "file_path": "D:\\Vit_DAW\\test_target_3s.wav",
          "current_source_path": "D:\\Vit_DAW\\test_target_3s.wav",
          "playback_source_valid": true
        }
      ],
      "output_to_device_resolved": true,
      "output_device_enabled": true,
      "output_device_id": "out_b7a4b4c1",
      "output_routing_name": "(default audio output)"
    }
  ]
}
VitHeadlessService: command reply (truncated): {
  "status": "ok",
  "project_path": "",
  "tracks": [
    {
      "track_id": "1002",
      "track_name": "Arranger",
      "track_type": "track",
      "is_audio_track": false,
      "is_audio": false,
     
ZmqGateway: received command payload: {"cmd":"list_tracks"}
ZmqGateway: dispatching payload to JUCE message thread.
VitHeadlessService: processing queued command on JUCE message thread: {"cmd":"list_tracks"}
Command received: {"cmd":"list_tracks"}
Command executed: list_tracks, result: {
  "status": "ok",
  "message": "Track list fetched",
  "tracks": [
    {
      "track_id": "1002",
      "name": "Arranger",
      "track_type": "track",
      "is_audio": false,
      "is_audio_track": false,
      "vit_type": "",
      "vit_intent": "",
      "plugin_count": 0,
      "plugins": []
    },
    {
      "track_id": "1003",
      "name": "Chord",
      "track_type": "track",
      "is_audio": false,
      "is_audio_track": false,
      "vit_type": "",
      "vit_intent": "",
      "plugin_count": 0,
      "plugins": []
    },
    {
      "track_id": "1004",
      "name": "Marker",
      "track_type": "track",
      "is_audio": false,
      "is_audio_track": false,
      "vit_type": "",
      "vit_intent": "",
      "plugin_count": 0,
      "plugins": []
    },
    {
      "track_id": "1005",
      "name": "Tempo",
      "track_type": "track",
      "is_audio": false,
      "is_audio_track": false,
      "vit_type": "",
      "vit_intent": "",
      "plugin_count": 0,
      "plugins": []
    },
    {
      "track_id": "1006",
      "name": "Master",
      "track_type": "master",
      "is_audio": false,
      "is_audio_track": false,
      "vit_type": "",
      "vit_intent": "",
      "plugin_count": 0,
      "plugins": []
    },
    {
      "track_id": "1007",
      "name": "Track 1",
      "track_type": "hybrid",
      "is_audio": true,
      "is_audio_track": true,
      "vit_type": "",
      "vit_intent": "",
      "plugin_count": 2,
      "plugins": [
        {
          "name": "Volume & Pan Plugin",
          "type": "volume",
          "enabled": true
        },
        {
          "name": "Level Meter",
          "type": "level",
          "enabled": true
        }
      ]
    }
  ]
}
VitHeadlessService: command reply (truncated): {
  "status": "ok",
  "message": "Track list fetched",
  "tracks": [
    {
      "track_id": "1002",
      "name": "Arranger",
      "track_type": "track",
      "is_audio": false,
      "is_audio_track": false,
ZmqGateway: received command payload: {"cmd":"redo"}
ZmqGateway: dispatching payload to JUCE message thread.
VitHeadlessService: processing queued command on JUCE message thread: {"cmd":"redo"}
Command received: {"cmd":"redo"}
Command executed: redo, result: {
  "status": "ok",
  "message": "Redo executed"
}
VitHeadlessService: command reply (truncated): {
  "status": "ok",
  "message": "Redo executed"
}
ZmqGateway: received command payload: {"cmd":"get_project_state"}
ZmqGateway: dispatching payload to JUCE message thread.
VitHeadlessService: processing queued command on JUCE message thread: {"cmd":"get_project_state"}
Command received: {"cmd":"get_project_state"}
Command executed: get_project_state, result: {
  "status": "ok",
  "project_path": "",
  "tracks": [
    {
      "track_id": "1002",
      "track_name": "Arranger",
      "track_type": "track",
      "is_audio_track": false,
      "is_audio": false,
      "plugins": [],
      "clips": []
    },
    {
      "track_id": "1003",
      "track_name": "Chord",
      "track_type": "track",
      "is_audio_track": false,
      "is_audio": false,
      "plugins": [],
      "clips": []
    },
    {
      "track_id": "1004",
      "track_name": "Marker",
      "track_type": "track",
      "is_audio_track": false,
      "is_audio": false,
      "plugins": [],
      "clips": []
    },
    {
      "track_id": "1005",
      "track_name": "Tempo",
      "track_type": "track",
      "is_audio_track": false,
      "is_audio": false,
      "plugins": [],
      "clips": []
    },
    {
      "track_id": "1006",
      "track_name": "Master",
      "track_type": "master",
      "is_audio_track": false,
      "is_audio": false,
      "plugins": [],
      "clips": []
    },
    {
      "track_id": "1007",
      "track_name": "Track 1",
      "track_type": "hybrid",
      "is_audio_track": true,
      "is_audio": true,
      "plugins": [
        {
          "id": "1008",
          "item_id": "1008",
          "name": "Volume & Pan Plugin",
          "type": "volume",
          "enabled": true
        },
        {
          "id": "1009",
          "item_id": "1009",
          "name": "Level Meter",
          "type": "level",
          "enabled": true
        }
      ],
      "clips": [
        {
          "id": "1011",
          "name": "test_target_3s",
          "clip_type": "wave",
          "start_seconds": 0.059688568115234,
          "end_seconds": 3.059688568115234,
          "length_seconds": 3.0,
          "file_path": "D:\\Vit_DAW\\test_target_3s.wav",
          "current_source_path": "D:\\Vit_DAW\\test_target_3s.wav",
          "playback_source_valid": true
        },
        {
          "id": "1013",
          "name": "test_100hz_10s",
          "clip_type": "wave",
          "start_seconds": 11.134321212768601,
          "end_seconds": 21.134321212768601,
          "length_seconds": 10.0,
          "file_path": "D:\\Vit_DAW\\test_100hz_10s.wav",
          "current_source_path": "D:\\Vit_DAW\\test_100hz_10s.wav",
          "playback_source_valid": true
        }
      ],
      "output_to_device_resolved": true,
      "output_device_enabled": true,
      "output_device_id": "out_b7a4b4c1",
      "output_routing_name": "(default audio output)"
    }
  ]
}
VitHeadlessService: command reply (truncated): {
  "status": "ok",
  "project_path": "",
  "tracks": [
    {
      "track_id": "1002",
      "track_name": "Arranger",
      "track_type": "track",
      "is_audio_track": false,
      "is_audio": false,
     
ZmqGateway: received command payload: {"clip_id":"1013","cmd":"warm_waveform_bake","file_path":"D:\\Vit_DAW\\test_100hz_10s.wav","track_id":"1007"}
ZmqGateway: dispatching payload to JUCE message thread.
VitHeadlessService: processing queued command on JUCE message thread: {"clip_id":"1013","cmd":"warm_waveform_bake","file_path":"D:\\Vit_DAW\\test_100hz_10s.wav","track_id":"1007"}
Command received: {"clip_id":"1013","cmd":"warm_waveform_bake","file_path":"D:\\Vit_DAW\\test_100hz_10s.wav","track_id":"1007"}
Command executed: warm_waveform_bake, result: {
  "status": "ok",
  "cmd": "warm_waveform_bake",
  "track_id": "1007",
  "clip_id": "1013",
  "file_path": "D:\\Vit_DAW\\test_100hz_10s.wav",
  "message": "Waveform bake started (no new clip inserted)"
}
VitHeadlessService: command reply (truncated): {
  "status": "ok",
  "cmd": "warm_waveform_bake",
  "track_id": "1007",
  "clip_id": "1013",
  "file_path": "D:\\Vit_DAW\\test_100hz_10s.wav",
  "message": "Waveform bake started (no new clip inserted)"
}
ZmqGateway: received command payload: {"cmd":"list_tracks"}
ZmqGateway: dispatching payload to JUCE message thread.
VitHeadlessService: processing queued command on JUCE message thread: {"cmd":"list_tracks"}
Command received: {"cmd":"list_tracks"}
Command executed: list_tracks, result: {
  "status": "ok",
  "message": "Track list fetched",
  "tracks": [
    {
      "track_id": "1002",
      "name": "Arranger",
      "track_type": "track",
      "is_audio": false,
      "is_audio_track": false,
      "vit_type": "",
      "vit_intent": "",
      "plugin_count": 0,
      "plugins": []
    },
    {
      "track_id": "1003",
      "name": "Chord",
      "track_type": "track",
      "is_audio": false,
      "is_audio_track": false,
      "vit_type": "",
      "vit_intent": "",
      "plugin_count": 0,
      "plugins": []
    },
    {
      "track_id": "1004",
      "name": "Marker",
      "track_type": "track",
      "is_audio": false,
      "is_audio_track": false,
      "vit_type": "",
      "vit_intent": "",
      "plugin_count": 0,
      "plugins": []
    },
    {
      "track_id": "1005",
      "name": "Tempo",
      "track_type": "track",
      "is_audio": false,
      "is_audio_track": false,
      "vit_type": "",
      "vit_intent": "",
      "plugin_count": 0,
      "plugins": []
    },
    {
      "track_id": "1006",
      "name": "Master",
      "track_type": "master",
      "is_audio": false,
      "is_audio_track": false,
      "vit_type": "",
      "vit_intent": "",
      "plugin_count": 0,
      "plugins": []
    },
    {
      "track_id": "1007",
      "name": "Track 1",
      "track_type": "hybrid",
      "is_audio": true,
      "is_audio_track": true,
      "vit_type": "",
      "vit_intent": "",
      "plugin_count": 2,
      "plugins": [
        {
          "name": "Volume & Pan Plugin",
          "type": "volume",
          "enabled": true
        },
        {
          "name": "Level Meter",
          "type": "level",
          "enabled": true
        }
      ]
    }
  ]
}
VitHeadlessService: command reply (truncated): {
  "status": "ok",
  "message": "Track list fetched",
  "tracks": [
    {
      "track_id": "1002",
      "name": "Arranger",
      "track_type": "track",
      "is_audio": false,
      "is_audio_track": false,
ZmqGateway: received command payload: {"cmd":"get_recent_projects"}
ZmqGateway: dispatching payload to JUCE message thread.
VitHeadlessService: processing queued command on JUCE message thread: {"cmd":"get_recent_projects"}
Command received: {"cmd":"get_recent_projects"}
Command executed: get_recent_projects, result: {
  "status": "ok",
  "recent_projects": [
    "D:\\Godot\\project\\vit-daw-frontend\\4.4.3.vit",
    "D:\\Godot\\project\\vit-daw-frontend\\4.4.2.vit",
    "D:\\Godot\\project\\vit-daw-frontend\\4.4.1.vit",
    "D:\\Godot\\project\\vit-daw-frontend\\4.4.vit",
    "D:\\4.1.tracktionedit"
  ]
}
VitHeadlessService: command reply (truncated): {
  "status": "ok",
  "recent_projects": [
    "D:\\Godot\\project\\vit-daw-frontend\\4.4.3.vit",
    "D:\\Godot\\project\\vit-daw-frontend\\4.4.2.vit",
    "D:\\Godot\\project\\vit-daw-frontend\\4.4.1.vit",
    "D
ZmqGateway: received command payload: {"cmd":"new_project"}
ZmqGateway: dispatching payload to JUCE message thread.
VitHeadlessService: processing queued command on JUCE message thread: {"cmd":"new_project"}
Command received: {"cmd":"new_project"}
VitEngineDevice: audio IO ready for playback graph: "扬声器 (USB AUDIO  CODEC)" 48000.00 Hz, block 480 samples
Command executed: new_project, result: {
  "status": "ok",
  "message": "Blank project created"
}
VitHeadlessService: command reply (truncated): {
  "status": "ok",
  "message": "Blank project created"
}
ZmqGateway: received command payload: {"cmd":"ping"}
ZmqGateway: dispatching payload to JUCE message thread.
VitHeadlessService: processing queued command on JUCE message thread: {"cmd":"ping"}
Command received: {"cmd":"ping"}
CommandDispatcher: handled ping command.
Command executed: ping, result: {
  "status": "ok",
  "message": "pong"
}
VitHeadlessService: command reply (truncated): {
  "status": "ok",
  "message": "pong"
}
ZmqGateway: received command payload: {"cmd":"get_project_state"}
ZmqGateway: dispatching payload to JUCE message thread.
VitHeadlessService: processing queued command on JUCE message thread: {"cmd":"get_project_state"}
Command received: {"cmd":"get_project_state"}
Command executed: get_project_state, result: {
  "status": "ok",
  "project_path": "",
  "tracks": [
    {
      "track_id": "1002",
      "track_name": "Arranger",
      "track_type": "track",
      "is_audio_track": false,
      "is_audio": false,
      "plugins": [],
      "clips": []
    },
    {
      "track_id": "1003",
      "track_name": "Chord",
      "track_type": "track",
      "is_audio_track": false,
      "is_audio": false,
      "plugins": [],
      "clips": []
    },
    {
      "track_id": "1004",
      "track_name": "Marker",
      "track_type": "track",
      "is_audio_track": false,
      "is_audio": false,
      "plugins": [],
      "clips": []
    },
    {
      "track_id": "1005",
      "track_name": "Tempo",
      "track_type": "track",
      "is_audio_track": false,
      "is_audio": false,
      "plugins": [],
      "clips": []
    },
    {
      "track_id": "1006",
      "track_name": "Master",
      "track_type": "master",
      "is_audio_track": false,
      "is_audio": false,
      "plugins": [],
      "clips": []
    }
  ]
}
VitHeadlessService: command reply (truncated): {
  "status": "ok",
  "project_path": "",
  "tracks": [
    {
      "track_id": "1002",
      "track_name": "Arranger",
      "track_type": "track",
      "is_audio_track": false,
      "is_audio": false,
     
ZmqGateway: received command payload: {"cmd":"list_tracks"}
ZmqGateway: dispatching payload to JUCE message thread.
VitHeadlessService: processing queued command on JUCE message thread: {"cmd":"list_tracks"}
Command received: {"cmd":"list_tracks"}
Command executed: list_tracks, result: {
  "status": "ok",
  "message": "Track list fetched",
  "tracks": [
    {
      "track_id": "1002",
      "name": "Arranger",
      "track_type": "track",
      "is_audio": false,
      "is_audio_track": false,
      "vit_type": "",
      "vit_intent": "",
      "plugin_count": 0,
      "plugins": []
    },
    {
      "track_id": "1003",
      "name": "Chord",
      "track_type": "track",
      "is_audio": false,
      "is_audio_track": false,
      "vit_type": "",
      "vit_intent": "",
      "plugin_count": 0,
      "plugins": []
    },
    {
      "track_id": "1004",
      "name": "Marker",
      "track_type": "track",
      "is_audio": false,
      "is_audio_track": false,
      "vit_type": "",
      "vit_intent": "",
      "plugin_count": 0,
      "plugins": []
    },
    {
      "track_id": "1005",
      "name": "Tempo",
      "track_type": "track",
      "is_audio": false,
      "is_audio_track": false,
      "vit_type": "",
      "vit_intent": "",
      "plugin_count": 0,
      "plugins": []
    },
    {
      "track_id": "1006",
      "name": "Master",
      "track_type": "master",
      "is_audio": false,
      "is_audio_track": false,
      "vit_type": "",
      "vit_intent": "",
      "plugin_count": 0,
      "plugins": []
    }
  ]
}
VitHeadlessService: command reply (truncated): {
  "status": "ok",
  "message": "Track list fetched",
  "tracks": [
    {
      "track_id": "1002",
      "name": "Arranger",
      "track_type": "track",
      "is_audio": false,
      "is_audio_track": false,
ZmqGateway: received command payload: {"cmd":"list_tracks"}
ZmqGateway: dispatching payload to JUCE message thread.
VitHeadlessService: processing queued command on JUCE message thread: {"cmd":"list_tracks"}
Command received: {"cmd":"list_tracks"}
Command executed: list_tracks, result: {
  "status": "ok",
  "message": "Track list fetched",
  "tracks": [
    {
      "track_id": "1002",
      "name": "Arranger",
      "track_type": "track",
      "is_audio": false,
      "is_audio_track": false,
      "vit_type": "",
      "vit_intent": "",
      "plugin_count": 0,
      "plugins": []
    },
    {
      "track_id": "1003",
      "name": "Chord",
      "track_type": "track",
      "is_audio": false,
      "is_audio_track": false,
      "vit_type": "",
      "vit_intent": "",
      "plugin_count": 0,
      "plugins": []
    },
    {
      "track_id": "1004",
      "name": "Marker",
      "track_type": "track",
      "is_audio": false,
      "is_audio_track": false,
      "vit_type": "",
      "vit_intent": "",
      "plugin_count": 0,
      "plugins": []
    },
    {
      "track_id": "1005",
      "name": "Tempo",
      "track_type": "track",
      "is_audio": false,
      "is_audio_track": false,
      "vit_type": "",
      "vit_intent": "",
      "plugin_count": 0,
      "plugins": []
    },
    {
      "track_id": "1006",
      "name": "Master",
      "track_type": "master",
      "is_audio": false,
      "is_audio_track": false,
      "vit_type": "",
      "vit_intent": "",
      "plugin_count": 0,
      "plugins": []
    }
  ]
}
VitHeadlessService: command reply (truncated): {
  "status": "ok",
  "message": "Track list fetched",
  "tracks": [
    {
      "track_id": "1002",
      "name": "Arranger",
      "track_type": "track",
      "is_audio": false,
      "is_audio_track": false,
ZmqGateway: received command payload: {"cmd":"add_track","type":"hybrid"}
ZmqGateway: dispatching payload to JUCE message thread.
VitHeadlessService: processing queued command on JUCE message thread: {"cmd":"add_track","type":"hybrid"}
Command received: {"cmd":"add_track","type":"hybrid"}
VitHeadlessService: project saved to D:\Vit_DAW\VitApp\Workspace\default_project.xml
Command executed: add_track, result: {
  "status": "ok",
  "message": "Track added",
  "track_id": "1007",
  "track_name": "Track 1"
}
VitHeadlessService: command reply (truncated): {
  "status": "ok",
  "message": "Track added",
  "track_id": "1007",
  "track_name": "Track 1"
}
ZmqGateway: received command payload: {"cmd":"list_tracks"}
ZmqGateway: dispatching payload to JUCE message thread.
VitHeadlessService: processing queued command on JUCE message thread: {"cmd":"list_tracks"}
Command received: {"cmd":"list_tracks"}
Command executed: list_tracks, result: {
  "status": "ok",
  "message": "Track list fetched",
  "tracks": [
    {
      "track_id": "1002",
      "name": "Arranger",
      "track_type": "track",
      "is_audio": false,
      "is_audio_track": false,
      "vit_type": "",
      "vit_intent": "",
      "plugin_count": 0,
      "plugins": []
    },
    {
      "track_id": "1003",
      "name": "Chord",
      "track_type": "track",
      "is_audio": false,
      "is_audio_track": false,
      "vit_type": "",
      "vit_intent": "",
      "plugin_count": 0,
      "plugins": []
    },
    {
      "track_id": "1004",
      "name": "Marker",
      "track_type": "track",
      "is_audio": false,
      "is_audio_track": false,
      "vit_type": "",
      "vit_intent": "",
      "plugin_count": 0,
      "plugins": []
    },
    {
      "track_id": "1005",
      "name": "Tempo",
      "track_type": "track",
      "is_audio": false,
      "is_audio_track": false,
      "vit_type": "",
      "vit_intent": "",
      "plugin_count": 0,
      "plugins": []
    },
    {
      "track_id": "1006",
      "name": "Master",
      "track_type": "master",
      "is_audio": false,
      "is_audio_track": false,
      "vit_type": "",
      "vit_intent": "",
      "plugin_count": 0,
      "plugins": []
    },
    {
      "track_id": "1007",
      "name": "Track 1",
      "track_type": "hybrid",
      "is_audio": true,
      "is_audio_track": true,
      "vit_type": "",
      "vit_intent": "",
      "plugin_count": 2,
      "plugins": [
        {
          "name": "Volume & Pan Plugin",
          "type": "volume",
          "enabled": true
        },
        {
          "name": "Level Meter",
          "type": "level",
          "enabled": true
        }
      ]
    }
  ]
}
VitHeadlessService: command reply (truncated): {
  "status": "ok",
  "message": "Track list fetched",
  "tracks": [
    {
      "track_id": "1002",
      "name": "Arranger",
      "track_type": "track",
      "is_audio": false,
      "is_audio_track": false,
ZmqGateway: received command payload: {"cmd":"get_project_state"}
ZmqGateway: dispatching payload to JUCE message thread.
VitHeadlessService: processing queued command on JUCE message thread: {"cmd":"get_project_state"}
Command received: {"cmd":"get_project_state"}
Command executed: get_project_state, result: {
  "status": "ok",
  "project_path": "",
  "tracks": [
    {
      "track_id": "1002",
      "track_name": "Arranger",
      "track_type": "track",
      "is_audio_track": false,
      "is_audio": false,
      "plugins": [],
      "clips": []
    },
    {
      "track_id": "1003",
      "track_name": "Chord",
      "track_type": "track",
      "is_audio_track": false,
      "is_audio": false,
      "plugins": [],
      "clips": []
    },
    {
      "track_id": "1004",
      "track_name": "Marker",
      "track_type": "track",
      "is_audio_track": false,
      "is_audio": false,
      "plugins": [],
      "clips": []
    },
    {
      "track_id": "1005",
      "track_name": "Tempo",
      "track_type": "track",
      "is_audio_track": false,
      "is_audio": false,
      "plugins": [],
      "clips": []
    },
    {
      "track_id": "1006",
      "track_name": "Master",
      "track_type": "master",
      "is_audio_track": false,
      "is_audio": false,
      "plugins": [],
      "clips": []
    },
    {
      "track_id": "1007",
      "track_name": "Track 1",
      "track_type": "hybrid",
      "is_audio_track": true,
      "is_audio": true,
      "plugins": [
        {
          "id": "1008",
          "item_id": "1008",
          "name": "Volume & Pan Plugin",
          "type": "volume",
          "enabled": true
        },
        {
          "id": "1009",
          "item_id": "1009",
          "name": "Level Meter",
          "type": "level",
          "enabled": true
        }
      ],
      "clips": [],
      "output_to_device_resolved": true,
      "output_device_enabled": true,
      "output_device_id": "out_b7a4b4c1",
      "output_routing_name": "(default audio output)"
    }
  ]
}
VitHeadlessService: command reply (truncated): {
  "status": "ok",
  "project_path": "",
  "tracks": [
    {
      "track_id": "1002",
      "track_name": "Arranger",
      "track_type": "track",
      "is_audio_track": false,
      "is_audio": false,
     
ZmqGateway: received command payload: {"cmd":"list_tracks"}
ZmqGateway: dispatching payload to JUCE message thread.
VitHeadlessService: processing queued command on JUCE message thread: {"cmd":"list_tracks"}
Command received: {"cmd":"list_tracks"}
Command executed: list_tracks, result: {
  "status": "ok",
  "message": "Track list fetched",
  "tracks": [
    {
      "track_id": "1002",
      "name": "Arranger",
      "track_type": "track",
      "is_audio": false,
      "is_audio_track": false,
      "vit_type": "",
      "vit_intent": "",
      "plugin_count": 0,
      "plugins": []
    },
    {
      "track_id": "1003",
      "name": "Chord",
      "track_type": "track",
      "is_audio": false,
      "is_audio_track": false,
      "vit_type": "",
      "vit_intent": "",
      "plugin_count": 0,
      "plugins": []
    },
    {
      "track_id": "1004",
      "name": "Marker",
      "track_type": "track",
      "is_audio": false,
      "is_audio_track": false,
      "vit_type": "",
      "vit_intent": "",
      "plugin_count": 0,
      "plugins": []
    },
    {
      "track_id": "1005",
      "name": "Tempo",
      "track_type": "track",
      "is_audio": false,
      "is_audio_track": false,
      "vit_type": "",
      "vit_intent": "",
      "plugin_count": 0,
      "plugins": []
    },
    {
      "track_id": "1006",
      "name": "Master",
      "track_type": "master",
      "is_audio": false,
      "is_audio_track": false,
      "vit_type": "",
      "vit_intent": "",
      "plugin_count": 0,
      "plugins": []
    },
    {
      "track_id": "1007",
      "name": "Track 1",
      "track_type": "hybrid",
      "is_audio": true,
      "is_audio_track": true,
      "vit_type": "",
      "vit_intent": "",
      "plugin_count": 2,
      "plugins": [
        {
          "name": "Volume & Pan Plugin",
          "type": "volume",
          "enabled": true
        },
        {
          "name": "Level Meter",
          "type": "level",
          "enabled": true
        }
      ]
    }
  ]
}
VitHeadlessService: command reply (truncated): {
  "status": "ok",
  "message": "Track list fetched",
  "tracks": [
    {
      "track_id": "1002",
      "name": "Arranger",
      "track_type": "track",
      "is_audio": false,
      "is_audio_track": false,
ZmqGateway: received command payload: {"action":"import_media_to_track","file_path":"D:/Vit_DAW/test_target_3s.wav","media_type":"audio","start_time":1.67162895202637,"track_id":"1007"}
ZmqGateway: dispatching payload to JUCE message thread.
VitHeadlessService: processing queued command on JUCE message thread: {"action":"import_media_to_track","file_path":"D:/Vit_DAW/test_target_3s.wav","media_type":"audio","start_time":1.67162895202637,"track_id":"1007"}
Command received: {"action":"import_media_to_track","file_path":"D:/Vit_DAW/test_target_3s.wav","media_type":"audio","start_time":1.67162895202637,"track_id":"1007"}
VitHeadlessService: project saved to D:\Vit_DAW\VitApp\Workspace\default_project.xml
CommandDispatcher::handleImportMediaToTrack: clipId="1011" clip="test_target_3s" trackId="1007" source="D:\Vit_DAW\test_target_3s.wav" lengthSec=3.000 isPlaying=false isRecording=false playContextActive=true positionSeconds=0.000 editLengthSeconds=4.672
Command executed: import_media_to_track, result: {
  "status": "success",
  "action": "import_media_to_track",
  "clip_id": "1011",
  "track_id": "1007",
  "start_time": 1.67162895202637,
  "resolved_start_time": 1.67162895202637,
  "length": 3.0,
  "applied_mode": "destructive",
  "clip_name": "test_target_3s",
  "file_path": "D:\\Vit_DAW\\test_target_3s.wav",
  "edit_length_seconds": 4.67162895202637,
  "baking_status": "baking_started"
}
VitHeadlessService: command reply (truncated): {
  "status": "success",
  "action": "import_media_to_track",
  "clip_id": "1011",
  "track_id": "1007",
  "start_time": 1.67162895202637,
  "resolved_start_time": 1.67162895202637,
  "length": 3.0,
  "applied_mo
ZmqGateway: received command payload: {"cmd":"get_project_state"}
ZmqGateway: dispatching payload to JUCE message thread.
VitHeadlessService: processing queued command on JUCE message thread: {"cmd":"get_project_state"}
Command received: {"cmd":"get_project_state"}
Command executed: get_project_state, result: {
  "status": "ok",
  "project_path": "",
  "tracks": [
    {
      "track_id": "1002",
      "track_name": "Arranger",
      "track_type": "track",
      "is_audio_track": false,
      "is_audio": false,
      "plugins": [],
      "clips": []
    },
    {
      "track_id": "1003",
      "track_name": "Chord",
      "track_type": "track",
      "is_audio_track": false,
      "is_audio": false,
      "plugins": [],
      "clips": []
    },
    {
      "track_id": "1004",
      "track_name": "Marker",
      "track_type": "track",
      "is_audio_track": false,
      "is_audio": false,
      "plugins": [],
      "clips": []
    },
    {
      "track_id": "1005",
      "track_name": "Tempo",
      "track_type": "track",
      "is_audio_track": false,
      "is_audio": false,
      "plugins": [],
      "clips": []
    },
    {
      "track_id": "1006",
      "track_name": "Master",
      "track_type": "master",
      "is_audio_track": false,
      "is_audio": false,
      "plugins": [],
      "clips": []
    },
    {
      "track_id": "1007",
      "track_name": "Track 1",
      "track_type": "hybrid",
      "is_audio_track": true,
      "is_audio": true,
      "plugins": [
        {
          "id": "1008",
          "item_id": "1008",
          "name": "Volume & Pan Plugin",
          "type": "volume",
          "enabled": true
        },
        {
          "id": "1009",
          "item_id": "1009",
          "name": "Level Meter",
          "type": "level",
          "enabled": true
        }
      ],
      "clips": [
        {
          "id": "1011",
          "name": "test_target_3s",
          "clip_type": "wave",
          "start_seconds": 1.67162895202637,
          "end_seconds": 4.67162895202637,
          "length_seconds": 3.0,
          "file_path": "D:\\Vit_DAW\\test_target_3s.wav",
          "current_source_path": "D:\\Vit_DAW\\test_target_3s.wav",
          "playback_source_valid": true
        }
      ],
      "output_to_device_resolved": true,
      "output_device_enabled": true,
      "output_device_id": "out_b7a4b4c1",
      "output_routing_name": "(default audio output)"
    }
  ]
}
VitHeadlessService: command reply (truncated): {
  "status": "ok",
  "project_path": "",
  "tracks": [
    {
      "track_id": "1002",
      "track_name": "Arranger",
      "track_type": "track",
      "is_audio_track": false,
      "is_audio": false,
     
ZmqGateway: received command payload: {"cmd":"list_tracks"}
ZmqGateway: dispatching payload to JUCE message thread.
VitHeadlessService: processing queued command on JUCE message thread: {"cmd":"list_tracks"}
Command received: {"cmd":"list_tracks"}
Command executed: list_tracks, result: {
  "status": "ok",
  "message": "Track list fetched",
  "tracks": [
    {
      "track_id": "1002",
      "name": "Arranger",
      "track_type": "track",
      "is_audio": false,
      "is_audio_track": false,
      "vit_type": "",
      "vit_intent": "",
      "plugin_count": 0,
      "plugins": []
    },
    {
      "track_id": "1003",
      "name": "Chord",
      "track_type": "track",
      "is_audio": false,
      "is_audio_track": false,
      "vit_type": "",
      "vit_intent": "",
      "plugin_count": 0,
      "plugins": []
    },
    {
      "track_id": "1004",
      "name": "Marker",
      "track_type": "track",
      "is_audio": false,
      "is_audio_track": false,
      "vit_type": "",
      "vit_intent": "",
      "plugin_count": 0,
      "plugins": []
    },
    {
      "track_id": "1005",
      "name": "Tempo",
      "track_type": "track",
      "is_audio": false,
      "is_audio_track": false,
      "vit_type": "",
      "vit_intent": "",
      "plugin_count": 0,
      "plugins": []
    },
    {
      "track_id": "1006",
      "name": "Master",
      "track_type": "master",
      "is_audio": false,
      "is_audio_track": false,
      "vit_type": "",
      "vit_intent": "",
      "plugin_count": 0,
      "plugins": []
    },
    {
      "track_id": "1007",
      "name": "Track 1",
      "track_type": "hybrid",
      "is_audio": true,
      "is_audio_track": true,
      "vit_type": "",
      "vit_intent": "",
      "plugin_count": 2,
      "plugins": [
        {
          "name": "Volume & Pan Plugin",
          "type": "volume",
          "enabled": true
        },
        {
          "name": "Level Meter",
          "type": "level",
          "enabled": true
        }
      ]
    }
  ]
}
VitHeadlessService: command reply (truncated): {
  "status": "ok",
  "message": "Track list fetched",
  "tracks": [
    {
      "track_id": "1002",
      "name": "Arranger",
      "track_type": "track",
      "is_audio": false,
      "is_audio_track": false,
ZmqGateway: received command payload: {"action":"import_media_to_track","file_path":"D:/Vit_DAW/test_100hz_10s.wav","media_type":"audio","start_time":2.86566543579102,"track_id":"1007"}
ZmqGateway: dispatching payload to JUCE message thread.
VitHeadlessService: processing queued command on JUCE message thread: {"action":"import_media_to_track","file_path":"D:/Vit_DAW/test_100hz_10s.wav","media_type":"audio","start_time":2.86566543579102,"track_id":"1007"}
Command received: {"action":"import_media_to_track","file_path":"D:/Vit_DAW/test_100hz_10s.wav","media_type":"audio","start_time":2.86566543579102,"track_id":"1007"}
VitHeadlessService: project saved to D:\Vit_DAW\VitApp\Workspace\default_project.xml
CommandDispatcher::handleImportMediaToTrack: clipId="1013" clip="test_100hz_10s" trackId="1007" source="D:\Vit_DAW\test_100hz_10s.wav" lengthSec=10.000 isPlaying=false isRecording=false playContextActive=true positionSeconds=0.000 editLengthSeconds=12.866
Command executed: import_media_to_track, result: {
  "status": "success",
  "action": "import_media_to_track",
  "clip_id": "1013",
  "track_id": "1007",
  "start_time": 2.86566543579102,
  "resolved_start_time": 2.86566543579102,
  "length": 10.0,
  "applied_mode": "destructive",
  "clip_name": "test_100hz_10s",
  "file_path": "D:\\Vit_DAW\\test_100hz_10s.wav",
  "edit_length_seconds": 12.865665435791019,
  "baking_status": "baking_started"
}
VitHeadlessService: command reply (truncated): {
  "status": "success",
  "action": "import_media_to_track",
  "clip_id": "1013",
  "track_id": "1007",
  "start_time": 2.86566543579102,
  "resolved_start_time": 2.86566543579102,
  "length": 10.0,
  "applied_m
ZmqGateway: received command payload: {"cmd":"get_project_state"}
ZmqGateway: dispatching payload to JUCE message thread.
VitHeadlessService: processing queued command on JUCE message thread: {"cmd":"get_project_state"}
Command received: {"cmd":"get_project_state"}
Command executed: get_project_state, result: {
  "status": "ok",
  "project_path": "",
  "tracks": [
    {
      "track_id": "1002",
      "track_name": "Arranger",
      "track_type": "track",
      "is_audio_track": false,
      "is_audio": false,
      "plugins": [],
      "clips": []
    },
    {
      "track_id": "1003",
      "track_name": "Chord",
      "track_type": "track",
      "is_audio_track": false,
      "is_audio": false,
      "plugins": [],
      "clips": []
    },
    {
      "track_id": "1004",
      "track_name": "Marker",
      "track_type": "track",
      "is_audio_track": false,
      "is_audio": false,
      "plugins": [],
      "clips": []
    },
    {
      "track_id": "1005",
      "track_name": "Tempo",
      "track_type": "track",
      "is_audio_track": false,
      "is_audio": false,
      "plugins": [],
      "clips": []
    },
    {
      "track_id": "1006",
      "track_name": "Master",
      "track_type": "master",
      "is_audio_track": false,
      "is_audio": false,
      "plugins": [],
      "clips": []
    },
    {
      "track_id": "1007",
      "track_name": "Track 1",
      "track_type": "hybrid",
      "is_audio_track": true,
      "is_audio": true,
      "plugins": [
        {
          "id": "1008",
          "item_id": "1008",
          "name": "Volume & Pan Plugin",
          "type": "volume",
          "enabled": true
        },
        {
          "id": "1009",
          "item_id": "1009",
          "name": "Level Meter",
          "type": "level",
          "enabled": true
        }
      ],
      "clips": [
        {
          "id": "1011",
          "name": "test_target_3s",
          "clip_type": "wave",
          "start_seconds": 1.67162895202637,
          "end_seconds": 2.86566543579102,
          "length_seconds": 1.19403648376465,
          "file_path": "D:\\Vit_DAW\\test_target_3s.wav",
          "current_source_path": "D:\\Vit_DAW\\test_target_3s.wav",
          "playback_source_valid": true
        },
        {
          "id": "1013",
          "name": "test_100hz_10s",
          "clip_type": "wave",
          "start_seconds": 2.86566543579102,
          "end_seconds": 12.865665435791019,
          "length_seconds": 10.0,
          "file_path": "D:\\Vit_DAW\\test_100hz_10s.wav",
          "current_source_path": "D:\\Vit_DAW\\test_100hz_10s.wav",
          "playback_source_valid": true
        }
      ],
      "output_to_device_resolved": true,
      "output_device_enabled": true,
      "output_device_id": "out_b7a4b4c1",
      "output_routing_name": "(default audio output)"
    }
  ]
}
VitHeadlessService: command reply (truncated): {
  "status": "ok",
  "project_path": "",
  "tracks": [
    {
      "track_id": "1002",
      "track_name": "Arranger",
      "track_type": "track",
      "is_audio_track": false,
      "is_audio": false,
     
ZmqGateway: received command payload: {"cmd":"list_tracks"}
ZmqGateway: dispatching payload to JUCE message thread.
VitHeadlessService: processing queued command on JUCE message thread: {"cmd":"list_tracks"}
Command received: {"cmd":"list_tracks"}
Command executed: list_tracks, result: {
  "status": "ok",
  "message": "Track list fetched",
  "tracks": [
    {
      "track_id": "1002",
      "name": "Arranger",
      "track_type": "track",
      "is_audio": false,
      "is_audio_track": false,
      "vit_type": "",
      "vit_intent": "",
      "plugin_count": 0,
      "plugins": []
    },
    {
      "track_id": "1003",
      "name": "Chord",
      "track_type": "track",
      "is_audio": false,
      "is_audio_track": false,
      "vit_type": "",
      "vit_intent": "",
      "plugin_count": 0,
      "plugins": []
    },
    {
      "track_id": "1004",
      "name": "Marker",
      "track_type": "track",
      "is_audio": false,
      "is_audio_track": false,
      "vit_type": "",
      "vit_intent": "",
      "plugin_count": 0,
      "plugins": []
    },
    {
      "track_id": "1005",
      "name": "Tempo",
      "track_type": "track",
      "is_audio": false,
      "is_audio_track": false,
      "vit_type": "",
      "vit_intent": "",
      "plugin_count": 0,
      "plugins": []
    },
    {
      "track_id": "1006",
      "name": "Master",
      "track_type": "master",
      "is_audio": false,
      "is_audio_track": false,
      "vit_type": "",
      "vit_intent": "",
      "plugin_count": 0,
      "plugins": []
    },
    {
      "track_id": "1007",
      "name": "Track 1",
      "track_type": "hybrid",
      "is_audio": true,
      "is_audio_track": true,
      "vit_type": "",
      "vit_intent": "",
      "plugin_count": 2,
      "plugins": [
        {
          "name": "Volume & Pan Plugin",
          "type": "volume",
          "enabled": true
        },
        {
          "name": "Level Meter",
          "type": "level",
          "enabled": true
        }
      ]
    }
  ]
}
VitHeadlessService: command reply (truncated): {
  "status": "ok",
  "message": "Track list fetched",
  "tracks": [
    {
      "track_id": "1002",
      "name": "Arranger",
      "track_type": "track",
      "is_audio": false,
      "is_audio_track": false,
ZmqGateway: received command payload: {"action":"play"}
ZmqGateway: dispatching payload to JUCE message thread.
VitHeadlessService: processing queued command on JUCE message thread: {"action":"play"}
Command received: {"action":"play"}
CommandDispatcher::handlePlay: before isPlaying=false isRecording=false playContextActive=true positionSeconds=0.000 editLengthSeconds=12.866
CommandDispatcher::handlePlay: after isPlaying=true isRecording=false playContextActive=true positionSeconds=0.000 editLengthSeconds=12.866
Command executed: play, result: {
  "status": "ok",
  "message": "Transport playing",
  "is_playing": true,
  "is_recording": false,
  "position_seconds": 0.0,
  "click_track_enabled": false
}
VitHeadlessService: command reply (truncated): {
  "status": "ok",
  "message": "Transport playing",
  "is_playing": true,
  "is_recording": false,
  "position_seconds": 0.0,
  "click_track_enabled": false
}
ZmqGateway: received command payload: {"action":"stop"}
ZmqGateway: dispatching payload to JUCE message thread.
VitHeadlessService: processing queued command on JUCE message thread: {"action":"stop"}
Command received: {"action":"stop"}
CommandDispatcher::handleStop: before isPlaying=true isRecording=false playContextActive=true positionSeconds=4.780 editLengthSeconds=12.866
CommandDispatcher::handleStop: after isPlaying=false isRecording=false playContextActive=true positionSeconds=4.780 editLengthSeconds=12.866
Command executed: stop, result: {
  "status": "ok",
  "message": "Transport stopped",
  "is_playing": false,
  "is_recording": false,
  "position_seconds": 4.78,
  "click_track_enabled": false
}
VitHeadlessService: command reply (truncated): {
  "status": "ok",
  "message": "Transport stopped",
  "is_playing": false,
  "is_recording": false,
  "position_seconds": 4.78,
  "click_track_enabled": false
}
ZmqGateway: received command payload: {"action":"return_to_zero"}
ZmqGateway: dispatching payload to JUCE message thread.
VitHeadlessService: processing queued command on JUCE message thread: {"action":"return_to_zero"}
Command received: {"action":"return_to_zero"}
CommandDispatcher::handleReturnToZero: before isPlaying=false isRecording=false playContextActive=true positionSeconds=4.800 editLengthSeconds=12.866
CommandDispatcher::handleReturnToZero: after isPlaying=false isRecording=false playContextActive=true positionSeconds=0.000 editLengthSeconds=12.866
Command executed: return_to_zero, result: {
  "status": "ok",
  "message": "Transport returned to zero",
  "is_playing": false,
  "is_recording": false,
  "position_seconds": 0.0,
  "click_track_enabled": false
}
VitHeadlessService: command reply (truncated): {
  "status": "ok",
  "message": "Transport returned to zero",
  "is_playing": false,
  "is_recording": false,
  "position_seconds": 0.0,
  "click_track_enabled": false
}
ZmqGateway: received command payload: {"cmd":"get_recent_projects"}
ZmqGateway: dispatching payload to JUCE message thread.
VitHeadlessService: processing queued command on JUCE message thread: {"cmd":"get_recent_projects"}
Command received: {"cmd":"get_recent_projects"}
Command executed: get_recent_projects, result: {
  "status": "ok",
  "recent_projects": [
    "D:\\Godot\\project\\vit-daw-frontend\\4.4.3.vit",
    "D:\\Godot\\project\\vit-daw-frontend\\4.4.2.vit",
    "D:\\Godot\\project\\vit-daw-frontend\\4.4.1.vit",
    "D:\\Godot\\project\\vit-daw-frontend\\4.4.vit",
    "D:\\4.1.tracktionedit"
  ]
}
VitHeadlessService: command reply (truncated): {
  "status": "ok",
  "recent_projects": [
    "D:\\Godot\\project\\vit-daw-frontend\\4.4.3.vit",
    "D:\\Godot\\project\\vit-daw-frontend\\4.4.2.vit",
    "D:\\Godot\\project\\vit-daw-frontend\\4.4.1.vit",
    "D
ZmqGateway: received command payload: {"cmd":"new_project"}
ZmqGateway: dispatching payload to JUCE message thread.
VitHeadlessService: processing queued command on JUCE message thread: {"cmd":"new_project"}
Command received: {"cmd":"new_project"}
VitEngineDevice: audio IO ready for playback graph: "扬声器 (USB AUDIO  CODEC)" 48000.00 Hz, block 480 samples
Command executed: new_project, result: {
  "status": "ok",
  "message": "Blank project created"
}
VitHeadlessService: command reply (truncated): {
  "status": "ok",
  "message": "Blank project created"
}
ZmqGateway: received command payload: {"cmd":"ping"}
ZmqGateway: dispatching payload to JUCE message thread.
VitHeadlessService: processing queued command on JUCE message thread: {"cmd":"ping"}
Command received: {"cmd":"ping"}
CommandDispatcher: handled ping command.
Command executed: ping, result: {
  "status": "ok",
  "message": "pong"
}
VitHeadlessService: command reply (truncated): {
  "status": "ok",
  "message": "pong"
}
ZmqGateway: received command payload: {"cmd":"get_project_state"}
ZmqGateway: dispatching payload to JUCE message thread.
VitHeadlessService: processing queued command on JUCE message thread: {"cmd":"get_project_state"}
Command received: {"cmd":"get_project_state"}
Command executed: get_project_state, result: {
  "status": "ok",
  "project_path": "",
  "tracks": [
    {
      "track_id": "1002",
      "track_name": "Arranger",
      "track_type": "track",
      "is_audio_track": false,
      "is_audio": false,
      "plugins": [],
      "clips": []
    },
    {
      "track_id": "1003",
      "track_name": "Chord",
      "track_type": "track",
      "is_audio_track": false,
      "is_audio": false,
      "plugins": [],
      "clips": []
    },
    {
      "track_id": "1004",
      "track_name": "Marker",
      "track_type": "track",
      "is_audio_track": false,
      "is_audio": false,
      "plugins": [],
      "clips": []
    },
    {
      "track_id": "1005",
      "track_name": "Tempo",
      "track_type": "track",
      "is_audio_track": false,
      "is_audio": false,
      "plugins": [],
      "clips": []
    },
    {
      "track_id": "1006",
      "track_name": "Master",
      "track_type": "master",
      "is_audio_track": false,
      "is_audio": false,
      "plugins": [],
      "clips": []
    }
  ]
}
VitHeadlessService: command reply (truncated): {
  "status": "ok",
  "project_path": "",
  "tracks": [
    {
      "track_id": "1002",
      "track_name": "Arranger",
      "track_type": "track",
      "is_audio_track": false,
      "is_audio": false,
     
ZmqGateway: received command payload: {"cmd":"list_tracks"}
ZmqGateway: dispatching payload to JUCE message thread.
VitHeadlessService: processing queued command on JUCE message thread: {"cmd":"list_tracks"}
Command received: {"cmd":"list_tracks"}
Command executed: list_tracks, result: {
  "status": "ok",
  "message": "Track list fetched",
  "tracks": [
    {
      "track_id": "1002",
      "name": "Arranger",
      "track_type": "track",
      "is_audio": false,
      "is_audio_track": false,
      "vit_type": "",
      "vit_intent": "",
      "plugin_count": 0,
      "plugins": []
    },
    {
      "track_id": "1003",
      "name": "Chord",
      "track_type": "track",
      "is_audio": false,
      "is_audio_track": false,
      "vit_type": "",
      "vit_intent": "",
      "plugin_count": 0,
      "plugins": []
    },
    {
      "track_id": "1004",
      "name": "Marker",
      "track_type": "track",
      "is_audio": false,
      "is_audio_track": false,
      "vit_type": "",
      "vit_intent": "",
      "plugin_count": 0,
      "plugins": []
    },
    {
      "track_id": "1005",
      "name": "Tempo",
      "track_type": "track",
      "is_audio": false,
      "is_audio_track": false,
      "vit_type": "",
      "vit_intent": "",
      "plugin_count": 0,
      "plugins": []
    },
    {
      "track_id": "1006",
      "name": "Master",
      "track_type": "master",
      "is_audio": false,
      "is_audio_track": false,
      "vit_type": "",
      "vit_intent": "",
      "plugin_count": 0,
      "plugins": []
    }
  ]
}
VitHeadlessService: command reply (truncated): {
  "status": "ok",
  "message": "Track list fetched",
  "tracks": [
    {
      "track_id": "1002",
      "name": "Arranger",
      "track_type": "track",
      "is_audio": false,
      "is_audio_track": false,
ZmqGateway: received command payload: {"cmd":"list_tracks"}
ZmqGateway: dispatching payload to JUCE message thread.
VitHeadlessService: processing queued command on JUCE message thread: {"cmd":"list_tracks"}
Command received: {"cmd":"list_tracks"}
Command executed: list_tracks, result: {
  "status": "ok",
  "message": "Track list fetched",
  "tracks": [
    {
      "track_id": "1002",
      "name": "Arranger",
      "track_type": "track",
      "is_audio": false,
      "is_audio_track": false,
      "vit_type": "",
      "vit_intent": "",
      "plugin_count": 0,
      "plugins": []
    },
    {
      "track_id": "1003",
      "name": "Chord",
      "track_type": "track",
      "is_audio": false,
      "is_audio_track": false,
      "vit_type": "",
      "vit_intent": "",
      "plugin_count": 0,
      "plugins": []
    },
    {
      "track_id": "1004",
      "name": "Marker",
      "track_type": "track",
      "is_audio": false,
      "is_audio_track": false,
      "vit_type": "",
      "vit_intent": "",
      "plugin_count": 0,
      "plugins": []
    },
    {
      "track_id": "1005",
      "name": "Tempo",
      "track_type": "track",
      "is_audio": false,
      "is_audio_track": false,
      "vit_type": "",
      "vit_intent": "",
      "plugin_count": 0,
      "plugins": []
    },
    {
      "track_id": "1006",
      "name": "Master",
      "track_type": "master",
      "is_audio": false,
      "is_audio_track": false,
      "vit_type": "",
      "vit_intent": "",
      "plugin_count": 0,
      "plugins": []
    }
  ]
}
VitHeadlessService: command reply (truncated): {
  "status": "ok",
  "message": "Track list fetched",
  "tracks": [
    {
      "track_id": "1002",
      "name": "Arranger",
      "track_type": "track",
      "is_audio": false,
      "is_audio_track": false,
ZmqGateway: received command payload: {"cmd":"add_track","type":"hybrid"}
ZmqGateway: dispatching payload to JUCE message thread.
VitHeadlessService: processing queued command on JUCE message thread: {"cmd":"add_track","type":"hybrid"}
Command received: {"cmd":"add_track","type":"hybrid"}
VitHeadlessService: project saved to D:\Vit_DAW\VitApp\Workspace\default_project.xml
Command executed: add_track, result: {
  "status": "ok",
  "message": "Track added",
  "track_id": "1007",
  "track_name": "Track 1"
}
VitHeadlessService: command reply (truncated): {
  "status": "ok",
  "message": "Track added",
  "track_id": "1007",
  "track_name": "Track 1"
}
ZmqGateway: received command payload: {"cmd":"list_tracks"}
ZmqGateway: dispatching payload to JUCE message thread.
VitHeadlessService: processing queued command on JUCE message thread: {"cmd":"list_tracks"}
Command received: {"cmd":"list_tracks"}
Command executed: list_tracks, result: {
  "status": "ok",
  "message": "Track list fetched",
  "tracks": [
    {
      "track_id": "1002",
      "name": "Arranger",
      "track_type": "track",
      "is_audio": false,
      "is_audio_track": false,
      "vit_type": "",
      "vit_intent": "",
      "plugin_count": 0,
      "plugins": []
    },
    {
      "track_id": "1003",
      "name": "Chord",
      "track_type": "track",
      "is_audio": false,
      "is_audio_track": false,
      "vit_type": "",
      "vit_intent": "",
      "plugin_count": 0,
      "plugins": []
    },
    {
      "track_id": "1004",
      "name": "Marker",
      "track_type": "track",
      "is_audio": false,
      "is_audio_track": false,
      "vit_type": "",
      "vit_intent": "",
      "plugin_count": 0,
      "plugins": []
    },
    {
      "track_id": "1005",
      "name": "Tempo",
      "track_type": "track",
      "is_audio": false,
      "is_audio_track": false,
      "vit_type": "",
      "vit_intent": "",
      "plugin_count": 0,
      "plugins": []
    },
    {
      "track_id": "1006",
      "name": "Master",
      "track_type": "master",
      "is_audio": false,
      "is_audio_track": false,
      "vit_type": "",
      "vit_intent": "",
      "plugin_count": 0,
      "plugins": []
    },
    {
      "track_id": "1007",
      "name": "Track 1",
      "track_type": "hybrid",
      "is_audio": true,
      "is_audio_track": true,
      "vit_type": "",
      "vit_intent": "",
      "plugin_count": 2,
      "plugins": [
        {
          "name": "Volume & Pan Plugin",
          "type": "volume",
          "enabled": true
        },
        {
          "name": "Level Meter",
          "type": "level",
          "enabled": true
        }
      ]
    }
  ]
}
VitHeadlessService: command reply (truncated): {
  "status": "ok",
  "message": "Track list fetched",
  "tracks": [
    {
      "track_id": "1002",
      "name": "Arranger",
      "track_type": "track",
      "is_audio": false,
      "is_audio_track": false,
ZmqGateway: received command payload: {"cmd":"get_project_state"}
ZmqGateway: dispatching payload to JUCE message thread.
VitHeadlessService: processing queued command on JUCE message thread: {"cmd":"get_project_state"}
Command received: {"cmd":"get_project_state"}
Command executed: get_project_state, result: {
  "status": "ok",
  "project_path": "",
  "tracks": [
    {
      "track_id": "1002",
      "track_name": "Arranger",
      "track_type": "track",
      "is_audio_track": false,
      "is_audio": false,
      "plugins": [],
      "clips": []
    },
    {
      "track_id": "1003",
      "track_name": "Chord",
      "track_type": "track",
      "is_audio_track": false,
      "is_audio": false,
      "plugins": [],
      "clips": []
    },
    {
      "track_id": "1004",
      "track_name": "Marker",
      "track_type": "track",
      "is_audio_track": false,
      "is_audio": false,
      "plugins": [],
      "clips": []
    },
    {
      "track_id": "1005",
      "track_name": "Tempo",
      "track_type": "track",
      "is_audio_track": false,
      "is_audio": false,
      "plugins": [],
      "clips": []
    },
    {
      "track_id": "1006",
      "track_name": "Master",
      "track_type": "master",
      "is_audio_track": false,
      "is_audio": false,
      "plugins": [],
      "clips": []
    },
    {
      "track_id": "1007",
      "track_name": "Track 1",
      "track_type": "hybrid",
      "is_audio_track": true,
      "is_audio": true,
      "plugins": [
        {
          "id": "1008",
          "item_id": "1008",
          "name": "Volume & Pan Plugin",
          "type": "volume",
          "enabled": true
        },
        {
          "id": "1009",
          "item_id": "1009",
          "name": "Level Meter",
          "type": "level",
          "enabled": true
        }
      ],
      "clips": [],
      "output_to_device_resolved": true,
      "output_device_enabled": true,
      "output_device_id": "out_b7a4b4c1",
      "output_routing_name": "(default audio output)"
    }
  ]
}
VitHeadlessService: command reply (truncated): {
  "status": "ok",
  "project_path": "",
  "tracks": [
    {
      "track_id": "1002",
      "track_name": "Arranger",
      "track_type": "track",
      "is_audio_track": false,
      "is_audio": false,
     
ZmqGateway: received command payload: {"cmd":"list_tracks"}
ZmqGateway: dispatching payload to JUCE message thread.
VitHeadlessService: processing queued command on JUCE message thread: {"cmd":"list_tracks"}
Command received: {"cmd":"list_tracks"}
Command executed: list_tracks, result: {
  "status": "ok",
  "message": "Track list fetched",
  "tracks": [
    {
      "track_id": "1002",
      "name": "Arranger",
      "track_type": "track",
      "is_audio": false,
      "is_audio_track": false,
      "vit_type": "",
      "vit_intent": "",
      "plugin_count": 0,
      "plugins": []
    },
    {
      "track_id": "1003",
      "name": "Chord",
      "track_type": "track",
      "is_audio": false,
      "is_audio_track": false,
      "vit_type": "",
      "vit_intent": "",
      "plugin_count": 0,
      "plugins": []
    },
    {
      "track_id": "1004",
      "name": "Marker",
      "track_type": "track",
      "is_audio": false,
      "is_audio_track": false,
      "vit_type": "",
      "vit_intent": "",
      "plugin_count": 0,
      "plugins": []
    },
    {
      "track_id": "1005",
      "name": "Tempo",
      "track_type": "track",
      "is_audio": false,
      "is_audio_track": false,
      "vit_type": "",
      "vit_intent": "",
      "plugin_count": 0,
      "plugins": []
    },
    {
      "track_id": "1006",
      "name": "Master",
      "track_type": "master",
      "is_audio": false,
      "is_audio_track": false,
      "vit_type": "",
      "vit_intent": "",
      "plugin_count": 0,
      "plugins": []
    },
    {
      "track_id": "1007",
      "name": "Track 1",
      "track_type": "hybrid",
      "is_audio": true,
      "is_audio_track": true,
      "vit_type": "",
      "vit_intent": "",
      "plugin_count": 2,
      "plugins": [
        {
          "name": "Volume & Pan Plugin",
          "type": "volume",
          "enabled": true
        },
        {
          "name": "Level Meter",
          "type": "level",
          "enabled": true
        }
      ]
    }
  ]
}
VitHeadlessService: command reply (truncated): {
  "status": "ok",
  "message": "Track list fetched",
  "tracks": [
    {
      "track_id": "1002",
      "name": "Arranger",
      "track_type": "track",
      "is_audio": false,
      "is_audio_track": false,
ZmqGateway: received command payload: {"action":"import_media_to_track","file_path":"D:/Vit_DAW/test_100hz_10s.wav","media_type":"audio","start_time":0.17909049987793,"track_id":"1007"}
ZmqGateway: dispatching payload to JUCE message thread.
VitHeadlessService: processing queued command on JUCE message thread: {"action":"import_media_to_track","file_path":"D:/Vit_DAW/test_100hz_10s.wav","media_type":"audio","start_time":0.17909049987793,"track_id":"1007"}
Command received: {"action":"import_media_to_track","file_path":"D:/Vit_DAW/test_100hz_10s.wav","media_type":"audio","start_time":0.17909049987793,"track_id":"1007"}
VitHeadlessService: project saved to D:\Vit_DAW\VitApp\Workspace\default_project.xml
CommandDispatcher::handleImportMediaToTrack: clipId="1011" clip="test_100hz_10s" trackId="1007" source="D:\Vit_DAW\test_100hz_10s.wav" lengthSec=10.000 isPlaying=false isRecording=false playContextActive=true positionSeconds=0.000 editLengthSeconds=10.179
Command executed: import_media_to_track, result: {
  "status": "success",
  "action": "import_media_to_track",
  "clip_id": "1011",
  "track_id": "1007",
  "start_time": 0.17909049987793,
  "resolved_start_time": 0.17909049987793,
  "length": 10.0,
  "applied_mode": "destructive",
  "clip_name": "test_100hz_10s",
  "file_path": "D:\\Vit_DAW\\test_100hz_10s.wav",
  "edit_length_seconds": 10.17909049987793,
  "baking_status": "baking_started"
}
VitHeadlessService: command reply (truncated): {
  "status": "success",
  "action": "import_media_to_track",
  "clip_id": "1011",
  "track_id": "1007",
  "start_time": 0.17909049987793,
  "resolved_start_time": 0.17909049987793,
  "length": 10.0,
  "applied_m
ZmqGateway: received command payload: {"cmd":"get_project_state"}
ZmqGateway: dispatching payload to JUCE message thread.
VitHeadlessService: processing queued command on JUCE message thread: {"cmd":"get_project_state"}
Command received: {"cmd":"get_project_state"}
Command executed: get_project_state, result: {
  "status": "ok",
  "project_path": "",
  "tracks": [
    {
      "track_id": "1002",
      "track_name": "Arranger",
      "track_type": "track",
      "is_audio_track": false,
      "is_audio": false,
      "plugins": [],
      "clips": []
    },
    {
      "track_id": "1003",
      "track_name": "Chord",
      "track_type": "track",
      "is_audio_track": false,
      "is_audio": false,
      "plugins": [],
      "clips": []
    },
    {
      "track_id": "1004",
      "track_name": "Marker",
      "track_type": "track",
      "is_audio_track": false,
      "is_audio": false,
      "plugins": [],
      "clips": []
    },
    {
      "track_id": "1005",
      "track_name": "Tempo",
      "track_type": "track",
      "is_audio_track": false,
      "is_audio": false,
      "plugins": [],
      "clips": []
    },
    {
      "track_id": "1006",
      "track_name": "Master",
      "track_type": "master",
      "is_audio_track": false,
      "is_audio": false,
      "plugins": [],
      "clips": []
    },
    {
      "track_id": "1007",
      "track_name": "Track 1",
      "track_type": "hybrid",
      "is_audio_track": true,
      "is_audio": true,
      "plugins": [
        {
          "id": "1008",
          "item_id": "1008",
          "name": "Volume & Pan Plugin",
          "type": "volume",
          "enabled": true
        },
        {
          "id": "1009",
          "item_id": "1009",
          "name": "Level Meter",
          "type": "level",
          "enabled": true
        }
      ],
      "clips": [
        {
          "id": "1011",
          "name": "test_100hz_10s",
          "clip_type": "wave",
          "start_seconds": 0.17909049987793,
          "end_seconds": 10.17909049987793,
          "length_seconds": 10.0,
          "file_path": "D:\\Vit_DAW\\test_100hz_10s.wav",
          "current_source_path": "D:\\Vit_DAW\\test_100hz_10s.wav",
          "playback_source_valid": true
        }
      ],
      "output_to_device_resolved": true,
      "output_device_enabled": true,
      "output_device_id": "out_b7a4b4c1",
      "output_routing_name": "(default audio output)"
    }
  ]
}
VitHeadlessService: command reply (truncated): {
  "status": "ok",
  "project_path": "",
  "tracks": [
    {
      "track_id": "1002",
      "track_name": "Arranger",
      "track_type": "track",
      "is_audio_track": false,
      "is_audio": false,
     
ZmqGateway: received command payload: {"cmd":"list_tracks"}
ZmqGateway: dispatching payload to JUCE message thread.
VitHeadlessService: processing queued command on JUCE message thread: {"cmd":"list_tracks"}
Command received: {"cmd":"list_tracks"}
Command executed: list_tracks, result: {
  "status": "ok",
  "message": "Track list fetched",
  "tracks": [
    {
      "track_id": "1002",
      "name": "Arranger",
      "track_type": "track",
      "is_audio": false,
      "is_audio_track": false,
      "vit_type": "",
      "vit_intent": "",
      "plugin_count": 0,
      "plugins": []
    },
    {
      "track_id": "1003",
      "name": "Chord",
      "track_type": "track",
      "is_audio": false,
      "is_audio_track": false,
      "vit_type": "",
      "vit_intent": "",
      "plugin_count": 0,
      "plugins": []
    },
    {
      "track_id": "1004",
      "name": "Marker",
      "track_type": "track",
      "is_audio": false,
      "is_audio_track": false,
      "vit_type": "",
      "vit_intent": "",
      "plugin_count": 0,
      "plugins": []
    },
    {
      "track_id": "1005",
      "name": "Tempo",
      "track_type": "track",
      "is_audio": false,
      "is_audio_track": false,
      "vit_type": "",
      "vit_intent": "",
      "plugin_count": 0,
      "plugins": []
    },
    {
      "track_id": "1006",
      "name": "Master",
      "track_type": "master",
      "is_audio": false,
      "is_audio_track": false,
      "vit_type": "",
      "vit_intent": "",
      "plugin_count": 0,
      "plugins": []
    },
    {
      "track_id": "1007",
      "name": "Track 1",
      "track_type": "hybrid",
      "is_audio": true,
      "is_audio_track": true,
      "vit_type": "",
      "vit_intent": "",
      "plugin_count": 2,
      "plugins": [
        {
          "name": "Volume & Pan Plugin",
          "type": "volume",
          "enabled": true
        },
        {
          "name": "Level Meter",
          "type": "level",
          "enabled": true
        }
      ]
    }
  ]
}
VitHeadlessService: command reply (truncated): {
  "status": "ok",
  "message": "Track list fetched",
  "tracks": [
    {
      "track_id": "1002",
      "name": "Arranger",
      "track_type": "track",
      "is_audio": false,
      "is_audio_track": false,
ZmqGateway: received command payload: {"action":"import_media_to_track","file_path":"D:/Vit_DAW/test_target_3s.wav","media_type":"audio","start_time":1.671630859375,"track_id":"1007"}
ZmqGateway: dispatching payload to JUCE message thread.
VitHeadlessService: processing queued command on JUCE message thread: {"action":"import_media_to_track","file_path":"D:/Vit_DAW/test_target_3s.wav","media_type":"audio","start_time":1.671630859375,"track_id":"1007"}
Command received: {"action":"import_media_to_track","file_path":"D:/Vit_DAW/test_target_3s.wav","media_type":"audio","start_time":1.671630859375,"track_id":"1007"}
VitHeadlessService: project saved to D:\Vit_DAW\VitApp\Workspace\default_project.xml
CommandDispatcher::handleImportMediaToTrack: clipId="1014" clip="test_target_3s" trackId="1007" source="D:\Vit_DAW\test_target_3s.wav" lengthSec=3.000 isPlaying=false isRecording=false playContextActive=true positionSeconds=0.000 editLengthSeconds=10.179
Command executed: import_media_to_track, result: {
  "status": "success",
  "action": "import_media_to_track",
  "clip_id": "1014",
  "track_id": "1007",
  "start_time": 1.671630859375,
  "resolved_start_time": 1.671630859375,
  "length": 3.0,
  "applied_mode": "destructive",
  "clip_name": "test_target_3s",
  "file_path": "D:\\Vit_DAW\\test_target_3s.wav",
  "edit_length_seconds": 10.17909049987793,
  "baking_status": "baking_started"
}
VitHeadlessService: command reply (truncated): {
  "status": "success",
  "action": "import_media_to_track",
  "clip_id": "1014",
  "track_id": "1007",
  "start_time": 1.671630859375,
  "resolved_start_time": 1.671630859375,
  "length": 3.0,
  "applied_mode":
ZmqGateway: received command payload: {"cmd":"get_project_state"}
ZmqGateway: dispatching payload to JUCE message thread.
VitHeadlessService: processing queued command on JUCE message thread: {"cmd":"get_project_state"}
Command received: {"cmd":"get_project_state"}
Command executed: get_project_state, result: {
  "status": "ok",
  "project_path": "",
  "tracks": [
    {
      "track_id": "1002",
      "track_name": "Arranger",
      "track_type": "track",
      "is_audio_track": false,
      "is_audio": false,
      "plugins": [],
      "clips": []
    },
    {
      "track_id": "1003",
      "track_name": "Chord",
      "track_type": "track",
      "is_audio_track": false,
      "is_audio": false,
      "plugins": [],
      "clips": []
    },
    {
      "track_id": "1004",
      "track_name": "Marker",
      "track_type": "track",
      "is_audio_track": false,
      "is_audio": false,
      "plugins": [],
      "clips": []
    },
    {
      "track_id": "1005",
      "track_name": "Tempo",
      "track_type": "track",
      "is_audio_track": false,
      "is_audio": false,
      "plugins": [],
      "clips": []
    },
    {
      "track_id": "1006",
      "track_name": "Master",
      "track_type": "master",
      "is_audio_track": false,
      "is_audio": false,
      "plugins": [],
      "clips": []
    },
    {
      "track_id": "1007",
      "track_name": "Track 1",
      "track_type": "hybrid",
      "is_audio_track": true,
      "is_audio": true,
      "plugins": [
        {
          "id": "1008",
          "item_id": "1008",
          "name": "Volume & Pan Plugin",
          "type": "volume",
          "enabled": true
        },
        {
          "id": "1009",
          "item_id": "1009",
          "name": "Level Meter",
          "type": "level",
          "enabled": true
        }
      ],
      "clips": [
        {
          "id": "1011",
          "name": "test_100hz_10s",
          "clip_type": "wave",
          "start_seconds": 0.17909049987793,
          "end_seconds": 1.671630859375,
          "length_seconds": 1.49254035949707,
          "file_path": "D:\\Vit_DAW\\test_100hz_10s.wav",
          "current_source_path": "D:\\Vit_DAW\\test_100hz_10s.wav",
          "playback_source_valid": true
        },
        {
          "id": "1014",
          "name": "test_target_3s",
          "clip_type": "wave",
          "start_seconds": 1.671630859375,
          "end_seconds": 4.671630859375,
          "length_seconds": 3.0,
          "file_path": "D:\\Vit_DAW\\test_target_3s.wav",
          "current_source_path": "D:\\Vit_DAW\\test_target_3s.wav",
          "playback_source_valid": true
        },
        {
          "id": "1013",
          "name": "test_100hz_10s",
          "clip_type": "wave",
          "start_seconds": 4.671630859375,
          "end_seconds": 10.17909049987793,
          "length_seconds": 5.50745964050293,
          "file_path": "D:\\Vit_DAW\\test_100hz_10s.wav",
          "current_source_path": "D:\\Vit_DAW\\test_100hz_10s.wav",
          "playback_source_valid": true
        }
      ],
      "output_to_device_resolved": true,
      "output_device_enabled": true,
      "output_device_id": "out_b7a4b4c1",
      "output_routing_name": "(default audio output)"
    }
  ]
}
VitHeadlessService: command reply (truncated): {
  "status": "ok",
  "project_path": "",
  "tracks": [
    {
      "track_id": "1002",
      "track_name": "Arranger",
      "track_type": "track",
      "is_audio_track": false,
      "is_audio": false,
     
ZmqGateway: received command payload: {"clip_id":"1013","cmd":"warm_waveform_bake","file_path":"D:\\Vit_DAW\\test_100hz_10s.wav","track_id":"1007"}
ZmqGateway: dispatching payload to JUCE message thread.
VitHeadlessService: processing queued command on JUCE message thread: {"clip_id":"1013","cmd":"warm_waveform_bake","file_path":"D:\\Vit_DAW\\test_100hz_10s.wav","track_id":"1007"}
Command received: {"clip_id":"1013","cmd":"warm_waveform_bake","file_path":"D:\\Vit_DAW\\test_100hz_10s.wav","track_id":"1007"}
Command executed: warm_waveform_bake, result: {
  "status": "ok",
  "cmd": "warm_waveform_bake",
  "track_id": "1007",
  "clip_id": "1013",
  "file_path": "D:\\Vit_DAW\\test_100hz_10s.wav",
  "message": "Waveform bake started (no new clip inserted)"
}
VitHeadlessService: command reply (truncated): {
  "status": "ok",
  "cmd": "warm_waveform_bake",
  "track_id": "1007",
  "clip_id": "1013",
  "file_path": "D:\\Vit_DAW\\test_100hz_10s.wav",
  "message": "Waveform bake started (no new clip inserted)"
}
ZmqGateway: received command payload: {"cmd":"list_tracks"}
ZmqGateway: dispatching payload to JUCE message thread.
VitHeadlessService: processing queued command on JUCE message thread: {"cmd":"list_tracks"}
Command received: {"cmd":"list_tracks"}
Command executed: list_tracks, result: {
  "status": "ok",
  "message": "Track list fetched",
  "tracks": [
    {
      "track_id": "1002",
      "name": "Arranger",
      "track_type": "track",
      "is_audio": false,
      "is_audio_track": false,
      "vit_type": "",
      "vit_intent": "",
      "plugin_count": 0,
      "plugins": []
    },
    {
      "track_id": "1003",
      "name": "Chord",
      "track_type": "track",
      "is_audio": false,
      "is_audio_track": false,
      "vit_type": "",
      "vit_intent": "",
      "plugin_count": 0,
      "plugins": []
    },
    {
      "track_id": "1004",
      "name": "Marker",
      "track_type": "track",
      "is_audio": false,
      "is_audio_track": false,
      "vit_type": "",
      "vit_intent": "",
      "plugin_count": 0,
      "plugins": []
    },
    {
      "track_id": "1005",
      "name": "Tempo",
      "track_type": "track",
      "is_audio": false,
      "is_audio_track": false,
      "vit_type": "",
      "vit_intent": "",
      "plugin_count": 0,
      "plugins": []
    },
    {
      "track_id": "1006",
      "name": "Master",
      "track_type": "master",
      "is_audio": false,
      "is_audio_track": false,
      "vit_type": "",
      "vit_intent": "",
      "plugin_count": 0,
      "plugins": []
    },
    {
      "track_id": "1007",
      "name": "Track 1",
      "track_type": "hybrid",
      "is_audio": true,
      "is_audio_track": true,
      "vit_type": "",
      "vit_intent": "",
      "plugin_count": 2,
      "plugins": [
        {
          "name": "Volume & Pan Plugin",
          "type": "volume",
          "enabled": true
        },
        {
          "name": "Level Meter",
          "type": "level",
          "enabled": true
        }
      ]
    }
  ]
}
VitHeadlessService: command reply (truncated): {
  "status": "ok",
  "message": "Track list fetched",
  "tracks": [
    {
      "track_id": "1002",
      "name": "Arranger",
      "track_type": "track",
      "is_audio": false,
      "is_audio_track": false,
ZmqGateway: received command payload: {"action":"play"}
ZmqGateway: dispatching payload to JUCE message thread.
VitHeadlessService: processing queued command on JUCE message thread: {"action":"play"}
Command received: {"action":"play"}
CommandDispatcher::handlePlay: before isPlaying=false isRecording=false playContextActive=true positionSeconds=0.000 editLengthSeconds=10.179
CommandDispatcher::handlePlay: after isPlaying=true isRecording=false playContextActive=true positionSeconds=0.000 editLengthSeconds=10.179
Command executed: play, result: {
  "status": "ok",
  "message": "Transport playing",
  "is_playing": true,
  "is_recording": false,
  "position_seconds": 0.0,
  "click_track_enabled": false
}
VitHeadlessService: command reply (truncated): {
  "status": "ok",
  "message": "Transport playing",
  "is_playing": true,
  "is_recording": false,
  "position_seconds": 0.0,
  "click_track_enabled": false
}
ZmqGateway: received command payload: {"action":"stop"}
ZmqGateway: dispatching payload to JUCE message thread.
VitHeadlessService: processing queued command on JUCE message thread: {"action":"stop"}
Command received: {"action":"stop"}
CommandDispatcher::handleStop: before isPlaying=true isRecording=false playContextActive=true positionSeconds=4.730 editLengthSeconds=10.179
CommandDispatcher::handleStop: after isPlaying=false isRecording=false playContextActive=true positionSeconds=4.730 editLengthSeconds=10.179
Command executed: stop, result: {
  "status": "ok",
  "message": "Transport stopped",
  "is_playing": false,
  "is_recording": false,
  "position_seconds": 4.73,
  "click_track_enabled": false
}
VitHeadlessService: command reply (truncated): {
  "status": "ok",
  "message": "Transport stopped",
  "is_playing": false,
  "is_recording": false,
  "position_seconds": 4.73,
  "click_track_enabled": false
}
ZmqGateway: received command payload: {"action":"play"}
ZmqGateway: dispatching payload to JUCE message thread.
VitHeadlessService: processing queued command on JUCE message thread: {"action":"play"}
Command received: {"action":"play"}
CommandDispatcher::handlePlay: before isPlaying=false isRecording=false playContextActive=true positionSeconds=4.750 editLengthSeconds=10.179
CommandDispatcher::handlePlay: after isPlaying=true isRecording=false playContextActive=true positionSeconds=4.750 editLengthSeconds=10.179
Command executed: play, result: {
  "status": "ok",
  "message": "Transport playing",
  "is_playing": true,
  "is_recording": false,
  "position_seconds": 4.75,
  "click_track_enabled": false
}
VitHeadlessService: command reply (truncated): {
  "status": "ok",
  "message": "Transport playing",
  "is_playing": true,
  "is_recording": false,
  "position_seconds": 4.75,
  "click_track_enabled": false
}
ZmqGateway: received command payload: {"action":"stop"}
ZmqGateway: dispatching payload to JUCE message thread.
VitHeadlessService: processing queued command on JUCE message thread: {"action":"stop"}
Command received: {"action":"stop"}
CommandDispatcher::handleStop: before isPlaying=true isRecording=false playContextActive=true positionSeconds=5.190 editLengthSeconds=10.179
CommandDispatcher::handleStop: after isPlaying=false isRecording=false playContextActive=true positionSeconds=5.190 editLengthSeconds=10.179
Command executed: stop, result: {
  "status": "ok",
  "message": "Transport stopped",
  "is_playing": false,
  "is_recording": false,
  "position_seconds": 5.19,
  "click_track_enabled": false
}
VitHeadlessService: command reply (truncated): {
  "status": "ok",
  "message": "Transport stopped",
  "is_playing": false,
  "is_recording": false,
  "position_seconds": 5.19,
  "click_track_enabled": false
}
ZmqGateway: received command payload: {"cmd":"add_track","type":"hybrid"}
ZmqGateway: dispatching payload to JUCE message thread.
VitHeadlessService: processing queued command on JUCE message thread: {"cmd":"add_track","type":"hybrid"}
Command received: {"cmd":"add_track","type":"hybrid"}
VitHeadlessService: project saved to D:\Vit_DAW\VitApp\Workspace\default_project.xml
Command executed: add_track, result: {
  "status": "ok",
  "message": "Track added",
  "track_id": "1015",
  "track_name": "Track 2"
}
VitHeadlessService: command reply (truncated): {
  "status": "ok",
  "message": "Track added",
  "track_id": "1015",
  "track_name": "Track 2"
}
ZmqGateway: received command payload: {"cmd":"list_tracks"}
ZmqGateway: dispatching payload to JUCE message thread.
VitHeadlessService: processing queued command on JUCE message thread: {"cmd":"list_tracks"}
Command received: {"cmd":"list_tracks"}
Command executed: list_tracks, result: {
  "status": "ok",
  "message": "Track list fetched",
  "tracks": [
    {
      "track_id": "1002",
      "name": "Arranger",
      "track_type": "track",
      "is_audio": false,
      "is_audio_track": false,
      "vit_type": "",
      "vit_intent": "",
      "plugin_count": 0,
      "plugins": []
    },
    {
      "track_id": "1003",
      "name": "Chord",
      "track_type": "track",
      "is_audio": false,
      "is_audio_track": false,
      "vit_type": "",
      "vit_intent": "",
      "plugin_count": 0,
      "plugins": []
    },
    {
      "track_id": "1004",
      "name": "Marker",
      "track_type": "track",
      "is_audio": false,
      "is_audio_track": false,
      "vit_type": "",
      "vit_intent": "",
      "plugin_count": 0,
      "plugins": []
    },
    {
      "track_id": "1005",
      "name": "Tempo",
      "track_type": "track",
      "is_audio": false,
      "is_audio_track": false,
      "vit_type": "",
      "vit_intent": "",
      "plugin_count": 0,
      "plugins": []
    },
    {
      "track_id": "1006",
      "name": "Master",
      "track_type": "master",
      "is_audio": false,
      "is_audio_track": false,
      "vit_type": "",
      "vit_intent": "",
      "plugin_count": 0,
      "plugins": []
    },
    {
      "track_id": "1007",
      "name": "Track 1",
      "track_type": "hybrid",
      "is_audio": true,
      "is_audio_track": true,
      "vit_type": "",
      "vit_intent": "",
      "plugin_count": 2,
      "plugins": [
        {
          "name": "Volume & Pan Plugin",
          "type": "volume",
          "enabled": true
        },
        {
          "name": "Level Meter",
          "type": "level",
          "enabled": true
        }
      ]
    },
    {
      "track_id": "1015",
      "name": "Track 2",
      "track_type": "hybrid",
      "is_audio": true,
      "is_audio_track": true,
      "vit_type": "",
      "vit_intent": "",
      "plugin_count": 2,
      "plugins": [
        {
          "name": "Volume & Pan Plugin",
          "type": "volume",
          "enabled": true
        },
        {
          "name": "Level Meter",
          "type": "level",
          "enabled": true
        }
      ]
    }
  ]
}
VitHeadlessService: command reply (truncated): {
  "status": "ok",
  "message": "Track list fetched",
  "tracks": [
    {
      "track_id": "1002",
      "name": "Arranger",
      "track_type": "track",
      "is_audio": false,
      "is_audio_track": false,
ZmqGateway: received command payload: {"cmd":"get_project_state"}
ZmqGateway: dispatching payload to JUCE message thread.
VitHeadlessService: processing queued command on JUCE message thread: {"cmd":"get_project_state"}
Command received: {"cmd":"get_project_state"}
Command executed: get_project_state, result: {
  "status": "ok",
  "project_path": "",
  "tracks": [
    {
      "track_id": "1002",
      "track_name": "Arranger",
      "track_type": "track",
      "is_audio_track": false,
      "is_audio": false,
      "plugins": [],
      "clips": []
    },
    {
      "track_id": "1003",
      "track_name": "Chord",
      "track_type": "track",
      "is_audio_track": false,
      "is_audio": false,
      "plugins": [],
      "clips": []
    },
    {
      "track_id": "1004",
      "track_name": "Marker",
      "track_type": "track",
      "is_audio_track": false,
      "is_audio": false,
      "plugins": [],
      "clips": []
    },
    {
      "track_id": "1005",
      "track_name": "Tempo",
      "track_type": "track",
      "is_audio_track": false,
      "is_audio": false,
      "plugins": [],
      "clips": []
    },
    {
      "track_id": "1006",
      "track_name": "Master",
      "track_type": "master",
      "is_audio_track": false,
      "is_audio": false,
      "plugins": [],
      "clips": []
    },
    {
      "track_id": "1007",
      "track_name": "Track 1",
      "track_type": "hybrid",
      "is_audio_track": true,
      "is_audio": true,
      "plugins": [
        {
          "id": "1008",
          "item_id": "1008",
          "name": "Volume & Pan Plugin",
          "type": "volume",
          "enabled": true
        },
        {
          "id": "1009",
          "item_id": "1009",
          "name": "Level Meter",
          "type": "level",
          "enabled": true
        }
      ],
      "clips": [
        {
          "id": "1011",
          "name": "test_100hz_10s",
          "clip_type": "wave",
          "start_seconds": 0.17909049987793,
          "end_seconds": 1.671630859375,
          "length_seconds": 1.49254035949707,
          "file_path": "D:\\Vit_DAW\\test_100hz_10s.wav",
          "current_source_path": "D:\\Vit_DAW\\test_100hz_10s.wav",
          "playback_source_valid": true
        },
        {
          "id": "1014",
          "name": "test_target_3s",
          "clip_type": "wave",
          "start_seconds": 1.671630859375,
          "end_seconds": 4.671630859375,
          "length_seconds": 3.0,
          "file_path": "D:\\Vit_DAW\\test_target_3s.wav",
          "current_source_path": "D:\\Vit_DAW\\test_target_3s.wav",
          "playback_source_valid": true
        },
        {
          "id": "1013",
          "name": "test_100hz_10s",
          "clip_type": "wave",
          "start_seconds": 4.671630859375,
          "end_seconds": 10.17909049987793,
          "length_seconds": 5.50745964050293,
          "file_path": "D:\\Vit_DAW\\test_100hz_10s.wav",
          "current_source_path": "D:\\Vit_DAW\\test_100hz_10s.wav",
          "playback_source_valid": true
        }
      ],
      "output_to_device_resolved": true,
      "output_device_enabled": true,
      "output_device_id": "out_b7a4b4c1",
      "output_routing_name": "(default audio output)"
    },
    {
      "track_id": "1015",
      "track_name": "Track 2",
      "track_type": "hybrid",
      "is_audio_track": true,
      "is_audio": true,
      "plugins": [
        {
          "id": "1016",
          "item_id": "1016",
          "name": "Volume & Pan Plugin",
          "type": "volume",
          "enabled": true
        },
        {
          "id": "1017",
          "item_id": "1017",
          "name": "Level Meter",
          "type": "level",
          "enabled": true
        }
      ],
      "clips": [],
      "output_to_device_resolved": true,
      "output_device_enabled": true,
      "output_device_id": "out_b7a4b4c1",
      "output_routing_name": "(default audio output)"
    }
  ]
}
VitHeadlessService: command reply (truncated): {
  "status": "ok",
  "project_path": "",
  "tracks": [
    {
      "track_id": "1002",
      "track_name": "Arranger",
      "track_type": "track",
      "is_audio_track": false,
      "is_audio": false,
     
ZmqGateway: received command payload: {"cmd":"list_tracks"}
ZmqGateway: dispatching payload to JUCE message thread.
VitHeadlessService: processing queued command on JUCE message thread: {"cmd":"list_tracks"}
Command received: {"cmd":"list_tracks"}
Command executed: list_tracks, result: {
  "status": "ok",
  "message": "Track list fetched",
  "tracks": [
    {
      "track_id": "1002",
      "name": "Arranger",
      "track_type": "track",
      "is_audio": false,
      "is_audio_track": false,
      "vit_type": "",
      "vit_intent": "",
      "plugin_count": 0,
      "plugins": []
    },
    {
      "track_id": "1003",
      "name": "Chord",
      "track_type": "track",
      "is_audio": false,
      "is_audio_track": false,
      "vit_type": "",
      "vit_intent": "",
      "plugin_count": 0,
      "plugins": []
    },
    {
      "track_id": "1004",
      "name": "Marker",
      "track_type": "track",
      "is_audio": false,
      "is_audio_track": false,
      "vit_type": "",
      "vit_intent": "",
      "plugin_count": 0,
      "plugins": []
    },
    {
      "track_id": "1005",
      "name": "Tempo",
      "track_type": "track",
      "is_audio": false,
      "is_audio_track": false,
      "vit_type": "",
      "vit_intent": "",
      "plugin_count": 0,
      "plugins": []
    },
    {
      "track_id": "1006",
      "name": "Master",
      "track_type": "master",
      "is_audio": false,
      "is_audio_track": false,
      "vit_type": "",
      "vit_intent": "",
      "plugin_count": 0,
      "plugins": []
    },
    {
      "track_id": "1007",
      "name": "Track 1",
      "track_type": "hybrid",
      "is_audio": true,
      "is_audio_track": true,
      "vit_type": "",
      "vit_intent": "",
      "plugin_count": 2,
      "plugins": [
        {
          "name": "Volume & Pan Plugin",
          "type": "volume",
          "enabled": true
        },
        {
          "name": "Level Meter",
          "type": "level",
          "enabled": true
        }
      ]
    },
    {
      "track_id": "1015",
      "name": "Track 2",
      "track_type": "hybrid",
      "is_audio": true,
      "is_audio_track": true,
      "vit_type": "",
      "vit_intent": "",
      "plugin_count": 2,
      "plugins": [
        {
          "name": "Volume & Pan Plugin",
          "type": "volume",
          "enabled": true
        },
        {
          "name": "Level Meter",
          "type": "level",
          "enabled": true
        }
      ]
    }
  ]
}
VitHeadlessService: command reply (truncated): {
  "status": "ok",
  "message": "Track list fetched",
  "tracks": [
    {
      "track_id": "1002",
      "name": "Arranger",
      "track_type": "track",
      "is_audio": false,
      "is_audio_track": false,
ZmqGateway: received command payload: {"action":"delete_track","track_index":6}
ZmqGateway: dispatching payload to JUCE message thread.
VitHeadlessService: processing queued command on JUCE message thread: {"action":"delete_track","track_index":6}
Command received: {"action":"delete_track","track_index":6}
Command executed: delete_track, result: {
  "status": "error",
  "message": "Audio track not found for track_index: 6"
}
VitHeadlessService: command reply (truncated): {
  "status": "error",
  "message": "Audio track not found for track_index: 6"
}
ZmqGateway: received command payload: {"cmd":"list_tracks"}
ZmqGateway: dispatching payload to JUCE message thread.
VitHeadlessService: processing queued command on JUCE message thread: {"cmd":"list_tracks"}
Command received: {"cmd":"list_tracks"}
Command executed: list_tracks, result: {
  "status": "ok",
  "message": "Track list fetched",
  "tracks": [
    {
      "track_id": "1002",
      "name": "Arranger",
      "track_type": "track",
      "is_audio": false,
      "is_audio_track": false,
      "vit_type": "",
      "vit_intent": "",
      "plugin_count": 0,
      "plugins": []
    },
    {
      "track_id": "1003",
      "name": "Chord",
      "track_type": "track",
      "is_audio": false,
      "is_audio_track": false,
      "vit_type": "",
      "vit_intent": "",
      "plugin_count": 0,
      "plugins": []
    },
    {
      "track_id": "1004",
      "name": "Marker",
      "track_type": "track",
      "is_audio": false,
      "is_audio_track": false,
      "vit_type": "",
      "vit_intent": "",
      "plugin_count": 0,
      "plugins": []
    },
    {
      "track_id": "1005",
      "name": "Tempo",
      "track_type": "track",
      "is_audio": false,
      "is_audio_track": false,
      "vit_type": "",
      "vit_intent": "",
      "plugin_count": 0,
      "plugins": []
    },
    {
      "track_id": "1006",
      "name": "Master",
      "track_type": "master",
      "is_audio": false,
      "is_audio_track": false,
      "vit_type": "",
      "vit_intent": "",
      "plugin_count": 0,
      "plugins": []
    },
    {
      "track_id": "1007",
      "name": "Track 1",
      "track_type": "hybrid",
      "is_audio": true,
      "is_audio_track": true,
      "vit_type": "",
      "vit_intent": "",
      "plugin_count": 2,
      "plugins": [
        {
          "name": "Volume & Pan Plugin",
          "type": "volume",
          "enabled": true
        },
        {
          "name": "Level Meter",
          "type": "level",
          "enabled": true
        }
      ]
    },
    {
      "track_id": "1015",
      "name": "Track 2",
      "track_type": "hybrid",
      "is_audio": true,
      "is_audio_track": true,
      "vit_type": "",
      "vit_intent": "",
      "plugin_count": 2,
      "plugins": [
        {
          "name": "Volume & Pan Plugin",
          "type": "volume",
          "enabled": true
        },
        {
          "name": "Level Meter",
          "type": "level",
          "enabled": true
        }
      ]
    }
  ]
}
VitHeadlessService: command reply (truncated): {
  "status": "ok",
  "message": "Track list fetched",
  "tracks": [
    {
      "track_id": "1002",
      "name": "Arranger",
      "track_type": "track",
      "is_audio": false,
      "is_audio_track": false,
ZmqGateway: received command payload: {"action":"import_media_to_track","file_path":"D:/Vit_DAW/test_100hz_10s.wav","media_type":"audio","start_time":0.238792419433594,"track_id":"1015"}
ZmqGateway: dispatching payload to JUCE message thread.
VitHeadlessService: processing queued command on JUCE message thread: {"action":"import_media_to_track","file_path":"D:/Vit_DAW/test_100hz_10s.wav","media_type":"audio","start_time":0.238792419433594,"track_id":"1015"}
Command received: {"action":"import_media_to_track","file_path":"D:/Vit_DAW/test_100hz_10s.wav","media_type":"audio","start_time":0.238792419433594,"track_id":"1015"}
VitHeadlessService: project saved to D:\Vit_DAW\VitApp\Workspace\default_project.xml
CommandDispatcher::handleImportMediaToTrack: clipId="1019" clip="test_100hz_10s" trackId="1015" source="D:\Vit_DAW\test_100hz_10s.wav" lengthSec=10.000 isPlaying=false isRecording=false playContextActive=true positionSeconds=5.190 editLengthSeconds=10.239
Command executed: import_media_to_track, result: {
  "status": "success",
  "action": "import_media_to_track",
  "clip_id": "1019",
  "track_id": "1015",
  "start_time": 0.238792419433594,
  "resolved_start_time": 0.238792419433594,
  "length": 10.0,
  "applied_mode": "destructive",
  "clip_name": "test_100hz_10s",
  "file_path": "D:\\Vit_DAW\\test_100hz_10s.wav",
  "edit_length_seconds": 10.238792419433594,
  "baking_status": "baking_started"
}
VitHeadlessService: command reply (truncated): {
  "status": "success",
  "action": "import_media_to_track",
  "clip_id": "1019",
  "track_id": "1015",
  "start_time": 0.238792419433594,
  "resolved_start_time": 0.238792419433594,
  "length": 10.0,
  "applied
ZmqGateway: received command payload: {"cmd":"get_project_state"}
ZmqGateway: dispatching payload to JUCE message thread.
VitHeadlessService: processing queued command on JUCE message thread: {"cmd":"get_project_state"}
Command received: {"cmd":"get_project_state"}
Command executed: get_project_state, result: {
  "status": "ok",
  "project_path": "",
  "tracks": [
    {
      "track_id": "1002",
      "track_name": "Arranger",
      "track_type": "track",
      "is_audio_track": false,
      "is_audio": false,
      "plugins": [],
      "clips": []
    },
    {
      "track_id": "1003",
      "track_name": "Chord",
      "track_type": "track",
      "is_audio_track": false,
      "is_audio": false,
      "plugins": [],
      "clips": []
    },
    {
      "track_id": "1004",
      "track_name": "Marker",
      "track_type": "track",
      "is_audio_track": false,
      "is_audio": false,
      "plugins": [],
      "clips": []
    },
    {
      "track_id": "1005",
      "track_name": "Tempo",
      "track_type": "track",
      "is_audio_track": false,
      "is_audio": false,
      "plugins": [],
      "clips": []
    },
    {
      "track_id": "1006",
      "track_name": "Master",
      "track_type": "master",
      "is_audio_track": false,
      "is_audio": false,
      "plugins": [],
      "clips": []
    },
    {
      "track_id": "1007",
      "track_name": "Track 1",
      "track_type": "hybrid",
      "is_audio_track": true,
      "is_audio": true,
      "plugins": [
        {
          "id": "1008",
          "item_id": "1008",
          "name": "Volume & Pan Plugin",
          "type": "volume",
          "enabled": true
        },
        {
          "id": "1009",
          "item_id": "1009",
          "name": "Level Meter",
          "type": "level",
          "enabled": true
        }
      ],
      "clips": [
        {
          "id": "1011",
          "name": "test_100hz_10s",
          "clip_type": "wave",
          "start_seconds": 0.17909049987793,
          "end_seconds": 1.671630859375,
          "length_seconds": 1.49254035949707,
          "file_path": "D:\\Vit_DAW\\test_100hz_10s.wav",
          "current_source_path": "D:\\Vit_DAW\\test_100hz_10s.wav",
          "playback_source_valid": true
        },
        {
          "id": "1014",
          "name": "test_target_3s",
          "clip_type": "wave",
          "start_seconds": 1.671630859375,
          "end_seconds": 4.671630859375,
          "length_seconds": 3.0,
          "file_path": "D:\\Vit_DAW\\test_target_3s.wav",
          "current_source_path": "D:\\Vit_DAW\\test_target_3s.wav",
          "playback_source_valid": true
        },
        {
          "id": "1013",
          "name": "test_100hz_10s",
          "clip_type": "wave",
          "start_seconds": 4.671630859375,
          "end_seconds": 10.17909049987793,
          "length_seconds": 5.50745964050293,
          "file_path": "D:\\Vit_DAW\\test_100hz_10s.wav",
          "current_source_path": "D:\\Vit_DAW\\test_100hz_10s.wav",
          "playback_source_valid": true
        }
      ],
      "output_to_device_resolved": true,
      "output_device_enabled": true,
      "output_device_id": "out_b7a4b4c1",
      "output_routing_name": "(default audio output)"
    },
    {
      "track_id": "1015",
      "track_name": "Track 2",
      "track_type": "hybrid",
      "is_audio_track": true,
      "is_audio": true,
      "plugins": [
        {
          "id": "1016",
          "item_id": "1016",
          "name": "Volume & Pan Plugin",
          "type": "volume",
          "enabled": true
        },
        {
          "id": "1017",
          "item_id": "1017",
          "name": "Level Meter",
          "type": "level",
          "enabled": true
        }
      ],
      "clips": [
        {
          "id": "1019",
          "name": "test_100hz_10s",
          "clip_type": "wave",
          "start_seconds": 0.238792419433594,
          "end_seconds": 10.238792419433594,
          "length_seconds": 10.0,
          "file_path": "D:\\Vit_DAW\\test_100hz_10s.wav",
          "current_source_path": "D:\\Vit_DAW\\test_100hz_10s.wav",
          "playback_source_valid": true
        }
      ],
      "output_to_device_resolved": true,
      "output_device_enabled": true,
      "output_device_id": "out_b7a4b4c1",
      "output_routing_name": "(default audio output)"
    }
  ]
}
VitHeadlessService: command reply (truncated): {
  "status": "ok",
  "project_path": "",
  "tracks": [
    {
      "track_id": "1002",
      "track_name": "Arranger",
      "track_type": "track",
      "is_audio_track": false,
      "is_audio": false,
     
ZmqGateway: received command payload: {"clip_id":"1011","cmd":"warm_waveform_bake","file_path":"D:\\Vit_DAW\\test_100hz_10s.wav","track_id":"1007"}
ZmqGateway: dispatching payload to JUCE message thread.
VitHeadlessService: processing queued command on JUCE message thread: {"clip_id":"1011","cmd":"warm_waveform_bake","file_path":"D:\\Vit_DAW\\test_100hz_10s.wav","track_id":"1007"}
Command received: {"clip_id":"1011","cmd":"warm_waveform_bake","file_path":"D:\\Vit_DAW\\test_100hz_10s.wav","track_id":"1007"}
Command executed: warm_waveform_bake, result: {
  "status": "ok",
  "cmd": "warm_waveform_bake",
  "track_id": "1007",
  "clip_id": "1011",
  "file_path": "D:\\Vit_DAW\\test_100hz_10s.wav",
  "message": "Waveform bake started (no new clip inserted)"
}
VitHeadlessService: command reply (truncated): {
  "status": "ok",
  "cmd": "warm_waveform_bake",
  "track_id": "1007",
  "clip_id": "1011",
  "file_path": "D:\\Vit_DAW\\test_100hz_10s.wav",
  "message": "Waveform bake started (no new clip inserted)"
}
ZmqGateway: received command payload: {"clip_id":"1014","cmd":"warm_waveform_bake","file_path":"D:\\Vit_DAW\\test_target_3s.wav","track_id":"1007"}
ZmqGateway: dispatching payload to JUCE message thread.
VitHeadlessService: processing queued command on JUCE message thread: {"clip_id":"1014","cmd":"warm_waveform_bake","file_path":"D:\\Vit_DAW\\test_target_3s.wav","track_id":"1007"}
Command received: {"clip_id":"1014","cmd":"warm_waveform_bake","file_path":"D:\\Vit_DAW\\test_target_3s.wav","track_id":"1007"}
Command executed: warm_waveform_bake, result: {
  "status": "ok",
  "cmd": "warm_waveform_bake",
  "track_id": "1007",
  "clip_id": "1014",
  "file_path": "D:\\Vit_DAW\\test_target_3s.wav",
  "message": "Waveform bake started (no new clip inserted)"
}
VitHeadlessService: command reply (truncated): {
  "status": "ok",
  "cmd": "warm_waveform_bake",
  "track_id": "1007",
  "clip_id": "1014",
  "file_path": "D:\\Vit_DAW\\test_target_3s.wav",
  "message": "Waveform bake started (no new clip inserted)"
}
ZmqGateway: received command payload: {"clip_id":"1013","cmd":"warm_waveform_bake","file_path":"D:\\Vit_DAW\\test_100hz_10s.wav","track_id":"1007"}
ZmqGateway: dispatching payload to JUCE message thread.
VitHeadlessService: processing queued command on JUCE message thread: {"clip_id":"1013","cmd":"warm_waveform_bake","file_path":"D:\\Vit_DAW\\test_100hz_10s.wav","track_id":"1007"}
Command received: {"clip_id":"1013","cmd":"warm_waveform_bake","file_path":"D:\\Vit_DAW\\test_100hz_10s.wav","track_id":"1007"}
Command executed: warm_waveform_bake, result: {
  "status": "ok",
  "cmd": "warm_waveform_bake",
  "track_id": "1007",
  "clip_id": "1013",
  "file_path": "D:\\Vit_DAW\\test_100hz_10s.wav",
  "message": "Waveform bake started (no new clip inserted)"
}
VitHeadlessService: command reply (truncated): {
  "status": "ok",
  "cmd": "warm_waveform_bake",
  "track_id": "1007",
  "clip_id": "1013",
  "file_path": "D:\\Vit_DAW\\test_100hz_10s.wav",
  "message": "Waveform bake started (no new clip inserted)"
}
ZmqGateway: received command payload: {"cmd":"list_tracks"}
ZmqGateway: dispatching payload to JUCE message thread.
VitHeadlessService: processing queued command on JUCE message thread: {"cmd":"list_tracks"}
Command received: {"cmd":"list_tracks"}
Command executed: list_tracks, result: {
  "status": "ok",
  "message": "Track list fetched",
  "tracks": [
    {
      "track_id": "1002",
      "name": "Arranger",
      "track_type": "track",
      "is_audio": false,
      "is_audio_track": false,
      "vit_type": "",
      "vit_intent": "",
      "plugin_count": 0,
      "plugins": []
    },
    {
      "track_id": "1003",
      "name": "Chord",
      "track_type": "track",
      "is_audio": false,
      "is_audio_track": false,
      "vit_type": "",
      "vit_intent": "",
      "plugin_count": 0,
      "plugins": []
    },
    {
      "track_id": "1004",
      "name": "Marker",
      "track_type": "track",
      "is_audio": false,
      "is_audio_track": false,
      "vit_type": "",
      "vit_intent": "",
      "plugin_count": 0,
      "plugins": []
    },
    {
      "track_id": "1005",
      "name": "Tempo",
      "track_type": "track",
      "is_audio": false,
      "is_audio_track": false,
      "vit_type": "",
      "vit_intent": "",
      "plugin_count": 0,
      "plugins": []
    },
    {
      "track_id": "1006",
      "name": "Master",
      "track_type": "master",
      "is_audio": false,
      "is_audio_track": false,
      "vit_type": "",
      "vit_intent": "",
      "plugin_count": 0,
      "plugins": []
    },
    {
      "track_id": "1007",
      "name": "Track 1",
      "track_type": "hybrid",
      "is_audio": true,
      "is_audio_track": true,
      "vit_type": "",
      "vit_intent": "",
      "plugin_count": 2,
      "plugins": [
        {
          "name": "Volume & Pan Plugin",
          "type": "volume",
          "enabled": true
        },
        {
          "name": "Level Meter",
          "type": "level",
          "enabled": true
        }
      ]
    },
    {
      "track_id": "1015",
      "name": "Track 2",
      "track_type": "hybrid",
      "is_audio": true,
      "is_audio_track": true,
      "vit_type": "",
      "vit_intent": "",
      "plugin_count": 2,
      "plugins": [
        {
          "name": "Volume & Pan Plugin",
          "type": "volume",
          "enabled": true
        },
        {
          "name": "Level Meter",
          "type": "level",
          "enabled": true
        }
      ]
    }
  ]
}
VitHeadlessService: command reply (truncated): {
  "status": "ok",
  "message": "Track list fetched",
  "tracks": [
    {
      "track_id": "1002",
      "name": "Arranger",
      "track_type": "track",
      "is_audio": false,
      "is_audio_track": false,
ZmqGateway: received command payload: {"action":"delete_track","track_index":1}
ZmqGateway: dispatching payload to JUCE message thread.
VitHeadlessService: processing queued command on JUCE message thread: {"action":"delete_track","track_index":1}
Command received: {"action":"delete_track","track_index":1}
VitHeadlessService: project saved to D:\Vit_DAW\VitApp\Workspace\default_project.xml
Command executed: delete_track, result: {
  "status": "ok",
  "message": "Audio track deleted",
  "track_index": 1
}
VitHeadlessService: command reply (truncated): {
  "status": "ok",
  "message": "Audio track deleted",
  "track_index": 1
}
ZmqGateway: received command payload: {"cmd":"list_tracks"}
ZmqGateway: dispatching payload to JUCE message thread.
VitHeadlessService: processing queued command on JUCE message thread: {"cmd":"list_tracks"}
Command received: {"cmd":"list_tracks"}
Command executed: list_tracks, result: {
  "status": "ok",
  "message": "Track list fetched",
  "tracks": [
    {
      "track_id": "1002",
      "name": "Arranger",
      "track_type": "track",
      "is_audio": false,
      "is_audio_track": false,
      "vit_type": "",
      "vit_intent": "",
      "plugin_count": 0,
      "plugins": []
    },
    {
      "track_id": "1003",
      "name": "Chord",
      "track_type": "track",
      "is_audio": false,
      "is_audio_track": false,
      "vit_type": "",
      "vit_intent": "",
      "plugin_count": 0,
      "plugins": []
    },
    {
      "track_id": "1004",
      "name": "Marker",
      "track_type": "track",
      "is_audio": false,
      "is_audio_track": false,
      "vit_type": "",
      "vit_intent": "",
      "plugin_count": 0,
      "plugins": []
    },
    {
      "track_id": "1005",
      "name": "Tempo",
      "track_type": "track",
      "is_audio": false,
      "is_audio_track": false,
      "vit_type": "",
      "vit_intent": "",
      "plugin_count": 0,
      "plugins": []
    },
    {
      "track_id": "1006",
      "name": "Master",
      "track_type": "master",
      "is_audio": false,
      "is_audio_track": false,
      "vit_type": "",
      "vit_intent": "",
      "plugin_count": 0,
      "plugins": []
    },
    {
      "track_id": "1015",
      "name": "Track 1",
      "track_type": "hybrid",
      "is_audio": true,
      "is_audio_track": true,
      "vit_type": "",
      "vit_intent": "",
      "plugin_count": 2,
      "plugins": [
        {
          "name": "Volume & Pan Plugin",
          "type": "volume",
          "enabled": true
        },
        {
          "name": "Level Meter",
          "type": "level",
          "enabled": true
        }
      ]
    }
  ]
}
VitHeadlessService: command reply (truncated): {
  "status": "ok",
  "message": "Track list fetched",
  "tracks": [
    {
      "track_id": "1002",
      "name": "Arranger",
      "track_type": "track",
      "is_audio": false,
      "is_audio_track": false,
ZmqGateway: received command payload: {"cmd":"add_track","type":"hybrid"}
ZmqGateway: dispatching payload to JUCE message thread.
VitHeadlessService: processing queued command on JUCE message thread: {"cmd":"add_track","type":"hybrid"}
Command received: {"cmd":"add_track","type":"hybrid"}
VitHeadlessService: project saved to D:\Vit_DAW\VitApp\Workspace\default_project.xml
Command executed: add_track, result: {
  "status": "ok",
  "message": "Track added",
  "track_id": "1020",
  "track_name": "Track 2"
}
VitHeadlessService: command reply (truncated): {
  "status": "ok",
  "message": "Track added",
  "track_id": "1020",
  "track_name": "Track 2"
}
ZmqGateway: received command payload: {"cmd":"list_tracks"}
ZmqGateway: dispatching payload to JUCE message thread.
VitHeadlessService: processing queued command on JUCE message thread: {"cmd":"list_tracks"}
Command received: {"cmd":"list_tracks"}
Command executed: list_tracks, result: {
  "status": "ok",
  "message": "Track list fetched",
  "tracks": [
    {
      "track_id": "1002",
      "name": "Arranger",
      "track_type": "track",
      "is_audio": false,
      "is_audio_track": false,
      "vit_type": "",
      "vit_intent": "",
      "plugin_count": 0,
      "plugins": []
    },
    {
      "track_id": "1003",
      "name": "Chord",
      "track_type": "track",
      "is_audio": false,
      "is_audio_track": false,
      "vit_type": "",
      "vit_intent": "",
      "plugin_count": 0,
      "plugins": []
    },
    {
      "track_id": "1004",
      "name": "Marker",
      "track_type": "track",
      "is_audio": false,
      "is_audio_track": false,
      "vit_type": "",
      "vit_intent": "",
      "plugin_count": 0,
      "plugins": []
    },
    {
      "track_id": "1005",
      "name": "Tempo",
      "track_type": "track",
      "is_audio": false,
      "is_audio_track": false,
      "vit_type": "",
      "vit_intent": "",
      "plugin_count": 0,
      "plugins": []
    },
    {
      "track_id": "1006",
      "name": "Master",
      "track_type": "master",
      "is_audio": false,
      "is_audio_track": false,
      "vit_type": "",
      "vit_intent": "",
      "plugin_count": 0,
      "plugins": []
    },
    {
      "track_id": "1015",
      "name": "Track 1",
      "track_type": "hybrid",
      "is_audio": true,
      "is_audio_track": true,
      "vit_type": "",
      "vit_intent": "",
      "plugin_count": 2,
      "plugins": [
        {
          "name": "Volume & Pan Plugin",
          "type": "volume",
          "enabled": true
        },
        {
          "name": "Level Meter",
          "type": "level",
          "enabled": true
        }
      ]
    },
    {
      "track_id": "1020",
      "name": "Track 2",
      "track_type": "hybrid",
      "is_audio": true,
      "is_audio_track": true,
      "vit_type": "",
      "vit_intent": "",
      "plugin_count": 2,
      "plugins": [
        {
          "name": "Volume & Pan Plugin",
          "type": "volume",
          "enabled": true
        },
        {
          "name": "Level Meter",
          "type": "level",
          "enabled": true
        }
      ]
    }
  ]
}
VitHeadlessService: command reply (truncated): {
  "status": "ok",
  "message": "Track list fetched",
  "tracks": [
    {
      "track_id": "1002",
      "name": "Arranger",
      "track_type": "track",
      "is_audio": false,
      "is_audio_track": false,
ZmqGateway: received command payload: {"cmd":"get_project_state"}
ZmqGateway: dispatching payload to JUCE message thread.
VitHeadlessService: processing queued command on JUCE message thread: {"cmd":"get_project_state"}
Command received: {"cmd":"get_project_state"}
Command executed: get_project_state, result: {
  "status": "ok",
  "project_path": "",
  "tracks": [
    {
      "track_id": "1002",
      "track_name": "Arranger",
      "track_type": "track",
      "is_audio_track": false,
      "is_audio": false,
      "plugins": [],
      "clips": []
    },
    {
      "track_id": "1003",
      "track_name": "Chord",
      "track_type": "track",
      "is_audio_track": false,
      "is_audio": false,
      "plugins": [],
      "clips": []
    },
    {
      "track_id": "1004",
      "track_name": "Marker",
      "track_type": "track",
      "is_audio_track": false,
      "is_audio": false,
      "plugins": [],
      "clips": []
    },
    {
      "track_id": "1005",
      "track_name": "Tempo",
      "track_type": "track",
      "is_audio_track": false,
      "is_audio": false,
      "plugins": [],
      "clips": []
    },
    {
      "track_id": "1006",
      "track_name": "Master",
      "track_type": "master",
      "is_audio_track": false,
      "is_audio": false,
      "plugins": [],
      "clips": []
    },
    {
      "track_id": "1015",
      "track_name": "Track 1",
      "track_type": "hybrid",
      "is_audio_track": true,
      "is_audio": true,
      "plugins": [
        {
          "id": "1016",
          "item_id": "1016",
          "name": "Volume & Pan Plugin",
          "type": "volume",
          "enabled": true
        },
        {
          "id": "1017",
          "item_id": "1017",
          "name": "Level Meter",
          "type": "level",
          "enabled": true
        }
      ],
      "clips": [
        {
          "id": "1019",
          "name": "test_100hz_10s",
          "clip_type": "wave",
          "start_seconds": 0.238792419433594,
          "end_seconds": 10.238792419433594,
          "length_seconds": 10.0,
          "file_path": "D:\\Vit_DAW\\test_100hz_10s.wav",
          "current_source_path": "D:\\Vit_DAW\\test_100hz_10s.wav",
          "playback_source_valid": true
        }
      ],
      "output_to_device_resolved": true,
      "output_device_enabled": true,
      "output_device_id": "out_b7a4b4c1",
      "output_routing_name": "(default audio output)"
    },
    {
      "track_id": "1020",
      "track_name": "Track 2",
      "track_type": "hybrid",
      "is_audio_track": true,
      "is_audio": true,
      "plugins": [
        {
          "id": "1021",
          "item_id": "1021",
          "name": "Volume & Pan Plugin",
          "type": "volume",
          "enabled": true
        },
        {
          "id": "1022",
          "item_id": "1022",
          "name": "Level Meter",
          "type": "level",
          "enabled": true
        }
      ],
      "clips": [],
      "output_to_device_resolved": true,
      "output_device_enabled": true,
      "output_device_id": "out_b7a4b4c1",
      "output_routing_name": "(default audio output)"
    }
  ]
}
VitHeadlessService: command reply (truncated): {
  "status": "ok",
  "project_path": "",
  "tracks": [
    {
      "track_id": "1002",
      "track_name": "Arranger",
      "track_type": "track",
      "is_audio_track": false,
      "is_audio": false,
     
ZmqGateway: received command payload: {"cmd":"list_tracks"}
ZmqGateway: dispatching payload to JUCE message thread.
VitHeadlessService: processing queued command on JUCE message thread: {"cmd":"list_tracks"}
Command received: {"cmd":"list_tracks"}
Command executed: list_tracks, result: {
  "status": "ok",
  "message": "Track list fetched",
  "tracks": [
    {
      "track_id": "1002",
      "name": "Arranger",
      "track_type": "track",
      "is_audio": false,
      "is_audio_track": false,
      "vit_type": "",
      "vit_intent": "",
      "plugin_count": 0,
      "plugins": []
    },
    {
      "track_id": "1003",
      "name": "Chord",
      "track_type": "track",
      "is_audio": false,
      "is_audio_track": false,
      "vit_type": "",
      "vit_intent": "",
      "plugin_count": 0,
      "plugins": []
    },
    {
      "track_id": "1004",
      "name": "Marker",
      "track_type": "track",
      "is_audio": false,
      "is_audio_track": false,
      "vit_type": "",
      "vit_intent": "",
      "plugin_count": 0,
      "plugins": []
    },
    {
      "track_id": "1005",
      "name": "Tempo",
      "track_type": "track",
      "is_audio": false,
      "is_audio_track": false,
      "vit_type": "",
      "vit_intent": "",
      "plugin_count": 0,
      "plugins": []
    },
    {
      "track_id": "1006",
      "name": "Master",
      "track_type": "master",
      "is_audio": false,
      "is_audio_track": false,
      "vit_type": "",
      "vit_intent": "",
      "plugin_count": 0,
      "plugins": []
    },
    {
      "track_id": "1015",
      "name": "Track 1",
      "track_type": "hybrid",
      "is_audio": true,
      "is_audio_track": true,
      "vit_type": "",
      "vit_intent": "",
      "plugin_count": 2,
      "plugins": [
        {
          "name": "Volume & Pan Plugin",
          "type": "volume",
          "enabled": true
        },
        {
          "name": "Level Meter",
          "type": "level",
          "enabled": true
        }
      ]
    },
    {
      "track_id": "1020",
      "name": "Track 2",
      "track_type": "hybrid",
      "is_audio": true,
      "is_audio_track": true,
      "vit_type": "",
      "vit_intent": "",
      "plugin_count": 2,
      "plugins": [
        {
          "name": "Volume & Pan Plugin",
          "type": "volume",
          "enabled": true
        },
        {
          "name": "Level Meter",
          "type": "level",
          "enabled": true
        }
      ]
    }
  ]
}
VitHeadlessService: command reply (truncated): {
  "status": "ok",
  "message": "Track list fetched",
  "tracks": [
    {
      "track_id": "1002",
      "name": "Arranger",
      "track_type": "track",
      "is_audio": false,
      "is_audio_track": false,
ZmqGateway: received command payload: {"action":"play"}
ZmqGateway: dispatching payload to JUCE message thread.
VitHeadlessService: processing queued command on JUCE message thread: {"action":"play"}
Command received: {"action":"play"}
CommandDispatcher::handlePlay: before isPlaying=false isRecording=false playContextActive=true positionSeconds=5.190 editLengthSeconds=10.239
CommandDispatcher::handlePlay: after isPlaying=true isRecording=false playContextActive=true positionSeconds=5.190 editLengthSeconds=10.239
Command executed: play, result: {
  "status": "ok",
  "message": "Transport playing",
  "is_playing": true,
  "is_recording": false,
  "position_seconds": 5.19,
  "click_track_enabled": false
}
VitHeadlessService: command reply (truncated): {
  "status": "ok",
  "message": "Transport playing",
  "is_playing": true,
  "is_recording": false,
  "position_seconds": 5.19,
  "click_track_enabled": false
}
ZmqGateway: received command payload: {"action":"stop"}
ZmqGateway: dispatching payload to JUCE message thread.
VitHeadlessService: processing queued command on JUCE message thread: {"action":"stop"}
Command received: {"action":"stop"}
CommandDispatcher::handleStop: before isPlaying=true isRecording=false playContextActive=true positionSeconds=5.710 editLengthSeconds=10.239
CommandDispatcher::handleStop: after isPlaying=false isRecording=false playContextActive=true positionSeconds=5.710 editLengthSeconds=10.239
Command executed: stop, result: {
  "status": "ok",
  "message": "Transport stopped",
  "is_playing": false,
  "is_recording": false,
  "position_seconds": 5.71,
  "click_track_enabled": false
}
VitHeadlessService: command reply (truncated): {
  "status": "ok",
  "message": "Transport stopped",
  "is_playing": false,
  "is_recording": false,
  "position_seconds": 5.71,
  "click_track_enabled": false
}
ZmqGateway: received command payload: {"action":"return_to_zero"}
ZmqGateway: dispatching payload to JUCE message thread.
VitHeadlessService: processing queued command on JUCE message thread: {"action":"return_to_zero"}
Command received: {"action":"return_to_zero"}
CommandDispatcher::handleReturnToZero: before isPlaying=false isRecording=false playContextActive=true positionSeconds=5.720 editLengthSeconds=10.239
CommandDispatcher::handleReturnToZero: after isPlaying=false isRecording=false playContextActive=true positionSeconds=0.000 editLengthSeconds=10.239
Command executed: return_to_zero, result: {
  "status": "ok",
  "message": "Transport returned to zero",
  "is_playing": false,
  "is_recording": false,
  "position_seconds": 0.0,
  "click_track_enabled": false
}
VitHeadlessService: command reply (truncated): {
  "status": "ok",
  "message": "Transport returned to zero",
  "is_playing": false,
  "is_recording": false,
  "position_seconds": 0.0,
  "click_track_enabled": false
}
ZmqGateway: received command payload: {"action":"play"}
ZmqGateway: dispatching payload to JUCE message thread.
VitHeadlessService: processing queued command on JUCE message thread: {"action":"play"}
Command received: {"action":"play"}
CommandDispatcher::handlePlay: before isPlaying=false isRecording=false playContextActive=true positionSeconds=0.000 editLengthSeconds=10.239
CommandDispatcher::handlePlay: after isPlaying=true isRecording=false playContextActive=true positionSeconds=0.000 editLengthSeconds=10.239
Command executed: play, result: {
  "status": "ok",
  "message": "Transport playing",
  "is_playing": true,
  "is_recording": false,
  "position_seconds": 0.0,
  "click_track_enabled": false
}
VitHeadlessService: command reply (truncated): {
  "status": "ok",
  "message": "Transport playing",
  "is_playing": true,
  "is_recording": false,
  "position_seconds": 0.0,
  "click_track_enabled": false
}
ZmqGateway: received command payload: {"action":"stop"}
ZmqGateway: dispatching payload to JUCE message thread.
VitHeadlessService: processing queued command on JUCE message thread: {"action":"stop"}
Command received: {"action":"stop"}
CommandDispatcher::handleStop: before isPlaying=true isRecording=false playContextActive=true positionSeconds=1.630 editLengthSeconds=10.239
CommandDispatcher::handleStop: after isPlaying=false isRecording=false playContextActive=true positionSeconds=1.630 editLengthSeconds=10.239
Command executed: stop, result: {
  "status": "ok",
  "message": "Transport stopped",
  "is_playing": false,
  "is_recording": false,
  "position_seconds": 1.63,
  "click_track_enabled": false
}
VitHeadlessService: command reply (truncated): {
  "status": "ok",
  "message": "Transport stopped",
  "is_playing": false,
  "is_recording": false,
  "position_seconds": 1.63,
  "click_track_enabled": false
}
ZmqGateway: received command payload: {"action":"return_to_zero"}
ZmqGateway: dispatching payload to JUCE message thread.
VitHeadlessService: processing queued command on JUCE message thread: {"action":"return_to_zero"}
Command received: {"action":"return_to_zero"}
CommandDispatcher::handleReturnToZero: before isPlaying=false isRecording=false playContextActive=true positionSeconds=1.640 editLengthSeconds=10.239
CommandDispatcher::handleReturnToZero: after isPlaying=false isRecording=false playContextActive=true positionSeconds=0.000 editLengthSeconds=10.239
Command executed: return_to_zero, result: {
  "status": "ok",
  "message": "Transport returned to zero",
  "is_playing": false,
  "is_recording": false,
  "position_seconds": 0.0,
  "click_track_enabled": false
}
VitHeadlessService: command reply (truncated): {
  "status": "ok",
  "message": "Transport returned to zero",
  "is_playing": false,
  "is_recording": false,
  "position_seconds": 0.0,
  "click_track_enabled": false
}
ZmqGateway: received command payload: {"action":"delete_track","track_index":7}
ZmqGateway: dispatching payload to JUCE message thread.
VitHeadlessService: processing queued command on JUCE message thread: {"action":"delete_track","track_index":7}
Command received: {"action":"delete_track","track_index":7}
Command executed: delete_track, result: {
  "status": "error",
  "message": "Audio track not found for track_index: 7"
}
VitHeadlessService: command reply (truncated): {
  "status": "error",
  "message": "Audio track not found for track_index: 7"
}
ZmqGateway: received command payload: {"cmd":"list_tracks"}
ZmqGateway: dispatching payload to JUCE message thread.
VitHeadlessService: processing queued command on JUCE message thread: {"cmd":"list_tracks"}
Command received: {"cmd":"list_tracks"}
Command executed: list_tracks, result: {
  "status": "ok",
  "message": "Track list fetched",
  "tracks": [
    {
      "track_id": "1002",
      "name": "Arranger",
      "track_type": "track",
      "is_audio": false,
      "is_audio_track": false,
      "vit_type": "",
      "vit_intent": "",
      "plugin_count": 0,
      "plugins": []
    },
    {
      "track_id": "1003",
      "name": "Chord",
      "track_type": "track",
      "is_audio": false,
      "is_audio_track": false,
      "vit_type": "",
      "vit_intent": "",
      "plugin_count": 0,
      "plugins": []
    },
    {
      "track_id": "1004",
      "name": "Marker",
      "track_type": "track",
      "is_audio": false,
      "is_audio_track": false,
      "vit_type": "",
      "vit_intent": "",
      "plugin_count": 0,
      "plugins": []
    },
    {
      "track_id": "1005",
      "name": "Tempo",
      "track_type": "track",
      "is_audio": false,
      "is_audio_track": false,
      "vit_type": "",
      "vit_intent": "",
      "plugin_count": 0,
      "plugins": []
    },
    {
      "track_id": "1006",
      "name": "Master",
      "track_type": "master",
      "is_audio": false,
      "is_audio_track": false,
      "vit_type": "",
      "vit_intent": "",
      "plugin_count": 0,
      "plugins": []
    },
    {
      "track_id": "1015",
      "name": "Track 1",
      "track_type": "hybrid",
      "is_audio": true,
      "is_audio_track": true,
      "vit_type": "",
      "vit_intent": "",
      "plugin_count": 2,
      "plugins": [
        {
          "name": "Volume & Pan Plugin",
          "type": "volume",
          "enabled": true
        },
        {
          "name": "Level Meter",
          "type": "level",
          "enabled": true
        }
      ]
    },
    {
      "track_id": "1020",
      "name": "Track 2",
      "track_type": "hybrid",
      "is_audio": true,
      "is_audio_track": true,
      "vit_type": "",
      "vit_intent": "",
      "plugin_count": 2,
      "plugins": [
        {
          "name": "Volume & Pan Plugin",
          "type": "volume",
          "enabled": true
        },
        {
          "name": "Level Meter",
          "type": "level",
          "enabled": true
        }
      ]
    }
  ]
}
VitHeadlessService: command reply (truncated): {
  "status": "ok",
  "message": "Track list fetched",
  "tracks": [
    {
      "track_id": "1002",
      "name": "Arranger",
      "track_type": "track",
      "is_audio": false,
      "is_audio_track": false,
ZmqGateway: received command payload: {"action":"import_media_to_track","file_path":"D:/Vit_DAW/test_target_3s.wav","media_type":"audio","start_time":1.9402961730957,"track_id":"1015"}
ZmqGateway: dispatching payload to JUCE message thread.
VitHeadlessService: processing queued command on JUCE message thread: {"action":"import_media_to_track","file_path":"D:/Vit_DAW/test_target_3s.wav","media_type":"audio","start_time":1.9402961730957,"track_id":"1015"}
Command received: {"action":"import_media_to_track","file_path":"D:/Vit_DAW/test_target_3s.wav","media_type":"audio","start_time":1.9402961730957,"track_id":"1015"}
VitHeadlessService: project saved to D:\Vit_DAW\VitApp\Workspace\default_project.xml
CommandDispatcher::handleImportMediaToTrack: clipId="1025" clip="test_target_3s" trackId="1015" source="D:\Vit_DAW\test_target_3s.wav" lengthSec=3.000 isPlaying=false isRecording=false playContextActive=true positionSeconds=0.000 editLengthSeconds=10.239
Command executed: import_media_to_track, result: {
  "status": "success",
  "action": "import_media_to_track",
  "clip_id": "1025",
  "track_id": "1015",
  "start_time": 1.9402961730957,
  "resolved_start_time": 1.9402961730957,
  "length": 3.0,
  "applied_mode": "destructive",
  "clip_name": "test_target_3s",
  "file_path": "D:\\Vit_DAW\\test_target_3s.wav",
  "edit_length_seconds": 10.238792419433594,
  "baking_status": "baking_started"
}
VitHeadlessService: command reply (truncated): {
  "status": "success",
  "action": "import_media_to_track",
  "clip_id": "1025",
  "track_id": "1015",
  "start_time": 1.9402961730957,
  "resolved_start_time": 1.9402961730957,
  "length": 3.0,
  "applied_mode
ZmqGateway: received command payload: {"cmd":"get_project_state"}
ZmqGateway: dispatching payload to JUCE message thread.
VitHeadlessService: processing queued command on JUCE message thread: {"cmd":"get_project_state"}
Command received: {"cmd":"get_project_state"}
Command executed: get_project_state, result: {
  "status": "ok",
  "project_path": "",
  "tracks": [
    {
      "track_id": "1002",
      "track_name": "Arranger",
      "track_type": "track",
      "is_audio_track": false,
      "is_audio": false,
      "plugins": [],
      "clips": []
    },
    {
      "track_id": "1003",
      "track_name": "Chord",
      "track_type": "track",
      "is_audio_track": false,
      "is_audio": false,
      "plugins": [],
      "clips": []
    },
    {
      "track_id": "1004",
      "track_name": "Marker",
      "track_type": "track",
      "is_audio_track": false,
      "is_audio": false,
      "plugins": [],
      "clips": []
    },
    {
      "track_id": "1005",
      "track_name": "Tempo",
      "track_type": "track",
      "is_audio_track": false,
      "is_audio": false,
      "plugins": [],
      "clips": []
    },
    {
      "track_id": "1006",
      "track_name": "Master",
      "track_type": "master",
      "is_audio_track": false,
      "is_audio": false,
      "plugins": [],
      "clips": []
    },
    {
      "track_id": "1015",
      "track_name": "Track 1",
      "track_type": "hybrid",
      "is_audio_track": true,
      "is_audio": true,
      "plugins": [
        {
          "id": "1016",
          "item_id": "1016",
          "name": "Volume & Pan Plugin",
          "type": "volume",
          "enabled": true
        },
        {
          "id": "1017",
          "item_id": "1017",
          "name": "Level Meter",
          "type": "level",
          "enabled": true
        }
      ],
      "clips": [
        {
          "id": "1019",
          "name": "test_100hz_10s",
          "clip_type": "wave",
          "start_seconds": 0.238792419433594,
          "end_seconds": 1.9402961730957,
          "length_seconds": 1.701503753662106,
          "file_path": "D:\\Vit_DAW\\test_100hz_10s.wav",
          "current_source_path": "D:\\Vit_DAW\\test_100hz_10s.wav",
          "playback_source_valid": true
        },
        {
          "id": "1025",
          "name": "test_target_3s",
          "clip_type": "wave",
          "start_seconds": 1.9402961730957,
          "end_seconds": 4.9402961730957,
          "length_seconds": 3.0,
          "file_path": "D:\\Vit_DAW\\test_target_3s.wav",
          "current_source_path": "D:\\Vit_DAW\\test_target_3s.wav",
          "playback_source_valid": true
        },
        {
          "id": "1024",
          "name": "test_100hz_10s",
          "clip_type": "wave",
          "start_seconds": 4.9402961730957,
          "end_seconds": 10.238792419433594,
          "length_seconds": 5.298496246337894,
          "file_path": "D:\\Vit_DAW\\test_100hz_10s.wav",
          "current_source_path": "D:\\Vit_DAW\\test_100hz_10s.wav",
          "playback_source_valid": true
        }
      ],
      "output_to_device_resolved": true,
      "output_device_enabled": true,
      "output_device_id": "out_b7a4b4c1",
      "output_routing_name": "(default audio output)"
    },
    {
      "track_id": "1020",
      "track_name": "Track 2",
      "track_type": "hybrid",
      "is_audio_track": true,
      "is_audio": true,
      "plugins": [
        {
          "id": "1021",
          "item_id": "1021",
          "name": "Volume & Pan Plugin",
          "type": "volume",
          "enabled": true
        },
        {
          "id": "1022",
          "item_id": "1022",
          "name": "Level Meter",
          "type": "level",
          "enabled": true
        }
      ],
      "clips": [],
      "output_to_device_resolved": true,
      "output_device_enabled": true,
      "output_device_id": "out_b7a4b4c1",
      "output_routing_name": "(default audio output)"
    }
  ]
}
VitHeadlessService: command reply (truncated): {
  "status": "ok",
  "project_path": "",
  "tracks": [
    {
      "track_id": "1002",
      "track_name": "Arranger",
      "track_type": "track",
      "is_audio_track": false,
      "is_audio": false,
     
ZmqGateway: received command payload: {"clip_id":"1024","cmd":"warm_waveform_bake","file_path":"D:\\Vit_DAW\\test_100hz_10s.wav","track_id":"1015"}
ZmqGateway: dispatching payload to JUCE message thread.
VitHeadlessService: processing queued command on JUCE message thread: {"clip_id":"1024","cmd":"warm_waveform_bake","file_path":"D:\\Vit_DAW\\test_100hz_10s.wav","track_id":"1015"}
Command received: {"clip_id":"1024","cmd":"warm_waveform_bake","file_path":"D:\\Vit_DAW\\test_100hz_10s.wav","track_id":"1015"}
Command executed: warm_waveform_bake, result: {
  "status": "ok",
  "cmd": "warm_waveform_bake",
  "track_id": "1015",
  "clip_id": "1024",
  "file_path": "D:\\Vit_DAW\\test_100hz_10s.wav",
  "message": "Waveform bake started (no new clip inserted)"
}
VitHeadlessService: command reply (truncated): {
  "status": "ok",
  "cmd": "warm_waveform_bake",
  "track_id": "1015",
  "clip_id": "1024",
  "file_path": "D:\\Vit_DAW\\test_100hz_10s.wav",
  "message": "Waveform bake started (no new clip inserted)"
}
ZmqGateway: received command payload: {"cmd":"list_tracks"}
ZmqGateway: dispatching payload to JUCE message thread.
VitHeadlessService: processing queued command on JUCE message thread: {"cmd":"list_tracks"}
Command received: {"cmd":"list_tracks"}
Command executed: list_tracks, result: {
  "status": "ok",
  "message": "Track list fetched",
  "tracks": [
    {
      "track_id": "1002",
      "name": "Arranger",
      "track_type": "track",
      "is_audio": false,
      "is_audio_track": false,
      "vit_type": "",
      "vit_intent": "",
      "plugin_count": 0,
      "plugins": []
    },
    {
      "track_id": "1003",
      "name": "Chord",
      "track_type": "track",
      "is_audio": false,
      "is_audio_track": false,
      "vit_type": "",
      "vit_intent": "",
      "plugin_count": 0,
      "plugins": []
    },
    {
      "track_id": "1004",
      "name": "Marker",
      "track_type": "track",
      "is_audio": false,
      "is_audio_track": false,
      "vit_type": "",
      "vit_intent": "",
      "plugin_count": 0,
      "plugins": []
    },
    {
      "track_id": "1005",
      "name": "Tempo",
      "track_type": "track",
      "is_audio": false,
      "is_audio_track": false,
      "vit_type": "",
      "vit_intent": "",
      "plugin_count": 0,
      "plugins": []
    },
    {
      "track_id": "1006",
      "name": "Master",
      "track_type": "master",
      "is_audio": false,
      "is_audio_track": false,
      "vit_type": "",
      "vit_intent": "",
      "plugin_count": 0,
      "plugins": []
    },
    {
      "track_id": "1015",
      "name": "Track 1",
      "track_type": "hybrid",
      "is_audio": true,
      "is_audio_track": true,
      "vit_type": "",
      "vit_intent": "",
      "plugin_count": 2,
      "plugins": [
        {
          "name": "Volume & Pan Plugin",
          "type": "volume",
          "enabled": true
        },
        {
          "name": "Level Meter",
          "type": "level",
          "enabled": true
        }
      ]
    },
    {
      "track_id": "1020",
      "name": "Track 2",
      "track_type": "hybrid",
      "is_audio": true,
      "is_audio_track": true,
      "vit_type": "",
      "vit_intent": "",
      "plugin_count": 2,
      "plugins": [
        {
          "name": "Volume & Pan Plugin",
          "type": "volume",
          "enabled": true
        },
        {
          "name": "Level Meter",
          "type": "level",
          "enabled": true
        }
      ]
    }
  ]
}
VitHeadlessService: command reply (truncated): {
  "status": "ok",
  "message": "Track list fetched",
  "tracks": [
    {
      "track_id": "1002",
      "name": "Arranger",
      "track_type": "track",
      "is_audio": false,
      "is_audio_track": false,
ZmqGateway: received command payload: {"action":"play"}
ZmqGateway: dispatching payload to JUCE message thread.
VitHeadlessService: processing queued command on JUCE message thread: {"action":"play"}
Command received: {"action":"play"}
CommandDispatcher::handlePlay: before isPlaying=false isRecording=false playContextActive=true positionSeconds=0.000 editLengthSeconds=10.239
CommandDispatcher::handlePlay: after isPlaying=true isRecording=false playContextActive=true positionSeconds=0.000 editLengthSeconds=10.239
Command executed: play, result: {
  "status": "ok",
  "message": "Transport playing",
  "is_playing": true,
  "is_recording": false,
  "position_seconds": 0.0,
  "click_track_enabled": false
}
VitHeadlessService: command reply (truncated): {
  "status": "ok",
  "message": "Transport playing",
  "is_playing": true,
  "is_recording": false,
  "position_seconds": 0.0,
  "click_track_enabled": false
}
ZmqGateway: received command payload: {"action":"stop"}
ZmqGateway: dispatching payload to JUCE message thread.
VitHeadlessService: processing queued command on JUCE message thread: {"action":"stop"}
Command received: {"action":"stop"}
CommandDispatcher::handleStop: before isPlaying=true isRecording=false playContextActive=true positionSeconds=1.160 editLengthSeconds=10.239
CommandDispatcher::handleStop: after isPlaying=false isRecording=false playContextActive=true positionSeconds=1.160 editLengthSeconds=10.239
Command executed: stop, result: {
  "status": "ok",
  "message": "Transport stopped",
  "is_playing": false,
  "is_recording": false,
  "position_seconds": 1.16,
  "click_track_enabled": false
}
VitHeadlessService: command reply (truncated): {
  "status": "ok",
  "message": "Transport stopped",
  "is_playing": false,
  "is_recording": false,
  "position_seconds": 1.16,
  "click_track_enabled": false
}
ZmqGateway: received command payload: {"cmd":"get_recent_projects"}
ZmqGateway: dispatching payload to JUCE message thread.
VitHeadlessService: processing queued command on JUCE message thread: {"cmd":"get_recent_projects"}
Command received: {"cmd":"get_recent_projects"}
Command executed: get_recent_projects, result: {
  "status": "ok",
  "recent_projects": [
    "D:\\Godot\\project\\vit-daw-frontend\\4.4.3.vit",
    "D:\\Godot\\project\\vit-daw-frontend\\4.4.2.vit",
    "D:\\Godot\\project\\vit-daw-frontend\\4.4.1.vit",
    "D:\\Godot\\project\\vit-daw-frontend\\4.4.vit",
    "D:\\4.1.tracktionedit"
  ]
}
VitHeadlessService: command reply (truncated): {
  "status": "ok",
  "recent_projects": [
    "D:\\Godot\\project\\vit-daw-frontend\\4.4.3.vit",
    "D:\\Godot\\project\\vit-daw-frontend\\4.4.2.vit",
    "D:\\Godot\\project\\vit-daw-frontend\\4.4.1.vit",
    "D
ZmqGateway: received command payload: {"cmd":"new_project"}
ZmqGateway: dispatching payload to JUCE message thread.
VitHeadlessService: processing queued command on JUCE message thread: {"cmd":"new_project"}
Command received: {"cmd":"new_project"}
VitEngineDevice: audio IO ready for playback graph: "扬声器 (USB AUDIO  CODEC)" 48000.00 Hz, block 480 samples
Command executed: new_project, result: {
  "status": "ok",
  "message": "Blank project created"
}
VitHeadlessService: command reply (truncated): {
  "status": "ok",
  "message": "Blank project created"
}
ZmqGateway: received command payload: {"cmd":"ping"}
ZmqGateway: dispatching payload to JUCE message thread.
VitHeadlessService: processing queued command on JUCE message thread: {"cmd":"ping"}
Command received: {"cmd":"ping"}
CommandDispatcher: handled ping command.
Command executed: ping, result: {
  "status": "ok",
  "message": "pong"
}
VitHeadlessService: command reply (truncated): {
  "status": "ok",
  "message": "pong"
}
ZmqGateway: received command payload: {"cmd":"get_project_state"}
ZmqGateway: dispatching payload to JUCE message thread.
VitHeadlessService: processing queued command on JUCE message thread: {"cmd":"get_project_state"}
Command received: {"cmd":"get_project_state"}
Command executed: get_project_state, result: {
  "status": "ok",
  "project_path": "",
  "tracks": [
    {
      "track_id": "1002",
      "track_name": "Arranger",
      "track_type": "track",
      "is_audio_track": false,
      "is_audio": false,
      "plugins": [],
      "clips": []
    },
    {
      "track_id": "1003",
      "track_name": "Chord",
      "track_type": "track",
      "is_audio_track": false,
      "is_audio": false,
      "plugins": [],
      "clips": []
    },
    {
      "track_id": "1004",
      "track_name": "Marker",
      "track_type": "track",
      "is_audio_track": false,
      "is_audio": false,
      "plugins": [],
      "clips": []
    },
    {
      "track_id": "1005",
      "track_name": "Tempo",
      "track_type": "track",
      "is_audio_track": false,
      "is_audio": false,
      "plugins": [],
      "clips": []
    },
    {
      "track_id": "1006",
      "track_name": "Master",
      "track_type": "master",
      "is_audio_track": false,
      "is_audio": false,
      "plugins": [],
      "clips": []
    }
  ]
}
VitHeadlessService: command reply (truncated): {
  "status": "ok",
  "project_path": "",
  "tracks": [
    {
      "track_id": "1002",
      "track_name": "Arranger",
      "track_type": "track",
      "is_audio_track": false,
      "is_audio": false,
     
ZmqGateway: received command payload: {"cmd":"list_tracks"}
ZmqGateway: dispatching payload to JUCE message thread.
VitHeadlessService: processing queued command on JUCE message thread: {"cmd":"list_tracks"}
Command received: {"cmd":"list_tracks"}
Command executed: list_tracks, result: {
  "status": "ok",
  "message": "Track list fetched",
  "tracks": [
    {
      "track_id": "1002",
      "name": "Arranger",
      "track_type": "track",
      "is_audio": false,
      "is_audio_track": false,
      "vit_type": "",
      "vit_intent": "",
      "plugin_count": 0,
      "plugins": []
    },
    {
      "track_id": "1003",
      "name": "Chord",
      "track_type": "track",
      "is_audio": false,
      "is_audio_track": false,
      "vit_type": "",
      "vit_intent": "",
      "plugin_count": 0,
      "plugins": []
    },
    {
      "track_id": "1004",
      "name": "Marker",
      "track_type": "track",
      "is_audio": false,
      "is_audio_track": false,
      "vit_type": "",
      "vit_intent": "",
      "plugin_count": 0,
      "plugins": []
    },
    {
      "track_id": "1005",
      "name": "Tempo",
      "track_type": "track",
      "is_audio": false,
      "is_audio_track": false,
      "vit_type": "",
      "vit_intent": "",
      "plugin_count": 0,
      "plugins": []
    },
    {
      "track_id": "1006",
      "name": "Master",
      "track_type": "master",
      "is_audio": false,
      "is_audio_track": false,
      "vit_type": "",
      "vit_intent": "",
      "plugin_count": 0,
      "plugins": []
    }
  ]
}
VitHeadlessService: command reply (truncated): {
  "status": "ok",
  "message": "Track list fetched",
  "tracks": [
    {
      "track_id": "1002",
      "name": "Arranger",
      "track_type": "track",
      "is_audio": false,
      "is_audio_track": false,
ZmqGateway: received command payload: {"cmd":"list_tracks"}
ZmqGateway: dispatching payload to JUCE message thread.
VitHeadlessService: processing queued command on JUCE message thread: {"cmd":"list_tracks"}
Command received: {"cmd":"list_tracks"}
Command executed: list_tracks, result: {
  "status": "ok",
  "message": "Track list fetched",
  "tracks": [
    {
      "track_id": "1002",
      "name": "Arranger",
      "track_type": "track",
      "is_audio": false,
      "is_audio_track": false,
      "vit_type": "",
      "vit_intent": "",
      "plugin_count": 0,
      "plugins": []
    },
    {
      "track_id": "1003",
      "name": "Chord",
      "track_type": "track",
      "is_audio": false,
      "is_audio_track": false,
      "vit_type": "",
      "vit_intent": "",
      "plugin_count": 0,
      "plugins": []
    },
    {
      "track_id": "1004",
      "name": "Marker",
      "track_type": "track",
      "is_audio": false,
      "is_audio_track": false,
      "vit_type": "",
      "vit_intent": "",
      "plugin_count": 0,
      "plugins": []
    },
    {
      "track_id": "1005",
      "name": "Tempo",
      "track_type": "track",
      "is_audio": false,
      "is_audio_track": false,
      "vit_type": "",
      "vit_intent": "",
      "plugin_count": 0,
      "plugins": []
    },
    {
      "track_id": "1006",
      "name": "Master",
      "track_type": "master",
      "is_audio": false,
      "is_audio_track": false,
      "vit_type": "",
      "vit_intent": "",
      "plugin_count": 0,
      "plugins": []
    }
  ]
}
VitHeadlessService: command reply (truncated): {
  "status": "ok",
  "message": "Track list fetched",
  "tracks": [
    {
      "track_id": "1002",
      "name": "Arranger",
      "track_type": "track",
      "is_audio": false,
      "is_audio_track": false,
ZmqGateway: received command payload: {"cmd":"add_track","type":"hybrid"}
ZmqGateway: dispatching payload to JUCE message thread.
VitHeadlessService: processing queued command on JUCE message thread: {"cmd":"add_track","type":"hybrid"}
Command received: {"cmd":"add_track","type":"hybrid"}
VitHeadlessService: project saved to D:\Vit_DAW\VitApp\Workspace\default_project.xml
Command executed: add_track, result: {
  "status": "ok",
  "message": "Track added",
  "track_id": "1007",
  "track_name": "Track 1"
}
VitHeadlessService: command reply (truncated): {
  "status": "ok",
  "message": "Track added",
  "track_id": "1007",
  "track_name": "Track 1"
}
ZmqGateway: received command payload: {"cmd":"list_tracks"}
ZmqGateway: dispatching payload to JUCE message thread.
VitHeadlessService: processing queued command on JUCE message thread: {"cmd":"list_tracks"}
Command received: {"cmd":"list_tracks"}
Command executed: list_tracks, result: {
  "status": "ok",
  "message": "Track list fetched",
  "tracks": [
    {
      "track_id": "1002",
      "name": "Arranger",
      "track_type": "track",
      "is_audio": false,
      "is_audio_track": false,
      "vit_type": "",
      "vit_intent": "",
      "plugin_count": 0,
      "plugins": []
    },
    {
      "track_id": "1003",
      "name": "Chord",
      "track_type": "track",
      "is_audio": false,
      "is_audio_track": false,
      "vit_type": "",
      "vit_intent": "",
      "plugin_count": 0,
      "plugins": []
    },
    {
      "track_id": "1004",
      "name": "Marker",
      "track_type": "track",
      "is_audio": false,
      "is_audio_track": false,
      "vit_type": "",
      "vit_intent": "",
      "plugin_count": 0,
      "plugins": []
    },
    {
      "track_id": "1005",
      "name": "Tempo",
      "track_type": "track",
      "is_audio": false,
      "is_audio_track": false,
      "vit_type": "",
      "vit_intent": "",
      "plugin_count": 0,
      "plugins": []
    },
    {
      "track_id": "1006",
      "name": "Master",
      "track_type": "master",
      "is_audio": false,
      "is_audio_track": false,
      "vit_type": "",
      "vit_intent": "",
      "plugin_count": 0,
      "plugins": []
    },
    {
      "track_id": "1007",
      "name": "Track 1",
      "track_type": "hybrid",
      "is_audio": true,
      "is_audio_track": true,
      "vit_type": "",
      "vit_intent": "",
      "plugin_count": 2,
      "plugins": [
        {
          "name": "Volume & Pan Plugin",
          "type": "volume",
          "enabled": true
        },
        {
          "name": "Level Meter",
          "type": "level",
          "enabled": true
        }
      ]
    }
  ]
}
VitHeadlessService: command reply (truncated): {
  "status": "ok",
  "message": "Track list fetched",
  "tracks": [
    {
      "track_id": "1002",
      "name": "Arranger",
      "track_type": "track",
      "is_audio": false,
      "is_audio_track": false,
ZmqGateway: received command payload: {"cmd":"get_project_state"}
ZmqGateway: dispatching payload to JUCE message thread.
VitHeadlessService: processing queued command on JUCE message thread: {"cmd":"get_project_state"}
Command received: {"cmd":"get_project_state"}
Command executed: get_project_state, result: {
  "status": "ok",
  "project_path": "",
  "tracks": [
    {
      "track_id": "1002",
      "track_name": "Arranger",
      "track_type": "track",
      "is_audio_track": false,
      "is_audio": false,
      "plugins": [],
      "clips": []
    },
    {
      "track_id": "1003",
      "track_name": "Chord",
      "track_type": "track",
      "is_audio_track": false,
      "is_audio": false,
      "plugins": [],
      "clips": []
    },
    {
      "track_id": "1004",
      "track_name": "Marker",
      "track_type": "track",
      "is_audio_track": false,
      "is_audio": false,
      "plugins": [],
      "clips": []
    },
    {
      "track_id": "1005",
      "track_name": "Tempo",
      "track_type": "track",
      "is_audio_track": false,
      "is_audio": false,
      "plugins": [],
      "clips": []
    },
    {
      "track_id": "1006",
      "track_name": "Master",
      "track_type": "master",
      "is_audio_track": false,
      "is_audio": false,
      "plugins": [],
      "clips": []
    },
    {
      "track_id": "1007",
      "track_name": "Track 1",
      "track_type": "hybrid",
      "is_audio_track": true,
      "is_audio": true,
      "plugins": [
        {
          "id": "1008",
          "item_id": "1008",
          "name": "Volume & Pan Plugin",
          "type": "volume",
          "enabled": true
        },
        {
          "id": "1009",
          "item_id": "1009",
          "name": "Level Meter",
          "type": "level",
          "enabled": true
        }
      ],
      "clips": [],
      "output_to_device_resolved": true,
      "output_device_enabled": true,
      "output_device_id": "out_b7a4b4c1",
      "output_routing_name": "(default audio output)"
    }
  ]
}
VitHeadlessService: command reply (truncated): {
  "status": "ok",
  "project_path": "",
  "tracks": [
    {
      "track_id": "1002",
      "track_name": "Arranger",
      "track_type": "track",
      "is_audio_track": false,
      "is_audio": false,
     
ZmqGateway: received command payload: {"cmd":"list_tracks"}
ZmqGateway: dispatching payload to JUCE message thread.
VitHeadlessService: processing queued command on JUCE message thread: {"cmd":"list_tracks"}
Command received: {"cmd":"list_tracks"}
Command executed: list_tracks, result: {
  "status": "ok",
  "message": "Track list fetched",
  "tracks": [
    {
      "track_id": "1002",
      "name": "Arranger",
      "track_type": "track",
      "is_audio": false,
      "is_audio_track": false,
      "vit_type": "",
      "vit_intent": "",
      "plugin_count": 0,
      "plugins": []
    },
    {
      "track_id": "1003",
      "name": "Chord",
      "track_type": "track",
      "is_audio": false,
      "is_audio_track": false,
      "vit_type": "",
      "vit_intent": "",
      "plugin_count": 0,
      "plugins": []
    },
    {
      "track_id": "1004",
      "name": "Marker",
      "track_type": "track",
      "is_audio": false,
      "is_audio_track": false,
      "vit_type": "",
      "vit_intent": "",
      "plugin_count": 0,
      "plugins": []
    },
    {
      "track_id": "1005",
      "name": "Tempo",
      "track_type": "track",
      "is_audio": false,
      "is_audio_track": false,
      "vit_type": "",
      "vit_intent": "",
      "plugin_count": 0,
      "plugins": []
    },
    {
      "track_id": "1006",
      "name": "Master",
      "track_type": "master",
      "is_audio": false,
      "is_audio_track": false,
      "vit_type": "",
      "vit_intent": "",
      "plugin_count": 0,
      "plugins": []
    },
    {
      "track_id": "1007",
      "name": "Track 1",
      "track_type": "hybrid",
      "is_audio": true,
      "is_audio_track": true,
      "vit_type": "",
      "vit_intent": "",
      "plugin_count": 2,
      "plugins": [
        {
          "name": "Volume & Pan Plugin",
          "type": "volume",
          "enabled": true
        },
        {
          "name": "Level Meter",
          "type": "level",
          "enabled": true
        }
      ]
    }
  ]
}
VitHeadlessService: command reply (truncated): {
  "status": "ok",
  "message": "Track list fetched",
  "tracks": [
    {
      "track_id": "1002",
      "name": "Arranger",
      "track_type": "track",
      "is_audio": false,
      "is_audio_track": false,
ZmqGateway: received command payload: {"action":"import_media_to_track","file_path":"D:/Vit_DAW/test_target_3s.wav","media_type":"audio","start_time":0.0298385620117188,"track_id":"1007"}
ZmqGateway: dispatching payload to JUCE message thread.
VitHeadlessService: processing queued command on JUCE message thread: {"action":"import_media_to_track","file_path":"D:/Vit_DAW/test_target_3s.wav","media_type":"audio","start_time":0.0298385620117188,"track_id":"1007"}
Command received: {"action":"import_media_to_track","file_path":"D:/Vit_DAW/test_target_3s.wav","media_type":"audio","start_time":0.0298385620117188,"track_id":"1007"}
VitHeadlessService: project saved to D:\Vit_DAW\VitApp\Workspace\default_project.xml
CommandDispatcher::handleImportMediaToTrack: clipId="1011" clip="test_target_3s" trackId="1007" source="D:\Vit_DAW\test_target_3s.wav" lengthSec=3.000 isPlaying=false isRecording=false playContextActive=true positionSeconds=0.000 editLengthSeconds=3.030
Command executed: import_media_to_track, result: {
  "status": "success",
  "action": "import_media_to_track",
  "clip_id": "1011",
  "track_id": "1007",
  "start_time": 0.029838562011719,
  "resolved_start_time": 0.029838562011719,
  "length": 3.0,
  "applied_mode": "destructive",
  "clip_name": "test_target_3s",
  "file_path": "D:\\Vit_DAW\\test_target_3s.wav",
  "edit_length_seconds": 3.029838562011719,
  "baking_status": "baking_started"
}
VitHeadlessService: command reply (truncated): {
  "status": "success",
  "action": "import_media_to_track",
  "clip_id": "1011",
  "track_id": "1007",
  "start_time": 0.029838562011719,
  "resolved_start_time": 0.029838562011719,
  "length": 3.0,
  "applied_
ZmqGateway: received command payload: {"cmd":"get_project_state"}
ZmqGateway: dispatching payload to JUCE message thread.
VitHeadlessService: processing queued command on JUCE message thread: {"cmd":"get_project_state"}
Command received: {"cmd":"get_project_state"}
Command executed: get_project_state, result: {
  "status": "ok",
  "project_path": "",
  "tracks": [
    {
      "track_id": "1002",
      "track_name": "Arranger",
      "track_type": "track",
      "is_audio_track": false,
      "is_audio": false,
      "plugins": [],
      "clips": []
    },
    {
      "track_id": "1003",
      "track_name": "Chord",
      "track_type": "track",
      "is_audio_track": false,
      "is_audio": false,
      "plugins": [],
      "clips": []
    },
    {
      "track_id": "1004",
      "track_name": "Marker",
      "track_type": "track",
      "is_audio_track": false,
      "is_audio": false,
      "plugins": [],
      "clips": []
    },
    {
      "track_id": "1005",
      "track_name": "Tempo",
      "track_type": "track",
      "is_audio_track": false,
      "is_audio": false,
      "plugins": [],
      "clips": []
    },
    {
      "track_id": "1006",
      "track_name": "Master",
      "track_type": "master",
      "is_audio_track": false,
      "is_audio": false,
      "plugins": [],
      "clips": []
    },
    {
      "track_id": "1007",
      "track_name": "Track 1",
      "track_type": "hybrid",
      "is_audio_track": true,
      "is_audio": true,
      "plugins": [
        {
          "id": "1008",
          "item_id": "1008",
          "name": "Volume & Pan Plugin",
          "type": "volume",
          "enabled": true
        },
        {
          "id": "1009",
          "item_id": "1009",
          "name": "Level Meter",
          "type": "level",
          "enabled": true
        }
      ],
      "clips": [
        {
          "id": "1011",
          "name": "test_target_3s",
          "clip_type": "wave",
          "start_seconds": 0.029838562011719,
          "end_seconds": 3.029838562011719,
          "length_seconds": 3.0,
          "file_path": "D:\\Vit_DAW\\test_target_3s.wav",
          "current_source_path": "D:\\Vit_DAW\\test_target_3s.wav",
          "playback_source_valid": true
        }
      ],
      "output_to_device_resolved": true,
      "output_device_enabled": true,
      "output_device_id": "out_b7a4b4c1",
      "output_routing_name": "(default audio output)"
    }
  ]
}
VitHeadlessService: command reply (truncated): {
  "status": "ok",
  "project_path": "",
  "tracks": [
    {
      "track_id": "1002",
      "track_name": "Arranger",
      "track_type": "track",
      "is_audio_track": false,
      "is_audio": false,
     
ZmqGateway: received command payload: {"cmd":"list_tracks"}
ZmqGateway: dispatching payload to JUCE message thread.
VitHeadlessService: processing queued command on JUCE message thread: {"cmd":"list_tracks"}
Command received: {"cmd":"list_tracks"}
Command executed: list_tracks, result: {
  "status": "ok",
  "message": "Track list fetched",
  "tracks": [
    {
      "track_id": "1002",
      "name": "Arranger",
      "track_type": "track",
      "is_audio": false,
      "is_audio_track": false,
      "vit_type": "",
      "vit_intent": "",
      "plugin_count": 0,
      "plugins": []
    },
    {
      "track_id": "1003",
      "name": "Chord",
      "track_type": "track",
      "is_audio": false,
      "is_audio_track": false,
      "vit_type": "",
      "vit_intent": "",
      "plugin_count": 0,
      "plugins": []
    },
    {
      "track_id": "1004",
      "name": "Marker",
      "track_type": "track",
      "is_audio": false,
      "is_audio_track": false,
      "vit_type": "",
      "vit_intent": "",
      "plugin_count": 0,
      "plugins": []
    },
    {
      "track_id": "1005",
      "name": "Tempo",
      "track_type": "track",
      "is_audio": false,
      "is_audio_track": false,
      "vit_type": "",
      "vit_intent": "",
      "plugin_count": 0,
      "plugins": []
    },
    {
      "track_id": "1006",
      "name": "Master",
      "track_type": "master",
      "is_audio": false,
      "is_audio_track": false,
      "vit_type": "",
      "vit_intent": "",
      "plugin_count": 0,
      "plugins": []
    },
    {
      "track_id": "1007",
      "name": "Track 1",
      "track_type": "hybrid",
      "is_audio": true,
      "is_audio_track": true,
      "vit_type": "",
      "vit_intent": "",
      "plugin_count": 2,
      "plugins": [
        {
          "name": "Volume & Pan Plugin",
          "type": "volume",
          "enabled": true
        },
        {
          "name": "Level Meter",
          "type": "level",
          "enabled": true
        }
      ]
    }
  ]
}
VitHeadlessService: command reply (truncated): {
  "status": "ok",
  "message": "Track list fetched",
  "tracks": [
    {
      "track_id": "1002",
      "name": "Arranger",
      "track_type": "track",
      "is_audio": false,
      "is_audio_track": false,
ZmqGateway: received command payload: {"action":"import_media_to_track","file_path":"D:/Vit_DAW/test_100hz_10s.wav","media_type":"audio","start_time":2.35820007324219,"track_id":"1007"}
ZmqGateway: dispatching payload to JUCE message thread.
VitHeadlessService: processing queued command on JUCE message thread: {"action":"import_media_to_track","file_path":"D:/Vit_DAW/test_100hz_10s.wav","media_type":"audio","start_time":2.35820007324219,"track_id":"1007"}
Command received: {"action":"import_media_to_track","file_path":"D:/Vit_DAW/test_100hz_10s.wav","media_type":"audio","start_time":2.35820007324219,"track_id":"1007"}
VitHeadlessService: project saved to D:\Vit_DAW\VitApp\Workspace\default_project.xml
CommandDispatcher::handleImportMediaToTrack: clipId="1013" clip="test_100hz_10s" trackId="1007" source="D:\Vit_DAW\test_100hz_10s.wav" lengthSec=10.000 isPlaying=false isRecording=false playContextActive=true positionSeconds=0.000 editLengthSeconds=12.358
Command executed: import_media_to_track, result: {
  "status": "success",
  "action": "import_media_to_track",
  "clip_id": "1013",
  "track_id": "1007",
  "start_time": 2.35820007324219,
  "resolved_start_time": 2.35820007324219,
  "length": 10.0,
  "applied_mode": "destructive",
  "clip_name": "test_100hz_10s",
  "file_path": "D:\\Vit_DAW\\test_100hz_10s.wav",
  "edit_length_seconds": 12.358200073242191,
  "baking_status": "baking_started"
}
VitHeadlessService: command reply (truncated): {
  "status": "success",
  "action": "import_media_to_track",
  "clip_id": "1013",
  "track_id": "1007",
  "start_time": 2.35820007324219,
  "resolved_start_time": 2.35820007324219,
  "length": 10.0,
  "applied_m
ZmqGateway: received command payload: {"cmd":"get_project_state"}
ZmqGateway: dispatching payload to JUCE message thread.
VitHeadlessService: processing queued command on JUCE message thread: {"cmd":"get_project_state"}
Command received: {"cmd":"get_project_state"}
Command executed: get_project_state, result: {
  "status": "ok",
  "project_path": "",
  "tracks": [
    {
      "track_id": "1002",
      "track_name": "Arranger",
      "track_type": "track",
      "is_audio_track": false,
      "is_audio": false,
      "plugins": [],
      "clips": []
    },
    {
      "track_id": "1003",
      "track_name": "Chord",
      "track_type": "track",
      "is_audio_track": false,
      "is_audio": false,
      "plugins": [],
      "clips": []
    },
    {
      "track_id": "1004",
      "track_name": "Marker",
      "track_type": "track",
      "is_audio_track": false,
      "is_audio": false,
      "plugins": [],
      "clips": []
    },
    {
      "track_id": "1005",
      "track_name": "Tempo",
      "track_type": "track",
      "is_audio_track": false,
      "is_audio": false,
      "plugins": [],
      "clips": []
    },
    {
      "track_id": "1006",
      "track_name": "Master",
      "track_type": "master",
      "is_audio_track": false,
      "is_audio": false,
      "plugins": [],
      "clips": []
    },
    {
      "track_id": "1007",
      "track_name": "Track 1",
      "track_type": "hybrid",
      "is_audio_track": true,
      "is_audio": true,
      "plugins": [
        {
          "id": "1008",
          "item_id": "1008",
          "name": "Volume & Pan Plugin",
          "type": "volume",
          "enabled": true
        },
        {
          "id": "1009",
          "item_id": "1009",
          "name": "Level Meter",
          "type": "level",
          "enabled": true
        }
      ],
      "clips": [
        {
          "id": "1011",
          "name": "test_target_3s",
          "clip_type": "wave",
          "start_seconds": 0.029838562011719,
          "end_seconds": 2.35820007324219,
          "length_seconds": 2.328361511230471,
          "file_path": "D:\\Vit_DAW\\test_target_3s.wav",
          "current_source_path": "D:\\Vit_DAW\\test_target_3s.wav",
          "playback_source_valid": true
        },
        {
          "id": "1013",
          "name": "test_100hz_10s",
          "clip_type": "wave",
          "start_seconds": 2.35820007324219,
          "end_seconds": 12.358200073242191,
          "length_seconds": 10.0,
          "file_path": "D:\\Vit_DAW\\test_100hz_10s.wav",
          "current_source_path": "D:\\Vit_DAW\\test_100hz_10s.wav",
          "playback_source_valid": true
        }
      ],
      "output_to_device_resolved": true,
      "output_device_enabled": true,
      "output_device_id": "out_b7a4b4c1",
      "output_routing_name": "(default audio output)"
    }
  ]
}
VitHeadlessService: command reply (truncated): {
  "status": "ok",
  "project_path": "",
  "tracks": [
    {
      "track_id": "1002",
      "track_name": "Arranger",
      "track_type": "track",
      "is_audio_track": false,
      "is_audio": false,
     
ZmqGateway: received command payload: {"cmd":"list_tracks"}
ZmqGateway: dispatching payload to JUCE message thread.
VitHeadlessService: processing queued command on JUCE message thread: {"cmd":"list_tracks"}
Command received: {"cmd":"list_tracks"}
Command executed: list_tracks, result: {
  "status": "ok",
  "message": "Track list fetched",
  "tracks": [
    {
      "track_id": "1002",
      "name": "Arranger",
      "track_type": "track",
      "is_audio": false,
      "is_audio_track": false,
      "vit_type": "",
      "vit_intent": "",
      "plugin_count": 0,
      "plugins": []
    },
    {
      "track_id": "1003",
      "name": "Chord",
      "track_type": "track",
      "is_audio": false,
      "is_audio_track": false,
      "vit_type": "",
      "vit_intent": "",
      "plugin_count": 0,
      "plugins": []
    },
    {
      "track_id": "1004",
      "name": "Marker",
      "track_type": "track",
      "is_audio": false,
      "is_audio_track": false,
      "vit_type": "",
      "vit_intent": "",
      "plugin_count": 0,
      "plugins": []
    },
    {
      "track_id": "1005",
      "name": "Tempo",
      "track_type": "track",
      "is_audio": false,
      "is_audio_track": false,
      "vit_type": "",
      "vit_intent": "",
      "plugin_count": 0,
      "plugins": []
    },
    {
      "track_id": "1006",
      "name": "Master",
      "track_type": "master",
      "is_audio": false,
      "is_audio_track": false,
      "vit_type": "",
      "vit_intent": "",
      "plugin_count": 0,
      "plugins": []
    },
    {
      "track_id": "1007",
      "name": "Track 1",
      "track_type": "hybrid",
      "is_audio": true,
      "is_audio_track": true,
      "vit_type": "",
      "vit_intent": "",
      "plugin_count": 2,
      "plugins": [
        {
          "name": "Volume & Pan Plugin",
          "type": "volume",
          "enabled": true
        },
        {
          "name": "Level Meter",
          "type": "level",
          "enabled": true
        }
      ]
    }
  ]
}
VitHeadlessService: command reply (truncated): {
  "status": "ok",
  "message": "Track list fetched",
  "tracks": [
    {
      "track_id": "1002",
      "name": "Arranger",
      "track_type": "track",
      "is_audio": false,
      "is_audio_track": false,
ZmqGateway: received command payload: {"action":"play"}
ZmqGateway: dispatching payload to JUCE message thread.
VitHeadlessService: processing queued command on JUCE message thread: {"action":"play"}
Command received: {"action":"play"}
CommandDispatcher::handlePlay: before isPlaying=false isRecording=false playContextActive=true positionSeconds=0.000 editLengthSeconds=12.358
CommandDispatcher::handlePlay: after isPlaying=true isRecording=false playContextActive=true positionSeconds=0.000 editLengthSeconds=12.358
Command executed: play, result: {
  "status": "ok",
  "message": "Transport playing",
  "is_playing": true,
  "is_recording": false,
  "position_seconds": 0.0,
  "click_track_enabled": false
}
VitHeadlessService: command reply (truncated): {
  "status": "ok",
  "message": "Transport playing",
  "is_playing": true,
  "is_recording": false,
  "position_seconds": 0.0,
  "click_track_enabled": false
}
ZmqGateway: received command payload: {"action":"stop"}
ZmqGateway: dispatching payload to JUCE message thread.
VitHeadlessService: processing queued command on JUCE message thread: {"action":"stop"}
Command received: {"action":"stop"}
CommandDispatcher::handleStop: before isPlaying=true isRecording=false playContextActive=true positionSeconds=3.670 editLengthSeconds=12.358
CommandDispatcher::handleStop: after isPlaying=false isRecording=false playContextActive=true positionSeconds=3.670 editLengthSeconds=12.358
Command executed: stop, result: {
  "status": "ok",
  "message": "Transport stopped",
  "is_playing": false,
  "is_recording": false,
  "position_seconds": 3.67,
  "click_track_enabled": false
}
VitHeadlessService: command reply (truncated): {
  "status": "ok",
  "message": "Transport stopped",
  "is_playing": false,
  "is_recording": false,
  "position_seconds": 3.67,
  "click_track_enabled": false
}
ZmqGateway: received command payload: {"cmd":"undo"}
ZmqGateway: dispatching payload to JUCE message thread.
VitHeadlessService: processing queued command on JUCE message thread: {"cmd":"undo"}
Command received: {"cmd":"undo"}
Command executed: undo, result: {
  "status": "ok",
  "message": "Undo executed"
}
VitHeadlessService: command reply (truncated): {
  "status": "ok",
  "message": "Undo executed"
}
ZmqGateway: received command payload: {"cmd":"get_project_state"}
ZmqGateway: dispatching payload to JUCE message thread.
VitHeadlessService: processing queued command on JUCE message thread: {"cmd":"get_project_state"}
Command received: {"cmd":"get_project_state"}
Command executed: get_project_state, result: {
  "status": "ok",
  "project_path": "",
  "tracks": [
    {
      "track_id": "1002",
      "track_name": "Arranger",
      "track_type": "track",
      "is_audio_track": false,
      "is_audio": false,
      "plugins": [],
      "clips": []
    },
    {
      "track_id": "1003",
      "track_name": "Chord",
      "track_type": "track",
      "is_audio_track": false,
      "is_audio": false,
      "plugins": [],
      "clips": []
    },
    {
      "track_id": "1004",
      "track_name": "Marker",
      "track_type": "track",
      "is_audio_track": false,
      "is_audio": false,
      "plugins": [],
      "clips": []
    },
    {
      "track_id": "1005",
      "track_name": "Tempo",
      "track_type": "track",
      "is_audio_track": false,
      "is_audio": false,
      "plugins": [],
      "clips": []
    },
    {
      "track_id": "1006",
      "track_name": "Master",
      "track_type": "master",
      "is_audio_track": false,
      "is_audio": false,
      "plugins": [],
      "clips": []
    },
    {
      "track_id": "1007",
      "track_name": "Track 1",
      "track_type": "hybrid",
      "is_audio_track": true,
      "is_audio": true,
      "plugins": [
        {
          "id": "1008",
          "item_id": "1008",
          "name": "Volume & Pan Plugin",
          "type": "volume",
          "enabled": true
        },
        {
          "id": "1009",
          "item_id": "1009",
          "name": "Level Meter",
          "type": "level",
          "enabled": true
        }
      ],
      "clips": [
        {
          "id": "1011",
          "name": "test_target_3s",
          "clip_type": "wave",
          "start_seconds": 0.029838562011719,
          "end_seconds": 3.029838562011719,
          "length_seconds": 3.0,
          "file_path": "D:\\Vit_DAW\\test_target_3s.wav",
          "current_source_path": "D:\\Vit_DAW\\test_target_3s.wav",
          "playback_source_valid": true
        }
      ],
      "output_to_device_resolved": true,
      "output_device_enabled": true,
      "output_device_id": "out_b7a4b4c1",
      "output_routing_name": "(default audio output)"
    }
  ]
}
VitHeadlessService: command reply (truncated): {
  "status": "ok",
  "project_path": "",
  "tracks": [
    {
      "track_id": "1002",
      "track_name": "Arranger",
      "track_type": "track",
      "is_audio_track": false,
      "is_audio": false,
     
ZmqGateway: received command payload: {"cmd":"list_tracks"}
ZmqGateway: dispatching payload to JUCE message thread.
VitHeadlessService: processing queued command on JUCE message thread: {"cmd":"list_tracks"}
Command received: {"cmd":"list_tracks"}
Command executed: list_tracks, result: {
  "status": "ok",
  "message": "Track list fetched",
  "tracks": [
    {
      "track_id": "1002",
      "name": "Arranger",
      "track_type": "track",
      "is_audio": false,
      "is_audio_track": false,
      "vit_type": "",
      "vit_intent": "",
      "plugin_count": 0,
      "plugins": []
    },
    {
      "track_id": "1003",
      "name": "Chord",
      "track_type": "track",
      "is_audio": false,
      "is_audio_track": false,
      "vit_type": "",
      "vit_intent": "",
      "plugin_count": 0,
      "plugins": []
    },
    {
      "track_id": "1004",
      "name": "Marker",
      "track_type": "track",
      "is_audio": false,
      "is_audio_track": false,
      "vit_type": "",
      "vit_intent": "",
      "plugin_count": 0,
      "plugins": []
    },
    {
      "track_id": "1005",
      "name": "Tempo",
      "track_type": "track",
      "is_audio": false,
      "is_audio_track": false,
      "vit_type": "",
      "vit_intent": "",
      "plugin_count": 0,
      "plugins": []
    },
    {
      "track_id": "1006",
      "name": "Master",
      "track_type": "master",
      "is_audio": false,
      "is_audio_track": false,
      "vit_type": "",
      "vit_intent": "",
      "plugin_count": 0,
      "plugins": []
    },
    {
      "track_id": "1007",
      "name": "Track 1",
      "track_type": "hybrid",
      "is_audio": true,
      "is_audio_track": true,
      "vit_type": "",
      "vit_intent": "",
      "plugin_count": 2,
      "plugins": [
        {
          "name": "Volume & Pan Plugin",
          "type": "volume",
          "enabled": true
        },
        {
          "name": "Level Meter",
          "type": "level",
          "enabled": true
        }
      ]
    }
  ]
}
VitHeadlessService: command reply (truncated): {
  "status": "ok",
  "message": "Track list fetched",
  "tracks": [
    {
      "track_id": "1002",
      "name": "Arranger",
      "track_type": "track",
      "is_audio": false,
      "is_audio_track": false,
ZmqGateway: received command payload: {"action":"import_media_to_track","file_path":"D:/Vit_DAW/test_100hz_10s.wav","media_type":"audio","start_time":1.99999237060547,"track_id":"1007"}
ZmqGateway: dispatching payload to JUCE message thread.
VitHeadlessService: processing queued command on JUCE message thread: {"action":"import_media_to_track","file_path":"D:/Vit_DAW/test_100hz_10s.wav","media_type":"audio","start_time":1.99999237060547,"track_id":"1007"}
Command received: {"action":"import_media_to_track","file_path":"D:/Vit_DAW/test_100hz_10s.wav","media_type":"audio","start_time":1.99999237060547,"track_id":"1007"}
VitHeadlessService: project saved to D:\Vit_DAW\VitApp\Workspace\default_project.xml
CommandDispatcher::handleImportMediaToTrack: clipId="1015" clip="test_100hz_10s" trackId="1007" source="D:\Vit_DAW\test_100hz_10s.wav" lengthSec=10.000 isPlaying=false isRecording=false playContextActive=true positionSeconds=3.690 editLengthSeconds=12.000
Command executed: import_media_to_track, result: {
  "status": "success",
  "action": "import_media_to_track",
  "clip_id": "1015",
  "track_id": "1007",
  "start_time": 1.99999237060547,
  "resolved_start_time": 1.99999237060547,
  "length": 10.0,
  "applied_mode": "destructive",
  "clip_name": "test_100hz_10s",
  "file_path": "D:\\Vit_DAW\\test_100hz_10s.wav",
  "edit_length_seconds": 11.999992370605471,
  "baking_status": "baking_started"
}
VitHeadlessService: command reply (truncated): {
  "status": "success",
  "action": "import_media_to_track",
  "clip_id": "1015",
  "track_id": "1007",
  "start_time": 1.99999237060547,
  "resolved_start_time": 1.99999237060547,
  "length": 10.0,
  "applied_m
ZmqGateway: received command payload: {"cmd":"get_project_state"}
ZmqGateway: dispatching payload to JUCE message thread.
VitHeadlessService: processing queued command on JUCE message thread: {"cmd":"get_project_state"}
Command received: {"cmd":"get_project_state"}
Command executed: get_project_state, result: {
  "status": "ok",
  "project_path": "",
  "tracks": [
    {
      "track_id": "1002",
      "track_name": "Arranger",
      "track_type": "track",
      "is_audio_track": false,
      "is_audio": false,
      "plugins": [],
      "clips": []
    },
    {
      "track_id": "1003",
      "track_name": "Chord",
      "track_type": "track",
      "is_audio_track": false,
      "is_audio": false,
      "plugins": [],
      "clips": []
    },
    {
      "track_id": "1004",
      "track_name": "Marker",
      "track_type": "track",
      "is_audio_track": false,
      "is_audio": false,
      "plugins": [],
      "clips": []
    },
    {
      "track_id": "1005",
      "track_name": "Tempo",
      "track_type": "track",
      "is_audio_track": false,
      "is_audio": false,
      "plugins": [],
      "clips": []
    },
    {
      "track_id": "1006",
      "track_name": "Master",
      "track_type": "master",
      "is_audio_track": false,
      "is_audio": false,
      "plugins": [],
      "clips": []
    },
    {
      "track_id": "1007",
      "track_name": "Track 1",
      "track_type": "hybrid",
      "is_audio_track": true,
      "is_audio": true,
      "plugins": [
        {
          "id": "1008",
          "item_id": "1008",
          "name": "Volume & Pan Plugin",
          "type": "volume",
          "enabled": true
        },
        {
          "id": "1009",
          "item_id": "1009",
          "name": "Level Meter",
          "type": "level",
          "enabled": true
        }
      ],
      "clips": [
        {
          "id": "1011",
          "name": "test_target_3s",
          "clip_type": "wave",
          "start_seconds": 0.029838562011719,
          "end_seconds": 1.99999237060547,
          "length_seconds": 1.970153808593751,
          "file_path": "D:\\Vit_DAW\\test_target_3s.wav",
          "current_source_path": "D:\\Vit_DAW\\test_target_3s.wav",
          "playback_source_valid": true
        },
        {
          "id": "1015",
          "name": "test_100hz_10s",
          "clip_type": "wave",
          "start_seconds": 1.99999237060547,
          "end_seconds": 11.999992370605471,
          "length_seconds": 10.0,
          "file_path": "D:\\Vit_DAW\\test_100hz_10s.wav",
          "current_source_path": "D:\\Vit_DAW\\test_100hz_10s.wav",
          "playback_source_valid": true
        }
      ],
      "output_to_device_resolved": true,
      "output_device_enabled": true,
      "output_device_id": "out_b7a4b4c1",
      "output_routing_name": "(default audio output)"
    }
  ]
}
VitHeadlessService: command reply (truncated): {
  "status": "ok",
  "project_path": "",
  "tracks": [
    {
      "track_id": "1002",
      "track_name": "Arranger",
      "track_type": "track",
      "is_audio_track": false,
      "is_audio": false,
     
ZmqGateway: received command payload: {"cmd":"list_tracks"}
ZmqGateway: dispatching payload to JUCE message thread.
VitHeadlessService: processing queued command on JUCE message thread: {"cmd":"list_tracks"}
Command received: {"cmd":"list_tracks"}
Command executed: list_tracks, result: {
  "status": "ok",
  "message": "Track list fetched",
  "tracks": [
    {
      "track_id": "1002",
      "name": "Arranger",
      "track_type": "track",
      "is_audio": false,
      "is_audio_track": false,
      "vit_type": "",
      "vit_intent": "",
      "plugin_count": 0,
      "plugins": []
    },
    {
      "track_id": "1003",
      "name": "Chord",
      "track_type": "track",
      "is_audio": false,
      "is_audio_track": false,
      "vit_type": "",
      "vit_intent": "",
      "plugin_count": 0,
      "plugins": []
    },
    {
      "track_id": "1004",
      "name": "Marker",
      "track_type": "track",
      "is_audio": false,
      "is_audio_track": false,
      "vit_type": "",
      "vit_intent": "",
      "plugin_count": 0,
      "plugins": []
    },
    {
      "track_id": "1005",
      "name": "Tempo",
      "track_type": "track",
      "is_audio": false,
      "is_audio_track": false,
      "vit_type": "",
      "vit_intent": "",
      "plugin_count": 0,
      "plugins": []
    },
    {
      "track_id": "1006",
      "name": "Master",
      "track_type": "master",
      "is_audio": false,
      "is_audio_track": false,
      "vit_type": "",
      "vit_intent": "",
      "plugin_count": 0,
      "plugins": []
    },
    {
      "track_id": "1007",
      "name": "Track 1",
      "track_type": "hybrid",
      "is_audio": true,
      "is_audio_track": true,
      "vit_type": "",
      "vit_intent": "",
      "plugin_count": 2,
      "plugins": [
        {
          "name": "Volume & Pan Plugin",
          "type": "volume",
          "enabled": true
        },
        {
          "name": "Level Meter",
          "type": "level",
          "enabled": true
        }
      ]
    }
  ]
}
VitHeadlessService: command reply (truncated): {
  "status": "ok",
  "message": "Track list fetched",
  "tracks": [
    {
      "track_id": "1002",
      "name": "Arranger",
      "track_type": "track",
      "is_audio": false,
      "is_audio_track": false,
ZmqGateway: received command payload: {"action":"return_to_zero"}
ZmqGateway: dispatching payload to JUCE message thread.
VitHeadlessService: processing queued command on JUCE message thread: {"action":"return_to_zero"}
Command received: {"action":"return_to_zero"}
CommandDispatcher::handleReturnToZero: before isPlaying=false isRecording=false playContextActive=true positionSeconds=3.690 editLengthSeconds=12.000
CommandDispatcher::handleReturnToZero: after isPlaying=false isRecording=false playContextActive=true positionSeconds=0.000 editLengthSeconds=12.000
Command executed: return_to_zero, result: {
  "status": "ok",
  "message": "Transport returned to zero",
  "is_playing": false,
  "is_recording": false,
  "position_seconds": 0.0,
  "click_track_enabled": false
}
VitHeadlessService: command reply (truncated): {
  "status": "ok",
  "message": "Transport returned to zero",
  "is_playing": false,
  "is_recording": false,
  "position_seconds": 0.0,
  "click_track_enabled": false
}
ZmqGateway: received command payload: {"action":"play"}
ZmqGateway: dispatching payload to JUCE message thread.
VitHeadlessService: processing queued command on JUCE message thread: {"action":"play"}
Command received: {"action":"play"}
CommandDispatcher::handlePlay: before isPlaying=false isRecording=false playContextActive=true positionSeconds=0.000 editLengthSeconds=12.000
CommandDispatcher::handlePlay: after isPlaying=true isRecording=false playContextActive=true positionSeconds=0.000 editLengthSeconds=12.000
Command executed: play, result: {
  "status": "ok",
  "message": "Transport playing",
  "is_playing": true,
  "is_recording": false,
  "position_seconds": 0.0,
  "click_track_enabled": false
}
VitHeadlessService: command reply (truncated): {
  "status": "ok",
  "message": "Transport playing",
  "is_playing": true,
  "is_recording": false,
  "position_seconds": 0.0,
  "click_track_enabled": false
}
ZmqGateway: received command payload: {"action":"stop"}
ZmqGateway: dispatching payload to JUCE message thread.
VitHeadlessService: processing queued command on JUCE message thread: {"action":"stop"}
Command received: {"action":"stop"}
CommandDispatcher::handleStop: before isPlaying=true isRecording=false playContextActive=true positionSeconds=4.170 editLengthSeconds=12.000
CommandDispatcher::handleStop: after isPlaying=false isRecording=false playContextActive=true positionSeconds=4.170 editLengthSeconds=12.000
Command executed: stop, result: {
  "status": "ok",
  "message": "Transport stopped",
  "is_playing": false,
  "is_recording": false,
  "position_seconds": 4.17,
  "click_track_enabled": false
}
VitHeadlessService: command reply (truncated): {
  "status": "ok",
  "message": "Transport stopped",
  "is_playing": false,
  "is_recording": false,
  "position_seconds": 4.17,
  "click_track_enabled": false
}
ZmqGateway: received command payload: {"action":"return_to_zero"}
ZmqGateway: dispatching payload to JUCE message thread.
VitHeadlessService: processing queued command on JUCE message thread: {"action":"return_to_zero"}
Command received: {"action":"return_to_zero"}
CommandDispatcher::handleReturnToZero: before isPlaying=false isRecording=false playContextActive=true positionSeconds=4.190 editLengthSeconds=12.000
CommandDispatcher::handleReturnToZero: after isPlaying=false isRecording=false playContextActive=true positionSeconds=0.000 editLengthSeconds=12.000
Command executed: return_to_zero, result: {
  "status": "ok",
  "message": "Transport returned to zero",
  "is_playing": false,
  "is_recording": false,
  "position_seconds": 0.0,
  "click_track_enabled": false
}
VitHeadlessService: command reply (truncated): {
  "status": "ok",
  "message": "Transport returned to zero",
  "is_playing": false,
  "is_recording": false,
  "position_seconds": 0.0,
  "click_track_enabled": false
}
ZmqGateway: received command payload: {"cmd":"add_track","type":"hybrid"}
ZmqGateway: dispatching payload to JUCE message thread.
VitHeadlessService: processing queued command on JUCE message thread: {"cmd":"add_track","type":"hybrid"}
Command received: {"cmd":"add_track","type":"hybrid"}
VitHeadlessService: project saved to D:\Vit_DAW\VitApp\Workspace\default_project.xml
Command executed: add_track, result: {
  "status": "ok",
  "message": "Track added",
  "track_id": "1016",
  "track_name": "Track 2"
}
VitHeadlessService: command reply (truncated): {
  "status": "ok",
  "message": "Track added",
  "track_id": "1016",
  "track_name": "Track 2"
}
ZmqGateway: received command payload: {"cmd":"list_tracks"}
ZmqGateway: dispatching payload to JUCE message thread.
VitHeadlessService: processing queued command on JUCE message thread: {"cmd":"list_tracks"}
Command received: {"cmd":"list_tracks"}
Command executed: list_tracks, result: {
  "status": "ok",
  "message": "Track list fetched",
  "tracks": [
    {
      "track_id": "1002",
      "name": "Arranger",
      "track_type": "track",
      "is_audio": false,
      "is_audio_track": false,
      "vit_type": "",
      "vit_intent": "",
      "plugin_count": 0,
      "plugins": []
    },
    {
      "track_id": "1003",
      "name": "Chord",
      "track_type": "track",
      "is_audio": false,
      "is_audio_track": false,
      "vit_type": "",
      "vit_intent": "",
      "plugin_count": 0,
      "plugins": []
    },
    {
      "track_id": "1004",
      "name": "Marker",
      "track_type": "track",
      "is_audio": false,
      "is_audio_track": false,
      "vit_type": "",
      "vit_intent": "",
      "plugin_count": 0,
      "plugins": []
    },
    {
      "track_id": "1005",
      "name": "Tempo",
      "track_type": "track",
      "is_audio": false,
      "is_audio_track": false,
      "vit_type": "",
      "vit_intent": "",
      "plugin_count": 0,
      "plugins": []
    },
    {
      "track_id": "1006",
      "name": "Master",
      "track_type": "master",
      "is_audio": false,
      "is_audio_track": false,
      "vit_type": "",
      "vit_intent": "",
      "plugin_count": 0,
      "plugins": []
    },
    {
      "track_id": "1007",
      "name": "Track 1",
      "track_type": "hybrid",
      "is_audio": true,
      "is_audio_track": true,
      "vit_type": "",
      "vit_intent": "",
      "plugin_count": 2,
      "plugins": [
        {
          "name": "Volume & Pan Plugin",
          "type": "volume",
          "enabled": true
        },
        {
          "name": "Level Meter",
          "type": "level",
          "enabled": true
        }
      ]
    },
    {
      "track_id": "1016",
      "name": "Track 2",
      "track_type": "hybrid",
      "is_audio": true,
      "is_audio_track": true,
      "vit_type": "",
      "vit_intent": "",
      "plugin_count": 2,
      "plugins": [
        {
          "name": "Volume & Pan Plugin",
          "type": "volume",
          "enabled": true
        },
        {
          "name": "Level Meter",
          "type": "level",
          "enabled": true
        }
      ]
    }
  ]
}
VitHeadlessService: command reply (truncated): {
  "status": "ok",
  "message": "Track list fetched",
  "tracks": [
    {
      "track_id": "1002",
      "name": "Arranger",
      "track_type": "track",
      "is_audio": false,
      "is_audio_track": false,
ZmqGateway: received command payload: {"cmd":"get_project_state"}
ZmqGateway: dispatching payload to JUCE message thread.
VitHeadlessService: processing queued command on JUCE message thread: {"cmd":"get_project_state"}
Command received: {"cmd":"get_project_state"}
Command executed: get_project_state, result: {
  "status": "ok",
  "project_path": "",
  "tracks": [
    {
      "track_id": "1002",
      "track_name": "Arranger",
      "track_type": "track",
      "is_audio_track": false,
      "is_audio": false,
      "plugins": [],
      "clips": []
    },
    {
      "track_id": "1003",
      "track_name": "Chord",
      "track_type": "track",
      "is_audio_track": false,
      "is_audio": false,
      "plugins": [],
      "clips": []
    },
    {
      "track_id": "1004",
      "track_name": "Marker",
      "track_type": "track",
      "is_audio_track": false,
      "is_audio": false,
      "plugins": [],
      "clips": []
    },
    {
      "track_id": "1005",
      "track_name": "Tempo",
      "track_type": "track",
      "is_audio_track": false,
      "is_audio": false,
      "plugins": [],
      "clips": []
    },
    {
      "track_id": "1006",
      "track_name": "Master",
      "track_type": "master",
      "is_audio_track": false,
      "is_audio": false,
      "plugins": [],
      "clips": []
    },
    {
      "track_id": "1007",
      "track_name": "Track 1",
      "track_type": "hybrid",
      "is_audio_track": true,
      "is_audio": true,
      "plugins": [
        {
          "id": "1008",
          "item_id": "1008",
          "name": "Volume & Pan Plugin",
          "type": "volume",
          "enabled": true
        },
        {
          "id": "1009",
          "item_id": "1009",
          "name": "Level Meter",
          "type": "level",
          "enabled": true
        }
      ],
      "clips": [
        {
          "id": "1011",
          "name": "test_target_3s",
          "clip_type": "wave",
          "start_seconds": 0.029838562011719,
          "end_seconds": 1.99999237060547,
          "length_seconds": 1.970153808593751,
          "file_path": "D:\\Vit_DAW\\test_target_3s.wav",
          "current_source_path": "D:\\Vit_DAW\\test_target_3s.wav",
          "playback_source_valid": true
        },
        {
          "id": "1015",
          "name": "test_100hz_10s",
          "clip_type": "wave",
          "start_seconds": 1.99999237060547,
          "end_seconds": 11.999992370605471,
          "length_seconds": 10.0,
          "file_path": "D:\\Vit_DAW\\test_100hz_10s.wav",
          "current_source_path": "D:\\Vit_DAW\\test_100hz_10s.wav",
          "playback_source_valid": true
        }
      ],
      "output_to_device_resolved": true,
      "output_device_enabled": true,
      "output_device_id": "out_b7a4b4c1",
      "output_routing_name": "(default audio output)"
    },
    {
      "track_id": "1016",
      "track_name": "Track 2",
      "track_type": "hybrid",
      "is_audio_track": true,
      "is_audio": true,
      "plugins": [
        {
          "id": "1017",
          "item_id": "1017",
          "name": "Volume & Pan Plugin",
          "type": "volume",
          "enabled": true
        },
        {
          "id": "1018",
          "item_id": "1018",
          "name": "Level Meter",
          "type": "level",
          "enabled": true
        }
      ],
      "clips": [],
      "output_to_device_resolved": true,
      "output_device_enabled": true,
      "output_device_id": "out_b7a4b4c1",
      "output_routing_name": "(default audio output)"
    }
  ]
}
VitHeadlessService: command reply (truncated): {
  "status": "ok",
  "project_path": "",
  "tracks": [
    {
      "track_id": "1002",
      "track_name": "Arranger",
      "track_type": "track",
      "is_audio_track": false,
      "is_audio": false,
     
ZmqGateway: received command payload: {"cmd":"list_tracks"}
ZmqGateway: dispatching payload to JUCE message thread.
VitHeadlessService: processing queued command on JUCE message thread: {"cmd":"list_tracks"}
Command received: {"cmd":"list_tracks"}
Command executed: list_tracks, result: {
  "status": "ok",
  "message": "Track list fetched",
  "tracks": [
    {
      "track_id": "1002",
      "name": "Arranger",
      "track_type": "track",
      "is_audio": false,
      "is_audio_track": false,
      "vit_type": "",
      "vit_intent": "",
      "plugin_count": 0,
      "plugins": []
    },
    {
      "track_id": "1003",
      "name": "Chord",
      "track_type": "track",
      "is_audio": false,
      "is_audio_track": false,
      "vit_type": "",
      "vit_intent": "",
      "plugin_count": 0,
      "plugins": []
    },
    {
      "track_id": "1004",
      "name": "Marker",
      "track_type": "track",
      "is_audio": false,
      "is_audio_track": false,
      "vit_type": "",
      "vit_intent": "",
      "plugin_count": 0,
      "plugins": []
    },
    {
      "track_id": "1005",
      "name": "Tempo",
      "track_type": "track",
      "is_audio": false,
      "is_audio_track": false,
      "vit_type": "",
      "vit_intent": "",
      "plugin_count": 0,
      "plugins": []
    },
    {
      "track_id": "1006",
      "name": "Master",
      "track_type": "master",
      "is_audio": false,
      "is_audio_track": false,
      "vit_type": "",
      "vit_intent": "",
      "plugin_count": 0,
      "plugins": []
    },
    {
      "track_id": "1007",
      "name": "Track 1",
      "track_type": "hybrid",
      "is_audio": true,
      "is_audio_track": true,
      "vit_type": "",
      "vit_intent": "",
      "plugin_count": 2,
      "plugins": [
        {
          "name": "Volume & Pan Plugin",
          "type": "volume",
          "enabled": true
        },
        {
          "name": "Level Meter",
          "type": "level",
          "enabled": true
        }
      ]
    },
    {
      "track_id": "1016",
      "name": "Track 2",
      "track_type": "hybrid",
      "is_audio": true,
      "is_audio_track": true,
      "vit_type": "",
      "vit_intent": "",
      "plugin_count": 2,
      "plugins": [
        {
          "name": "Volume & Pan Plugin",
          "type": "volume",
          "enabled": true
        },
        {
          "name": "Level Meter",
          "type": "level",
          "enabled": true
        }
      ]
    }
  ]
}
VitHeadlessService: command reply (truncated): {
  "status": "ok",
  "message": "Track list fetched",
  "tracks": [
    {
      "track_id": "1002",
      "name": "Arranger",
      "track_type": "track",
      "is_audio": false,
      "is_audio_track": false,
ZmqGateway: received command payload: {"action":"import_media_to_track","file_path":"D:/Vit_DAW/test_100hz_10s.wav","media_type":"audio","start_time":0.298492431640625,"track_id":"1016"}
ZmqGateway: dispatching payload to JUCE message thread.
VitHeadlessService: processing queued command on JUCE message thread: {"action":"import_media_to_track","file_path":"D:/Vit_DAW/test_100hz_10s.wav","media_type":"audio","start_time":0.298492431640625,"track_id":"1016"}
Command received: {"action":"import_media_to_track","file_path":"D:/Vit_DAW/test_100hz_10s.wav","media_type":"audio","start_time":0.298492431640625,"track_id":"1016"}
VitHeadlessService: project saved to D:\Vit_DAW\VitApp\Workspace\default_project.xml
CommandDispatcher::handleImportMediaToTrack: clipId="1020" clip="test_100hz_10s" trackId="1016" source="D:\Vit_DAW\test_100hz_10s.wav" lengthSec=10.000 isPlaying=false isRecording=false playContextActive=true positionSeconds=0.000 editLengthSeconds=12.000
Command executed: import_media_to_track, result: {
  "status": "success",
  "action": "import_media_to_track",
  "clip_id": "1020",
  "track_id": "1016",
  "start_time": 0.298492431640625,
  "resolved_start_time": 0.298492431640625,
  "length": 10.0,
  "applied_mode": "destructive",
  "clip_name": "test_100hz_10s",
  "file_path": "D:\\Vit_DAW\\test_100hz_10s.wav",
  "edit_length_seconds": 11.999992370605471,
  "baking_status": "baking_started"
}
VitHeadlessService: command reply (truncated): {
  "status": "success",
  "action": "import_media_to_track",
  "clip_id": "1020",
  "track_id": "1016",
  "start_time": 0.298492431640625,
  "resolved_start_time": 0.298492431640625,
  "length": 10.0,
  "applied
ZmqGateway: received command payload: {"cmd":"get_project_state"}
ZmqGateway: dispatching payload to JUCE message thread.
VitHeadlessService: processing queued command on JUCE message thread: {"cmd":"get_project_state"}
Command received: {"cmd":"get_project_state"}
Command executed: get_project_state, result: {
  "status": "ok",
  "project_path": "",
  "tracks": [
    {
      "track_id": "1002",
      "track_name": "Arranger",
      "track_type": "track",
      "is_audio_track": false,
      "is_audio": false,
      "plugins": [],
      "clips": []
    },
    {
      "track_id": "1003",
      "track_name": "Chord",
      "track_type": "track",
      "is_audio_track": false,
      "is_audio": false,
      "plugins": [],
      "clips": []
    },
    {
      "track_id": "1004",
      "track_name": "Marker",
      "track_type": "track",
      "is_audio_track": false,
      "is_audio": false,
      "plugins": [],
      "clips": []
    },
    {
      "track_id": "1005",
      "track_name": "Tempo",
      "track_type": "track",
      "is_audio_track": false,
      "is_audio": false,
      "plugins": [],
      "clips": []
    },
    {
      "track_id": "1006",
      "track_name": "Master",
      "track_type": "master",
      "is_audio_track": false,
      "is_audio": false,
      "plugins": [],
      "clips": []
    },
    {
      "track_id": "1007",
      "track_name": "Track 1",
      "track_type": "hybrid",
      "is_audio_track": true,
      "is_audio": true,
      "plugins": [
        {
          "id": "1008",
          "item_id": "1008",
          "name": "Volume & Pan Plugin",
          "type": "volume",
          "enabled": true
        },
        {
          "id": "1009",
          "item_id": "1009",
          "name": "Level Meter",
          "type": "level",
          "enabled": true
        }
      ],
      "clips": [
        {
          "id": "1011",
          "name": "test_target_3s",
          "clip_type": "wave",
          "start_seconds": 0.029838562011719,
          "end_seconds": 1.99999237060547,
          "length_seconds": 1.970153808593751,
          "file_path": "D:\\Vit_DAW\\test_target_3s.wav",
          "current_source_path": "D:\\Vit_DAW\\test_target_3s.wav",
          "playback_source_valid": true
        },
        {
          "id": "1015",
          "name": "test_100hz_10s",
          "clip_type": "wave",
          "start_seconds": 1.99999237060547,
          "end_seconds": 11.999992370605471,
          "length_seconds": 10.0,
          "file_path": "D:\\Vit_DAW\\test_100hz_10s.wav",
          "current_source_path": "D:\\Vit_DAW\\test_100hz_10s.wav",
          "playback_source_valid": true
        }
      ],
      "output_to_device_resolved": true,
      "output_device_enabled": true,
      "output_device_id": "out_b7a4b4c1",
      "output_routing_name": "(default audio output)"
    },
    {
      "track_id": "1016",
      "track_name": "Track 2",
      "track_type": "hybrid",
      "is_audio_track": true,
      "is_audio": true,
      "plugins": [
        {
          "id": "1017",
          "item_id": "1017",
          "name": "Volume & Pan Plugin",
          "type": "volume",
          "enabled": true
        },
        {
          "id": "1018",
          "item_id": "1018",
          "name": "Level Meter",
          "type": "level",
          "enabled": true
        }
      ],
      "clips": [
        {
          "id": "1020",
          "name": "test_100hz_10s",
          "clip_type": "wave",
          "start_seconds": 0.298492431640625,
          "end_seconds": 10.298492431640625,
          "length_seconds": 10.0,
          "file_path": "D:\\Vit_DAW\\test_100hz_10s.wav",
          "current_source_path": "D:\\Vit_DAW\\test_100hz_10s.wav",
          "playback_source_valid": true
        }
      ],
      "output_to_device_resolved": true,
      "output_device_enabled": true,
      "output_device_id": "out_b7a4b4c1",
      "output_routing_name": "(default audio output)"
    }
  ]
}
VitHeadlessService: command reply (truncated): {
  "status": "ok",
  "project_path": "",
  "tracks": [
    {
      "track_id": "1002",
      "track_name": "Arranger",
      "track_type": "track",
      "is_audio_track": false,
      "is_audio": false,
     
ZmqGateway: received command payload: {"cmd":"list_tracks"}
ZmqGateway: dispatching payload to JUCE message thread.
VitHeadlessService: processing queued command on JUCE message thread: {"cmd":"list_tracks"}
Command received: {"cmd":"list_tracks"}
Command executed: list_tracks, result: {
  "status": "ok",
  "message": "Track list fetched",
  "tracks": [
    {
      "track_id": "1002",
      "name": "Arranger",
      "track_type": "track",
      "is_audio": false,
      "is_audio_track": false,
      "vit_type": "",
      "vit_intent": "",
      "plugin_count": 0,
      "plugins": []
    },
    {
      "track_id": "1003",
      "name": "Chord",
      "track_type": "track",
      "is_audio": false,
      "is_audio_track": false,
      "vit_type": "",
      "vit_intent": "",
      "plugin_count": 0,
      "plugins": []
    },
    {
      "track_id": "1004",
      "name": "Marker",
      "track_type": "track",
      "is_audio": false,
      "is_audio_track": false,
      "vit_type": "",
      "vit_intent": "",
      "plugin_count": 0,
      "plugins": []
    },
    {
      "track_id": "1005",
      "name": "Tempo",
      "track_type": "track",
      "is_audio": false,
      "is_audio_track": false,
      "vit_type": "",
      "vit_intent": "",
      "plugin_count": 0,
      "plugins": []
    },
    {
      "track_id": "1006",
      "name": "Master",
      "track_type": "master",
      "is_audio": false,
      "is_audio_track": false,
      "vit_type": "",
      "vit_intent": "",
      "plugin_count": 0,
      "plugins": []
    },
    {
      "track_id": "1007",
      "name": "Track 1",
      "track_type": "hybrid",
      "is_audio": true,
      "is_audio_track": true,
      "vit_type": "",
      "vit_intent": "",
      "plugin_count": 2,
      "plugins": [
        {
          "name": "Volume & Pan Plugin",
          "type": "volume",
          "enabled": true
        },
        {
          "name": "Level Meter",
          "type": "level",
          "enabled": true
        }
      ]
    },
    {
      "track_id": "1016",
      "name": "Track 2",
      "track_type": "hybrid",
      "is_audio": true,
      "is_audio_track": true,
      "vit_type": "",
      "vit_intent": "",
      "plugin_count": 2,
      "plugins": [
        {
          "name": "Volume & Pan Plugin",
          "type": "volume",
          "enabled": true
        },
        {
          "name": "Level Meter",
          "type": "level",
          "enabled": true
        }
      ]
    }
  ]
}
VitHeadlessService: command reply (truncated): {
  "status": "ok",
  "message": "Track list fetched",
  "tracks": [
    {
      "track_id": "1002",
      "name": "Arranger",
      "track_type": "track",
      "is_audio": false,
      "is_audio_track": false,
ZmqGateway: received command payload: {"action":"delete_track","track_index":6}
ZmqGateway: dispatching payload to JUCE message thread.
VitHeadlessService: processing queued command on JUCE message thread: {"action":"delete_track","track_index":6}
Command received: {"action":"delete_track","track_index":6}
Command executed: delete_track, result: {
  "status": "error",
  "message": "Audio track not found for track_index: 6"
}
VitHeadlessService: command reply (truncated): {
  "status": "error",
  "message": "Audio track not found for track_index: 6"
}
ZmqGateway: received command payload: {"cmd":"list_tracks"}
ZmqGateway: dispatching payload to JUCE message thread.
VitHeadlessService: processing queued command on JUCE message thread: {"cmd":"list_tracks"}
Command received: {"cmd":"list_tracks"}
Command executed: list_tracks, result: {
  "status": "ok",
  "message": "Track list fetched",
  "tracks": [
    {
      "track_id": "1002",
      "name": "Arranger",
      "track_type": "track",
      "is_audio": false,
      "is_audio_track": false,
      "vit_type": "",
      "vit_intent": "",
      "plugin_count": 0,
      "plugins": []
    },
    {
      "track_id": "1003",
      "name": "Chord",
      "track_type": "track",
      "is_audio": false,
      "is_audio_track": false,
      "vit_type": "",
      "vit_intent": "",
      "plugin_count": 0,
      "plugins": []
    },
    {
      "track_id": "1004",
      "name": "Marker",
      "track_type": "track",
      "is_audio": false,
      "is_audio_track": false,
      "vit_type": "",
      "vit_intent": "",
      "plugin_count": 0,
      "plugins": []
    },
    {
      "track_id": "1005",
      "name": "Tempo",
      "track_type": "track",
      "is_audio": false,
      "is_audio_track": false,
      "vit_type": "",
      "vit_intent": "",
      "plugin_count": 0,
      "plugins": []
    },
    {
      "track_id": "1006",
      "name": "Master",
      "track_type": "master",
      "is_audio": false,
      "is_audio_track": false,
      "vit_type": "",
      "vit_intent": "",
      "plugin_count": 0,
      "plugins": []
    },
    {
      "track_id": "1007",
      "name": "Track 1",
      "track_type": "hybrid",
      "is_audio": true,
      "is_audio_track": true,
      "vit_type": "",
      "vit_intent": "",
      "plugin_count": 2,
      "plugins": [
        {
          "name": "Volume & Pan Plugin",
          "type": "volume",
          "enabled": true
        },
        {
          "name": "Level Meter",
          "type": "level",
          "enabled": true
        }
      ]
    },
    {
      "track_id": "1016",
      "name": "Track 2",
      "track_type": "hybrid",
      "is_audio": true,
      "is_audio_track": true,
      "vit_type": "",
      "vit_intent": "",
      "plugin_count": 2,
      "plugins": [
        {
          "name": "Volume & Pan Plugin",
          "type": "volume",
          "enabled": true
        },
        {
          "name": "Level Meter",
          "type": "level",
          "enabled": true
        }
      ]
    }
  ]
}
VitHeadlessService: command reply (truncated): {
  "status": "ok",
  "message": "Track list fetched",
  "tracks": [
    {
      "track_id": "1002",
      "name": "Arranger",
      "track_type": "track",
      "is_audio": false,
      "is_audio_track": false,
ZmqGateway: received command payload: {"action":"play"}
ZmqGateway: dispatching payload to JUCE message thread.
VitHeadlessService: processing queued command on JUCE message thread: {"action":"play"}
Command received: {"action":"play"}
CommandDispatcher::handlePlay: before isPlaying=false isRecording=false playContextActive=true positionSeconds=0.000 editLengthSeconds=12.000
CommandDispatcher::handlePlay: after isPlaying=true isRecording=false playContextActive=true positionSeconds=0.000 editLengthSeconds=12.000
Command executed: play, result: {
  "status": "ok",
  "message": "Transport playing",
  "is_playing": true,
  "is_recording": false,
  "position_seconds": 0.0,
  "click_track_enabled": false
}
VitHeadlessService: command reply (truncated): {
  "status": "ok",
  "message": "Transport playing",
  "is_playing": true,
  "is_recording": false,
  "position_seconds": 0.0,
  "click_track_enabled": false
}
ZmqGateway: received command payload: {"action":"stop"}
ZmqGateway: dispatching payload to JUCE message thread.
VitHeadlessService: processing queued command on JUCE message thread: {"action":"stop"}
Command received: {"action":"stop"}
CommandDispatcher::handleStop: before isPlaying=true isRecording=false playContextActive=true positionSeconds=2.430 editLengthSeconds=12.000
CommandDispatcher::handleStop: after isPlaying=false isRecording=false playContextActive=true positionSeconds=2.430 editLengthSeconds=12.000
Command executed: stop, result: {
  "status": "ok",
  "message": "Transport stopped",
  "is_playing": false,
  "is_recording": false,
  "position_seconds": 2.43,
  "click_track_enabled": false
}
VitHeadlessService: command reply (truncated): {
  "status": "ok",
  "message": "Transport stopped",
  "is_playing": false,
  "is_recording": false,
  "position_seconds": 2.43,
  "click_track_enabled": false
}
ZmqGateway: received command payload: {"action":"return_to_zero"}
ZmqGateway: dispatching payload to JUCE message thread.
VitHeadlessService: processing queued command on JUCE message thread: {"action":"return_to_zero"}
Command received: {"action":"return_to_zero"}
CommandDispatcher::handleReturnToZero: before isPlaying=false isRecording=false playContextActive=true positionSeconds=2.440 editLengthSeconds=12.000
CommandDispatcher::handleReturnToZero: after isPlaying=false isRecording=false playContextActive=true positionSeconds=0.000 editLengthSeconds=12.000
Command executed: return_to_zero, result: {
  "status": "ok",
  "message": "Transport returned to zero",
  "is_playing": false,
  "is_recording": false,
  "position_seconds": 0.0,
  "click_track_enabled": false
}
VitHeadlessService: command reply (truncated): {
  "status": "ok",
  "message": "Transport returned to zero",
  "is_playing": false,
  "is_recording": false,
  "position_seconds": 0.0,
  "click_track_enabled": false
}
