
**********************************************************
VitHeadlessServer session log
Log started: 10 Apr 2026 12:48:49am

VitHeadlessServer: application startup.
Settings file: D:\Vit_DAW\VitApp\Workspace\Settings\Settings.xml
Audio block size: 480  Rate: 48000
Creating Default Controllers...
VitEngineDevice: initialising Tracktion Engine device manager.
Audio block size: 480  Rate: 48000
Rebuilding Wave Device List...
Wave In: Input 1 (enabled): 0 (L)
Wave In: Input 2 (enabled): 1 (L)
Wave Out: Output 1 + 2 (enabled): 0 (L), 1 (R)
Default Wave Out: Output 1 + 2
Default MIDI Out: 
Default Wave In: Input 1
Default MIDI In: 
VitEngineDevice: audio IO ready for playback graph: "扬声器 (USB AUDIO  CODEC)" 48000.00 Hz, block 480 samples
VitEngineDevice: audio setup outputDevice="扬声器 (USB AUDIO  CODEC)" inputDevice="麦克风 (Sonic Studio Virtual Mixer)" sampleRate=48000.00 bufferSize=480 inputChannels=11 outputChannels=11
VitEngineDevice: current audio device name="扬声器 (USB AUDIO  CODEC)" type="Windows Audio" activeOutputChannels=Output channel 1, Output channel 2" activeInputChannels=Input channel 1, Input channel 2"
VitHeadlessService: edit loaded from D:\Vit_DAW\VitApp\Workspace\default_project.xml
VitEngineDevice: audio IO ready for playback graph: "扬声器 (USB AUDIO  CODEC)" 48000.00 Hz, block 480 samples
VitHeadlessService: project reload complete.
ZmqGateway: bound command endpoint to tcp://127.0.0.1:5555
ZmqGateway: bound publish endpoint to tcp://127.0.0.1:5556
ZmqGateway: bound log endpoint to tcp://127.0.0.1:5557
ZmqGateway: started network thread.
VitHeadlessService: service started successfully.
VitHeadlessServer: startup complete, entering background message loop.
ZmqGateway: received command payload: {"cmd":"get_recent_projects"}
ZmqGateway: dispatching payload to JUCE message thread.
VitHeadlessService: processing queued command on JUCE message thread: {"cmd":"get_recent_projects"}
Command received: {"cmd":"get_recent_projects"}
Command executed: get_recent_projects, result: {
  "status": "ok",
  "recent_projects": [
    "D:\\Godot\\project\\vit-daw-frontend\\4.4.3.vit",
    "D:\\Godot\\project\\vit-daw-frontend\\4.4.2.vit",
    "D:\\Godot\\project\\vit-daw-frontend\\4.4.1.vit",
    "D:\\Godot\\project\\vit-daw-frontend\\4.4.vit",
    "D:\\4.1.tracktionedit"
  ]
}
VitHeadlessService: command reply (truncated): {
  "status": "ok",
  "recent_projects": [
    "D:\\Godot\\project\\vit-daw-frontend\\4.4.3.vit",
    "D:\\Godot\\project\\vit-daw-frontend\\4.4.2.vit",
    "D:\\Godot\\project\\vit-daw-frontend\\4.4.1.vit",
    "D
ZmqGateway: received command payload: {"cmd":"new_project"}
ZmqGateway: dispatching payload to JUCE message thread.
VitHeadlessService: processing queued command on JUCE message thread: {"cmd":"new_project"}
Command received: {"cmd":"new_project"}
VitEngineDevice: audio IO ready for playback graph: "扬声器 (USB AUDIO  CODEC)" 48000.00 Hz, block 480 samples
Command executed: new_project, result: {
  "status": "ok",
  "message": "Blank project created"
}
VitHeadlessService: command reply (truncated): {
  "status": "ok",
  "message": "Blank project created"
}
ZmqGateway: received command payload: {"cmd":"ping"}
ZmqGateway: dispatching payload to JUCE message thread.
VitHeadlessService: processing queued command on JUCE message thread: {"cmd":"ping"}
Command received: {"cmd":"ping"}
CommandDispatcher: handled ping command.
Command executed: ping, result: {
  "status": "ok",
  "message": "pong"
}
VitHeadlessService: command reply (truncated): {
  "status": "ok",
  "message": "pong"
}
ZmqGateway: received command payload: {"cmd":"get_project_state"}
ZmqGateway: dispatching payload to JUCE message thread.
VitHeadlessService: processing queued command on JUCE message thread: {"cmd":"get_project_state"}
Command received: {"cmd":"get_project_state"}
Command executed: get_project_state, result: {
  "status": "ok",
  "project_path": "",
  "tracks": [
    {
      "track_id": "1002",
      "track_name": "Arranger",
      "track_type": "track",
      "is_audio_track": false,
      "is_audio": false,
      "plugins": [],
      "clips": []
    },
    {
      "track_id": "1003",
      "track_name": "Chord",
      "track_type": "track",
      "is_audio_track": false,
      "is_audio": false,
      "plugins": [],
      "clips": []
    },
    {
      "track_id": "1004",
      "track_name": "Marker",
      "track_type": "track",
      "is_audio_track": false,
      "is_audio": false,
      "plugins": [],
      "clips": []
    },
    {
      "track_id": "1005",
      "track_name": "Tempo",
      "track_type": "track",
      "is_audio_track": false,
      "is_audio": false,
      "plugins": [],
      "clips": []
    },
    {
      "track_id": "1006",
      "track_name": "Master",
      "track_type": "master",
      "is_audio_track": false,
      "is_audio": false,
      "plugins": [],
      "clips": []
    }
  ]
}
VitHeadlessService: command reply (truncated): {
  "status": "ok",
  "project_path": "",
  "tracks": [
    {
      "track_id": "1002",
      "track_name": "Arranger",
      "track_type": "track",
      "is_audio_track": false,
      "is_audio": false,
     
ZmqGateway: received command payload: {"cmd":"list_tracks"}
ZmqGateway: dispatching payload to JUCE message thread.
VitHeadlessService: processing queued command on JUCE message thread: {"cmd":"list_tracks"}
Command received: {"cmd":"list_tracks"}
Command executed: list_tracks, result: {
  "status": "ok",
  "message": "Track list fetched",
  "tracks": [
    {
      "track_id": "1002",
      "name": "Arranger",
      "track_type": "track",
      "is_audio": false,
      "is_audio_track": false,
      "vit_type": "",
      "vit_intent": "",
      "plugin_count": 0,
      "plugins": []
    },
    {
      "track_id": "1003",
      "name": "Chord",
      "track_type": "track",
      "is_audio": false,
      "is_audio_track": false,
      "vit_type": "",
      "vit_intent": "",
      "plugin_count": 0,
      "plugins": []
    },
    {
      "track_id": "1004",
      "name": "Marker",
      "track_type": "track",
      "is_audio": false,
      "is_audio_track": false,
      "vit_type": "",
      "vit_intent": "",
      "plugin_count": 0,
      "plugins": []
    },
    {
      "track_id": "1005",
      "name": "Tempo",
      "track_type": "track",
      "is_audio": false,
      "is_audio_track": false,
      "vit_type": "",
      "vit_intent": "",
      "plugin_count": 0,
      "plugins": []
    },
    {
      "track_id": "1006",
      "name": "Master",
      "track_type": "master",
      "is_audio": false,
      "is_audio_track": false,
      "vit_type": "",
      "vit_intent": "",
      "plugin_count": 0,
      "plugins": []
    }
  ]
}
VitHeadlessService: command reply (truncated): {
  "status": "ok",
  "message": "Track list fetched",
  "tracks": [
    {
      "track_id": "1002",
      "name": "Arranger",
      "track_type": "track",
      "is_audio": false,
      "is_audio_track": false,
MIDI Input devices scanned in: 0
Updating MIDI I/O devices
Found MIDI in: all_midi_in ("All MIDI Ins") (enabled)
Found MIDI out: out_81b0d7ef ("Microsoft GS Wavetable Synth") (enabled)
opening MIDI out device: out_81b0d7ef (Microsoft GS Wavetable Synth)
ZmqGateway: received command payload: {"cmd":"list_tracks"}
ZmqGateway: dispatching payload to JUCE message thread.
VitHeadlessService: processing queued command on JUCE message thread: {"cmd":"list_tracks"}
Command received: {"cmd":"list_tracks"}
Command executed: list_tracks, result: {
  "status": "ok",
  "message": "Track list fetched",
  "tracks": [
    {
      "track_id": "1002",
      "name": "Arranger",
      "track_type": "track",
      "is_audio": false,
      "is_audio_track": false,
      "vit_type": "",
      "vit_intent": "",
      "plugin_count": 0,
      "plugins": []
    },
    {
      "track_id": "1003",
      "name": "Chord",
      "track_type": "track",
      "is_audio": false,
      "is_audio_track": false,
      "vit_type": "",
      "vit_intent": "",
      "plugin_count": 0,
      "plugins": []
    },
    {
      "track_id": "1004",
      "name": "Marker",
      "track_type": "track",
      "is_audio": false,
      "is_audio_track": false,
      "vit_type": "",
      "vit_intent": "",
      "plugin_count": 0,
      "plugins": []
    },
    {
      "track_id": "1005",
      "name": "Tempo",
      "track_type": "track",
      "is_audio": false,
      "is_audio_track": false,
      "vit_type": "",
      "vit_intent": "",
      "plugin_count": 0,
      "plugins": []
    },
    {
      "track_id": "1006",
      "name": "Master",
      "track_type": "master",
      "is_audio": false,
      "is_audio_track": false,
      "vit_type": "",
      "vit_intent": "",
      "plugin_count": 0,
      "plugins": []
    }
  ]
}
VitHeadlessService: command reply (truncated): {
  "status": "ok",
  "message": "Track list fetched",
  "tracks": [
    {
      "track_id": "1002",
      "name": "Arranger",
      "track_type": "track",
      "is_audio": false,
      "is_audio_track": false,
ZmqGateway: received command payload: {"cmd":"add_track","type":"hybrid"}
ZmqGateway: dispatching payload to JUCE message thread.
VitHeadlessService: processing queued command on JUCE message thread: {"cmd":"add_track","type":"hybrid"}
Command received: {"cmd":"add_track","type":"hybrid"}
VitHeadlessService: project saved to D:\Vit_DAW\VitApp\Workspace\default_project.xml
Command executed: add_track, result: {
  "status": "ok",
  "message": "Track added",
  "track_id": "1007",
  "track_name": "Track 1"
}
VitHeadlessService: command reply (truncated): {
  "status": "ok",
  "message": "Track added",
  "track_id": "1007",
  "track_name": "Track 1"
}
ZmqGateway: received command payload: {"cmd":"list_tracks"}
ZmqGateway: dispatching payload to JUCE message thread.
VitHeadlessService: processing queued command on JUCE message thread: {"cmd":"list_tracks"}
Command received: {"cmd":"list_tracks"}
Command executed: list_tracks, result: {
  "status": "ok",
  "message": "Track list fetched",
  "tracks": [
    {
      "track_id": "1002",
      "name": "Arranger",
      "track_type": "track",
      "is_audio": false,
      "is_audio_track": false,
      "vit_type": "",
      "vit_intent": "",
      "plugin_count": 0,
      "plugins": []
    },
    {
      "track_id": "1003",
      "name": "Chord",
      "track_type": "track",
      "is_audio": false,
      "is_audio_track": false,
      "vit_type": "",
      "vit_intent": "",
      "plugin_count": 0,
      "plugins": []
    },
    {
      "track_id": "1004",
      "name": "Marker",
      "track_type": "track",
      "is_audio": false,
      "is_audio_track": false,
      "vit_type": "",
      "vit_intent": "",
      "plugin_count": 0,
      "plugins": []
    },
    {
      "track_id": "1005",
      "name": "Tempo",
      "track_type": "track",
      "is_audio": false,
      "is_audio_track": false,
      "vit_type": "",
      "vit_intent": "",
      "plugin_count": 0,
      "plugins": []
    },
    {
      "track_id": "1006",
      "name": "Master",
      "track_type": "master",
      "is_audio": false,
      "is_audio_track": false,
      "vit_type": "",
      "vit_intent": "",
      "plugin_count": 0,
      "plugins": []
    },
    {
      "track_id": "1007",
      "name": "Track 1",
      "track_type": "hybrid",
      "is_audio": true,
      "is_audio_track": true,
      "vit_type": "",
      "vit_intent": "",
      "plugin_count": 2,
      "plugins": [
        {
          "name": "Volume & Pan Plugin",
          "type": "volume",
          "enabled": true
        },
        {
          "name": "Level Meter",
          "type": "level",
          "enabled": true
        }
      ]
    }
  ]
}
VitHeadlessService: command reply (truncated): {
  "status": "ok",
  "message": "Track list fetched",
  "tracks": [
    {
      "track_id": "1002",
      "name": "Arranger",
      "track_type": "track",
      "is_audio": false,
      "is_audio_track": false,
ZmqGateway: received command payload: {"cmd":"get_project_state"}
ZmqGateway: dispatching payload to JUCE message thread.
VitHeadlessService: processing queued command on JUCE message thread: {"cmd":"get_project_state"}
Command received: {"cmd":"get_project_state"}
Command executed: get_project_state, result: {
  "status": "ok",
  "project_path": "",
  "tracks": [
    {
      "track_id": "1002",
      "track_name": "Arranger",
      "track_type": "track",
      "is_audio_track": false,
      "is_audio": false,
      "plugins": [],
      "clips": []
    },
    {
      "track_id": "1003",
      "track_name": "Chord",
      "track_type": "track",
      "is_audio_track": false,
      "is_audio": false,
      "plugins": [],
      "clips": []
    },
    {
      "track_id": "1004",
      "track_name": "Marker",
      "track_type": "track",
      "is_audio_track": false,
      "is_audio": false,
      "plugins": [],
      "clips": []
    },
    {
      "track_id": "1005",
      "track_name": "Tempo",
      "track_type": "track",
      "is_audio_track": false,
      "is_audio": false,
      "plugins": [],
      "clips": []
    },
    {
      "track_id": "1006",
      "track_name": "Master",
      "track_type": "master",
      "is_audio_track": false,
      "is_audio": false,
      "plugins": [],
      "clips": []
    },
    {
      "track_id": "1007",
      "track_name": "Track 1",
      "track_type": "hybrid",
      "is_audio_track": true,
      "is_audio": true,
      "plugins": [
        {
          "id": "1008",
          "item_id": "1008",
          "name": "Volume & Pan Plugin",
          "type": "volume",
          "enabled": true
        },
        {
          "id": "1009",
          "item_id": "1009",
          "name": "Level Meter",
          "type": "level",
          "enabled": true
        }
      ],
      "clips": [],
      "output_to_device_resolved": true,
      "output_device_enabled": true,
      "output_device_id": "out_b7a4b4c1",
      "output_routing_name": "(default audio output)"
    }
  ]
}
VitHeadlessService: command reply (truncated): {
  "status": "ok",
  "project_path": "",
  "tracks": [
    {
      "track_id": "1002",
      "track_name": "Arranger",
      "track_type": "track",
      "is_audio_track": false,
      "is_audio": false,
     
ZmqGateway: received command payload: {"cmd":"list_tracks"}
ZmqGateway: dispatching payload to JUCE message thread.
VitHeadlessService: processing queued command on JUCE message thread: {"cmd":"list_tracks"}
Command received: {"cmd":"list_tracks"}
Command executed: list_tracks, result: {
  "status": "ok",
  "message": "Track list fetched",
  "tracks": [
    {
      "track_id": "1002",
      "name": "Arranger",
      "track_type": "track",
      "is_audio": false,
      "is_audio_track": false,
      "vit_type": "",
      "vit_intent": "",
      "plugin_count": 0,
      "plugins": []
    },
    {
      "track_id": "1003",
      "name": "Chord",
      "track_type": "track",
      "is_audio": false,
      "is_audio_track": false,
      "vit_type": "",
      "vit_intent": "",
      "plugin_count": 0,
      "plugins": []
    },
    {
      "track_id": "1004",
      "name": "Marker",
      "track_type": "track",
      "is_audio": false,
      "is_audio_track": false,
      "vit_type": "",
      "vit_intent": "",
      "plugin_count": 0,
      "plugins": []
    },
    {
      "track_id": "1005",
      "name": "Tempo",
      "track_type": "track",
      "is_audio": false,
      "is_audio_track": false,
      "vit_type": "",
      "vit_intent": "",
      "plugin_count": 0,
      "plugins": []
    },
    {
      "track_id": "1006",
      "name": "Master",
      "track_type": "master",
      "is_audio": false,
      "is_audio_track": false,
      "vit_type": "",
      "vit_intent": "",
      "plugin_count": 0,
      "plugins": []
    },
    {
      "track_id": "1007",
      "name": "Track 1",
      "track_type": "hybrid",
      "is_audio": true,
      "is_audio_track": true,
      "vit_type": "",
      "vit_intent": "",
      "plugin_count": 2,
      "plugins": [
        {
          "name": "Volume & Pan Plugin",
          "type": "volume",
          "enabled": true
        },
        {
          "name": "Level Meter",
          "type": "level",
          "enabled": true
        }
      ]
    }
  ]
}
VitHeadlessService: command reply (truncated): {
  "status": "ok",
  "message": "Track list fetched",
  "tracks": [
    {
      "track_id": "1002",
      "name": "Arranger",
      "track_type": "track",
      "is_audio": false,
      "is_audio_track": false,
ZmqGateway: received command payload: {"action":"import_media_to_track","cmd":"import_media_to_track","file_path":"D:/Vit_DAW/test_100hz_10s.wav","media_type":"audio","start_time":1.9429988861084,"track_id":"1007"}
ZmqGateway: dispatching payload to JUCE message thread.
VitHeadlessService: processing queued command on JUCE message thread: {"action":"import_media_to_track","cmd":"import_media_to_track","file_path":"D:/Vit_DAW/test_100hz_10s.wav","media_type":"audio","start_time":1.9429988861084,"track_id":"1007"}
Command received: {"action":"import_media_to_track","cmd":"import_media_to_track","file_path":"D:/Vit_DAW/test_100hz_10s.wav","media_type":"audio","start_time":1.9429988861084,"track_id":"1007"}
VitHeadlessService: project saved to D:\Vit_DAW\VitApp\Workspace\default_project.xml
CommandDispatcher::handleImportMediaToTrack: clipId="1011" clip="test_100hz_10s" trackId="1007" source="D:\Vit_DAW\test_100hz_10s.wav" lengthSec=10.000 isPlaying=false isRecording=false playContextActive=true positionSeconds=0.000 editLengthSeconds=11.943
Command executed: import_media_to_track, result: {
  "status": "success",
  "action": "import_media_to_track",
  "clip_id": "1011",
  "track_id": "1007",
  "start_time": 1.9429988861084,
  "resolved_start_time": 1.9429988861084,
  "length": 10.0,
  "applied_mode": "destructive",
  "clip_name": "test_100hz_10s",
  "file_path": "D:\\Vit_DAW\\test_100hz_10s.wav",
  "edit_length_seconds": 11.9429988861084,
  "baking_status": "baking_started"
}
VitHeadlessService: command reply (truncated): {
  "status": "success",
  "action": "import_media_to_track",
  "clip_id": "1011",
  "track_id": "1007",
  "start_time": 1.9429988861084,
  "resolved_start_time": 1.9429988861084,
  "length": 10.0,
  "applied_mod
ZmqGateway: received command payload: {"cmd":"get_project_state"}
ZmqGateway: dispatching payload to JUCE message thread.
VitHeadlessService: processing queued command on JUCE message thread: {"cmd":"get_project_state"}
Command received: {"cmd":"get_project_state"}
Command executed: get_project_state, result: {
  "status": "ok",
  "project_path": "",
  "tracks": [
    {
      "track_id": "1002",
      "track_name": "Arranger",
      "track_type": "track",
      "is_audio_track": false,
      "is_audio": false,
      "plugins": [],
      "clips": []
    },
    {
      "track_id": "1003",
      "track_name": "Chord",
      "track_type": "track",
      "is_audio_track": false,
      "is_audio": false,
      "plugins": [],
      "clips": []
    },
    {
      "track_id": "1004",
      "track_name": "Marker",
      "track_type": "track",
      "is_audio_track": false,
      "is_audio": false,
      "plugins": [],
      "clips": []
    },
    {
      "track_id": "1005",
      "track_name": "Tempo",
      "track_type": "track",
      "is_audio_track": false,
      "is_audio": false,
      "plugins": [],
      "clips": []
    },
    {
      "track_id": "1006",
      "track_name": "Master",
      "track_type": "master",
      "is_audio_track": false,
      "is_audio": false,
      "plugins": [],
      "clips": []
    },
    {
      "track_id": "1007",
      "track_name": "Track 1",
      "track_type": "hybrid",
      "is_audio_track": true,
      "is_audio": true,
      "plugins": [
        {
          "id": "1008",
          "item_id": "1008",
          "name": "Volume & Pan Plugin",
          "type": "volume",
          "enabled": true
        },
        {
          "id": "1009",
          "item_id": "1009",
          "name": "Level Meter",
          "type": "level",
          "enabled": true
        }
      ],
      "clips": [
        {
          "id": "1011",
          "name": "test_100hz_10s",
          "clip_type": "wave",
          "start_seconds": 1.9429988861084,
          "end_seconds": 11.9429988861084,
          "length_seconds": 10.0,
          "offset_in_source_seconds": 0.0,
          "file_path": "D:\\Vit_DAW\\test_100hz_10s.wav",
          "current_source_path": "D:\\Vit_DAW\\test_100hz_10s.wav",
          "playback_source_valid": true
        }
      ],
      "output_to_device_resolved": true,
      "output_device_enabled": true,
      "output_device_id": "out_b7a4b4c1",
      "output_routing_name": "(default audio output)"
    }
  ]
}
VitHeadlessService: command reply (truncated): {
  "status": "ok",
  "project_path": "",
  "tracks": [
    {
      "track_id": "1002",
      "track_name": "Arranger",
      "track_type": "track",
      "is_audio_track": false,
      "is_audio": false,
     
ZmqGateway: received command payload: {"cmd":"list_tracks"}
ZmqGateway: dispatching payload to JUCE message thread.
VitHeadlessService: processing queued command on JUCE message thread: {"cmd":"list_tracks"}
Command received: {"cmd":"list_tracks"}
Command executed: list_tracks, result: {
  "status": "ok",
  "message": "Track list fetched",
  "tracks": [
    {
      "track_id": "1002",
      "name": "Arranger",
      "track_type": "track",
      "is_audio": false,
      "is_audio_track": false,
      "vit_type": "",
      "vit_intent": "",
      "plugin_count": 0,
      "plugins": []
    },
    {
      "track_id": "1003",
      "name": "Chord",
      "track_type": "track",
      "is_audio": false,
      "is_audio_track": false,
      "vit_type": "",
      "vit_intent": "",
      "plugin_count": 0,
      "plugins": []
    },
    {
      "track_id": "1004",
      "name": "Marker",
      "track_type": "track",
      "is_audio": false,
      "is_audio_track": false,
      "vit_type": "",
      "vit_intent": "",
      "plugin_count": 0,
      "plugins": []
    },
    {
      "track_id": "1005",
      "name": "Tempo",
      "track_type": "track",
      "is_audio": false,
      "is_audio_track": false,
      "vit_type": "",
      "vit_intent": "",
      "plugin_count": 0,
      "plugins": []
    },
    {
      "track_id": "1006",
      "name": "Master",
      "track_type": "master",
      "is_audio": false,
      "is_audio_track": false,
      "vit_type": "",
      "vit_intent": "",
      "plugin_count": 0,
      "plugins": []
    },
    {
      "track_id": "1007",
      "name": "Track 1",
      "track_type": "hybrid",
      "is_audio": true,
      "is_audio_track": true,
      "vit_type": "",
      "vit_intent": "",
      "plugin_count": 2,
      "plugins": [
        {
          "name": "Volume & Pan Plugin",
          "type": "volume",
          "enabled": true
        },
        {
          "name": "Level Meter",
          "type": "level",
          "enabled": true
        }
      ]
    }
  ]
}
VitHeadlessService: command reply (truncated): {
  "status": "ok",
  "message": "Track list fetched",
  "tracks": [
    {
      "track_id": "1002",
      "name": "Arranger",
      "track_type": "track",
      "is_audio": false,
      "is_audio_track": false,
ZmqGateway: received command payload: {"clip_id":"1011","cmd":"move_clip","new_start":5.19169807434082,"new_start_seconds":2.59584903717041,"overlap_mode":"cut","source_track_id":"1007","target_track_id":"1007","time_unit":"beats"}
ZmqGateway: dispatching payload to JUCE message thread.
VitHeadlessService: processing queued command on JUCE message thread: {"clip_id":"1011","cmd":"move_clip","new_start":5.19169807434082,"new_start_seconds":2.59584903717041,"overlap_mode":"cut","source_track_id":"1007","target_track_id":"1007","time_unit":"beats"}
Command received: {"clip_id":"1011","cmd":"move_clip","new_start":5.19169807434082,"new_start_seconds":2.59584903717041,"overlap_mode":"cut","source_track_id":"1007","target_track_id":"1007","time_unit":"beats"}
Command executed: move_clip, result: {
  "status": "ok",
  "message": "Clip moved",
  "clip_id": "1011",
  "source_track_id": "1007",
  "target_track_id": "1007",
  "affected_track_id": "1007",
  "new_start_seconds": 2.59584903717041,
  "overlap_mode": "cut",
  "created_clip_ids": [],
  "removed_clip_ids": [],
  "affected_clip_ids": []
}
VitHeadlessService: command reply (truncated): {
  "status": "ok",
  "message": "Clip moved",
  "clip_id": "1011",
  "source_track_id": "1007",
  "target_track_id": "1007",
  "affected_track_id": "1007",
  "new_start_seconds": 2.59584903717041,
  "overlap_mod
ZmqGateway: received command payload: {"cmd":"get_project_state"}
ZmqGateway: dispatching payload to JUCE message thread.
VitHeadlessService: processing queued command on JUCE message thread: {"cmd":"get_project_state"}
Command received: {"cmd":"get_project_state"}
Command executed: get_project_state, result: {
  "status": "ok",
  "project_path": "",
  "tracks": [
    {
      "track_id": "1002",
      "track_name": "Arranger",
      "track_type": "track",
      "is_audio_track": false,
      "is_audio": false,
      "plugins": [],
      "clips": []
    },
    {
      "track_id": "1003",
      "track_name": "Chord",
      "track_type": "track",
      "is_audio_track": false,
      "is_audio": false,
      "plugins": [],
      "clips": []
    },
    {
      "track_id": "1004",
      "track_name": "Marker",
      "track_type": "track",
      "is_audio_track": false,
      "is_audio": false,
      "plugins": [],
      "clips": []
    },
    {
      "track_id": "1005",
      "track_name": "Tempo",
      "track_type": "track",
      "is_audio_track": false,
      "is_audio": false,
      "plugins": [],
      "clips": []
    },
    {
      "track_id": "1006",
      "track_name": "Master",
      "track_type": "master",
      "is_audio_track": false,
      "is_audio": false,
      "plugins": [],
      "clips": []
    },
    {
      "track_id": "1007",
      "track_name": "Track 1",
      "track_type": "hybrid",
      "is_audio_track": true,
      "is_audio": true,
      "plugins": [
        {
          "id": "1008",
          "item_id": "1008",
          "name": "Volume & Pan Plugin",
          "type": "volume",
          "enabled": true
        },
        {
          "id": "1009",
          "item_id": "1009",
          "name": "Level Meter",
          "type": "level",
          "enabled": true
        }
      ],
      "clips": [
        {
          "id": "1011",
          "name": "test_100hz_10s",
          "clip_type": "wave",
          "start_seconds": 2.59584903717041,
          "end_seconds": 12.59584903717041,
          "length_seconds": 10.0,
          "offset_in_source_seconds": 0.0,
          "file_path": "D:\\Vit_DAW\\test_100hz_10s.wav",
          "current_source_path": "D:\\Vit_DAW\\test_100hz_10s.wav",
          "playback_source_valid": true
        }
      ],
      "output_to_device_resolved": true,
      "output_device_enabled": true,
      "output_device_id": "out_b7a4b4c1",
      "output_routing_name": "(default audio output)"
    }
  ]
}
VitHeadlessService: command reply (truncated): {
  "status": "ok",
  "project_path": "",
  "tracks": [
    {
      "track_id": "1002",
      "track_name": "Arranger",
      "track_type": "track",
      "is_audio_track": false,
      "is_audio": false,
     
ZmqGateway: received command payload: {"cmd":"list_tracks"}
ZmqGateway: dispatching payload to JUCE message thread.
VitHeadlessService: processing queued command on JUCE message thread: {"cmd":"list_tracks"}
Command received: {"cmd":"list_tracks"}
Command executed: list_tracks, result: {
  "status": "ok",
  "message": "Track list fetched",
  "tracks": [
    {
      "track_id": "1002",
      "name": "Arranger",
      "track_type": "track",
      "is_audio": false,
      "is_audio_track": false,
      "vit_type": "",
      "vit_intent": "",
      "plugin_count": 0,
      "plugins": []
    },
    {
      "track_id": "1003",
      "name": "Chord",
      "track_type": "track",
      "is_audio": false,
      "is_audio_track": false,
      "vit_type": "",
      "vit_intent": "",
      "plugin_count": 0,
      "plugins": []
    },
    {
      "track_id": "1004",
      "name": "Marker",
      "track_type": "track",
      "is_audio": false,
      "is_audio_track": false,
      "vit_type": "",
      "vit_intent": "",
      "plugin_count": 0,
      "plugins": []
    },
    {
      "track_id": "1005",
      "name": "Tempo",
      "track_type": "track",
      "is_audio": false,
      "is_audio_track": false,
      "vit_type": "",
      "vit_intent": "",
      "plugin_count": 0,
      "plugins": []
    },
    {
      "track_id": "1006",
      "name": "Master",
      "track_type": "master",
      "is_audio": false,
      "is_audio_track": false,
      "vit_type": "",
      "vit_intent": "",
      "plugin_count": 0,
      "plugins": []
    },
    {
      "track_id": "1007",
      "name": "Track 1",
      "track_type": "hybrid",
      "is_audio": true,
      "is_audio_track": true,
      "vit_type": "",
      "vit_intent": "",
      "plugin_count": 2,
      "plugins": [
        {
          "name": "Volume & Pan Plugin",
          "type": "volume",
          "enabled": true
        },
        {
          "name": "Level Meter",
          "type": "level",
          "enabled": true
        }
      ]
    }
  ]
}
VitHeadlessService: command reply (truncated): {
  "status": "ok",
  "message": "Track list fetched",
  "tracks": [
    {
      "track_id": "1002",
      "name": "Arranger",
      "track_type": "track",
      "is_audio": false,
      "is_audio_track": false,
ZmqGateway: received command payload: {"clip_id":"1011","cmd":"resize_clip","new_length":19.6891098022461,"new_length_seconds":9.84455490112305,"new_start":5.50258827209473,"new_start_seconds":2.75129413604736,"offset_in_source":0.310890197753906,"offset_in_source_seconds":0.155445098876953,"overlap_mode":"cut","time_unit":"beats","track_id":"1007"}
ZmqGateway: dispatching payload to JUCE message thread.
VitHeadlessService: processing queued command on JUCE message thread: {"clip_id":"1011","cmd":"resize_clip","new_length":19.6891098022461,"new_length_seconds":9.84455490112305,"new_start":5.50258827209473,"new_start_seconds":2.75129413604736,"offset_in_source":0.310890197753906,"offset_in_source_seconds":0.155445098876953,"overlap_mode":"cut","time_unit":"beats","track_id":"1007"}
Command received: {"clip_id":"1011","cmd":"resize_clip","new_length":19.6891098022461,"new_length_seconds":9.84455490112305,"new_start":5.50258827209473,"new_start_seconds":2.75129413604736,"offset_in_source":0.310890197753906,"offset_in_source_seconds":0.155445098876953,"overlap_mode":"cut","time_unit":"beats","track_id":"1007"}
Command executed: resize_clip, result: {
  "status": "ok",
  "message": "Clip resized",
  "clip_id": "1011",
  "track_id": "1007",
  "affected_track_id": "1007",
  "new_start_seconds": 2.751294136047365,
  "new_length_seconds": 9.84455490112305,
  "offset_in_source_seconds": 0.155445098876953,
  "overlap_mode": "cut",
  "created_clip_ids": [],
  "removed_clip_ids": [],
  "affected_clip_ids": []
}
VitHeadlessService: command reply (truncated): {
  "status": "ok",
  "message": "Clip resized",
  "clip_id": "1011",
  "track_id": "1007",
  "affected_track_id": "1007",
  "new_start_seconds": 2.751294136047365,
  "new_length_seconds": 9.84455490112305,
  "of
ZmqGateway: received command payload: {"cmd":"get_project_state"}
ZmqGateway: dispatching payload to JUCE message thread.
VitHeadlessService: processing queued command on JUCE message thread: {"cmd":"get_project_state"}
Command received: {"cmd":"get_project_state"}
Command executed: get_project_state, result: {
  "status": "ok",
  "project_path": "",
  "tracks": [
    {
      "track_id": "1002",
      "track_name": "Arranger",
      "track_type": "track",
      "is_audio_track": false,
      "is_audio": false,
      "plugins": [],
      "clips": []
    },
    {
      "track_id": "1003",
      "track_name": "Chord",
      "track_type": "track",
      "is_audio_track": false,
      "is_audio": false,
      "plugins": [],
      "clips": []
    },
    {
      "track_id": "1004",
      "track_name": "Marker",
      "track_type": "track",
      "is_audio_track": false,
      "is_audio": false,
      "plugins": [],
      "clips": []
    },
    {
      "track_id": "1005",
      "track_name": "Tempo",
      "track_type": "track",
      "is_audio_track": false,
      "is_audio": false,
      "plugins": [],
      "clips": []
    },
    {
      "track_id": "1006",
      "track_name": "Master",
      "track_type": "master",
      "is_audio_track": false,
      "is_audio": false,
      "plugins": [],
      "clips": []
    },
    {
      "track_id": "1007",
      "track_name": "Track 1",
      "track_type": "hybrid",
      "is_audio_track": true,
      "is_audio": true,
      "plugins": [
        {
          "id": "1008",
          "item_id": "1008",
          "name": "Volume & Pan Plugin",
          "type": "volume",
          "enabled": true
        },
        {
          "id": "1009",
          "item_id": "1009",
          "name": "Level Meter",
          "type": "level",
          "enabled": true
        }
      ],
      "clips": [
        {
          "id": "1011",
          "name": "test_100hz_10s",
          "clip_type": "wave",
          "start_seconds": 2.751294136047365,
          "end_seconds": 12.595849037170415,
          "length_seconds": 9.84455490112305,
          "offset_in_source_seconds": 0.155445098876953,
          "file_path": "D:\\Vit_DAW\\test_100hz_10s.wav",
          "current_source_path": "D:\\Vit_DAW\\test_100hz_10s.wav",
          "playback_source_valid": true
        }
      ],
      "output_to_device_resolved": true,
      "output_device_enabled": true,
      "output_device_id": "out_b7a4b4c1",
      "output_routing_name": "(default audio output)"
    }
  ]
}
VitHeadlessService: command reply (truncated): {
  "status": "ok",
  "project_path": "",
  "tracks": [
    {
      "track_id": "1002",
      "track_name": "Arranger",
      "track_type": "track",
      "is_audio_track": false,
      "is_audio": false,
     
ZmqGateway: received command payload: {"clip_id":"1011","cmd":"warm_waveform_bake","file_path":"D:\\Vit_DAW\\test_100hz_10s.wav","track_id":"1007"}
ZmqGateway: dispatching payload to JUCE message thread.
VitHeadlessService: processing queued command on JUCE message thread: {"clip_id":"1011","cmd":"warm_waveform_bake","file_path":"D:\\Vit_DAW\\test_100hz_10s.wav","track_id":"1007"}
Command received: {"clip_id":"1011","cmd":"warm_waveform_bake","file_path":"D:\\Vit_DAW\\test_100hz_10s.wav","track_id":"1007"}
Command executed: warm_waveform_bake, result: {
  "status": "ok",
  "cmd": "warm_waveform_bake",
  "track_id": "1007",
  "clip_id": "1011",
  "file_path": "D:\\Vit_DAW\\test_100hz_10s.wav",
  "message": "Waveform bake started (no new clip inserted)"
}
VitHeadlessService: command reply (truncated): {
  "status": "ok",
  "cmd": "warm_waveform_bake",
  "track_id": "1007",
  "clip_id": "1011",
  "file_path": "D:\\Vit_DAW\\test_100hz_10s.wav",
  "message": "Waveform bake started (no new clip inserted)"
}
ZmqGateway: received command payload: {"cmd":"list_tracks"}
ZmqGateway: dispatching payload to JUCE message thread.
VitHeadlessService: processing queued command on JUCE message thread: {"cmd":"list_tracks"}
Command received: {"cmd":"list_tracks"}
Command executed: list_tracks, result: {
  "status": "ok",
  "message": "Track list fetched",
  "tracks": [
    {
      "track_id": "1002",
      "name": "Arranger",
      "track_type": "track",
      "is_audio": false,
      "is_audio_track": false,
      "vit_type": "",
      "vit_intent": "",
      "plugin_count": 0,
      "plugins": []
    },
    {
      "track_id": "1003",
      "name": "Chord",
      "track_type": "track",
      "is_audio": false,
      "is_audio_track": false,
      "vit_type": "",
      "vit_intent": "",
      "plugin_count": 0,
      "plugins": []
    },
    {
      "track_id": "1004",
      "name": "Marker",
      "track_type": "track",
      "is_audio": false,
      "is_audio_track": false,
      "vit_type": "",
      "vit_intent": "",
      "plugin_count": 0,
      "plugins": []
    },
    {
      "track_id": "1005",
      "name": "Tempo",
      "track_type": "track",
      "is_audio": false,
      "is_audio_track": false,
      "vit_type": "",
      "vit_intent": "",
      "plugin_count": 0,
      "plugins": []
    },
    {
      "track_id": "1006",
      "name": "Master",
      "track_type": "master",
      "is_audio": false,
      "is_audio_track": false,
      "vit_type": "",
      "vit_intent": "",
      "plugin_count": 0,
      "plugins": []
    },
    {
      "track_id": "1007",
      "name": "Track 1",
      "track_type": "hybrid",
      "is_audio": true,
      "is_audio_track": true,
      "vit_type": "",
      "vit_intent": "",
      "plugin_count": 2,
      "plugins": [
        {
          "name": "Volume & Pan Plugin",
          "type": "volume",
          "enabled": true
        },
        {
          "name": "Level Meter",
          "type": "level",
          "enabled": true
        }
      ]
    }
  ]
}
VitHeadlessService: command reply (truncated): {
  "status": "ok",
  "message": "Track list fetched",
  "tracks": [
    {
      "track_id": "1002",
      "name": "Arranger",
      "track_type": "track",
      "is_audio": false,
      "is_audio_track": false,
ZmqGateway: received command payload: {"clip_id":"1011","cmd":"move_clip","new_start":8.76683616638184,"new_start_seconds":4.38341808319092,"overlap_mode":"cut","source_track_id":"1007","target_track_id":"1007","time_unit":"beats"}
ZmqGateway: dispatching payload to JUCE message thread.
VitHeadlessService: processing queued command on JUCE message thread: {"clip_id":"1011","cmd":"move_clip","new_start":8.76683616638184,"new_start_seconds":4.38341808319092,"overlap_mode":"cut","source_track_id":"1007","target_track_id":"1007","time_unit":"beats"}
Command received: {"clip_id":"1011","cmd":"move_clip","new_start":8.76683616638184,"new_start_seconds":4.38341808319092,"overlap_mode":"cut","source_track_id":"1007","target_track_id":"1007","time_unit":"beats"}
Command executed: move_clip, result: {
  "status": "ok",
  "message": "Clip moved",
  "clip_id": "1011",
  "source_track_id": "1007",
  "target_track_id": "1007",
  "affected_track_id": "1007",
  "new_start_seconds": 4.38341808319092,
  "overlap_mode": "cut",
  "created_clip_ids": [],
  "removed_clip_ids": [],
  "affected_clip_ids": []
}
VitHeadlessService: command reply (truncated): {
  "status": "ok",
  "message": "Clip moved",
  "clip_id": "1011",
  "source_track_id": "1007",
  "target_track_id": "1007",
  "affected_track_id": "1007",
  "new_start_seconds": 4.38341808319092,
  "overlap_mod
ZmqGateway: received command payload: {"cmd":"get_project_state"}
ZmqGateway: dispatching payload to JUCE message thread.
VitHeadlessService: processing queued command on JUCE message thread: {"cmd":"get_project_state"}
Command received: {"cmd":"get_project_state"}
Command executed: get_project_state, result: {
  "status": "ok",
  "project_path": "",
  "tracks": [
    {
      "track_id": "1002",
      "track_name": "Arranger",
      "track_type": "track",
      "is_audio_track": false,
      "is_audio": false,
      "plugins": [],
      "clips": []
    },
    {
      "track_id": "1003",
      "track_name": "Chord",
      "track_type": "track",
      "is_audio_track": false,
      "is_audio": false,
      "plugins": [],
      "clips": []
    },
    {
      "track_id": "1004",
      "track_name": "Marker",
      "track_type": "track",
      "is_audio_track": false,
      "is_audio": false,
      "plugins": [],
      "clips": []
    },
    {
      "track_id": "1005",
      "track_name": "Tempo",
      "track_type": "track",
      "is_audio_track": false,
      "is_audio": false,
      "plugins": [],
      "clips": []
    },
    {
      "track_id": "1006",
      "track_name": "Master",
      "track_type": "master",
      "is_audio_track": false,
      "is_audio": false,
      "plugins": [],
      "clips": []
    },
    {
      "track_id": "1007",
      "track_name": "Track 1",
      "track_type": "hybrid",
      "is_audio_track": true,
      "is_audio": true,
      "plugins": [
        {
          "id": "1008",
          "item_id": "1008",
          "name": "Volume & Pan Plugin",
          "type": "volume",
          "enabled": true
        },
        {
          "id": "1009",
          "item_id": "1009",
          "name": "Level Meter",
          "type": "level",
          "enabled": true
        }
      ],
      "clips": [
        {
          "id": "1011",
          "name": "test_100hz_10s",
          "clip_type": "wave",
          "start_seconds": 4.38341808319092,
          "end_seconds": 14.22797298431397,
          "length_seconds": 9.84455490112305,
          "offset_in_source_seconds": 0.155445098876953,
          "file_path": "D:\\Vit_DAW\\test_100hz_10s.wav",
          "current_source_path": "D:\\Vit_DAW\\test_100hz_10s.wav",
          "playback_source_valid": true
        }
      ],
      "output_to_device_resolved": true,
      "output_device_enabled": true,
      "output_device_id": "out_b7a4b4c1",
      "output_routing_name": "(default audio output)"
    }
  ]
}
VitHeadlessService: command reply (truncated): {
  "status": "ok",
  "project_path": "",
  "tracks": [
    {
      "track_id": "1002",
      "track_name": "Arranger",
      "track_type": "track",
      "is_audio_track": false,
      "is_audio": false,
     
ZmqGateway: received command payload: {"cmd":"list_tracks"}
ZmqGateway: dispatching payload to JUCE message thread.
VitHeadlessService: processing queued command on JUCE message thread: {"cmd":"list_tracks"}
Command received: {"cmd":"list_tracks"}
Command executed: list_tracks, result: {
  "status": "ok",
  "message": "Track list fetched",
  "tracks": [
    {
      "track_id": "1002",
      "name": "Arranger",
      "track_type": "track",
      "is_audio": false,
      "is_audio_track": false,
      "vit_type": "",
      "vit_intent": "",
      "plugin_count": 0,
      "plugins": []
    },
    {
      "track_id": "1003",
      "name": "Chord",
      "track_type": "track",
      "is_audio": false,
      "is_audio_track": false,
      "vit_type": "",
      "vit_intent": "",
      "plugin_count": 0,
      "plugins": []
    },
    {
      "track_id": "1004",
      "name": "Marker",
      "track_type": "track",
      "is_audio": false,
      "is_audio_track": false,
      "vit_type": "",
      "vit_intent": "",
      "plugin_count": 0,
      "plugins": []
    },
    {
      "track_id": "1005",
      "name": "Tempo",
      "track_type": "track",
      "is_audio": false,
      "is_audio_track": false,
      "vit_type": "",
      "vit_intent": "",
      "plugin_count": 0,
      "plugins": []
    },
    {
      "track_id": "1006",
      "name": "Master",
      "track_type": "master",
      "is_audio": false,
      "is_audio_track": false,
      "vit_type": "",
      "vit_intent": "",
      "plugin_count": 0,
      "plugins": []
    },
    {
      "track_id": "1007",
      "name": "Track 1",
      "track_type": "hybrid",
      "is_audio": true,
      "is_audio_track": true,
      "vit_type": "",
      "vit_intent": "",
      "plugin_count": 2,
      "plugins": [
        {
          "name": "Volume & Pan Plugin",
          "type": "volume",
          "enabled": true
        },
        {
          "name": "Level Meter",
          "type": "level",
          "enabled": true
        }
      ]
    }
  ]
}
VitHeadlessService: command reply (truncated): {
  "status": "ok",
  "message": "Track list fetched",
  "tracks": [
    {
      "track_id": "1002",
      "name": "Arranger",
      "track_type": "track",
      "is_audio": false,
      "is_audio_track": false,
ZmqGateway: received command payload: {"cmd":"get_recent_projects"}
ZmqGateway: dispatching payload to JUCE message thread.
VitHeadlessService: processing queued command on JUCE message thread: {"cmd":"get_recent_projects"}
Command received: {"cmd":"get_recent_projects"}
Command executed: get_recent_projects, result: {
  "status": "ok",
  "recent_projects": [
    "D:\\Godot\\project\\vit-daw-frontend\\4.4.3.vit",
    "D:\\Godot\\project\\vit-daw-frontend\\4.4.2.vit",
    "D:\\Godot\\project\\vit-daw-frontend\\4.4.1.vit",
    "D:\\Godot\\project\\vit-daw-frontend\\4.4.vit",
    "D:\\4.1.tracktionedit"
  ]
}
VitHeadlessService: command reply (truncated): {
  "status": "ok",
  "recent_projects": [
    "D:\\Godot\\project\\vit-daw-frontend\\4.4.3.vit",
    "D:\\Godot\\project\\vit-daw-frontend\\4.4.2.vit",
    "D:\\Godot\\project\\vit-daw-frontend\\4.4.1.vit",
    "D
ZmqGateway: received command payload: {"cmd":"new_project"}
ZmqGateway: dispatching payload to JUCE message thread.
VitHeadlessService: processing queued command on JUCE message thread: {"cmd":"new_project"}
Command received: {"cmd":"new_project"}
VitEngineDevice: audio IO ready for playback graph: "扬声器 (USB AUDIO  CODEC)" 48000.00 Hz, block 480 samples
Command executed: new_project, result: {
  "status": "ok",
  "message": "Blank project created"
}
VitHeadlessService: command reply (truncated): {
  "status": "ok",
  "message": "Blank project created"
}
ZmqGateway: received command payload: {"cmd":"ping"}
ZmqGateway: dispatching payload to JUCE message thread.
VitHeadlessService: processing queued command on JUCE message thread: {"cmd":"ping"}
Command received: {"cmd":"ping"}
CommandDispatcher: handled ping command.
Command executed: ping, result: {
  "status": "ok",
  "message": "pong"
}
VitHeadlessService: command reply (truncated): {
  "status": "ok",
  "message": "pong"
}
ZmqGateway: received command payload: {"cmd":"get_project_state"}
ZmqGateway: dispatching payload to JUCE message thread.
VitHeadlessService: processing queued command on JUCE message thread: {"cmd":"get_project_state"}
Command received: {"cmd":"get_project_state"}
Command executed: get_project_state, result: {
  "status": "ok",
  "project_path": "",
  "tracks": [
    {
      "track_id": "1002",
      "track_name": "Arranger",
      "track_type": "track",
      "is_audio_track": false,
      "is_audio": false,
      "plugins": [],
      "clips": []
    },
    {
      "track_id": "1003",
      "track_name": "Chord",
      "track_type": "track",
      "is_audio_track": false,
      "is_audio": false,
      "plugins": [],
      "clips": []
    },
    {
      "track_id": "1004",
      "track_name": "Marker",
      "track_type": "track",
      "is_audio_track": false,
      "is_audio": false,
      "plugins": [],
      "clips": []
    },
    {
      "track_id": "1005",
      "track_name": "Tempo",
      "track_type": "track",
      "is_audio_track": false,
      "is_audio": false,
      "plugins": [],
      "clips": []
    },
    {
      "track_id": "1006",
      "track_name": "Master",
      "track_type": "master",
      "is_audio_track": false,
      "is_audio": false,
      "plugins": [],
      "clips": []
    }
  ]
}
VitHeadlessService: command reply (truncated): {
  "status": "ok",
  "project_path": "",
  "tracks": [
    {
      "track_id": "1002",
      "track_name": "Arranger",
      "track_type": "track",
      "is_audio_track": false,
      "is_audio": false,
     
ZmqGateway: received command payload: {"cmd":"list_tracks"}
ZmqGateway: dispatching payload to JUCE message thread.
VitHeadlessService: processing queued command on JUCE message thread: {"cmd":"list_tracks"}
Command received: {"cmd":"list_tracks"}
Command executed: list_tracks, result: {
  "status": "ok",
  "message": "Track list fetched",
  "tracks": [
    {
      "track_id": "1002",
      "name": "Arranger",
      "track_type": "track",
      "is_audio": false,
      "is_audio_track": false,
      "vit_type": "",
      "vit_intent": "",
      "plugin_count": 0,
      "plugins": []
    },
    {
      "track_id": "1003",
      "name": "Chord",
      "track_type": "track",
      "is_audio": false,
      "is_audio_track": false,
      "vit_type": "",
      "vit_intent": "",
      "plugin_count": 0,
      "plugins": []
    },
    {
      "track_id": "1004",
      "name": "Marker",
      "track_type": "track",
      "is_audio": false,
      "is_audio_track": false,
      "vit_type": "",
      "vit_intent": "",
      "plugin_count": 0,
      "plugins": []
    },
    {
      "track_id": "1005",
      "name": "Tempo",
      "track_type": "track",
      "is_audio": false,
      "is_audio_track": false,
      "vit_type": "",
      "vit_intent": "",
      "plugin_count": 0,
      "plugins": []
    },
    {
      "track_id": "1006",
      "name": "Master",
      "track_type": "master",
      "is_audio": false,
      "is_audio_track": false,
      "vit_type": "",
      "vit_intent": "",
      "plugin_count": 0,
      "plugins": []
    }
  ]
}
VitHeadlessService: command reply (truncated): {
  "status": "ok",
  "message": "Track list fetched",
  "tracks": [
    {
      "track_id": "1002",
      "name": "Arranger",
      "track_type": "track",
      "is_audio": false,
      "is_audio_track": false,
ZmqGateway: received command payload: {"cmd":"list_tracks"}
ZmqGateway: dispatching payload to JUCE message thread.
VitHeadlessService: processing queued command on JUCE message thread: {"cmd":"list_tracks"}
Command received: {"cmd":"list_tracks"}
Command executed: list_tracks, result: {
  "status": "ok",
  "message": "Track list fetched",
  "tracks": [
    {
      "track_id": "1002",
      "name": "Arranger",
      "track_type": "track",
      "is_audio": false,
      "is_audio_track": false,
      "vit_type": "",
      "vit_intent": "",
      "plugin_count": 0,
      "plugins": []
    },
    {
      "track_id": "1003",
      "name": "Chord",
      "track_type": "track",
      "is_audio": false,
      "is_audio_track": false,
      "vit_type": "",
      "vit_intent": "",
      "plugin_count": 0,
      "plugins": []
    },
    {
      "track_id": "1004",
      "name": "Marker",
      "track_type": "track",
      "is_audio": false,
      "is_audio_track": false,
      "vit_type": "",
      "vit_intent": "",
      "plugin_count": 0,
      "plugins": []
    },
    {
      "track_id": "1005",
      "name": "Tempo",
      "track_type": "track",
      "is_audio": false,
      "is_audio_track": false,
      "vit_type": "",
      "vit_intent": "",
      "plugin_count": 0,
      "plugins": []
    },
    {
      "track_id": "1006",
      "name": "Master",
      "track_type": "master",
      "is_audio": false,
      "is_audio_track": false,
      "vit_type": "",
      "vit_intent": "",
      "plugin_count": 0,
      "plugins": []
    }
  ]
}
VitHeadlessService: command reply (truncated): {
  "status": "ok",
  "message": "Track list fetched",
  "tracks": [
    {
      "track_id": "1002",
      "name": "Arranger",
      "track_type": "track",
      "is_audio": false,
      "is_audio_track": false,
ZmqGateway: received command payload: {"cmd":"add_track","type":"hybrid"}
ZmqGateway: dispatching payload to JUCE message thread.
VitHeadlessService: processing queued command on JUCE message thread: {"cmd":"add_track","type":"hybrid"}
Command received: {"cmd":"add_track","type":"hybrid"}
VitHeadlessService: project saved to D:\Vit_DAW\VitApp\Workspace\default_project.xml
Command executed: add_track, result: {
  "status": "ok",
  "message": "Track added",
  "track_id": "1007",
  "track_name": "Track 1"
}
VitHeadlessService: command reply (truncated): {
  "status": "ok",
  "message": "Track added",
  "track_id": "1007",
  "track_name": "Track 1"
}
ZmqGateway: received command payload: {"cmd":"list_tracks"}
ZmqGateway: dispatching payload to JUCE message thread.
VitHeadlessService: processing queued command on JUCE message thread: {"cmd":"list_tracks"}
Command received: {"cmd":"list_tracks"}
Command executed: list_tracks, result: {
  "status": "ok",
  "message": "Track list fetched",
  "tracks": [
    {
      "track_id": "1002",
      "name": "Arranger",
      "track_type": "track",
      "is_audio": false,
      "is_audio_track": false,
      "vit_type": "",
      "vit_intent": "",
      "plugin_count": 0,
      "plugins": []
    },
    {
      "track_id": "1003",
      "name": "Chord",
      "track_type": "track",
      "is_audio": false,
      "is_audio_track": false,
      "vit_type": "",
      "vit_intent": "",
      "plugin_count": 0,
      "plugins": []
    },
    {
      "track_id": "1004",
      "name": "Marker",
      "track_type": "track",
      "is_audio": false,
      "is_audio_track": false,
      "vit_type": "",
      "vit_intent": "",
      "plugin_count": 0,
      "plugins": []
    },
    {
      "track_id": "1005",
      "name": "Tempo",
      "track_type": "track",
      "is_audio": false,
      "is_audio_track": false,
      "vit_type": "",
      "vit_intent": "",
      "plugin_count": 0,
      "plugins": []
    },
    {
      "track_id": "1006",
      "name": "Master",
      "track_type": "master",
      "is_audio": false,
      "is_audio_track": false,
      "vit_type": "",
      "vit_intent": "",
      "plugin_count": 0,
      "plugins": []
    },
    {
      "track_id": "1007",
      "name": "Track 1",
      "track_type": "hybrid",
      "is_audio": true,
      "is_audio_track": true,
      "vit_type": "",
      "vit_intent": "",
      "plugin_count": 2,
      "plugins": [
        {
          "name": "Volume & Pan Plugin",
          "type": "volume",
          "enabled": true
        },
        {
          "name": "Level Meter",
          "type": "level",
          "enabled": true
        }
      ]
    }
  ]
}
VitHeadlessService: command reply (truncated): {
  "status": "ok",
  "message": "Track list fetched",
  "tracks": [
    {
      "track_id": "1002",
      "name": "Arranger",
      "track_type": "track",
      "is_audio": false,
      "is_audio_track": false,
ZmqGateway: received command payload: {"cmd":"get_project_state"}
ZmqGateway: dispatching payload to JUCE message thread.
VitHeadlessService: processing queued command on JUCE message thread: {"cmd":"get_project_state"}
Command received: {"cmd":"get_project_state"}
Command executed: get_project_state, result: {
  "status": "ok",
  "project_path": "",
  "tracks": [
    {
      "track_id": "1002",
      "track_name": "Arranger",
      "track_type": "track",
      "is_audio_track": false,
      "is_audio": false,
      "plugins": [],
      "clips": []
    },
    {
      "track_id": "1003",
      "track_name": "Chord",
      "track_type": "track",
      "is_audio_track": false,
      "is_audio": false,
      "plugins": [],
      "clips": []
    },
    {
      "track_id": "1004",
      "track_name": "Marker",
      "track_type": "track",
      "is_audio_track": false,
      "is_audio": false,
      "plugins": [],
      "clips": []
    },
    {
      "track_id": "1005",
      "track_name": "Tempo",
      "track_type": "track",
      "is_audio_track": false,
      "is_audio": false,
      "plugins": [],
      "clips": []
    },
    {
      "track_id": "1006",
      "track_name": "Master",
      "track_type": "master",
      "is_audio_track": false,
      "is_audio": false,
      "plugins": [],
      "clips": []
    },
    {
      "track_id": "1007",
      "track_name": "Track 1",
      "track_type": "hybrid",
      "is_audio_track": true,
      "is_audio": true,
      "plugins": [
        {
          "id": "1008",
          "item_id": "1008",
          "name": "Volume & Pan Plugin",
          "type": "volume",
          "enabled": true
        },
        {
          "id": "1009",
          "item_id": "1009",
          "name": "Level Meter",
          "type": "level",
          "enabled": true
        }
      ],
      "clips": [],
      "output_to_device_resolved": true,
      "output_device_enabled": true,
      "output_device_id": "out_b7a4b4c1",
      "output_routing_name": "(default audio output)"
    }
  ]
}
VitHeadlessService: command reply (truncated): {
  "status": "ok",
  "project_path": "",
  "tracks": [
    {
      "track_id": "1002",
      "track_name": "Arranger",
      "track_type": "track",
      "is_audio_track": false,
      "is_audio": false,
     
ZmqGateway: received command payload: {"cmd":"list_tracks"}
ZmqGateway: dispatching payload to JUCE message thread.
VitHeadlessService: processing queued command on JUCE message thread: {"cmd":"list_tracks"}
Command received: {"cmd":"list_tracks"}
Command executed: list_tracks, result: {
  "status": "ok",
  "message": "Track list fetched",
  "tracks": [
    {
      "track_id": "1002",
      "name": "Arranger",
      "track_type": "track",
      "is_audio": false,
      "is_audio_track": false,
      "vit_type": "",
      "vit_intent": "",
      "plugin_count": 0,
      "plugins": []
    },
    {
      "track_id": "1003",
      "name": "Chord",
      "track_type": "track",
      "is_audio": false,
      "is_audio_track": false,
      "vit_type": "",
      "vit_intent": "",
      "plugin_count": 0,
      "plugins": []
    },
    {
      "track_id": "1004",
      "name": "Marker",
      "track_type": "track",
      "is_audio": false,
      "is_audio_track": false,
      "vit_type": "",
      "vit_intent": "",
      "plugin_count": 0,
      "plugins": []
    },
    {
      "track_id": "1005",
      "name": "Tempo",
      "track_type": "track",
      "is_audio": false,
      "is_audio_track": false,
      "vit_type": "",
      "vit_intent": "",
      "plugin_count": 0,
      "plugins": []
    },
    {
      "track_id": "1006",
      "name": "Master",
      "track_type": "master",
      "is_audio": false,
      "is_audio_track": false,
      "vit_type": "",
      "vit_intent": "",
      "plugin_count": 0,
      "plugins": []
    },
    {
      "track_id": "1007",
      "name": "Track 1",
      "track_type": "hybrid",
      "is_audio": true,
      "is_audio_track": true,
      "vit_type": "",
      "vit_intent": "",
      "plugin_count": 2,
      "plugins": [
        {
          "name": "Volume & Pan Plugin",
          "type": "volume",
          "enabled": true
        },
        {
          "name": "Level Meter",
          "type": "level",
          "enabled": true
        }
      ]
    }
  ]
}
VitHeadlessService: command reply (truncated): {
  "status": "ok",
  "message": "Track list fetched",
  "tracks": [
    {
      "track_id": "1002",
      "name": "Arranger",
      "track_type": "track",
      "is_audio": false,
      "is_audio_track": false,
ZmqGateway: received command payload: {"action":"import_media_to_track","cmd":"import_media_to_track","file_path":"D:/Vit_DAW/test_100hz_10s.wav","media_type":"audio","start_time":0.295331001281738,"track_id":"1007"}
ZmqGateway: dispatching payload to JUCE message thread.
VitHeadlessService: processing queued command on JUCE message thread: {"action":"import_media_to_track","cmd":"import_media_to_track","file_path":"D:/Vit_DAW/test_100hz_10s.wav","media_type":"audio","start_time":0.295331001281738,"track_id":"1007"}
Command received: {"action":"import_media_to_track","cmd":"import_media_to_track","file_path":"D:/Vit_DAW/test_100hz_10s.wav","media_type":"audio","start_time":0.295331001281738,"track_id":"1007"}
VitHeadlessService: project saved to D:\Vit_DAW\VitApp\Workspace\default_project.xml
CommandDispatcher::handleImportMediaToTrack: clipId="1011" clip="test_100hz_10s" trackId="1007" source="D:\Vit_DAW\test_100hz_10s.wav" lengthSec=10.000 isPlaying=false isRecording=false playContextActive=true positionSeconds=0.000 editLengthSeconds=10.295
Command executed: import_media_to_track, result: {
  "status": "success",
  "action": "import_media_to_track",
  "clip_id": "1011",
  "track_id": "1007",
  "start_time": 0.295331001281738,
  "resolved_start_time": 0.295331001281738,
  "length": 10.0,
  "applied_mode": "destructive",
  "clip_name": "test_100hz_10s",
  "file_path": "D:\\Vit_DAW\\test_100hz_10s.wav",
  "edit_length_seconds": 10.295331001281738,
  "baking_status": "baking_started"
}
VitHeadlessService: command reply (truncated): {
  "status": "success",
  "action": "import_media_to_track",
  "clip_id": "1011",
  "track_id": "1007",
  "start_time": 0.295331001281738,
  "resolved_start_time": 0.295331001281738,
  "length": 10.0,
  "applied
ZmqGateway: received command payload: {"cmd":"get_project_state"}
ZmqGateway: dispatching payload to JUCE message thread.
VitHeadlessService: processing queued command on JUCE message thread: {"cmd":"get_project_state"}
Command received: {"cmd":"get_project_state"}
Command executed: get_project_state, result: {
  "status": "ok",
  "project_path": "",
  "tracks": [
    {
      "track_id": "1002",
      "track_name": "Arranger",
      "track_type": "track",
      "is_audio_track": false,
      "is_audio": false,
      "plugins": [],
      "clips": []
    },
    {
      "track_id": "1003",
      "track_name": "Chord",
      "track_type": "track",
      "is_audio_track": false,
      "is_audio": false,
      "plugins": [],
      "clips": []
    },
    {
      "track_id": "1004",
      "track_name": "Marker",
      "track_type": "track",
      "is_audio_track": false,
      "is_audio": false,
      "plugins": [],
      "clips": []
    },
    {
      "track_id": "1005",
      "track_name": "Tempo",
      "track_type": "track",
      "is_audio_track": false,
      "is_audio": false,
      "plugins": [],
      "clips": []
    },
    {
      "track_id": "1006",
      "track_name": "Master",
      "track_type": "master",
      "is_audio_track": false,
      "is_audio": false,
      "plugins": [],
      "clips": []
    },
    {
      "track_id": "1007",
      "track_name": "Track 1",
      "track_type": "hybrid",
      "is_audio_track": true,
      "is_audio": true,
      "plugins": [
        {
          "id": "1008",
          "item_id": "1008",
          "name": "Volume & Pan Plugin",
          "type": "volume",
          "enabled": true
        },
        {
          "id": "1009",
          "item_id": "1009",
          "name": "Level Meter",
          "type": "level",
          "enabled": true
        }
      ],
      "clips": [
        {
          "id": "1011",
          "name": "test_100hz_10s",
          "clip_type": "wave",
          "start_seconds": 0.295331001281738,
          "end_seconds": 10.295331001281738,
          "length_seconds": 10.0,
          "offset_in_source_seconds": 0.0,
          "file_path": "D:\\Vit_DAW\\test_100hz_10s.wav",
          "current_source_path": "D:\\Vit_DAW\\test_100hz_10s.wav",
          "playback_source_valid": true
        }
      ],
      "output_to_device_resolved": true,
      "output_device_enabled": true,
      "output_device_id": "out_b7a4b4c1",
      "output_routing_name": "(default audio output)"
    }
  ]
}
VitHeadlessService: command reply (truncated): {
  "status": "ok",
  "project_path": "",
  "tracks": [
    {
      "track_id": "1002",
      "track_name": "Arranger",
      "track_type": "track",
      "is_audio_track": false,
      "is_audio": false,
     
ZmqGateway: received command payload: {"cmd":"list_tracks"}
ZmqGateway: dispatching payload to JUCE message thread.
VitHeadlessService: processing queued command on JUCE message thread: {"cmd":"list_tracks"}
Command received: {"cmd":"list_tracks"}
Command executed: list_tracks, result: {
  "status": "ok",
  "message": "Track list fetched",
  "tracks": [
    {
      "track_id": "1002",
      "name": "Arranger",
      "track_type": "track",
      "is_audio": false,
      "is_audio_track": false,
      "vit_type": "",
      "vit_intent": "",
      "plugin_count": 0,
      "plugins": []
    },
    {
      "track_id": "1003",
      "name": "Chord",
      "track_type": "track",
      "is_audio": false,
      "is_audio_track": false,
      "vit_type": "",
      "vit_intent": "",
      "plugin_count": 0,
      "plugins": []
    },
    {
      "track_id": "1004",
      "name": "Marker",
      "track_type": "track",
      "is_audio": false,
      "is_audio_track": false,
      "vit_type": "",
      "vit_intent": "",
      "plugin_count": 0,
      "plugins": []
    },
    {
      "track_id": "1005",
      "name": "Tempo",
      "track_type": "track",
      "is_audio": false,
      "is_audio_track": false,
      "vit_type": "",
      "vit_intent": "",
      "plugin_count": 0,
      "plugins": []
    },
    {
      "track_id": "1006",
      "name": "Master",
      "track_type": "master",
      "is_audio": false,
      "is_audio_track": false,
      "vit_type": "",
      "vit_intent": "",
      "plugin_count": 0,
      "plugins": []
    },
    {
      "track_id": "1007",
      "name": "Track 1",
      "track_type": "hybrid",
      "is_audio": true,
      "is_audio_track": true,
      "vit_type": "",
      "vit_intent": "",
      "plugin_count": 2,
      "plugins": [
        {
          "name": "Volume & Pan Plugin",
          "type": "volume",
          "enabled": true
        },
        {
          "name": "Level Meter",
          "type": "level",
          "enabled": true
        }
      ]
    }
  ]
}
VitHeadlessService: command reply (truncated): {
  "status": "ok",
  "message": "Track list fetched",
  "tracks": [
    {
      "track_id": "1002",
      "name": "Arranger",
      "track_type": "track",
      "is_audio": false,
      "is_audio_track": false,
ZmqGateway: received command payload: {"clip_id":"1011","cmd":"resize_clip","new_length":20.5906620025635,"new_length_seconds":10.2953310012817,"new_start":0.0,"new_start_seconds":0.0,"offset_in_source":0.0,"offset_in_source_seconds":0.0,"overlap_mode":"cut","time_unit":"beats","track_id":"1007"}
ZmqGateway: dispatching payload to JUCE message thread.
VitHeadlessService: processing queued command on JUCE message thread: {"clip_id":"1011","cmd":"resize_clip","new_length":20.5906620025635,"new_length_seconds":10.2953310012817,"new_start":0.0,"new_start_seconds":0.0,"offset_in_source":0.0,"offset_in_source_seconds":0.0,"overlap_mode":"cut","time_unit":"beats","track_id":"1007"}
Command received: {"clip_id":"1011","cmd":"resize_clip","new_length":20.5906620025635,"new_length_seconds":10.2953310012817,"new_start":0.0,"new_start_seconds":0.0,"offset_in_source":0.0,"offset_in_source_seconds":0.0,"overlap_mode":"cut","time_unit":"beats","track_id":"1007"}
Command executed: resize_clip, result: {
  "status": "ok",
  "message": "Clip resized",
  "clip_id": "1011",
  "track_id": "1007",
  "affected_track_id": "1007",
  "new_start_seconds": 0.0,
  "new_length_seconds": 10.295331001281751,
  "offset_in_source_seconds": 0.0,
  "overlap_mode": "cut",
  "created_clip_ids": [],
  "removed_clip_ids": [],
  "affected_clip_ids": []
}
VitHeadlessService: command reply (truncated): {
  "status": "ok",
  "message": "Clip resized",
  "clip_id": "1011",
  "track_id": "1007",
  "affected_track_id": "1007",
  "new_start_seconds": 0.0,
  "new_length_seconds": 10.295331001281751,
  "offset_in_sour
ZmqGateway: received command payload: {"cmd":"get_project_state"}
ZmqGateway: dispatching payload to JUCE message thread.
VitHeadlessService: processing queued command on JUCE message thread: {"cmd":"get_project_state"}
Command received: {"cmd":"get_project_state"}
Command executed: get_project_state, result: {
  "status": "ok",
  "project_path": "",
  "tracks": [
    {
      "track_id": "1002",
      "track_name": "Arranger",
      "track_type": "track",
      "is_audio_track": false,
      "is_audio": false,
      "plugins": [],
      "clips": []
    },
    {
      "track_id": "1003",
      "track_name": "Chord",
      "track_type": "track",
      "is_audio_track": false,
      "is_audio": false,
      "plugins": [],
      "clips": []
    },
    {
      "track_id": "1004",
      "track_name": "Marker",
      "track_type": "track",
      "is_audio_track": false,
      "is_audio": false,
      "plugins": [],
      "clips": []
    },
    {
      "track_id": "1005",
      "track_name": "Tempo",
      "track_type": "track",
      "is_audio_track": false,
      "is_audio": false,
      "plugins": [],
      "clips": []
    },
    {
      "track_id": "1006",
      "track_name": "Master",
      "track_type": "master",
      "is_audio_track": false,
      "is_audio": false,
      "plugins": [],
      "clips": []
    },
    {
      "track_id": "1007",
      "track_name": "Track 1",
      "track_type": "hybrid",
      "is_audio_track": true,
      "is_audio": true,
      "plugins": [
        {
          "id": "1008",
          "item_id": "1008",
          "name": "Volume & Pan Plugin",
          "type": "volume",
          "enabled": true
        },
        {
          "id": "1009",
          "item_id": "1009",
          "name": "Level Meter",
          "type": "level",
          "enabled": true
        }
      ],
      "clips": [
        {
          "id": "1011",
          "name": "test_100hz_10s",
          "clip_type": "wave",
          "start_seconds": 0.0,
          "end_seconds": 10.295331001281751,
          "length_seconds": 10.295331001281751,
          "offset_in_source_seconds": 0.0,
          "file_path": "D:\\Vit_DAW\\test_100hz_10s.wav",
          "current_source_path": "D:\\Vit_DAW\\test_100hz_10s.wav",
          "playback_source_valid": true
        }
      ],
      "output_to_device_resolved": true,
      "output_device_enabled": true,
      "output_device_id": "out_b7a4b4c1",
      "output_routing_name": "(default audio output)"
    }
  ]
}
VitHeadlessService: command reply (truncated): {
  "status": "ok",
  "project_path": "",
  "tracks": [
    {
      "track_id": "1002",
      "track_name": "Arranger",
      "track_type": "track",
      "is_audio_track": false,
      "is_audio": false,
     
ZmqGateway: received command payload: {"cmd":"list_tracks"}
ZmqGateway: dispatching payload to JUCE message thread.
VitHeadlessService: processing queued command on JUCE message thread: {"cmd":"list_tracks"}
Command received: {"cmd":"list_tracks"}
Command executed: list_tracks, result: {
  "status": "ok",
  "message": "Track list fetched",
  "tracks": [
    {
      "track_id": "1002",
      "name": "Arranger",
      "track_type": "track",
      "is_audio": false,
      "is_audio_track": false,
      "vit_type": "",
      "vit_intent": "",
      "plugin_count": 0,
      "plugins": []
    },
    {
      "track_id": "1003",
      "name": "Chord",
      "track_type": "track",
      "is_audio": false,
      "is_audio_track": false,
      "vit_type": "",
      "vit_intent": "",
      "plugin_count": 0,
      "plugins": []
    },
    {
      "track_id": "1004",
      "name": "Marker",
      "track_type": "track",
      "is_audio": false,
      "is_audio_track": false,
      "vit_type": "",
      "vit_intent": "",
      "plugin_count": 0,
      "plugins": []
    },
    {
      "track_id": "1005",
      "name": "Tempo",
      "track_type": "track",
      "is_audio": false,
      "is_audio_track": false,
      "vit_type": "",
      "vit_intent": "",
      "plugin_count": 0,
      "plugins": []
    },
    {
      "track_id": "1006",
      "name": "Master",
      "track_type": "master",
      "is_audio": false,
      "is_audio_track": false,
      "vit_type": "",
      "vit_intent": "",
      "plugin_count": 0,
      "plugins": []
    },
    {
      "track_id": "1007",
      "name": "Track 1",
      "track_type": "hybrid",
      "is_audio": true,
      "is_audio_track": true,
      "vit_type": "",
      "vit_intent": "",
      "plugin_count": 2,
      "plugins": [
        {
          "name": "Volume & Pan Plugin",
          "type": "volume",
          "enabled": true
        },
        {
          "name": "Level Meter",
          "type": "level",
          "enabled": true
        }
      ]
    }
  ]
}
VitHeadlessService: command reply (truncated): {
  "status": "ok",
  "message": "Track list fetched",
  "tracks": [
    {
      "track_id": "1002",
      "name": "Arranger",
      "track_type": "track",
      "is_audio": false,
      "is_audio_track": false,
ZmqGateway: received command payload: {"cmd":"seek","time":0.0155402661768668}
ZmqGateway: dispatching payload to JUCE message thread.
VitHeadlessService: processing queued command on JUCE message thread: {"cmd":"seek","time":0.0155402661768668}
Command received: {"cmd":"seek","time":0.0155402661768668}
CommandDispatcher::handleSeek: position set to 0.0155s
Command executed: seek, result: {
  "status": "ok",
  "message": "Seek executed",
  "position_seconds": 0.015540266176867
}
VitHeadlessService: command reply (truncated): {
  "status": "ok",
  "message": "Seek executed",
  "position_seconds": 0.015540266176867
}
ZmqGateway: received command payload: {"cmd":"seek","time":0.0155402661768668}
ZmqGateway: dispatching payload to JUCE message thread.
VitHeadlessService: processing queued command on JUCE message thread: {"cmd":"seek","time":0.0155402661768668}
Command received: {"cmd":"seek","time":0.0155402661768668}
CommandDispatcher::handleSeek: position set to 0.0155s
Command executed: seek, result: {
  "status": "ok",
  "message": "Seek executed",
  "position_seconds": 0.015540266176867
}
VitHeadlessService: command reply (truncated): {
  "status": "ok",
  "message": "Seek executed",
  "position_seconds": 0.015540266176867
}
ZmqGateway: received command payload: {"cmd":"seek","time":0.0777165106315154}
ZmqGateway: dispatching payload to JUCE message thread.
VitHeadlessService: processing queued command on JUCE message thread: {"cmd":"seek","time":0.0777165106315154}
Command received: {"cmd":"seek","time":0.0777165106315154}
CommandDispatcher::handleSeek: position set to 0.0777s
Command executed: seek, result: {
  "status": "ok",
  "message": "Seek executed",
  "position_seconds": 0.077716510631515
}
VitHeadlessService: command reply (truncated): {
  "status": "ok",
  "message": "Seek executed",
  "position_seconds": 0.077716510631515
}
ZmqGateway: received command payload: {"cmd":"seek","time":0.124348693972502}
ZmqGateway: dispatching payload to JUCE message thread.
VitHeadlessService: processing queued command on JUCE message thread: {"cmd":"seek","time":0.124348693972502}
Command received: {"cmd":"seek","time":0.124348693972502}
CommandDispatcher::handleSeek: position set to 0.1243s
Command executed: seek, result: {
  "status": "ok",
  "message": "Seek executed",
  "position_seconds": 0.124348693972502
}
VitHeadlessService: command reply (truncated): {
  "status": "ok",
  "message": "Seek executed",
  "position_seconds": 0.124348693972502
}
ZmqGateway: received command payload: {"cmd":"seek","time":0.18652493842715}
ZmqGateway: dispatching payload to JUCE message thread.
VitHeadlessService: processing queued command on JUCE message thread: {"cmd":"seek","time":0.18652493842715}
Command received: {"cmd":"seek","time":0.18652493842715}
CommandDispatcher::handleSeek: position set to 0.1865s
Command executed: seek, result: {
  "status": "ok",
  "message": "Seek executed",
  "position_seconds": 0.18652493842715
}
VitHeadlessService: command reply (truncated): {
  "status": "ok",
  "message": "Seek executed",
  "position_seconds": 0.18652493842715
}
ZmqGateway: received command payload: {"cmd":"seek","time":0.248701182881799}
ZmqGateway: dispatching payload to JUCE message thread.
VitHeadlessService: processing queued command on JUCE message thread: {"cmd":"seek","time":0.248701182881799}
Command received: {"cmd":"seek","time":0.248701182881799}
CommandDispatcher::handleSeek: position set to 0.2487s
Command executed: seek, result: {
  "status": "ok",
  "message": "Seek executed",
  "position_seconds": 0.248701182881799
}
VitHeadlessService: command reply (truncated): {
  "status": "ok",
  "message": "Seek executed",
  "position_seconds": 0.248701182881799
}
ZmqGateway: received command payload: {"cmd":"seek","time":0.32642148845011}
ZmqGateway: dispatching payload to JUCE message thread.
VitHeadlessService: processing queued command on JUCE message thread: {"cmd":"seek","time":0.32642148845011}
Command received: {"cmd":"seek","time":0.32642148845011}
CommandDispatcher::handleSeek: position set to 0.3264s
Command executed: seek, result: {
  "status": "ok",
  "message": "Seek executed",
  "position_seconds": 0.32642148845011
}
VitHeadlessService: command reply (truncated): {
  "status": "ok",
  "message": "Seek executed",
  "position_seconds": 0.32642148845011
}
ZmqGateway: received command payload: {"cmd":"seek","time":0.388597732904758}
ZmqGateway: dispatching payload to JUCE message thread.
VitHeadlessService: processing queued command on JUCE message thread: {"cmd":"seek","time":0.388597732904758}
Command received: {"cmd":"seek","time":0.388597732904758}
CommandDispatcher::handleSeek: position set to 0.3886s
Command executed: seek, result: {
  "status": "ok",
  "message": "Seek executed",
  "position_seconds": 0.388597732904758
}
VitHeadlessService: command reply (truncated): {
  "status": "ok",
  "message": "Seek executed",
  "position_seconds": 0.388597732904758
}
ZmqGateway: received command payload: {"cmd":"seek","time":0.435229916245745}
ZmqGateway: dispatching payload to JUCE message thread.
VitHeadlessService: processing queued command on JUCE message thread: {"cmd":"seek","time":0.435229916245745}
Command received: {"cmd":"seek","time":0.435229916245745}
CommandDispatcher::handleSeek: position set to 0.4352s
Command executed: seek, result: {
  "status": "ok",
  "message": "Seek executed",
  "position_seconds": 0.435229916245745
}
VitHeadlessService: command reply (truncated): {
  "status": "ok",
  "message": "Seek executed",
  "position_seconds": 0.435229916245745
}
ZmqGateway: received command payload: {"cmd":"seek","time":0.481862099586731}
ZmqGateway: dispatching payload to JUCE message thread.
VitHeadlessService: processing queued command on JUCE message thread: {"cmd":"seek","time":0.481862099586731}
Command received: {"cmd":"seek","time":0.481862099586731}
CommandDispatcher::handleSeek: position set to 0.4819s
Command executed: seek, result: {
  "status": "ok",
  "message": "Seek executed",
  "position_seconds": 0.481862099586731
}
VitHeadlessService: command reply (truncated): {
  "status": "ok",
  "message": "Seek executed",
  "position_seconds": 0.481862099586731
}
ZmqGateway: received command payload: {"cmd":"seek","time":0.512950221814056}
ZmqGateway: dispatching payload to JUCE message thread.
VitHeadlessService: processing queued command on JUCE message thread: {"cmd":"seek","time":0.512950221814056}
Command received: {"cmd":"seek","time":0.512950221814056}
CommandDispatcher::handleSeek: position set to 0.5130s
Command executed: seek, result: {
  "status": "ok",
  "message": "Seek executed",
  "position_seconds": 0.512950221814056
}
VitHeadlessService: command reply (truncated): {
  "status": "ok",
  "message": "Seek executed",
  "position_seconds": 0.512950221814056
}
ZmqGateway: received command payload: {"cmd":"seek","time":0.528494282927718}
ZmqGateway: dispatching payload to JUCE message thread.
VitHeadlessService: processing queued command on JUCE message thread: {"cmd":"seek","time":0.528494282927718}
Command received: {"cmd":"seek","time":0.528494282927718}
CommandDispatcher::handleSeek: position set to 0.5285s
Command executed: seek, result: {
  "status": "ok",
  "message": "Seek executed",
  "position_seconds": 0.528494282927718
}
VitHeadlessService: command reply (truncated): {
  "status": "ok",
  "message": "Seek executed",
  "position_seconds": 0.528494282927718
}
ZmqGateway: received command payload: {"cmd":"seek","time":0.54403834404138}
ZmqGateway: dispatching payload to JUCE message thread.
VitHeadlessService: processing queued command on JUCE message thread: {"cmd":"seek","time":0.54403834404138}
Command received: {"cmd":"seek","time":0.54403834404138}
CommandDispatcher::handleSeek: position set to 0.5440s
Command executed: seek, result: {
  "status": "ok",
  "message": "Seek executed",
  "position_seconds": 0.54403834404138
}
VitHeadlessService: command reply (truncated): {
  "status": "ok",
  "message": "Seek executed",
  "position_seconds": 0.54403834404138
}
ZmqGateway: received command payload: {"cmd":"seek","time":0.559582405155042}
ZmqGateway: dispatching payload to JUCE message thread.
VitHeadlessService: processing queued command on JUCE message thread: {"cmd":"seek","time":0.559582405155042}
Command received: {"cmd":"seek","time":0.559582405155042}
CommandDispatcher::handleSeek: position set to 0.5596s
Command executed: seek, result: {
  "status": "ok",
  "message": "Seek executed",
  "position_seconds": 0.559582405155042
}
VitHeadlessService: command reply (truncated): {
  "status": "ok",
  "message": "Seek executed",
  "position_seconds": 0.559582405155042
}
ZmqGateway: received command payload: {"cmd":"seek","time":0.575126466268704}
ZmqGateway: dispatching payload to JUCE message thread.
VitHeadlessService: processing queued command on JUCE message thread: {"cmd":"seek","time":0.575126466268704}
Command received: {"cmd":"seek","time":0.575126466268704}
CommandDispatcher::handleSeek: position set to 0.5751s
Command executed: seek, result: {
  "status": "ok",
  "message": "Seek executed",
  "position_seconds": 0.575126466268704
}
VitHeadlessService: command reply (truncated): {
  "status": "ok",
  "message": "Seek executed",
  "position_seconds": 0.575126466268704
}
ZmqGateway: received command payload: {"cmd":"seek","time":0.590670527382366}
ZmqGateway: dispatching payload to JUCE message thread.
VitHeadlessService: processing queued command on JUCE message thread: {"cmd":"seek","time":0.590670527382366}
Command received: {"cmd":"seek","time":0.590670527382366}
CommandDispatcher::handleSeek: position set to 0.5907s
Command executed: seek, result: {
  "status": "ok",
  "message": "Seek executed",
  "position_seconds": 0.590670527382366
}
VitHeadlessService: command reply (truncated): {
  "status": "ok",
  "message": "Seek executed",
  "position_seconds": 0.590670527382366
}
ZmqGateway: received command payload: {"cmd":"seek","time":0.621758649609691}
ZmqGateway: dispatching payload to JUCE message thread.
VitHeadlessService: processing queued command on JUCE message thread: {"cmd":"seek","time":0.621758649609691}
Command received: {"cmd":"seek","time":0.621758649609691}
CommandDispatcher::handleSeek: position set to 0.6218s
Command executed: seek, result: {
  "status": "ok",
  "message": "Seek executed",
  "position_seconds": 0.621758649609691
}
VitHeadlessService: command reply (truncated): {
  "status": "ok",
  "message": "Seek executed",
  "position_seconds": 0.621758649609691
}
ZmqGateway: received command payload: {"cmd":"seek","time":0.668390832950677}
ZmqGateway: dispatching payload to JUCE message thread.
VitHeadlessService: processing queued command on JUCE message thread: {"cmd":"seek","time":0.668390832950677}
Command received: {"cmd":"seek","time":0.668390832950677}
CommandDispatcher::handleSeek: position set to 0.6684s
Command executed: seek, result: {
  "status": "ok",
  "message": "Seek executed",
  "position_seconds": 0.668390832950677
}
VitHeadlessService: command reply (truncated): {
  "status": "ok",
  "message": "Seek executed",
  "position_seconds": 0.668390832950677
}
ZmqGateway: received command payload: {"cmd":"seek","time":0.730567077405326}
ZmqGateway: dispatching payload to JUCE message thread.
VitHeadlessService: processing queued command on JUCE message thread: {"cmd":"seek","time":0.730567077405326}
Command received: {"cmd":"seek","time":0.730567077405326}
CommandDispatcher::handleSeek: position set to 0.7306s
Command executed: seek, result: {
  "status": "ok",
  "message": "Seek executed",
  "position_seconds": 0.730567077405326
}
VitHeadlessService: command reply (truncated): {
  "status": "ok",
  "message": "Seek executed",
  "position_seconds": 0.730567077405326
}
ZmqGateway: received command payload: {"cmd":"seek","time":0.808287382973637}
ZmqGateway: dispatching payload to JUCE message thread.
VitHeadlessService: processing queued command on JUCE message thread: {"cmd":"seek","time":0.808287382973637}
Command received: {"cmd":"seek","time":0.808287382973637}
CommandDispatcher::handleSeek: position set to 0.8083s
Command executed: seek, result: {
  "status": "ok",
  "message": "Seek executed",
  "position_seconds": 0.808287382973637
}
VitHeadlessService: command reply (truncated): {
  "status": "ok",
  "message": "Seek executed",
  "position_seconds": 0.808287382973637
}
ZmqGateway: received command payload: {"cmd":"seek","time":0.901551749655609}
ZmqGateway: dispatching payload to JUCE message thread.
VitHeadlessService: processing queued command on JUCE message thread: {"cmd":"seek","time":0.901551749655609}
Command received: {"cmd":"seek","time":0.901551749655609}
CommandDispatcher::handleSeek: position set to 0.9016s
Command executed: seek, result: {
  "status": "ok",
  "message": "Seek executed",
  "position_seconds": 0.901551749655609
}
VitHeadlessService: command reply (truncated): {
  "status": "ok",
  "message": "Seek executed",
  "position_seconds": 0.901551749655609
}
ZmqGateway: received command payload: {"cmd":"seek","time":0.994816116337582}
ZmqGateway: dispatching payload to JUCE message thread.
VitHeadlessService: processing queued command on JUCE message thread: {"cmd":"seek","time":0.994816116337582}
Command received: {"cmd":"seek","time":0.994816116337582}
CommandDispatcher::handleSeek: position set to 0.9948s
Command executed: seek, result: {
  "status": "ok",
  "message": "Seek executed",
  "position_seconds": 0.994816116337582
}
VitHeadlessService: command reply (truncated): {
  "status": "ok",
  "message": "Seek executed",
  "position_seconds": 0.994816116337582
}
ZmqGateway: received command payload: {"cmd":"seek","time":1.08808048301956}
ZmqGateway: dispatching payload to JUCE message thread.
VitHeadlessService: processing queued command on JUCE message thread: {"cmd":"seek","time":1.08808048301956}
Command received: {"cmd":"seek","time":1.08808048301956}
CommandDispatcher::handleSeek: position set to 1.0881s
Command executed: seek, result: {
  "status": "ok",
  "message": "Seek executed",
  "position_seconds": 1.08808048301956
}
VitHeadlessService: command reply (truncated): {
  "status": "ok",
  "message": "Seek executed",
  "position_seconds": 1.08808048301956
}
ZmqGateway: received command payload: {"cmd":"seek","time":1.16580078858787}
ZmqGateway: dispatching payload to JUCE message thread.
VitHeadlessService: processing queued command on JUCE message thread: {"cmd":"seek","time":1.16580078858787}
Command received: {"cmd":"seek","time":1.16580078858787}
CommandDispatcher::handleSeek: position set to 1.1658s
Command executed: seek, result: {
  "status": "ok",
  "message": "Seek executed",
  "position_seconds": 1.16580078858787
}
VitHeadlessService: command reply (truncated): {
  "status": "ok",
  "message": "Seek executed",
  "position_seconds": 1.16580078858787
}
ZmqGateway: received command payload: {"cmd":"seek","time":1.24352109415618}
ZmqGateway: dispatching payload to JUCE message thread.
VitHeadlessService: processing queued command on JUCE message thread: {"cmd":"seek","time":1.24352109415618}
Command received: {"cmd":"seek","time":1.24352109415618}
CommandDispatcher::handleSeek: position set to 1.2435s
Command executed: seek, result: {
  "status": "ok",
  "message": "Seek executed",
  "position_seconds": 1.24352109415618
}
VitHeadlessService: command reply (truncated): {
  "status": "ok",
  "message": "Seek executed",
  "position_seconds": 1.24352109415618
}
ZmqGateway: received command payload: {"cmd":"seek","time":1.30569733861083}
ZmqGateway: dispatching payload to JUCE message thread.
VitHeadlessService: processing queued command on JUCE message thread: {"cmd":"seek","time":1.30569733861083}
Command received: {"cmd":"seek","time":1.30569733861083}
CommandDispatcher::handleSeek: position set to 1.3057s
Command executed: seek, result: {
  "status": "ok",
  "message": "Seek executed",
  "position_seconds": 1.30569733861083
}
VitHeadlessService: command reply (truncated): {
  "status": "ok",
  "message": "Seek executed",
  "position_seconds": 1.30569733861083
}
ZmqGateway: received command payload: {"cmd":"seek","time":1.35232952195181}
ZmqGateway: dispatching payload to JUCE message thread.
VitHeadlessService: processing queued command on JUCE message thread: {"cmd":"seek","time":1.35232952195181}
Command received: {"cmd":"seek","time":1.35232952195181}
CommandDispatcher::handleSeek: position set to 1.3523s
Command executed: seek, result: {
  "status": "ok",
  "message": "Seek executed",
  "position_seconds": 1.35232952195181
}
VitHeadlessService: command reply (truncated): {
  "status": "ok",
  "message": "Seek executed",
  "position_seconds": 1.35232952195181
}
ZmqGateway: received command payload: {"cmd":"seek","time":1.36787358306547}
ZmqGateway: dispatching payload to JUCE message thread.
VitHeadlessService: processing queued command on JUCE message thread: {"cmd":"seek","time":1.36787358306547}
Command received: {"cmd":"seek","time":1.36787358306547}
CommandDispatcher::handleSeek: position set to 1.3679s
Command executed: seek, result: {
  "status": "ok",
  "message": "Seek executed",
  "position_seconds": 1.36787358306547
}
VitHeadlessService: command reply (truncated): {
  "status": "ok",
  "message": "Seek executed",
  "position_seconds": 1.36787358306547
}
ZmqGateway: received command payload: {"cmd":"seek","time":1.38341764417914}
ZmqGateway: dispatching payload to JUCE message thread.
VitHeadlessService: processing queued command on JUCE message thread: {"cmd":"seek","time":1.38341764417914}
Command received: {"cmd":"seek","time":1.38341764417914}
CommandDispatcher::handleSeek: position set to 1.3834s
Command executed: seek, result: {
  "status": "ok",
  "message": "Seek executed",
  "position_seconds": 1.38341764417914
}
VitHeadlessService: command reply (truncated): {
  "status": "ok",
  "message": "Seek executed",
  "position_seconds": 1.38341764417914
}
ZmqGateway: received command payload: {"cmd":"seek","time":1.36787358306547}
ZmqGateway: dispatching payload to JUCE message thread.
VitHeadlessService: processing queued command on JUCE message thread: {"cmd":"seek","time":1.36787358306547}
Command received: {"cmd":"seek","time":1.36787358306547}
CommandDispatcher::handleSeek: position set to 1.3679s
Command executed: seek, result: {
  "status": "ok",
  "message": "Seek executed",
  "position_seconds": 1.36787358306547
}
VitHeadlessService: command reply (truncated): {
  "status": "ok",
  "message": "Seek executed",
  "position_seconds": 1.36787358306547
}
ZmqGateway: received command payload: {"cmd":"seek","time":1.30569733861083}
ZmqGateway: dispatching payload to JUCE message thread.
VitHeadlessService: processing queued command on JUCE message thread: {"cmd":"seek","time":1.30569733861083}
Command received: {"cmd":"seek","time":1.30569733861083}
CommandDispatcher::handleSeek: position set to 1.3057s
Command executed: seek, result: {
  "status": "ok",
  "message": "Seek executed",
  "position_seconds": 1.30569733861083
}
VitHeadlessService: command reply (truncated): {
  "status": "ok",
  "message": "Seek executed",
  "position_seconds": 1.30569733861083
}
ZmqGateway: received command payload: {"cmd":"seek","time":1.25906515526984}
ZmqGateway: dispatching payload to JUCE message thread.
VitHeadlessService: processing queued command on JUCE message thread: {"cmd":"seek","time":1.25906515526984}
Command received: {"cmd":"seek","time":1.25906515526984}
CommandDispatcher::handleSeek: position set to 1.2591s
Command executed: seek, result: {
  "status": "ok",
  "message": "Seek executed",
  "position_seconds": 1.25906515526984
}
VitHeadlessService: command reply (truncated): {
  "status": "ok",
  "message": "Seek executed",
  "position_seconds": 1.25906515526984
}
ZmqGateway: received command payload: {"cmd":"seek","time":1.22797703304251}
ZmqGateway: dispatching payload to JUCE message thread.
VitHeadlessService: processing queued command on JUCE message thread: {"cmd":"seek","time":1.22797703304251}
Command received: {"cmd":"seek","time":1.22797703304251}
CommandDispatcher::handleSeek: position set to 1.2280s
Command executed: seek, result: {
  "status": "ok",
  "message": "Seek executed",
  "position_seconds": 1.22797703304251
}
VitHeadlessService: command reply (truncated): {
  "status": "ok",
  "message": "Seek executed",
  "position_seconds": 1.22797703304251
}
ZmqGateway: received command payload: {"cmd":"seek","time":1.19688891081519}
ZmqGateway: dispatching payload to JUCE message thread.
VitHeadlessService: processing queued command on JUCE message thread: {"cmd":"seek","time":1.19688891081519}
Command received: {"cmd":"seek","time":1.19688891081519}
CommandDispatcher::handleSeek: position set to 1.1969s
Command executed: seek, result: {
  "status": "ok",
  "message": "Seek executed",
  "position_seconds": 1.19688891081519
}
VitHeadlessService: command reply (truncated): {
  "status": "ok",
  "message": "Seek executed",
  "position_seconds": 1.19688891081519
}
ZmqGateway: received command payload: {"cmd":"seek","time":1.16580078858787}
ZmqGateway: dispatching payload to JUCE message thread.
VitHeadlessService: processing queued command on JUCE message thread: {"cmd":"seek","time":1.16580078858787}
Command received: {"cmd":"seek","time":1.16580078858787}
CommandDispatcher::handleSeek: position set to 1.1658s
Command executed: seek, result: {
  "status": "ok",
  "message": "Seek executed",
  "position_seconds": 1.16580078858787
}
VitHeadlessService: command reply (truncated): {
  "status": "ok",
  "message": "Seek executed",
  "position_seconds": 1.16580078858787
}
ZmqGateway: received command payload: {"cmd":"seek","time":1.1502567274742}
ZmqGateway: dispatching payload to JUCE message thread.
VitHeadlessService: processing queued command on JUCE message thread: {"cmd":"seek","time":1.1502567274742}
Command received: {"cmd":"seek","time":1.1502567274742}
CommandDispatcher::handleSeek: position set to 1.1503s
Command executed: seek, result: {
  "status": "ok",
  "message": "Seek executed",
  "position_seconds": 1.1502567274742
}
VitHeadlessService: command reply (truncated): {
  "status": "ok",
  "message": "Seek executed",
  "position_seconds": 1.1502567274742
}
ZmqGateway: received command payload: {"cmd":"seek","time":1.13471266636054}
ZmqGateway: dispatching payload to JUCE message thread.
VitHeadlessService: processing queued command on JUCE message thread: {"cmd":"seek","time":1.13471266636054}
Command received: {"cmd":"seek","time":1.13471266636054}
CommandDispatcher::handleSeek: position set to 1.1347s
Command executed: seek, result: {
  "status": "ok",
  "message": "Seek executed",
  "position_seconds": 1.13471266636054
}
VitHeadlessService: command reply (truncated): {
  "status": "ok",
  "message": "Seek executed",
  "position_seconds": 1.13471266636054
}
ZmqGateway: received command payload: {"cmd":"seek","time":1.11916860524688}
ZmqGateway: dispatching payload to JUCE message thread.
VitHeadlessService: processing queued command on JUCE message thread: {"cmd":"seek","time":1.11916860524688}
Command received: {"cmd":"seek","time":1.11916860524688}
CommandDispatcher::handleSeek: position set to 1.1192s
Command executed: seek, result: {
  "status": "ok",
  "message": "Seek executed",
  "position_seconds": 1.11916860524688
}
VitHeadlessService: command reply (truncated): {
  "status": "ok",
  "message": "Seek executed",
  "position_seconds": 1.11916860524688
}
ZmqGateway: received command payload: {"cmd":"seek","time":1.10362454413322}
ZmqGateway: dispatching payload to JUCE message thread.
VitHeadlessService: processing queued command on JUCE message thread: {"cmd":"seek","time":1.10362454413322}
Command received: {"cmd":"seek","time":1.10362454413322}
CommandDispatcher::handleSeek: position set to 1.1036s
Command executed: seek, result: {
  "status": "ok",
  "message": "Seek executed",
  "position_seconds": 1.10362454413322
}
VitHeadlessService: command reply (truncated): {
  "status": "ok",
  "message": "Seek executed",
  "position_seconds": 1.10362454413322
}
ZmqGateway: received command payload: {"cmd":"seek","time":1.08808048301956}
ZmqGateway: dispatching payload to JUCE message thread.
VitHeadlessService: processing queued command on JUCE message thread: {"cmd":"seek","time":1.08808048301956}
Command received: {"cmd":"seek","time":1.08808048301956}
CommandDispatcher::handleSeek: position set to 1.0881s
Command executed: seek, result: {
  "status": "ok",
  "message": "Seek executed",
  "position_seconds": 1.08808048301956
}
VitHeadlessService: command reply (truncated): {
  "status": "ok",
  "message": "Seek executed",
  "position_seconds": 1.08808048301956
}
ZmqGateway: received command payload: {"cmd":"seek","time":1.07253642190589}
ZmqGateway: dispatching payload to JUCE message thread.
VitHeadlessService: processing queued command on JUCE message thread: {"cmd":"seek","time":1.07253642190589}
Command received: {"cmd":"seek","time":1.07253642190589}
CommandDispatcher::handleSeek: position set to 1.0725s
Command executed: seek, result: {
  "status": "ok",
  "message": "Seek executed",
  "position_seconds": 1.07253642190589
}
VitHeadlessService: command reply (truncated): {
  "status": "ok",
  "message": "Seek executed",
  "position_seconds": 1.07253642190589
}
ZmqGateway: received command payload: {"cmd":"seek","time":1.05699236079223}
ZmqGateway: dispatching payload to JUCE message thread.
VitHeadlessService: processing queued command on JUCE message thread: {"cmd":"seek","time":1.05699236079223}
Command received: {"cmd":"seek","time":1.05699236079223}
CommandDispatcher::handleSeek: position set to 1.0570s
Command executed: seek, result: {
  "status": "ok",
  "message": "Seek executed",
  "position_seconds": 1.05699236079223
}
VitHeadlessService: command reply (truncated): {
  "status": "ok",
  "message": "Seek executed",
  "position_seconds": 1.05699236079223
}
ZmqGateway: received command payload: {"cmd":"seek","time":1.04144829967857}
ZmqGateway: dispatching payload to JUCE message thread.
VitHeadlessService: processing queued command on JUCE message thread: {"cmd":"seek","time":1.04144829967857}
Command received: {"cmd":"seek","time":1.04144829967857}
CommandDispatcher::handleSeek: position set to 1.0414s
Command executed: seek, result: {
  "status": "ok",
  "message": "Seek executed",
  "position_seconds": 1.04144829967857
}
VitHeadlessService: command reply (truncated): {
  "status": "ok",
  "message": "Seek executed",
  "position_seconds": 1.04144829967857
}
ZmqGateway: received command payload: {"cmd":"seek","time":1.02590423856491}
ZmqGateway: dispatching payload to JUCE message thread.
VitHeadlessService: processing queued command on JUCE message thread: {"cmd":"seek","time":1.02590423856491}
Command received: {"cmd":"seek","time":1.02590423856491}
CommandDispatcher::handleSeek: position set to 1.0259s
Command executed: seek, result: {
  "status": "ok",
  "message": "Seek executed",
  "position_seconds": 1.02590423856491
}
VitHeadlessService: command reply (truncated): {
  "status": "ok",
  "message": "Seek executed",
  "position_seconds": 1.02590423856491
}
ZmqGateway: received command payload: {"cmd":"seek","time":1.01036017745124}
ZmqGateway: dispatching payload to JUCE message thread.
VitHeadlessService: processing queued command on JUCE message thread: {"cmd":"seek","time":1.01036017745124}
Command received: {"cmd":"seek","time":1.01036017745124}
CommandDispatcher::handleSeek: position set to 1.0104s
Command executed: seek, result: {
  "status": "ok",
  "message": "Seek executed",
  "position_seconds": 1.01036017745124
}
VitHeadlessService: command reply (truncated): {
  "status": "ok",
  "message": "Seek executed",
  "position_seconds": 1.01036017745124
}
ZmqGateway: received command payload: {"cmd":"seek","time":0.994816116337582}
ZmqGateway: dispatching payload to JUCE message thread.
VitHeadlessService: processing queued command on JUCE message thread: {"cmd":"seek","time":0.994816116337582}
Command received: {"cmd":"seek","time":0.994816116337582}
CommandDispatcher::handleSeek: position set to 0.9948s
Command executed: seek, result: {
  "status": "ok",
  "message": "Seek executed",
  "position_seconds": 0.994816116337582
}
VitHeadlessService: command reply (truncated): {
  "status": "ok",
  "message": "Seek executed",
  "position_seconds": 0.994816116337582
}
ZmqGateway: received command payload: {"cmd":"seek","time":1.04144829967857}
ZmqGateway: dispatching payload to JUCE message thread.
VitHeadlessService: processing queued command on JUCE message thread: {"cmd":"seek","time":1.04144829967857}
Command received: {"cmd":"seek","time":1.04144829967857}
CommandDispatcher::handleSeek: position set to 1.0414s
Command executed: seek, result: {
  "status": "ok",
  "message": "Seek executed",
  "position_seconds": 1.04144829967857
}
VitHeadlessService: command reply (truncated): {
  "status": "ok",
  "message": "Seek executed",
  "position_seconds": 1.04144829967857
}
ZmqGateway: received command payload: {"cmd":"seek","time":1.11916860524688}
ZmqGateway: dispatching payload to JUCE message thread.
VitHeadlessService: processing queued command on JUCE message thread: {"cmd":"seek","time":1.11916860524688}
Command received: {"cmd":"seek","time":1.11916860524688}
CommandDispatcher::handleSeek: position set to 1.1192s
Command executed: seek, result: {
  "status": "ok",
  "message": "Seek executed",
  "position_seconds": 1.11916860524688
}
VitHeadlessService: command reply (truncated): {
  "status": "ok",
  "message": "Seek executed",
  "position_seconds": 1.11916860524688
}
ZmqGateway: received command payload: {"cmd":"seek","time":1.19688891081519}
ZmqGateway: dispatching payload to JUCE message thread.
VitHeadlessService: processing queued command on JUCE message thread: {"cmd":"seek","time":1.19688891081519}
Command received: {"cmd":"seek","time":1.19688891081519}
CommandDispatcher::handleSeek: position set to 1.1969s
Command executed: seek, result: {
  "status": "ok",
  "message": "Seek executed",
  "position_seconds": 1.19688891081519
}
VitHeadlessService: command reply (truncated): {
  "status": "ok",
  "message": "Seek executed",
  "position_seconds": 1.19688891081519
}
ZmqGateway: received command payload: {"cmd":"seek","time":1.25906515526984}
ZmqGateway: dispatching payload to JUCE message thread.
VitHeadlessService: processing queued command on JUCE message thread: {"cmd":"seek","time":1.25906515526984}
Command received: {"cmd":"seek","time":1.25906515526984}
CommandDispatcher::handleSeek: position set to 1.2591s
Command executed: seek, result: {
  "status": "ok",
  "message": "Seek executed",
  "position_seconds": 1.25906515526984
}
VitHeadlessService: command reply (truncated): {
  "status": "ok",
  "message": "Seek executed",
  "position_seconds": 1.25906515526984
}
ZmqGateway: received command payload: {"cmd":"seek","time":1.32124139972449}
ZmqGateway: dispatching payload to JUCE message thread.
VitHeadlessService: processing queued command on JUCE message thread: {"cmd":"seek","time":1.32124139972449}
Command received: {"cmd":"seek","time":1.32124139972449}
CommandDispatcher::handleSeek: position set to 1.3212s
Command executed: seek, result: {
  "status": "ok",
  "message": "Seek executed",
  "position_seconds": 1.32124139972449
}
VitHeadlessService: command reply (truncated): {
  "status": "ok",
  "message": "Seek executed",
  "position_seconds": 1.32124139972449
}
ZmqGateway: received command payload: {"cmd":"seek","time":1.38341764417914}
ZmqGateway: dispatching payload to JUCE message thread.
VitHeadlessService: processing queued command on JUCE message thread: {"cmd":"seek","time":1.38341764417914}
Command received: {"cmd":"seek","time":1.38341764417914}
CommandDispatcher::handleSeek: position set to 1.3834s
Command executed: seek, result: {
  "status": "ok",
  "message": "Seek executed",
  "position_seconds": 1.38341764417914
}
VitHeadlessService: command reply (truncated): {
  "status": "ok",
  "message": "Seek executed",
  "position_seconds": 1.38341764417914
}
ZmqGateway: received command payload: {"cmd":"seek","time":1.43004982752012}
ZmqGateway: dispatching payload to JUCE message thread.
VitHeadlessService: processing queued command on JUCE message thread: {"cmd":"seek","time":1.43004982752012}
Command received: {"cmd":"seek","time":1.43004982752012}
CommandDispatcher::handleSeek: position set to 1.4300s
Command executed: seek, result: {
  "status": "ok",
  "message": "Seek executed",
  "position_seconds": 1.43004982752012
}
VitHeadlessService: command reply (truncated): {
  "status": "ok",
  "message": "Seek executed",
  "position_seconds": 1.43004982752012
}
ZmqGateway: received command payload: {"cmd":"seek","time":1.46113794974745}
ZmqGateway: dispatching payload to JUCE message thread.
VitHeadlessService: processing queued command on JUCE message thread: {"cmd":"seek","time":1.46113794974745}
Command received: {"cmd":"seek","time":1.46113794974745}
CommandDispatcher::handleSeek: position set to 1.4611s
Command executed: seek, result: {
  "status": "ok",
  "message": "Seek executed",
  "position_seconds": 1.46113794974745
}
VitHeadlessService: command reply (truncated): {
  "status": "ok",
  "message": "Seek executed",
  "position_seconds": 1.46113794974745
}
ZmqGateway: received command payload: {"cmd":"seek","time":1.49222607197477}
ZmqGateway: dispatching payload to JUCE message thread.
VitHeadlessService: processing queued command on JUCE message thread: {"cmd":"seek","time":1.49222607197477}
Command received: {"cmd":"seek","time":1.49222607197477}
CommandDispatcher::handleSeek: position set to 1.4922s
Command executed: seek, result: {
  "status": "ok",
  "message": "Seek executed",
  "position_seconds": 1.49222607197477
}
VitHeadlessService: command reply (truncated): {
  "status": "ok",
  "message": "Seek executed",
  "position_seconds": 1.49222607197477
}
ZmqGateway: received command payload: {"cmd":"seek","time":1.50777013308843}
ZmqGateway: dispatching payload to JUCE message thread.
VitHeadlessService: processing queued command on JUCE message thread: {"cmd":"seek","time":1.50777013308843}
Command received: {"cmd":"seek","time":1.50777013308843}
CommandDispatcher::handleSeek: position set to 1.5078s
Command executed: seek, result: {
  "status": "ok",
  "message": "Seek executed",
  "position_seconds": 1.50777013308843
}
VitHeadlessService: command reply (truncated): {
  "status": "ok",
  "message": "Seek executed",
  "position_seconds": 1.50777013308843
}
ZmqGateway: received command payload: {"clip_id":"1011","cmd":"move_clip","new_start":0.652849197387695,"new_start_seconds":0.326424598693848,"overlap_mode":"cut","source_track_id":"1007","target_track_id":"1007","time_unit":"beats"}
ZmqGateway: dispatching payload to JUCE message thread.
VitHeadlessService: processing queued command on JUCE message thread: {"clip_id":"1011","cmd":"move_clip","new_start":0.652849197387695,"new_start_seconds":0.326424598693848,"overlap_mode":"cut","source_track_id":"1007","target_track_id":"1007","time_unit":"beats"}
Command received: {"clip_id":"1011","cmd":"move_clip","new_start":0.652849197387695,"new_start_seconds":0.326424598693848,"overlap_mode":"cut","source_track_id":"1007","target_track_id":"1007","time_unit":"beats"}
Command executed: move_clip, result: {
  "status": "ok",
  "message": "Clip moved",
  "clip_id": "1011",
  "source_track_id": "1007",
  "target_track_id": "1007",
  "affected_track_id": "1007",
  "new_start_seconds": 0.326424598693847,
  "overlap_mode": "cut",
  "created_clip_ids": [],
  "removed_clip_ids": [],
  "affected_clip_ids": []
}
VitHeadlessService: command reply (truncated): {
  "status": "ok",
  "message": "Clip moved",
  "clip_id": "1011",
  "source_track_id": "1007",
  "target_track_id": "1007",
  "affected_track_id": "1007",
  "new_start_seconds": 0.326424598693847,
  "overlap_mo
ZmqGateway: received command payload: {"cmd":"get_project_state"}
ZmqGateway: dispatching payload to JUCE message thread.
VitHeadlessService: processing queued command on JUCE message thread: {"cmd":"get_project_state"}
Command received: {"cmd":"get_project_state"}
Command executed: get_project_state, result: {
  "status": "ok",
  "project_path": "",
  "tracks": [
    {
      "track_id": "1002",
      "track_name": "Arranger",
      "track_type": "track",
      "is_audio_track": false,
      "is_audio": false,
      "plugins": [],
      "clips": []
    },
    {
      "track_id": "1003",
      "track_name": "Chord",
      "track_type": "track",
      "is_audio_track": false,
      "is_audio": false,
      "plugins": [],
      "clips": []
    },
    {
      "track_id": "1004",
      "track_name": "Marker",
      "track_type": "track",
      "is_audio_track": false,
      "is_audio": false,
      "plugins": [],
      "clips": []
    },
    {
      "track_id": "1005",
      "track_name": "Tempo",
      "track_type": "track",
      "is_audio_track": false,
      "is_audio": false,
      "plugins": [],
      "clips": []
    },
    {
      "track_id": "1006",
      "track_name": "Master",
      "track_type": "master",
      "is_audio_track": false,
      "is_audio": false,
      "plugins": [],
      "clips": []
    },
    {
      "track_id": "1007",
      "track_name": "Track 1",
      "track_type": "hybrid",
      "is_audio_track": true,
      "is_audio": true,
      "plugins": [
        {
          "id": "1008",
          "item_id": "1008",
          "name": "Volume & Pan Plugin",
          "type": "volume",
          "enabled": true
        },
        {
          "id": "1009",
          "item_id": "1009",
          "name": "Level Meter",
          "type": "level",
          "enabled": true
        }
      ],
      "clips": [
        {
          "id": "1011",
          "name": "test_100hz_10s",
          "clip_type": "wave",
          "start_seconds": 0.326424598693847,
          "end_seconds": 10.621755599975598,
          "length_seconds": 10.295331001281751,
          "offset_in_source_seconds": 0.0,
          "file_path": "D:\\Vit_DAW\\test_100hz_10s.wav",
          "current_source_path": "D:\\Vit_DAW\\test_100hz_10s.wav",
          "playback_source_valid": true
        }
      ],
      "output_to_device_resolved": true,
      "output_device_enabled": true,
      "output_device_id": "out_b7a4b4c1",
      "output_routing_name": "(default audio output)"
    }
  ]
}
VitHeadlessService: command reply (truncated): {
  "status": "ok",
  "project_path": "",
  "tracks": [
    {
      "track_id": "1002",
      "track_name": "Arranger",
      "track_type": "track",
      "is_audio_track": false,
      "is_audio": false,
     
ZmqGateway: received command payload: {"cmd":"list_tracks"}
ZmqGateway: dispatching payload to JUCE message thread.
VitHeadlessService: processing queued command on JUCE message thread: {"cmd":"list_tracks"}
Command received: {"cmd":"list_tracks"}
Command executed: list_tracks, result: {
  "status": "ok",
  "message": "Track list fetched",
  "tracks": [
    {
      "track_id": "1002",
      "name": "Arranger",
      "track_type": "track",
      "is_audio": false,
      "is_audio_track": false,
      "vit_type": "",
      "vit_intent": "",
      "plugin_count": 0,
      "plugins": []
    },
    {
      "track_id": "1003",
      "name": "Chord",
      "track_type": "track",
      "is_audio": false,
      "is_audio_track": false,
      "vit_type": "",
      "vit_intent": "",
      "plugin_count": 0,
      "plugins": []
    },
    {
      "track_id": "1004",
      "name": "Marker",
      "track_type": "track",
      "is_audio": false,
      "is_audio_track": false,
      "vit_type": "",
      "vit_intent": "",
      "plugin_count": 0,
      "plugins": []
    },
    {
      "track_id": "1005",
      "name": "Tempo",
      "track_type": "track",
      "is_audio": false,
      "is_audio_track": false,
      "vit_type": "",
      "vit_intent": "",
      "plugin_count": 0,
      "plugins": []
    },
    {
      "track_id": "1006",
      "name": "Master",
      "track_type": "master",
      "is_audio": false,
      "is_audio_track": false,
      "vit_type": "",
      "vit_intent": "",
      "plugin_count": 0,
      "plugins": []
    },
    {
      "track_id": "1007",
      "name": "Track 1",
      "track_type": "hybrid",
      "is_audio": true,
      "is_audio_track": true,
      "vit_type": "",
      "vit_intent": "",
      "plugin_count": 2,
      "plugins": [
        {
          "name": "Volume & Pan Plugin",
          "type": "volume",
          "enabled": true
        },
        {
          "name": "Level Meter",
          "type": "level",
          "enabled": true
        }
      ]
    }
  ]
}
VitHeadlessService: command reply (truncated): {
  "status": "ok",
  "message": "Track list fetched",
  "tracks": [
    {
      "track_id": "1002",
      "name": "Arranger",
      "track_type": "track",
      "is_audio": false,
      "is_audio_track": false,
ZmqGateway: received command payload: {"cmd":"seek","time":1.47668201086111}
ZmqGateway: dispatching payload to JUCE message thread.
VitHeadlessService: processing queued command on JUCE message thread: {"cmd":"seek","time":1.47668201086111}
Command received: {"cmd":"seek","time":1.47668201086111}
CommandDispatcher::handleSeek: position set to 1.4767s
Command executed: seek, result: {
  "status": "ok",
  "message": "Seek executed",
  "position_seconds": 1.47668201086111
}
VitHeadlessService: command reply (truncated): {
  "status": "ok",
  "message": "Seek executed",
  "position_seconds": 1.47668201086111
}
ZmqGateway: received command payload: {"cmd":"seek","time":1.50777013308843}
ZmqGateway: dispatching payload to JUCE message thread.
VitHeadlessService: processing queued command on JUCE message thread: {"cmd":"seek","time":1.50777013308843}
Command received: {"cmd":"seek","time":1.50777013308843}
CommandDispatcher::handleSeek: position set to 1.5078s
Command executed: seek, result: {
  "status": "ok",
  "message": "Seek executed",
  "position_seconds": 1.50777013308843
}
VitHeadlessService: command reply (truncated): {
  "status": "ok",
  "message": "Seek executed",
  "position_seconds": 1.50777013308843
}
ZmqGateway: received command payload: {"cmd":"seek","time":1.5233141942021}
ZmqGateway: dispatching payload to JUCE message thread.
VitHeadlessService: processing queued command on JUCE message thread: {"cmd":"seek","time":1.5233141942021}
Command received: {"cmd":"seek","time":1.5233141942021}
CommandDispatcher::handleSeek: position set to 1.5233s
Command executed: seek, result: {
  "status": "ok",
  "message": "Seek executed",
  "position_seconds": 1.5233141942021
}
VitHeadlessService: command reply (truncated): {
  "status": "ok",
  "message": "Seek executed",
  "position_seconds": 1.5233141942021
}
ZmqGateway: received command payload: {"cmd":"seek","time":1.53885825531576}
ZmqGateway: dispatching payload to JUCE message thread.
VitHeadlessService: processing queued command on JUCE message thread: {"cmd":"seek","time":1.53885825531576}
Command received: {"cmd":"seek","time":1.53885825531576}
CommandDispatcher::handleSeek: position set to 1.5389s
Command executed: seek, result: {
  "status": "ok",
  "message": "Seek executed",
  "position_seconds": 1.53885825531576
}
VitHeadlessService: command reply (truncated): {
  "status": "ok",
  "message": "Seek executed",
  "position_seconds": 1.53885825531576
}
ZmqGateway: received command payload: {"cmd":"seek","time":1.56994637754308}
ZmqGateway: dispatching payload to JUCE message thread.
VitHeadlessService: processing queued command on JUCE message thread: {"cmd":"seek","time":1.56994637754308}
Command received: {"cmd":"seek","time":1.56994637754308}
CommandDispatcher::handleSeek: position set to 1.5699s
Command executed: seek, result: {
  "status": "ok",
  "message": "Seek executed",
  "position_seconds": 1.56994637754308
}
VitHeadlessService: command reply (truncated): {
  "status": "ok",
  "message": "Seek executed",
  "position_seconds": 1.56994637754308
}
ZmqGateway: received command payload: {"cmd":"seek","time":1.58549043865674}
ZmqGateway: dispatching payload to JUCE message thread.
VitHeadlessService: processing queued command on JUCE message thread: {"cmd":"seek","time":1.58549043865674}
Command received: {"cmd":"seek","time":1.58549043865674}
CommandDispatcher::handleSeek: position set to 1.5855s
Command executed: seek, result: {
  "status": "ok",
  "message": "Seek executed",
  "position_seconds": 1.58549043865674
}
VitHeadlessService: command reply (truncated): {
  "status": "ok",
  "message": "Seek executed",
  "position_seconds": 1.58549043865674
}
ZmqGateway: received command payload: {"cmd":"seek","time":1.60103449977041}
ZmqGateway: dispatching payload to JUCE message thread.
VitHeadlessService: processing queued command on JUCE message thread: {"cmd":"seek","time":1.60103449977041}
Command received: {"cmd":"seek","time":1.60103449977041}
CommandDispatcher::handleSeek: position set to 1.6010s
Command executed: seek, result: {
  "status": "ok",
  "message": "Seek executed",
  "position_seconds": 1.60103449977041
}
VitHeadlessService: command reply (truncated): {
  "status": "ok",
  "message": "Seek executed",
  "position_seconds": 1.60103449977041
}
ZmqGateway: received command payload: {"cmd":"seek","time":1.63212262199773}
ZmqGateway: dispatching payload to JUCE message thread.
VitHeadlessService: processing queued command on JUCE message thread: {"cmd":"seek","time":1.63212262199773}
Command received: {"cmd":"seek","time":1.63212262199773}
CommandDispatcher::handleSeek: position set to 1.6321s
Command executed: seek, result: {
  "status": "ok",
  "message": "Seek executed",
  "position_seconds": 1.63212262199773
}
VitHeadlessService: command reply (truncated): {
  "status": "ok",
  "message": "Seek executed",
  "position_seconds": 1.63212262199773
}
ZmqGateway: received command payload: {"cmd":"seek","time":1.64766668311139}
ZmqGateway: dispatching payload to JUCE message thread.
VitHeadlessService: processing queued command on JUCE message thread: {"cmd":"seek","time":1.64766668311139}
Command received: {"cmd":"seek","time":1.64766668311139}
CommandDispatcher::handleSeek: position set to 1.6477s
Command executed: seek, result: {
  "status": "ok",
  "message": "Seek executed",
  "position_seconds": 1.64766668311139
}
VitHeadlessService: command reply (truncated): {
  "status": "ok",
  "message": "Seek executed",
  "position_seconds": 1.64766668311139
}
ZmqGateway: received command payload: {"cmd":"seek","time":1.66321074422506}
ZmqGateway: dispatching payload to JUCE message thread.
VitHeadlessService: processing queued command on JUCE message thread: {"cmd":"seek","time":1.66321074422506}
Command received: {"cmd":"seek","time":1.66321074422506}
CommandDispatcher::handleSeek: position set to 1.6632s
Command executed: seek, result: {
  "status": "ok",
  "message": "Seek executed",
  "position_seconds": 1.66321074422506
}
VitHeadlessService: command reply (truncated): {
  "status": "ok",
  "message": "Seek executed",
  "position_seconds": 1.66321074422506
}
ZmqGateway: received command payload: {"cmd":"seek","time":1.67875480533872}
ZmqGateway: dispatching payload to JUCE message thread.
VitHeadlessService: processing queued command on JUCE message thread: {"cmd":"seek","time":1.67875480533872}
Command received: {"cmd":"seek","time":1.67875480533872}
CommandDispatcher::handleSeek: position set to 1.6788s
Command executed: seek, result: {
  "status": "ok",
  "message": "Seek executed",
  "position_seconds": 1.67875480533872
}
VitHeadlessService: command reply (truncated): {
  "status": "ok",
  "message": "Seek executed",
  "position_seconds": 1.67875480533872
}
ZmqGateway: received command payload: {"cmd":"seek","time":1.70984292756604}
ZmqGateway: dispatching payload to JUCE message thread.
VitHeadlessService: processing queued command on JUCE message thread: {"cmd":"seek","time":1.70984292756604}
Command received: {"cmd":"seek","time":1.70984292756604}
CommandDispatcher::handleSeek: position set to 1.7098s
Command executed: seek, result: {
  "status": "ok",
  "message": "Seek executed",
  "position_seconds": 1.70984292756604
}
VitHeadlessService: command reply (truncated): {
  "status": "ok",
  "message": "Seek executed",
  "position_seconds": 1.70984292756604
}
ZmqGateway: received command payload: {"cmd":"seek","time":1.74093104979337}
ZmqGateway: dispatching payload to JUCE message thread.
VitHeadlessService: processing queued command on JUCE message thread: {"cmd":"seek","time":1.74093104979337}
Command received: {"cmd":"seek","time":1.74093104979337}
CommandDispatcher::handleSeek: position set to 1.7409s
Command executed: seek, result: {
  "status": "ok",
  "message": "Seek executed",
  "position_seconds": 1.74093104979337
}
VitHeadlessService: command reply (truncated): {
  "status": "ok",
  "message": "Seek executed",
  "position_seconds": 1.74093104979337
}
ZmqGateway: received command payload: {"cmd":"seek","time":1.78756323313435}
ZmqGateway: dispatching payload to JUCE message thread.
VitHeadlessService: processing queued command on JUCE message thread: {"cmd":"seek","time":1.78756323313435}
Command received: {"cmd":"seek","time":1.78756323313435}
CommandDispatcher::handleSeek: position set to 1.7876s
Command executed: seek, result: {
  "status": "ok",
  "message": "Seek executed",
  "position_seconds": 1.78756323313435
}
VitHeadlessService: command reply (truncated): {
  "status": "ok",
  "message": "Seek executed",
  "position_seconds": 1.78756323313435
}
ZmqGateway: received command payload: {"cmd":"seek","time":1.83419541647534}
ZmqGateway: dispatching payload to JUCE message thread.
VitHeadlessService: processing queued command on JUCE message thread: {"cmd":"seek","time":1.83419541647534}
Command received: {"cmd":"seek","time":1.83419541647534}
CommandDispatcher::handleSeek: position set to 1.8342s
Command executed: seek, result: {
  "status": "ok",
  "message": "Seek executed",
  "position_seconds": 1.83419541647534
}
VitHeadlessService: command reply (truncated): {
  "status": "ok",
  "message": "Seek executed",
  "position_seconds": 1.83419541647534
}
ZmqGateway: received command payload: {"cmd":"seek","time":1.86528353870266}
ZmqGateway: dispatching payload to JUCE message thread.
VitHeadlessService: processing queued command on JUCE message thread: {"cmd":"seek","time":1.86528353870266}
Command received: {"cmd":"seek","time":1.86528353870266}
CommandDispatcher::handleSeek: position set to 1.8653s
Command executed: seek, result: {
  "status": "ok",
  "message": "Seek executed",
  "position_seconds": 1.86528353870266
}
VitHeadlessService: command reply (truncated): {
  "status": "ok",
  "message": "Seek executed",
  "position_seconds": 1.86528353870266
}
ZmqGateway: received command payload: {"cmd":"seek","time":1.89637166092999}
ZmqGateway: dispatching payload to JUCE message thread.
VitHeadlessService: processing queued command on JUCE message thread: {"cmd":"seek","time":1.89637166092999}
Command received: {"cmd":"seek","time":1.89637166092999}
CommandDispatcher::handleSeek: position set to 1.8964s
Command executed: seek, result: {
  "status": "ok",
  "message": "Seek executed",
  "position_seconds": 1.89637166092999
}
VitHeadlessService: command reply (truncated): {
  "status": "ok",
  "message": "Seek executed",
  "position_seconds": 1.89637166092999
}
ZmqGateway: received command payload: {"cmd":"seek","time":1.92745978315731}
ZmqGateway: dispatching payload to JUCE message thread.
VitHeadlessService: processing queued command on JUCE message thread: {"cmd":"seek","time":1.92745978315731}
Command received: {"cmd":"seek","time":1.92745978315731}
CommandDispatcher::handleSeek: position set to 1.9275s
Command executed: seek, result: {
  "status": "ok",
  "message": "Seek executed",
  "position_seconds": 1.92745978315731
}
VitHeadlessService: command reply (truncated): {
  "status": "ok",
  "message": "Seek executed",
  "position_seconds": 1.92745978315731
}
ZmqGateway: received command payload: {"cmd":"seek","time":1.94300384427097}
ZmqGateway: dispatching payload to JUCE message thread.
VitHeadlessService: processing queued command on JUCE message thread: {"cmd":"seek","time":1.94300384427097}
Command received: {"cmd":"seek","time":1.94300384427097}
CommandDispatcher::handleSeek: position set to 1.9430s
Command executed: seek, result: {
  "status": "ok",
  "message": "Seek executed",
  "position_seconds": 1.94300384427097
}
VitHeadlessService: command reply (truncated): {
  "status": "ok",
  "message": "Seek executed",
  "position_seconds": 1.94300384427097
}
ZmqGateway: received command payload: {"cmd":"seek","time":1.95854790538464}
ZmqGateway: dispatching payload to JUCE message thread.
VitHeadlessService: processing queued command on JUCE message thread: {"cmd":"seek","time":1.95854790538464}
Command received: {"cmd":"seek","time":1.95854790538464}
CommandDispatcher::handleSeek: position set to 1.9585s
Command executed: seek, result: {
  "status": "ok",
  "message": "Seek executed",
  "position_seconds": 1.95854790538464
}
VitHeadlessService: command reply (truncated): {
  "status": "ok",
  "message": "Seek executed",
  "position_seconds": 1.95854790538464
}
ZmqGateway: received command payload: {"cmd":"seek","time":1.9740919664983}
ZmqGateway: dispatching payload to JUCE message thread.
VitHeadlessService: processing queued command on JUCE message thread: {"cmd":"seek","time":1.9740919664983}
Command received: {"cmd":"seek","time":1.9740919664983}
CommandDispatcher::handleSeek: position set to 1.9741s
Command executed: seek, result: {
  "status": "ok",
  "message": "Seek executed",
  "position_seconds": 1.9740919664983
}
VitHeadlessService: command reply (truncated): {
  "status": "ok",
  "message": "Seek executed",
  "position_seconds": 1.9740919664983
}
ZmqGateway: received command payload: {"cmd":"seek","time":1.95854790538464}
ZmqGateway: dispatching payload to JUCE message thread.
VitHeadlessService: processing queued command on JUCE message thread: {"cmd":"seek","time":1.95854790538464}
Command received: {"cmd":"seek","time":1.95854790538464}
CommandDispatcher::handleSeek: position set to 1.9585s
Command executed: seek, result: {
  "status": "ok",
  "message": "Seek executed",
  "position_seconds": 1.95854790538464
}
VitHeadlessService: command reply (truncated): {
  "status": "ok",
  "message": "Seek executed",
  "position_seconds": 1.95854790538464
}
ZmqGateway: received command payload: {"cmd":"seek","time":1.89637166092999}
ZmqGateway: dispatching payload to JUCE message thread.
VitHeadlessService: processing queued command on JUCE message thread: {"cmd":"seek","time":1.89637166092999}
Command received: {"cmd":"seek","time":1.89637166092999}
CommandDispatcher::handleSeek: position set to 1.8964s
Command executed: seek, result: {
  "status": "ok",
  "message": "Seek executed",
  "position_seconds": 1.89637166092999
}
VitHeadlessService: command reply (truncated): {
  "status": "ok",
  "message": "Seek executed",
  "position_seconds": 1.89637166092999
}
ZmqGateway: received command payload: {"cmd":"seek","time":1.849739477589}
ZmqGateway: dispatching payload to JUCE message thread.
VitHeadlessService: processing queued command on JUCE message thread: {"cmd":"seek","time":1.849739477589}
Command received: {"cmd":"seek","time":1.849739477589}
CommandDispatcher::handleSeek: position set to 1.8497s
Command executed: seek, result: {
  "status": "ok",
  "message": "Seek executed",
  "position_seconds": 1.849739477589
}
VitHeadlessService: command reply (truncated): {
  "status": "ok",
  "message": "Seek executed",
  "position_seconds": 1.849739477589
}
ZmqGateway: received command payload: {"cmd":"seek","time":1.77201917202069}
ZmqGateway: dispatching payload to JUCE message thread.
VitHeadlessService: processing queued command on JUCE message thread: {"cmd":"seek","time":1.77201917202069}
Command received: {"cmd":"seek","time":1.77201917202069}
CommandDispatcher::handleSeek: position set to 1.7720s
Command executed: seek, result: {
  "status": "ok",
  "message": "Seek executed",
  "position_seconds": 1.77201917202069
}
VitHeadlessService: command reply (truncated): {
  "status": "ok",
  "message": "Seek executed",
  "position_seconds": 1.77201917202069
}
ZmqGateway: received command payload: {"cmd":"seek","time":1.69429886645238}
ZmqGateway: dispatching payload to JUCE message thread.
VitHeadlessService: processing queued command on JUCE message thread: {"cmd":"seek","time":1.69429886645238}
Command received: {"cmd":"seek","time":1.69429886645238}
CommandDispatcher::handleSeek: position set to 1.6943s
Command executed: seek, result: {
  "status": "ok",
  "message": "Seek executed",
  "position_seconds": 1.69429886645238
}
VitHeadlessService: command reply (truncated): {
  "status": "ok",
  "message": "Seek executed",
  "position_seconds": 1.69429886645238
}
ZmqGateway: received command payload: {"cmd":"seek","time":1.60103449977041}
ZmqGateway: dispatching payload to JUCE message thread.
VitHeadlessService: processing queued command on JUCE message thread: {"cmd":"seek","time":1.60103449977041}
Command received: {"cmd":"seek","time":1.60103449977041}
CommandDispatcher::handleSeek: position set to 1.6010s
Command executed: seek, result: {
  "status": "ok",
  "message": "Seek executed",
  "position_seconds": 1.60103449977041
}
VitHeadlessService: command reply (truncated): {
  "status": "ok",
  "message": "Seek executed",
  "position_seconds": 1.60103449977041
}
ZmqGateway: received command payload: {"cmd":"seek","time":1.5233141942021}
ZmqGateway: dispatching payload to JUCE message thread.
VitHeadlessService: processing queued command on JUCE message thread: {"cmd":"seek","time":1.5233141942021}
Command received: {"cmd":"seek","time":1.5233141942021}
CommandDispatcher::handleSeek: position set to 1.5233s
Command executed: seek, result: {
  "status": "ok",
  "message": "Seek executed",
  "position_seconds": 1.5233141942021
}
VitHeadlessService: command reply (truncated): {
  "status": "ok",
  "message": "Seek executed",
  "position_seconds": 1.5233141942021
}
ZmqGateway: received command payload: {"cmd":"seek","time":1.44559388863378}
ZmqGateway: dispatching payload to JUCE message thread.
VitHeadlessService: processing queued command on JUCE message thread: {"cmd":"seek","time":1.44559388863378}
Command received: {"cmd":"seek","time":1.44559388863378}
CommandDispatcher::handleSeek: position set to 1.4456s
Command executed: seek, result: {
  "status": "ok",
  "message": "Seek executed",
  "position_seconds": 1.44559388863378
}
VitHeadlessService: command reply (truncated): {
  "status": "ok",
  "message": "Seek executed",
  "position_seconds": 1.44559388863378
}
ZmqGateway: received command payload: {"cmd":"seek","time":1.36787358306547}
ZmqGateway: dispatching payload to JUCE message thread.
VitHeadlessService: processing queued command on JUCE message thread: {"cmd":"seek","time":1.36787358306547}
Command received: {"cmd":"seek","time":1.36787358306547}
CommandDispatcher::handleSeek: position set to 1.3679s
Command executed: seek, result: {
  "status": "ok",
  "message": "Seek executed",
  "position_seconds": 1.36787358306547
}
VitHeadlessService: command reply (truncated): {
  "status": "ok",
  "message": "Seek executed",
  "position_seconds": 1.36787358306547
}
ZmqGateway: received command payload: {"cmd":"seek","time":1.32124139972449}
ZmqGateway: dispatching payload to JUCE message thread.
VitHeadlessService: processing queued command on JUCE message thread: {"cmd":"seek","time":1.32124139972449}
Command received: {"cmd":"seek","time":1.32124139972449}
CommandDispatcher::handleSeek: position set to 1.3212s
Command executed: seek, result: {
  "status": "ok",
  "message": "Seek executed",
  "position_seconds": 1.32124139972449
}
VitHeadlessService: command reply (truncated): {
  "status": "ok",
  "message": "Seek executed",
  "position_seconds": 1.32124139972449
}
ZmqGateway: received command payload: {"cmd":"seek","time":1.29015327749716}
ZmqGateway: dispatching payload to JUCE message thread.
VitHeadlessService: processing queued command on JUCE message thread: {"cmd":"seek","time":1.29015327749716}
Command received: {"cmd":"seek","time":1.29015327749716}
CommandDispatcher::handleSeek: position set to 1.2902s
Command executed: seek, result: {
  "status": "ok",
  "message": "Seek executed",
  "position_seconds": 1.29015327749716
}
VitHeadlessService: command reply (truncated): {
  "status": "ok",
  "message": "Seek executed",
  "position_seconds": 1.29015327749716
}
ZmqGateway: received command payload: {"cmd":"seek","time":1.2746092163835}
ZmqGateway: dispatching payload to JUCE message thread.
VitHeadlessService: processing queued command on JUCE message thread: {"cmd":"seek","time":1.2746092163835}
Command received: {"cmd":"seek","time":1.2746092163835}
CommandDispatcher::handleSeek: position set to 1.2746s
Command executed: seek, result: {
  "status": "ok",
  "message": "Seek executed",
  "position_seconds": 1.2746092163835
}
VitHeadlessService: command reply (truncated): {
  "status": "ok",
  "message": "Seek executed",
  "position_seconds": 1.2746092163835
}
ZmqGateway: received command payload: {"cmd":"seek","time":1.25906515526984}
ZmqGateway: dispatching payload to JUCE message thread.
VitHeadlessService: processing queued command on JUCE message thread: {"cmd":"seek","time":1.25906515526984}
Command received: {"cmd":"seek","time":1.25906515526984}
CommandDispatcher::handleSeek: position set to 1.2591s
Command executed: seek, result: {
  "status": "ok",
  "message": "Seek executed",
  "position_seconds": 1.25906515526984
}
VitHeadlessService: command reply (truncated): {
  "status": "ok",
  "message": "Seek executed",
  "position_seconds": 1.25906515526984
}
ZmqGateway: received command payload: {"cmd":"seek","time":1.33678546083815}
ZmqGateway: dispatching payload to JUCE message thread.
VitHeadlessService: processing queued command on JUCE message thread: {"cmd":"seek","time":1.33678546083815}
Command received: {"cmd":"seek","time":1.33678546083815}
CommandDispatcher::handleSeek: position set to 1.3368s
Command executed: seek, result: {
  "status": "ok",
  "message": "Seek executed",
  "position_seconds": 1.33678546083815
}
VitHeadlessService: command reply (truncated): {
  "status": "ok",
  "message": "Seek executed",
  "position_seconds": 1.33678546083815
}
ZmqGateway: received command payload: {"cmd":"seek","time":1.46113794974745}
ZmqGateway: dispatching payload to JUCE message thread.
VitHeadlessService: processing queued command on JUCE message thread: {"cmd":"seek","time":1.46113794974745}
Command received: {"cmd":"seek","time":1.46113794974745}
CommandDispatcher::handleSeek: position set to 1.4611s
Command executed: seek, result: {
  "status": "ok",
  "message": "Seek executed",
  "position_seconds": 1.46113794974745
}
VitHeadlessService: command reply (truncated): {
  "status": "ok",
  "message": "Seek executed",
  "position_seconds": 1.46113794974745
}
ZmqGateway: received command payload: {"cmd":"seek","time":1.55440231642942}
ZmqGateway: dispatching payload to JUCE message thread.
VitHeadlessService: processing queued command on JUCE message thread: {"cmd":"seek","time":1.55440231642942}
Command received: {"cmd":"seek","time":1.55440231642942}
CommandDispatcher::handleSeek: position set to 1.5544s
Command executed: seek, result: {
  "status": "ok",
  "message": "Seek executed",
  "position_seconds": 1.55440231642942
}
VitHeadlessService: command reply (truncated): {
  "status": "ok",
  "message": "Seek executed",
  "position_seconds": 1.55440231642942
}
ZmqGateway: received command payload: {"cmd":"seek","time":1.69429886645238}
ZmqGateway: dispatching payload to JUCE message thread.
VitHeadlessService: processing queued command on JUCE message thread: {"cmd":"seek","time":1.69429886645238}
Command received: {"cmd":"seek","time":1.69429886645238}
CommandDispatcher::handleSeek: position set to 1.6943s
Command executed: seek, result: {
  "status": "ok",
  "message": "Seek executed",
  "position_seconds": 1.69429886645238
}
VitHeadlessService: command reply (truncated): {
  "status": "ok",
  "message": "Seek executed",
  "position_seconds": 1.69429886645238
}
ZmqGateway: received command payload: {"cmd":"seek","time":1.83419541647534}
ZmqGateway: dispatching payload to JUCE message thread.
VitHeadlessService: processing queued command on JUCE message thread: {"cmd":"seek","time":1.83419541647534}
Command received: {"cmd":"seek","time":1.83419541647534}
CommandDispatcher::handleSeek: position set to 1.8342s
Command executed: seek, result: {
  "status": "ok",
  "message": "Seek executed",
  "position_seconds": 1.83419541647534
}
VitHeadlessService: command reply (truncated): {
  "status": "ok",
  "message": "Seek executed",
  "position_seconds": 1.83419541647534
}
ZmqGateway: received command payload: {"cmd":"seek","time":1.95854790538464}
ZmqGateway: dispatching payload to JUCE message thread.
VitHeadlessService: processing queued command on JUCE message thread: {"cmd":"seek","time":1.95854790538464}
Command received: {"cmd":"seek","time":1.95854790538464}
CommandDispatcher::handleSeek: position set to 1.9585s
Command executed: seek, result: {
  "status": "ok",
  "message": "Seek executed",
  "position_seconds": 1.95854790538464
}
VitHeadlessService: command reply (truncated): {
  "status": "ok",
  "message": "Seek executed",
  "position_seconds": 1.95854790538464
}
ZmqGateway: received command payload: {"cmd":"seek","time":2.08290039429393}
ZmqGateway: dispatching payload to JUCE message thread.
VitHeadlessService: processing queued command on JUCE message thread: {"cmd":"seek","time":2.08290039429393}
Command received: {"cmd":"seek","time":2.08290039429393}
CommandDispatcher::handleSeek: position set to 2.0829s
Command executed: seek, result: {
  "status": "ok",
  "message": "Seek executed",
  "position_seconds": 2.08290039429393
}
VitHeadlessService: command reply (truncated): {
  "status": "ok",
  "message": "Seek executed",
  "position_seconds": 2.08290039429393
}
ZmqGateway: received command payload: {"cmd":"seek","time":2.20725288320323}
ZmqGateway: dispatching payload to JUCE message thread.
VitHeadlessService: processing queued command on JUCE message thread: {"cmd":"seek","time":2.20725288320323}
Command received: {"cmd":"seek","time":2.20725288320323}
CommandDispatcher::handleSeek: position set to 2.2073s
Command executed: seek, result: {
  "status": "ok",
  "message": "Seek executed",
  "position_seconds": 2.20725288320323
}
VitHeadlessService: command reply (truncated): {
  "status": "ok",
  "message": "Seek executed",
  "position_seconds": 2.20725288320323
}
ZmqGateway: received command payload: {"cmd":"seek","time":2.28497318877154}
ZmqGateway: dispatching payload to JUCE message thread.
VitHeadlessService: processing queued command on JUCE message thread: {"cmd":"seek","time":2.28497318877154}
Command received: {"cmd":"seek","time":2.28497318877154}
CommandDispatcher::handleSeek: position set to 2.2850s
Command executed: seek, result: {
  "status": "ok",
  "message": "Seek executed",
  "position_seconds": 2.28497318877154
}
VitHeadlessService: command reply (truncated): {
  "status": "ok",
  "message": "Seek executed",
  "position_seconds": 2.28497318877154
}
ZmqGateway: received command payload: {"cmd":"seek","time":2.34714943322619}
ZmqGateway: dispatching payload to JUCE message thread.
VitHeadlessService: processing queued command on JUCE message thread: {"cmd":"seek","time":2.34714943322619}
Command received: {"cmd":"seek","time":2.34714943322619}
CommandDispatcher::handleSeek: position set to 2.3471s
Command executed: seek, result: {
  "status": "ok",
  "message": "Seek executed",
  "position_seconds": 2.34714943322619
}
VitHeadlessService: command reply (truncated): {
  "status": "ok",
  "message": "Seek executed",
  "position_seconds": 2.34714943322619
}
ZmqGateway: received command payload: {"cmd":"seek","time":2.37823755545351}
ZmqGateway: dispatching payload to JUCE message thread.
VitHeadlessService: processing queued command on JUCE message thread: {"cmd":"seek","time":2.37823755545351}
Command received: {"cmd":"seek","time":2.37823755545351}
CommandDispatcher::handleSeek: position set to 2.3782s
Command executed: seek, result: {
  "status": "ok",
  "message": "Seek executed",
  "position_seconds": 2.37823755545351
}
VitHeadlessService: command reply (truncated): {
  "status": "ok",
  "message": "Seek executed",
  "position_seconds": 2.37823755545351
}
ZmqGateway: received command payload: {"cmd":"seek","time":2.39378161656718}
ZmqGateway: dispatching payload to JUCE message thread.
VitHeadlessService: processing queued command on JUCE message thread: {"cmd":"seek","time":2.39378161656718}
Command received: {"cmd":"seek","time":2.39378161656718}
CommandDispatcher::handleSeek: position set to 2.3938s
Command executed: seek, result: {
  "status": "ok",
  "message": "Seek executed",
  "position_seconds": 2.39378161656718
}
VitHeadlessService: command reply (truncated): {
  "status": "ok",
  "message": "Seek executed",
  "position_seconds": 2.39378161656718
}
ZmqGateway: received command payload: {"cmd":"seek","time":2.40932567768084}
ZmqGateway: dispatching payload to JUCE message thread.
VitHeadlessService: processing queued command on JUCE message thread: {"cmd":"seek","time":2.40932567768084}
Command received: {"cmd":"seek","time":2.40932567768084}
CommandDispatcher::handleSeek: position set to 2.4093s
Command executed: seek, result: {
  "status": "ok",
  "message": "Seek executed",
  "position_seconds": 2.40932567768084
}
VitHeadlessService: command reply (truncated): {
  "status": "ok",
  "message": "Seek executed",
  "position_seconds": 2.40932567768084
}
ZmqGateway: received command payload: {"cmd":"seek","time":2.4248697387945}
ZmqGateway: dispatching payload to JUCE message thread.
VitHeadlessService: processing queued command on JUCE message thread: {"cmd":"seek","time":2.4248697387945}
Command received: {"cmd":"seek","time":2.4248697387945}
CommandDispatcher::handleSeek: position set to 2.4249s
Command executed: seek, result: {
  "status": "ok",
  "message": "Seek executed",
  "position_seconds": 2.4248697387945
}
VitHeadlessService: command reply (truncated): {
  "status": "ok",
  "message": "Seek executed",
  "position_seconds": 2.4248697387945
}
ZmqGateway: received command payload: {"cmd":"seek","time":2.44041379990816}
ZmqGateway: dispatching payload to JUCE message thread.
VitHeadlessService: processing queued command on JUCE message thread: {"cmd":"seek","time":2.44041379990816}
Command received: {"cmd":"seek","time":2.44041379990816}
CommandDispatcher::handleSeek: position set to 2.4404s
Command executed: seek, result: {
  "status": "ok",
  "message": "Seek executed",
  "position_seconds": 2.44041379990816
}
VitHeadlessService: command reply (truncated): {
  "status": "ok",
  "message": "Seek executed",
  "position_seconds": 2.44041379990816
}
ZmqGateway: received command payload: {"cmd":"seek","time":2.45595786102182}
ZmqGateway: dispatching payload to JUCE message thread.
VitHeadlessService: processing queued command on JUCE message thread: {"cmd":"seek","time":2.45595786102182}
Command received: {"cmd":"seek","time":2.45595786102182}
CommandDispatcher::handleSeek: position set to 2.4560s
Command executed: seek, result: {
  "status": "ok",
  "message": "Seek executed",
  "position_seconds": 2.45595786102182
}
VitHeadlessService: command reply (truncated): {
  "status": "ok",
  "message": "Seek executed",
  "position_seconds": 2.45595786102182
}
ZmqGateway: received command payload: {"cmd":"seek","time":2.51813410547647}
ZmqGateway: dispatching payload to JUCE message thread.
VitHeadlessService: processing queued command on JUCE message thread: {"cmd":"seek","time":2.51813410547647}
Command received: {"cmd":"seek","time":2.51813410547647}
CommandDispatcher::handleSeek: position set to 2.5181s
Command executed: seek, result: {
  "status": "ok",
  "message": "Seek executed",
  "position_seconds": 2.51813410547647
}
VitHeadlessService: command reply (truncated): {
  "status": "ok",
  "message": "Seek executed",
  "position_seconds": 2.51813410547647
}
ZmqGateway: received command payload: {"cmd":"seek","time":2.56476628881746}
ZmqGateway: dispatching payload to JUCE message thread.
VitHeadlessService: processing queued command on JUCE message thread: {"cmd":"seek","time":2.56476628881746}
Command received: {"cmd":"seek","time":2.56476628881746}
CommandDispatcher::handleSeek: position set to 2.5648s
Command executed: seek, result: {
  "status": "ok",
  "message": "Seek executed",
  "position_seconds": 2.56476628881746
}
VitHeadlessService: command reply (truncated): {
  "status": "ok",
  "message": "Seek executed",
  "position_seconds": 2.56476628881746
}
ZmqGateway: received command payload: {"cmd":"seek","time":2.58031034993112}
ZmqGateway: dispatching payload to JUCE message thread.
VitHeadlessService: processing queued command on JUCE message thread: {"cmd":"seek","time":2.58031034993112}
Command received: {"cmd":"seek","time":2.58031034993112}
CommandDispatcher::handleSeek: position set to 2.5803s
Command executed: seek, result: {
  "status": "ok",
  "message": "Seek executed",
  "position_seconds": 2.58031034993112
}
VitHeadlessService: command reply (truncated): {
  "status": "ok",
  "message": "Seek executed",
  "position_seconds": 2.58031034993112
}
ZmqGateway: received command payload: {"cmd":"seek","time":2.90673563331803}
ZmqGateway: dispatching payload to JUCE message thread.
VitHeadlessService: processing queued command on JUCE message thread: {"cmd":"seek","time":2.90673563331803}
Command received: {"cmd":"seek","time":2.90673563331803}
CommandDispatcher::handleSeek: position set to 2.9067s
Command executed: seek, result: {
  "status": "ok",
  "message": "Seek executed",
  "position_seconds": 2.90673563331803
}
VitHeadlessService: command reply (truncated): {
  "status": "ok",
  "message": "Seek executed",
  "position_seconds": 2.90673563331803
}
ZmqGateway: received command payload: {"cmd":"seek","time":2.90673563331803}
ZmqGateway: dispatching payload to JUCE message thread.
VitHeadlessService: processing queued command on JUCE message thread: {"cmd":"seek","time":2.90673563331803}
Command received: {"cmd":"seek","time":2.90673563331803}
CommandDispatcher::handleSeek: position set to 2.9067s
Command executed: seek, result: {
  "status": "ok",
  "message": "Seek executed",
  "position_seconds": 2.90673563331803
}
VitHeadlessService: command reply (truncated): {
  "status": "ok",
  "message": "Seek executed",
  "position_seconds": 2.90673563331803
}
ZmqGateway: received command payload: {"clip_id":"1011","cmd":"move_clip","new_start":1.02590560913086,"new_start_seconds":0.512952804565429,"overlap_mode":"cut","source_track_id":"1007","target_track_id":"1007","time_unit":"beats"}
ZmqGateway: dispatching payload to JUCE message thread.
VitHeadlessService: processing queued command on JUCE message thread: {"clip_id":"1011","cmd":"move_clip","new_start":1.02590560913086,"new_start_seconds":0.512952804565429,"overlap_mode":"cut","source_track_id":"1007","target_track_id":"1007","time_unit":"beats"}
Command received: {"clip_id":"1011","cmd":"move_clip","new_start":1.02590560913086,"new_start_seconds":0.512952804565429,"overlap_mode":"cut","source_track_id":"1007","target_track_id":"1007","time_unit":"beats"}
Command executed: move_clip, result: {
  "status": "ok",
  "message": "Clip moved",
  "clip_id": "1011",
  "source_track_id": "1007",
  "target_track_id": "1007",
  "affected_track_id": "1007",
  "new_start_seconds": 0.51295280456543,
  "overlap_mode": "cut",
  "created_clip_ids": [],
  "removed_clip_ids": [],
  "affected_clip_ids": []
}
VitHeadlessService: command reply (truncated): {
  "status": "ok",
  "message": "Clip moved",
  "clip_id": "1011",
  "source_track_id": "1007",
  "target_track_id": "1007",
  "affected_track_id": "1007",
  "new_start_seconds": 0.51295280456543,
  "overlap_mod
ZmqGateway: received command payload: {"cmd":"get_project_state"}
ZmqGateway: dispatching payload to JUCE message thread.
VitHeadlessService: processing queued command on JUCE message thread: {"cmd":"get_project_state"}
Command received: {"cmd":"get_project_state"}
Command executed: get_project_state, result: {
  "status": "ok",
  "project_path": "",
  "tracks": [
    {
      "track_id": "1002",
      "track_name": "Arranger",
      "track_type": "track",
      "is_audio_track": false,
      "is_audio": false,
      "plugins": [],
      "clips": []
    },
    {
      "track_id": "1003",
      "track_name": "Chord",
      "track_type": "track",
      "is_audio_track": false,
      "is_audio": false,
      "plugins": [],
      "clips": []
    },
    {
      "track_id": "1004",
      "track_name": "Marker",
      "track_type": "track",
      "is_audio_track": false,
      "is_audio": false,
      "plugins": [],
      "clips": []
    },
    {
      "track_id": "1005",
      "track_name": "Tempo",
      "track_type": "track",
      "is_audio_track": false,
      "is_audio": false,
      "plugins": [],
      "clips": []
    },
    {
      "track_id": "1006",
      "track_name": "Master",
      "track_type": "master",
      "is_audio_track": false,
      "is_audio": false,
      "plugins": [],
      "clips": []
    },
    {
      "track_id": "1007",
      "track_name": "Track 1",
      "track_type": "hybrid",
      "is_audio_track": true,
      "is_audio": true,
      "plugins": [
        {
          "id": "1008",
          "item_id": "1008",
          "name": "Volume & Pan Plugin",
          "type": "volume",
          "enabled": true
        },
        {
          "id": "1009",
          "item_id": "1009",
          "name": "Level Meter",
          "type": "level",
          "enabled": true
        }
      ],
      "clips": [
        {
          "id": "1011",
          "name": "test_100hz_10s",
          "clip_type": "wave",
          "start_seconds": 0.51295280456543,
          "end_seconds": 10.80828380584718,
          "length_seconds": 10.295331001281751,
          "offset_in_source_seconds": 0.0,
          "file_path": "D:\\Vit_DAW\\test_100hz_10s.wav",
          "current_source_path": "D:\\Vit_DAW\\test_100hz_10s.wav",
          "playback_source_valid": true
        }
      ],
      "output_to_device_resolved": true,
      "output_device_enabled": true,
      "output_device_id": "out_b7a4b4c1",
      "output_routing_name": "(default audio output)"
    }
  ]
}
VitHeadlessService: command reply (truncated): {
  "status": "ok",
  "project_path": "",
  "tracks": [
    {
      "track_id": "1002",
      "track_name": "Arranger",
      "track_type": "track",
      "is_audio_track": false,
      "is_audio": false,
     
ZmqGateway: received command payload: {"cmd":"list_tracks"}
ZmqGateway: dispatching payload to JUCE message thread.
VitHeadlessService: processing queued command on JUCE message thread: {"cmd":"list_tracks"}
Command received: {"cmd":"list_tracks"}
Command executed: list_tracks, result: {
  "status": "ok",
  "message": "Track list fetched",
  "tracks": [
    {
      "track_id": "1002",
      "name": "Arranger",
      "track_type": "track",
      "is_audio": false,
      "is_audio_track": false,
      "vit_type": "",
      "vit_intent": "",
      "plugin_count": 0,
      "plugins": []
    },
    {
      "track_id": "1003",
      "name": "Chord",
      "track_type": "track",
      "is_audio": false,
      "is_audio_track": false,
      "vit_type": "",
      "vit_intent": "",
      "plugin_count": 0,
      "plugins": []
    },
    {
      "track_id": "1004",
      "name": "Marker",
      "track_type": "track",
      "is_audio": false,
      "is_audio_track": false,
      "vit_type": "",
      "vit_intent": "",
      "plugin_count": 0,
      "plugins": []
    },
    {
      "track_id": "1005",
      "name": "Tempo",
      "track_type": "track",
      "is_audio": false,
      "is_audio_track": false,
      "vit_type": "",
      "vit_intent": "",
      "plugin_count": 0,
      "plugins": []
    },
    {
      "track_id": "1006",
      "name": "Master",
      "track_type": "master",
      "is_audio": false,
      "is_audio_track": false,
      "vit_type": "",
      "vit_intent": "",
      "plugin_count": 0,
      "plugins": []
    },
    {
      "track_id": "1007",
      "name": "Track 1",
      "track_type": "hybrid",
      "is_audio": true,
      "is_audio_track": true,
      "vit_type": "",
      "vit_intent": "",
      "plugin_count": 2,
      "plugins": [
        {
          "name": "Volume & Pan Plugin",
          "type": "volume",
          "enabled": true
        },
        {
          "name": "Level Meter",
          "type": "level",
          "enabled": true
        }
      ]
    }
  ]
}
VitHeadlessService: command reply (truncated): {
  "status": "ok",
  "message": "Track list fetched",
  "tracks": [
    {
      "track_id": "1002",
      "name": "Arranger",
      "track_type": "track",
      "is_audio": false,
      "is_audio_track": false,
ZmqGateway: received command payload: {"clip_id":"1011","cmd":"move_clip","new_start":1.67875480651856,"new_start_seconds":0.839377403259278,"overlap_mode":"cut","source_track_id":"1007","target_track_id":"1007","time_unit":"beats"}
ZmqGateway: dispatching payload to JUCE message thread.
VitHeadlessService: processing queued command on JUCE message thread: {"clip_id":"1011","cmd":"move_clip","new_start":1.67875480651856,"new_start_seconds":0.839377403259278,"overlap_mode":"cut","source_track_id":"1007","target_track_id":"1007","time_unit":"beats"}
Command received: {"clip_id":"1011","cmd":"move_clip","new_start":1.67875480651856,"new_start_seconds":0.839377403259278,"overlap_mode":"cut","source_track_id":"1007","target_track_id":"1007","time_unit":"beats"}
Command executed: move_clip, result: {
  "status": "ok",
  "message": "Clip moved",
  "clip_id": "1011",
  "source_track_id": "1007",
  "target_track_id": "1007",
  "affected_track_id": "1007",
  "new_start_seconds": 0.83937740325928,
  "overlap_mode": "cut",
  "created_clip_ids": [],
  "removed_clip_ids": [],
  "affected_clip_ids": []
}
VitHeadlessService: command reply (truncated): {
  "status": "ok",
  "message": "Clip moved",
  "clip_id": "1011",
  "source_track_id": "1007",
  "target_track_id": "1007",
  "affected_track_id": "1007",
  "new_start_seconds": 0.83937740325928,
  "overlap_mod
ZmqGateway: received command payload: {"cmd":"get_project_state"}
ZmqGateway: dispatching payload to JUCE message thread.
VitHeadlessService: processing queued command on JUCE message thread: {"cmd":"get_project_state"}
Command received: {"cmd":"get_project_state"}
Command executed: get_project_state, result: {
  "status": "ok",
  "project_path": "",
  "tracks": [
    {
      "track_id": "1002",
      "track_name": "Arranger",
      "track_type": "track",
      "is_audio_track": false,
      "is_audio": false,
      "plugins": [],
      "clips": []
    },
    {
      "track_id": "1003",
      "track_name": "Chord",
      "track_type": "track",
      "is_audio_track": false,
      "is_audio": false,
      "plugins": [],
      "clips": []
    },
    {
      "track_id": "1004",
      "track_name": "Marker",
      "track_type": "track",
      "is_audio_track": false,
      "is_audio": false,
      "plugins": [],
      "clips": []
    },
    {
      "track_id": "1005",
      "track_name": "Tempo",
      "track_type": "track",
      "is_audio_track": false,
      "is_audio": false,
      "plugins": [],
      "clips": []
    },
    {
      "track_id": "1006",
      "track_name": "Master",
      "track_type": "master",
      "is_audio_track": false,
      "is_audio": false,
      "plugins": [],
      "clips": []
    },
    {
      "track_id": "1007",
      "track_name": "Track 1",
      "track_type": "hybrid",
      "is_audio_track": true,
      "is_audio": true,
      "plugins": [
        {
          "id": "1008",
          "item_id": "1008",
          "name": "Volume & Pan Plugin",
          "type": "volume",
          "enabled": true
        },
        {
          "id": "1009",
          "item_id": "1009",
          "name": "Level Meter",
          "type": "level",
          "enabled": true
        }
      ],
      "clips": [
        {
          "id": "1011",
          "name": "test_100hz_10s",
          "clip_type": "wave",
          "start_seconds": 0.83937740325928,
          "end_seconds": 11.13470840454103,
          "length_seconds": 10.295331001281749,
          "offset_in_source_seconds": 0.0,
          "file_path": "D:\\Vit_DAW\\test_100hz_10s.wav",
          "current_source_path": "D:\\Vit_DAW\\test_100hz_10s.wav",
          "playback_source_valid": true
        }
      ],
      "output_to_device_resolved": true,
      "output_device_enabled": true,
      "output_device_id": "out_b7a4b4c1",
      "output_routing_name": "(default audio output)"
    }
  ]
}
VitHeadlessService: command reply (truncated): {
  "status": "ok",
  "project_path": "",
  "tracks": [
    {
      "track_id": "1002",
      "track_name": "Arranger",
      "track_type": "track",
      "is_audio_track": false,
      "is_audio": false,
     
ZmqGateway: received command payload: {"cmd":"list_tracks"}
ZmqGateway: dispatching payload to JUCE message thread.
VitHeadlessService: processing queued command on JUCE message thread: {"cmd":"list_tracks"}
Command received: {"cmd":"list_tracks"}
Command executed: list_tracks, result: {
  "status": "ok",
  "message": "Track list fetched",
  "tracks": [
    {
      "track_id": "1002",
      "name": "Arranger",
      "track_type": "track",
      "is_audio": false,
      "is_audio_track": false,
      "vit_type": "",
      "vit_intent": "",
      "plugin_count": 0,
      "plugins": []
    },
    {
      "track_id": "1003",
      "name": "Chord",
      "track_type": "track",
      "is_audio": false,
      "is_audio_track": false,
      "vit_type": "",
      "vit_intent": "",
      "plugin_count": 0,
      "plugins": []
    },
    {
      "track_id": "1004",
      "name": "Marker",
      "track_type": "track",
      "is_audio": false,
      "is_audio_track": false,
      "vit_type": "",
      "vit_intent": "",
      "plugin_count": 0,
      "plugins": []
    },
    {
      "track_id": "1005",
      "name": "Tempo",
      "track_type": "track",
      "is_audio": false,
      "is_audio_track": false,
      "vit_type": "",
      "vit_intent": "",
      "plugin_count": 0,
      "plugins": []
    },
    {
      "track_id": "1006",
      "name": "Master",
      "track_type": "master",
      "is_audio": false,
      "is_audio_track": false,
      "vit_type": "",
      "vit_intent": "",
      "plugin_count": 0,
      "plugins": []
    },
    {
      "track_id": "1007",
      "name": "Track 1",
      "track_type": "hybrid",
      "is_audio": true,
      "is_audio_track": true,
      "vit_type": "",
      "vit_intent": "",
      "plugin_count": 2,
      "plugins": [
        {
          "name": "Volume & Pan Plugin",
          "type": "volume",
          "enabled": true
        },
        {
          "name": "Level Meter",
          "type": "level",
          "enabled": true
        }
      ]
    }
  ]
}
VitHeadlessService: command reply (truncated): {
  "status": "ok",
  "message": "Track list fetched",
  "tracks": [
    {
      "track_id": "1002",
      "name": "Arranger",
      "track_type": "track",
      "is_audio": false,
      "is_audio_track": false,
ZmqGateway: received command payload: {"cmd":"seek","time":2.95336781665901}
ZmqGateway: dispatching payload to JUCE message thread.
VitHeadlessService: processing queued command on JUCE message thread: {"cmd":"seek","time":2.95336781665901}
Command received: {"cmd":"seek","time":2.95336781665901}
CommandDispatcher::handleSeek: position set to 2.9534s
Command executed: seek, result: {
  "status": "ok",
  "message": "Seek executed",
  "position_seconds": 2.95336781665901
}
VitHeadlessService: command reply (truncated): {
  "status": "ok",
  "message": "Seek executed",
  "position_seconds": 2.95336781665901
}
ZmqGateway: received command payload: {"cmd":"seek","time":2.95336781665901}
ZmqGateway: dispatching payload to JUCE message thread.
VitHeadlessService: processing queued command on JUCE message thread: {"cmd":"seek","time":2.95336781665901}
Command received: {"cmd":"seek","time":2.95336781665901}
CommandDispatcher::handleSeek: position set to 2.9534s
Command executed: seek, result: {
  "status": "ok",
  "message": "Seek executed",
  "position_seconds": 2.95336781665901
}
VitHeadlessService: command reply (truncated): {
  "status": "ok",
  "message": "Seek executed",
  "position_seconds": 2.95336781665901
}
ZmqGateway: received command payload: {"cmd":"seek","time":2.96891187777268}
ZmqGateway: dispatching payload to JUCE message thread.
VitHeadlessService: processing queued command on JUCE message thread: {"cmd":"seek","time":2.96891187777268}
Command received: {"cmd":"seek","time":2.96891187777268}
CommandDispatcher::handleSeek: position set to 2.9689s
Command executed: seek, result: {
  "status": "ok",
  "message": "Seek executed",
  "position_seconds": 2.96891187777268
}
VitHeadlessService: command reply (truncated): {
  "status": "ok",
  "message": "Seek executed",
  "position_seconds": 2.96891187777268
}
ZmqGateway: received command payload: {"cmd":"seek","time":3.01554406111366}
ZmqGateway: dispatching payload to JUCE message thread.
VitHeadlessService: processing queued command on JUCE message thread: {"cmd":"seek","time":3.01554406111366}
Command received: {"cmd":"seek","time":3.01554406111366}
CommandDispatcher::handleSeek: position set to 3.0155s
Command executed: seek, result: {
  "status": "ok",
  "message": "Seek executed",
  "position_seconds": 3.01554406111366
}
VitHeadlessService: command reply (truncated): {
  "status": "ok",
  "message": "Seek executed",
  "position_seconds": 3.01554406111366
}
ZmqGateway: received command payload: {"cmd":"seek","time":3.04663218334099}
ZmqGateway: dispatching payload to JUCE message thread.
VitHeadlessService: processing queued command on JUCE message thread: {"cmd":"seek","time":3.04663218334099}
Command received: {"cmd":"seek","time":3.04663218334099}
CommandDispatcher::handleSeek: position set to 3.0466s
Command executed: seek, result: {
  "status": "ok",
  "message": "Seek executed",
  "position_seconds": 3.04663218334099
}
VitHeadlessService: command reply (truncated): {
  "status": "ok",
  "message": "Seek executed",
  "position_seconds": 3.04663218334099
}
ZmqGateway: received command payload: {"cmd":"seek","time":3.09326436668197}
ZmqGateway: dispatching payload to JUCE message thread.
VitHeadlessService: processing queued command on JUCE message thread: {"cmd":"seek","time":3.09326436668197}
Command received: {"cmd":"seek","time":3.09326436668197}
CommandDispatcher::handleSeek: position set to 3.0933s
Command executed: seek, result: {
  "status": "ok",
  "message": "Seek executed",
  "position_seconds": 3.09326436668197
}
VitHeadlessService: command reply (truncated): {
  "status": "ok",
  "message": "Seek executed",
  "position_seconds": 3.09326436668197
}
ZmqGateway: received command payload: {"cmd":"seek","time":3.1243524889093}
ZmqGateway: dispatching payload to JUCE message thread.
VitHeadlessService: processing queued command on JUCE message thread: {"cmd":"seek","time":3.1243524889093}
Command received: {"cmd":"seek","time":3.1243524889093}
CommandDispatcher::handleSeek: position set to 3.1244s
Command executed: seek, result: {
  "status": "ok",
  "message": "Seek executed",
  "position_seconds": 3.1243524889093
}
VitHeadlessService: command reply (truncated): {
  "status": "ok",
  "message": "Seek executed",
  "position_seconds": 3.1243524889093
}
ZmqGateway: received command payload: {"cmd":"seek","time":3.15544061113662}
ZmqGateway: dispatching payload to JUCE message thread.
VitHeadlessService: processing queued command on JUCE message thread: {"cmd":"seek","time":3.15544061113662}
Command received: {"cmd":"seek","time":3.15544061113662}
CommandDispatcher::handleSeek: position set to 3.1554s
Command executed: seek, result: {
  "status": "ok",
  "message": "Seek executed",
  "position_seconds": 3.15544061113662
}
VitHeadlessService: command reply (truncated): {
  "status": "ok",
  "message": "Seek executed",
  "position_seconds": 3.15544061113662
}
ZmqGateway: received command payload: {"cmd":"seek","time":3.18652873336395}
ZmqGateway: dispatching payload to JUCE message thread.
VitHeadlessService: processing queued command on JUCE message thread: {"cmd":"seek","time":3.18652873336395}
Command received: {"cmd":"seek","time":3.18652873336395}
CommandDispatcher::handleSeek: position set to 3.1865s
Command executed: seek, result: {
  "status": "ok",
  "message": "Seek executed",
  "position_seconds": 3.18652873336395
}
VitHeadlessService: command reply (truncated): {
  "status": "ok",
  "message": "Seek executed",
  "position_seconds": 3.18652873336395
}
ZmqGateway: received command payload: {"cmd":"seek","time":3.21761685559127}
ZmqGateway: dispatching payload to JUCE message thread.
VitHeadlessService: processing queued command on JUCE message thread: {"cmd":"seek","time":3.21761685559127}
Command received: {"cmd":"seek","time":3.21761685559127}
CommandDispatcher::handleSeek: position set to 3.2176s
Command executed: seek, result: {
  "status": "ok",
  "message": "Seek executed",
  "position_seconds": 3.21761685559127
}
VitHeadlessService: command reply (truncated): {
  "status": "ok",
  "message": "Seek executed",
  "position_seconds": 3.21761685559127
}
ZmqGateway: received command payload: {"cmd":"seek","time":3.23316091670493}
ZmqGateway: dispatching payload to JUCE message thread.
VitHeadlessService: processing queued command on JUCE message thread: {"cmd":"seek","time":3.23316091670493}
Command received: {"cmd":"seek","time":3.23316091670493}
CommandDispatcher::handleSeek: position set to 3.2332s
Command executed: seek, result: {
  "status": "ok",
  "message": "Seek executed",
  "position_seconds": 3.23316091670493
}
VitHeadlessService: command reply (truncated): {
  "status": "ok",
  "message": "Seek executed",
  "position_seconds": 3.23316091670493
}
ZmqGateway: received command payload: {"cmd":"seek","time":3.24870497781859}
ZmqGateway: dispatching payload to JUCE message thread.
VitHeadlessService: processing queued command on JUCE message thread: {"cmd":"seek","time":3.24870497781859}
Command received: {"cmd":"seek","time":3.24870497781859}
CommandDispatcher::handleSeek: position set to 3.2487s
Command executed: seek, result: {
  "status": "ok",
  "message": "Seek executed",
  "position_seconds": 3.24870497781859
}
VitHeadlessService: command reply (truncated): {
  "status": "ok",
  "message": "Seek executed",
  "position_seconds": 3.24870497781859
}
ZmqGateway: received command payload: {"cmd":"seek","time":3.27979310004592}
ZmqGateway: dispatching payload to JUCE message thread.
VitHeadlessService: processing queued command on JUCE message thread: {"cmd":"seek","time":3.27979310004592}
Command received: {"cmd":"seek","time":3.27979310004592}
CommandDispatcher::handleSeek: position set to 3.2798s
Command executed: seek, result: {
  "status": "ok",
  "message": "Seek executed",
  "position_seconds": 3.27979310004592
}
VitHeadlessService: command reply (truncated): {
  "status": "ok",
  "message": "Seek executed",
  "position_seconds": 3.27979310004592
}
ZmqGateway: received command payload: {"cmd":"seek","time":3.31088122227324}
ZmqGateway: dispatching payload to JUCE message thread.
VitHeadlessService: processing queued command on JUCE message thread: {"cmd":"seek","time":3.31088122227324}
Command received: {"cmd":"seek","time":3.31088122227324}
CommandDispatcher::handleSeek: position set to 3.3109s
Command executed: seek, result: {
  "status": "ok",
  "message": "Seek executed",
  "position_seconds": 3.31088122227324
}
VitHeadlessService: command reply (truncated): {
  "status": "ok",
  "message": "Seek executed",
  "position_seconds": 3.31088122227324
}
ZmqGateway: received command payload: {"cmd":"seek","time":3.35751340561423}
ZmqGateway: dispatching payload to JUCE message thread.
VitHeadlessService: processing queued command on JUCE message thread: {"cmd":"seek","time":3.35751340561423}
Command received: {"cmd":"seek","time":3.35751340561423}
CommandDispatcher::handleSeek: position set to 3.3575s
Command executed: seek, result: {
  "status": "ok",
  "message": "Seek executed",
  "position_seconds": 3.35751340561423
}
VitHeadlessService: command reply (truncated): {
  "status": "ok",
  "message": "Seek executed",
  "position_seconds": 3.35751340561423
}
ZmqGateway: received command payload: {"cmd":"seek","time":3.38860152784155}
ZmqGateway: dispatching payload to JUCE message thread.
VitHeadlessService: processing queued command on JUCE message thread: {"cmd":"seek","time":3.38860152784155}
Command received: {"cmd":"seek","time":3.38860152784155}
CommandDispatcher::handleSeek: position set to 3.3886s
Command executed: seek, result: {
  "status": "ok",
  "message": "Seek executed",
  "position_seconds": 3.38860152784155
}
VitHeadlessService: command reply (truncated): {
  "status": "ok",
  "message": "Seek executed",
  "position_seconds": 3.38860152784155
}
ZmqGateway: received command payload: {"cmd":"seek","time":3.43523371118254}
ZmqGateway: dispatching payload to JUCE message thread.
VitHeadlessService: processing queued command on JUCE message thread: {"cmd":"seek","time":3.43523371118254}
Command received: {"cmd":"seek","time":3.43523371118254}
CommandDispatcher::handleSeek: position set to 3.4352s
Command executed: seek, result: {
  "status": "ok",
  "message": "Seek executed",
  "position_seconds": 3.43523371118254
}
VitHeadlessService: command reply (truncated): {
  "status": "ok",
  "message": "Seek executed",
  "position_seconds": 3.43523371118254
}
ZmqGateway: received command payload: {"cmd":"seek","time":3.48186589452353}
ZmqGateway: dispatching payload to JUCE message thread.
VitHeadlessService: processing queued command on JUCE message thread: {"cmd":"seek","time":3.48186589452353}
Command received: {"cmd":"seek","time":3.48186589452353}
CommandDispatcher::handleSeek: position set to 3.4819s
Command executed: seek, result: {
  "status": "ok",
  "message": "Seek executed",
  "position_seconds": 3.48186589452353
}
VitHeadlessService: command reply (truncated): {
  "status": "ok",
  "message": "Seek executed",
  "position_seconds": 3.48186589452353
}
ZmqGateway: received command payload: {"cmd":"seek","time":3.51295401675085}
ZmqGateway: dispatching payload to JUCE message thread.
VitHeadlessService: processing queued command on JUCE message thread: {"cmd":"seek","time":3.51295401675085}
Command received: {"cmd":"seek","time":3.51295401675085}
CommandDispatcher::handleSeek: position set to 3.5130s
Command executed: seek, result: {
  "status": "ok",
  "message": "Seek executed",
  "position_seconds": 3.51295401675085
}
VitHeadlessService: command reply (truncated): {
  "status": "ok",
  "message": "Seek executed",
  "position_seconds": 3.51295401675085
}
ZmqGateway: received command payload: {"cmd":"seek","time":3.54404213897818}
ZmqGateway: dispatching payload to JUCE message thread.
VitHeadlessService: processing queued command on JUCE message thread: {"cmd":"seek","time":3.54404213897818}
Command received: {"cmd":"seek","time":3.54404213897818}
CommandDispatcher::handleSeek: position set to 3.5440s
Command executed: seek, result: {
  "status": "ok",
  "message": "Seek executed",
  "position_seconds": 3.54404213897818
}
VitHeadlessService: command reply (truncated): {
  "status": "ok",
  "message": "Seek executed",
  "position_seconds": 3.54404213897818
}
ZmqGateway: received command payload: {"cmd":"seek","time":3.59067432231916}
ZmqGateway: dispatching payload to JUCE message thread.
VitHeadlessService: processing queued command on JUCE message thread: {"cmd":"seek","time":3.59067432231916}
Command received: {"cmd":"seek","time":3.59067432231916}
CommandDispatcher::handleSeek: position set to 3.5907s
Command executed: seek, result: {
  "status": "ok",
  "message": "Seek executed",
  "position_seconds": 3.59067432231916
}
VitHeadlessService: command reply (truncated): {
  "status": "ok",
  "message": "Seek executed",
  "position_seconds": 3.59067432231916
}
ZmqGateway: received command payload: {"cmd":"seek","time":3.60621838343282}
ZmqGateway: dispatching payload to JUCE message thread.
VitHeadlessService: processing queued command on JUCE message thread: {"cmd":"seek","time":3.60621838343282}
Command received: {"cmd":"seek","time":3.60621838343282}
CommandDispatcher::handleSeek: position set to 3.6062s
Command executed: seek, result: {
  "status": "ok",
  "message": "Seek executed",
  "position_seconds": 3.60621838343282
}
VitHeadlessService: command reply (truncated): {
  "status": "ok",
  "message": "Seek executed",
  "position_seconds": 3.60621838343282
}
ZmqGateway: received command payload: {"cmd":"seek","time":3.63730650566015}
ZmqGateway: dispatching payload to JUCE message thread.
VitHeadlessService: processing queued command on JUCE message thread: {"cmd":"seek","time":3.63730650566015}
Command received: {"cmd":"seek","time":3.63730650566015}
CommandDispatcher::handleSeek: position set to 3.6373s
Command executed: seek, result: {
  "status": "ok",
  "message": "Seek executed",
  "position_seconds": 3.63730650566015
}
VitHeadlessService: command reply (truncated): {
  "status": "ok",
  "message": "Seek executed",
  "position_seconds": 3.63730650566015
}
ZmqGateway: received command payload: {"cmd":"seek","time":3.65285056677381}
ZmqGateway: dispatching payload to JUCE message thread.
VitHeadlessService: processing queued command on JUCE message thread: {"cmd":"seek","time":3.65285056677381}
Command received: {"cmd":"seek","time":3.65285056677381}
CommandDispatcher::handleSeek: position set to 3.6529s
Command executed: seek, result: {
  "status": "ok",
  "message": "Seek executed",
  "position_seconds": 3.65285056677381
}
VitHeadlessService: command reply (truncated): {
  "status": "ok",
  "message": "Seek executed",
  "position_seconds": 3.65285056677381
}
ZmqGateway: received command payload: {"cmd":"seek","time":3.66839462788747}
ZmqGateway: dispatching payload to JUCE message thread.
VitHeadlessService: processing queued command on JUCE message thread: {"cmd":"seek","time":3.66839462788747}
Command received: {"cmd":"seek","time":3.66839462788747}
CommandDispatcher::handleSeek: position set to 3.6684s
Command executed: seek, result: {
  "status": "ok",
  "message": "Seek executed",
  "position_seconds": 3.66839462788747
}
VitHeadlessService: command reply (truncated): {
  "status": "ok",
  "message": "Seek executed",
  "position_seconds": 3.66839462788747
}
ZmqGateway: received command payload: {"cmd":"seek","time":3.68393868900113}
ZmqGateway: dispatching payload to JUCE message thread.
VitHeadlessService: processing queued command on JUCE message thread: {"cmd":"seek","time":3.68393868900113}
Command received: {"cmd":"seek","time":3.68393868900113}
CommandDispatcher::handleSeek: position set to 3.6839s
Command executed: seek, result: {
  "status": "ok",
  "message": "Seek executed",
  "position_seconds": 3.68393868900113
}
VitHeadlessService: command reply (truncated): {
  "status": "ok",
  "message": "Seek executed",
  "position_seconds": 3.68393868900113
}
ZmqGateway: received command payload: {"cmd":"seek","time":3.6994827501148}
ZmqGateway: dispatching payload to JUCE message thread.
VitHeadlessService: processing queued command on JUCE message thread: {"cmd":"seek","time":3.6994827501148}
Command received: {"cmd":"seek","time":3.6994827501148}
CommandDispatcher::handleSeek: position set to 3.6995s
Command executed: seek, result: {
  "status": "ok",
  "message": "Seek executed",
  "position_seconds": 3.6994827501148
}
VitHeadlessService: command reply (truncated): {
  "status": "ok",
  "message": "Seek executed",
  "position_seconds": 3.6994827501148
}
ZmqGateway: received command payload: {"cmd":"seek","time":3.71502681122846}
ZmqGateway: dispatching payload to JUCE message thread.
VitHeadlessService: processing queued command on JUCE message thread: {"cmd":"seek","time":3.71502681122846}
Command received: {"cmd":"seek","time":3.71502681122846}
CommandDispatcher::handleSeek: position set to 3.7150s
Command executed: seek, result: {
  "status": "ok",
  "message": "Seek executed",
  "position_seconds": 3.71502681122846
}
VitHeadlessService: command reply (truncated): {
  "status": "ok",
  "message": "Seek executed",
  "position_seconds": 3.71502681122846
}
ZmqGateway: received command payload: {"cmd":"seek","time":3.73057087234212}
ZmqGateway: dispatching payload to JUCE message thread.
VitHeadlessService: processing queued command on JUCE message thread: {"cmd":"seek","time":3.73057087234212}
Command received: {"cmd":"seek","time":3.73057087234212}
CommandDispatcher::handleSeek: position set to 3.7306s
Command executed: seek, result: {
  "status": "ok",
  "message": "Seek executed",
  "position_seconds": 3.73057087234212
}
VitHeadlessService: command reply (truncated): {
  "status": "ok",
  "message": "Seek executed",
  "position_seconds": 3.73057087234212
}
ZmqGateway: received command payload: {"cmd":"seek","time":3.73057087234212}
ZmqGateway: dispatching payload to JUCE message thread.
VitHeadlessService: processing queued command on JUCE message thread: {"cmd":"seek","time":3.73057087234212}
Command received: {"cmd":"seek","time":3.73057087234212}
CommandDispatcher::handleSeek: position set to 3.7306s
Command executed: seek, result: {
  "status": "ok",
  "message": "Seek executed",
  "position_seconds": 3.73057087234212
}
VitHeadlessService: command reply (truncated): {
  "status": "ok",
  "message": "Seek executed",
  "position_seconds": 3.73057087234212
}
ZmqGateway: received command payload: {"cmd":"seek","time":3.74611493345578}
ZmqGateway: dispatching payload to JUCE message thread.
VitHeadlessService: processing queued command on JUCE message thread: {"cmd":"seek","time":3.74611493345578}
Command received: {"cmd":"seek","time":3.74611493345578}
CommandDispatcher::handleSeek: position set to 3.7461s
Command executed: seek, result: {
  "status": "ok",
  "message": "Seek executed",
  "position_seconds": 3.74611493345578
}
VitHeadlessService: command reply (truncated): {
  "status": "ok",
  "message": "Seek executed",
  "position_seconds": 3.74611493345578
}
ZmqGateway: received command payload: {"cmd":"seek","time":3.76165899456945}
ZmqGateway: dispatching payload to JUCE message thread.
VitHeadlessService: processing queued command on JUCE message thread: {"cmd":"seek","time":3.76165899456945}
Command received: {"cmd":"seek","time":3.76165899456945}
CommandDispatcher::handleSeek: position set to 3.7617s
Command executed: seek, result: {
  "status": "ok",
  "message": "Seek executed",
  "position_seconds": 3.76165899456945
}
VitHeadlessService: command reply (truncated): {
  "status": "ok",
  "message": "Seek executed",
  "position_seconds": 3.76165899456945
}
ZmqGateway: received command payload: {"cmd":"seek","time":3.77720305568311}
ZmqGateway: dispatching payload to JUCE message thread.
VitHeadlessService: processing queued command on JUCE message thread: {"cmd":"seek","time":3.77720305568311}
Command received: {"cmd":"seek","time":3.77720305568311}
CommandDispatcher::handleSeek: position set to 3.7772s
Command executed: seek, result: {
  "status": "ok",
  "message": "Seek executed",
  "position_seconds": 3.77720305568311
}
VitHeadlessService: command reply (truncated): {
  "status": "ok",
  "message": "Seek executed",
  "position_seconds": 3.77720305568311
}
ZmqGateway: received command payload: {"cmd":"seek","time":3.79274711679677}
ZmqGateway: dispatching payload to JUCE message thread.
VitHeadlessService: processing queued command on JUCE message thread: {"cmd":"seek","time":3.79274711679677}
Command received: {"cmd":"seek","time":3.79274711679677}
CommandDispatcher::handleSeek: position set to 3.7927s
Command executed: seek, result: {
  "status": "ok",
  "message": "Seek executed",
  "position_seconds": 3.79274711679677
}
VitHeadlessService: command reply (truncated): {
  "status": "ok",
  "message": "Seek executed",
  "position_seconds": 3.79274711679677
}
ZmqGateway: received command payload: {"cmd":"seek","time":3.82383523902409}
ZmqGateway: dispatching payload to JUCE message thread.
VitHeadlessService: processing queued command on JUCE message thread: {"cmd":"seek","time":3.82383523902409}
Command received: {"cmd":"seek","time":3.82383523902409}
CommandDispatcher::handleSeek: position set to 3.8238s
Command executed: seek, result: {
  "status": "ok",
  "message": "Seek executed",
  "position_seconds": 3.82383523902409
}
VitHeadlessService: command reply (truncated): {
  "status": "ok",
  "message": "Seek executed",
  "position_seconds": 3.82383523902409
}
ZmqGateway: received command payload: {"cmd":"seek","time":3.85492336125142}
ZmqGateway: dispatching payload to JUCE message thread.
VitHeadlessService: processing queued command on JUCE message thread: {"cmd":"seek","time":3.85492336125142}
Command received: {"cmd":"seek","time":3.85492336125142}
CommandDispatcher::handleSeek: position set to 3.8549s
Command executed: seek, result: {
  "status": "ok",
  "message": "Seek executed",
  "position_seconds": 3.85492336125142
}
VitHeadlessService: command reply (truncated): {
  "status": "ok",
  "message": "Seek executed",
  "position_seconds": 3.85492336125142
}
ZmqGateway: received command payload: {"cmd":"seek","time":3.87046742236508}
ZmqGateway: dispatching payload to JUCE message thread.
VitHeadlessService: processing queued command on JUCE message thread: {"cmd":"seek","time":3.87046742236508}
Command received: {"cmd":"seek","time":3.87046742236508}
CommandDispatcher::handleSeek: position set to 3.8705s
Command executed: seek, result: {
  "status": "ok",
  "message": "Seek executed",
  "position_seconds": 3.87046742236508
}
VitHeadlessService: command reply (truncated): {
  "status": "ok",
  "message": "Seek executed",
  "position_seconds": 3.87046742236508
}
ZmqGateway: received command payload: {"cmd":"seek","time":3.88601148347874}
ZmqGateway: dispatching payload to JUCE message thread.
VitHeadlessService: processing queued command on JUCE message thread: {"cmd":"seek","time":3.88601148347874}
Command received: {"cmd":"seek","time":3.88601148347874}
CommandDispatcher::handleSeek: position set to 3.8860s
Command executed: seek, result: {
  "status": "ok",
  "message": "Seek executed",
  "position_seconds": 3.88601148347874
}
VitHeadlessService: command reply (truncated): {
  "status": "ok",
  "message": "Seek executed",
  "position_seconds": 3.88601148347874
}
ZmqGateway: received command payload: {"cmd":"seek","time":3.9015555445924}
ZmqGateway: dispatching payload to JUCE message thread.
VitHeadlessService: processing queued command on JUCE message thread: {"cmd":"seek","time":3.9015555445924}
Command received: {"cmd":"seek","time":3.9015555445924}
CommandDispatcher::handleSeek: position set to 3.9016s
Command executed: seek, result: {
  "status": "ok",
  "message": "Seek executed",
  "position_seconds": 3.9015555445924
}
VitHeadlessService: command reply (truncated): {
  "status": "ok",
  "message": "Seek executed",
  "position_seconds": 3.9015555445924
}
ZmqGateway: received command payload: {"cmd":"seek","time":3.93264366681973}
ZmqGateway: dispatching payload to JUCE message thread.
VitHeadlessService: processing queued command on JUCE message thread: {"cmd":"seek","time":3.93264366681973}
Command received: {"cmd":"seek","time":3.93264366681973}
CommandDispatcher::handleSeek: position set to 3.9326s
Command executed: seek, result: {
  "status": "ok",
  "message": "Seek executed",
  "position_seconds": 3.93264366681973
}
VitHeadlessService: command reply (truncated): {
  "status": "ok",
  "message": "Seek executed",
  "position_seconds": 3.93264366681973
}
ZmqGateway: received command payload: {"cmd":"seek","time":3.94818772793339}
ZmqGateway: dispatching payload to JUCE message thread.
VitHeadlessService: processing queued command on JUCE message thread: {"cmd":"seek","time":3.94818772793339}
Command received: {"cmd":"seek","time":3.94818772793339}
CommandDispatcher::handleSeek: position set to 3.9482s
Command executed: seek, result: {
  "status": "ok",
  "message": "Seek executed",
  "position_seconds": 3.94818772793339
}
VitHeadlessService: command reply (truncated): {
  "status": "ok",
  "message": "Seek executed",
  "position_seconds": 3.94818772793339
}
ZmqGateway: received command payload: {"cmd":"seek","time":3.96373178904705}
ZmqGateway: dispatching payload to JUCE message thread.
VitHeadlessService: processing queued command on JUCE message thread: {"cmd":"seek","time":3.96373178904705}
Command received: {"cmd":"seek","time":3.96373178904705}
CommandDispatcher::handleSeek: position set to 3.9637s
Command executed: seek, result: {
  "status": "ok",
  "message": "Seek executed",
  "position_seconds": 3.96373178904705
}
VitHeadlessService: command reply (truncated): {
  "status": "ok",
  "message": "Seek executed",
  "position_seconds": 3.96373178904705
}
ZmqGateway: received command payload: {"cmd":"seek","time":3.97927585016072}
ZmqGateway: dispatching payload to JUCE message thread.
VitHeadlessService: processing queued command on JUCE message thread: {"cmd":"seek","time":3.97927585016072}
Command received: {"cmd":"seek","time":3.97927585016072}
CommandDispatcher::handleSeek: position set to 3.9793s
Command executed: seek, result: {
  "status": "ok",
  "message": "Seek executed",
  "position_seconds": 3.97927585016072
}
VitHeadlessService: command reply (truncated): {
  "status": "ok",
  "message": "Seek executed",
  "position_seconds": 3.97927585016072
}
ZmqGateway: received command payload: {"cmd":"seek","time":4.01036397238804}
ZmqGateway: dispatching payload to JUCE message thread.
VitHeadlessService: processing queued command on JUCE message thread: {"cmd":"seek","time":4.01036397238804}
Command received: {"cmd":"seek","time":4.01036397238804}
CommandDispatcher::handleSeek: position set to 4.0104s
Command executed: seek, result: {
  "status": "ok",
  "message": "Seek executed",
  "position_seconds": 4.01036397238804
}
VitHeadlessService: command reply (truncated): {
  "status": "ok",
  "message": "Seek executed",
  "position_seconds": 4.01036397238804
}
ZmqGateway: received command payload: {"cmd":"seek","time":4.0259080335017}
ZmqGateway: dispatching payload to JUCE message thread.
VitHeadlessService: processing queued command on JUCE message thread: {"cmd":"seek","time":4.0259080335017}
Command received: {"cmd":"seek","time":4.0259080335017}
CommandDispatcher::handleSeek: position set to 4.0259s
Command executed: seek, result: {
  "status": "ok",
  "message": "Seek executed",
  "position_seconds": 4.0259080335017
}
VitHeadlessService: command reply (truncated): {
  "status": "ok",
  "message": "Seek executed",
  "position_seconds": 4.0259080335017
}
ZmqGateway: received command payload: {"cmd":"seek","time":4.05699615572903}
ZmqGateway: dispatching payload to JUCE message thread.
VitHeadlessService: processing queued command on JUCE message thread: {"cmd":"seek","time":4.05699615572903}
Command received: {"cmd":"seek","time":4.05699615572903}
CommandDispatcher::handleSeek: position set to 4.0570s
Command executed: seek, result: {
  "status": "ok",
  "message": "Seek executed",
  "position_seconds": 4.05699615572903
}
VitHeadlessService: command reply (truncated): {
  "status": "ok",
  "message": "Seek executed",
  "position_seconds": 4.05699615572903
}
ZmqGateway: received command payload: {"cmd":"seek","time":4.08808427795635}
ZmqGateway: dispatching payload to JUCE message thread.
VitHeadlessService: processing queued command on JUCE message thread: {"cmd":"seek","time":4.08808427795635}
Command received: {"cmd":"seek","time":4.08808427795635}
CommandDispatcher::handleSeek: position set to 4.0881s
Command executed: seek, result: {
  "status": "ok",
  "message": "Seek executed",
  "position_seconds": 4.08808427795635
}
VitHeadlessService: command reply (truncated): {
  "status": "ok",
  "message": "Seek executed",
  "position_seconds": 4.08808427795635
}
ZmqGateway: received command payload: {"cmd":"seek","time":4.13471646129734}
ZmqGateway: dispatching payload to JUCE message thread.
VitHeadlessService: processing queued command on JUCE message thread: {"cmd":"seek","time":4.13471646129734}
Command received: {"cmd":"seek","time":4.13471646129734}
CommandDispatcher::handleSeek: position set to 4.1347s
Command executed: seek, result: {
  "status": "ok",
  "message": "Seek executed",
  "position_seconds": 4.13471646129734
}
VitHeadlessService: command reply (truncated): {
  "status": "ok",
  "message": "Seek executed",
  "position_seconds": 4.13471646129734
}
ZmqGateway: received command payload: {"cmd":"seek","time":4.19689270575199}
ZmqGateway: dispatching payload to JUCE message thread.
VitHeadlessService: processing queued command on JUCE message thread: {"cmd":"seek","time":4.19689270575199}
Command received: {"cmd":"seek","time":4.19689270575199}
CommandDispatcher::handleSeek: position set to 4.1969s
Command executed: seek, result: {
  "status": "ok",
  "message": "Seek executed",
  "position_seconds": 4.19689270575199
}
VitHeadlessService: command reply (truncated): {
  "status": "ok",
  "message": "Seek executed",
  "position_seconds": 4.19689270575199
}
ZmqGateway: received command payload: {"cmd":"seek","time":4.32124519466128}
ZmqGateway: dispatching payload to JUCE message thread.
VitHeadlessService: processing queued command on JUCE message thread: {"cmd":"seek","time":4.32124519466128}
Command received: {"cmd":"seek","time":4.32124519466128}
CommandDispatcher::handleSeek: position set to 4.3212s
Command executed: seek, result: {
  "status": "ok",
  "message": "Seek executed",
  "position_seconds": 4.32124519466128
}
VitHeadlessService: command reply (truncated): {
  "status": "ok",
  "message": "Seek executed",
  "position_seconds": 4.32124519466128
}
ZmqGateway: received command payload: {"cmd":"seek","time":4.50777392802523}
ZmqGateway: dispatching payload to JUCE message thread.
VitHeadlessService: processing queued command on JUCE message thread: {"cmd":"seek","time":4.50777392802523}
Command received: {"cmd":"seek","time":4.50777392802523}
CommandDispatcher::handleSeek: position set to 4.5078s
Command executed: seek, result: {
  "status": "ok",
  "message": "Seek executed",
  "position_seconds": 4.50777392802523
}
VitHeadlessService: command reply (truncated): {
  "status": "ok",
  "message": "Seek executed",
  "position_seconds": 4.50777392802523
}
ZmqGateway: received command payload: {"cmd":"seek","time":4.74093484473016}
ZmqGateway: dispatching payload to JUCE message thread.
VitHeadlessService: processing queued command on JUCE message thread: {"cmd":"seek","time":4.74093484473016}
Command received: {"cmd":"seek","time":4.74093484473016}
CommandDispatcher::handleSeek: position set to 4.7409s
Command executed: seek, result: {
  "status": "ok",
  "message": "Seek executed",
  "position_seconds": 4.74093484473016
}
VitHeadlessService: command reply (truncated): {
  "status": "ok",
  "message": "Seek executed",
  "position_seconds": 4.74093484473016
}
ZmqGateway: received command payload: {"cmd":"seek","time":4.95855170032143}
ZmqGateway: dispatching payload to JUCE message thread.
VitHeadlessService: processing queued command on JUCE message thread: {"cmd":"seek","time":4.95855170032143}
Command received: {"cmd":"seek","time":4.95855170032143}
CommandDispatcher::handleSeek: position set to 4.9586s
Command executed: seek, result: {
  "status": "ok",
  "message": "Seek executed",
  "position_seconds": 4.95855170032143
}
VitHeadlessService: command reply (truncated): {
  "status": "ok",
  "message": "Seek executed",
  "position_seconds": 4.95855170032143
}
ZmqGateway: received command payload: {"cmd":"seek","time":5.14508043368538}
ZmqGateway: dispatching payload to JUCE message thread.
VitHeadlessService: processing queued command on JUCE message thread: {"cmd":"seek","time":5.14508043368538}
Command received: {"cmd":"seek","time":5.14508043368538}
CommandDispatcher::handleSeek: position set to 5.1451s
Command executed: seek, result: {
  "status": "ok",
  "message": "Seek executed",
  "position_seconds": 5.14508043368538
}
VitHeadlessService: command reply (truncated): {
  "status": "ok",
  "message": "Seek executed",
  "position_seconds": 5.14508043368538
}
ZmqGateway: received command payload: {"cmd":"seek","time":5.31606510593566}
ZmqGateway: dispatching payload to JUCE message thread.
VitHeadlessService: processing queued command on JUCE message thread: {"cmd":"seek","time":5.31606510593566}
Command received: {"cmd":"seek","time":5.31606510593566}
CommandDispatcher::handleSeek: position set to 5.3161s
Command executed: seek, result: {
  "status": "ok",
  "message": "Seek executed",
  "position_seconds": 5.31606510593566
}
VitHeadlessService: command reply (truncated): {
  "status": "ok",
  "message": "Seek executed",
  "position_seconds": 5.31606510593566
}
ZmqGateway: received command payload: {"cmd":"seek","time":5.47150571707228}
ZmqGateway: dispatching payload to JUCE message thread.
VitHeadlessService: processing queued command on JUCE message thread: {"cmd":"seek","time":5.47150571707228}
Command received: {"cmd":"seek","time":5.47150571707228}
CommandDispatcher::handleSeek: position set to 5.4715s
Command executed: seek, result: {
  "status": "ok",
  "message": "Seek executed",
  "position_seconds": 5.47150571707228
}
VitHeadlessService: command reply (truncated): {
  "status": "ok",
  "message": "Seek executed",
  "position_seconds": 5.47150571707228
}
ZmqGateway: received command payload: {"cmd":"seek","time":5.59585820598158}
ZmqGateway: dispatching payload to JUCE message thread.
VitHeadlessService: processing queued command on JUCE message thread: {"cmd":"seek","time":5.59585820598158}
Command received: {"cmd":"seek","time":5.59585820598158}
CommandDispatcher::handleSeek: position set to 5.5959s
Command executed: seek, result: {
  "status": "ok",
  "message": "Seek executed",
  "position_seconds": 5.59585820598158
}
VitHeadlessService: command reply (truncated): {
  "status": "ok",
  "message": "Seek executed",
  "position_seconds": 5.59585820598158
}
ZmqGateway: received command payload: {"cmd":"seek","time":5.70466663377721}
ZmqGateway: dispatching payload to JUCE message thread.
VitHeadlessService: processing queued command on JUCE message thread: {"cmd":"seek","time":5.70466663377721}
Command received: {"cmd":"seek","time":5.70466663377721}
CommandDispatcher::handleSeek: position set to 5.7047s
Command executed: seek, result: {
  "status": "ok",
  "message": "Seek executed",
  "position_seconds": 5.70466663377721
}
VitHeadlessService: command reply (truncated): {
  "status": "ok",
  "message": "Seek executed",
  "position_seconds": 5.70466663377721
}
ZmqGateway: received command payload: {"cmd":"seek","time":5.7512988171182}
ZmqGateway: dispatching payload to JUCE message thread.
VitHeadlessService: processing queued command on JUCE message thread: {"cmd":"seek","time":5.7512988171182}
Command received: {"cmd":"seek","time":5.7512988171182}
CommandDispatcher::handleSeek: position set to 5.7513s
Command executed: seek, result: {
  "status": "ok",
  "message": "Seek executed",
  "position_seconds": 5.7512988171182
}
VitHeadlessService: command reply (truncated): {
  "status": "ok",
  "message": "Seek executed",
  "position_seconds": 5.7512988171182
}
ZmqGateway: received command payload: {"cmd":"seek","time":5.78238693934553}
ZmqGateway: dispatching payload to JUCE message thread.
VitHeadlessService: processing queued command on JUCE message thread: {"cmd":"seek","time":5.78238693934553}
Command received: {"cmd":"seek","time":5.78238693934553}
CommandDispatcher::handleSeek: position set to 5.7824s
Command executed: seek, result: {
  "status": "ok",
  "message": "Seek executed",
  "position_seconds": 5.78238693934553
}
VitHeadlessService: command reply (truncated): {
  "status": "ok",
  "message": "Seek executed",
  "position_seconds": 5.78238693934553
}
ZmqGateway: received command payload: {"cmd":"seek","time":5.79793100045919}
ZmqGateway: dispatching payload to JUCE message thread.
VitHeadlessService: processing queued command on JUCE message thread: {"cmd":"seek","time":5.79793100045919}
Command received: {"cmd":"seek","time":5.79793100045919}
CommandDispatcher::handleSeek: position set to 5.7979s
Command executed: seek, result: {
  "status": "ok",
  "message": "Seek executed",
  "position_seconds": 5.79793100045919
}
VitHeadlessService: command reply (truncated): {
  "status": "ok",
  "message": "Seek executed",
  "position_seconds": 5.79793100045919
}
ZmqGateway: received command payload: {"cmd":"seek","time":5.81347506157285}
ZmqGateway: dispatching payload to JUCE message thread.
VitHeadlessService: processing queued command on JUCE message thread: {"cmd":"seek","time":5.81347506157285}
Command received: {"cmd":"seek","time":5.81347506157285}
CommandDispatcher::handleSeek: position set to 5.8135s
Command executed: seek, result: {
  "status": "ok",
  "message": "Seek executed",
  "position_seconds": 5.81347506157285
}
VitHeadlessService: command reply (truncated): {
  "status": "ok",
  "message": "Seek executed",
  "position_seconds": 5.81347506157285
}
ZmqGateway: received command payload: {"cmd":"seek","time":5.86010724491384}
ZmqGateway: dispatching payload to JUCE message thread.
VitHeadlessService: processing queued command on JUCE message thread: {"cmd":"seek","time":5.86010724491384}
Command received: {"cmd":"seek","time":5.86010724491384}
CommandDispatcher::handleSeek: position set to 5.8601s
Command executed: seek, result: {
  "status": "ok",
  "message": "Seek executed",
  "position_seconds": 5.86010724491384
}
VitHeadlessService: command reply (truncated): {
  "status": "ok",
  "message": "Seek executed",
  "position_seconds": 5.86010724491384
}
ZmqGateway: received command payload: {"cmd":"seek","time":5.95337161159581}
ZmqGateway: dispatching payload to JUCE message thread.
VitHeadlessService: processing queued command on JUCE message thread: {"cmd":"seek","time":5.95337161159581}
Command received: {"cmd":"seek","time":5.95337161159581}
CommandDispatcher::handleSeek: position set to 5.9534s
Command executed: seek, result: {
  "status": "ok",
  "message": "Seek executed",
  "position_seconds": 5.95337161159581
}
VitHeadlessService: command reply (truncated): {
  "status": "ok",
  "message": "Seek executed",
  "position_seconds": 5.95337161159581
}
ZmqGateway: received command payload: {"cmd":"seek","time":6.07772410050511}
ZmqGateway: dispatching payload to JUCE message thread.
VitHeadlessService: processing queued command on JUCE message thread: {"cmd":"seek","time":6.07772410050511}
Command received: {"cmd":"seek","time":6.07772410050511}
CommandDispatcher::handleSeek: position set to 6.0777s
Command executed: seek, result: {
  "status": "ok",
  "message": "Seek executed",
  "position_seconds": 6.07772410050511
}
VitHeadlessService: command reply (truncated): {
  "status": "ok",
  "message": "Seek executed",
  "position_seconds": 6.07772410050511
}
ZmqGateway: received command payload: {"cmd":"seek","time":6.23316471164173}
ZmqGateway: dispatching payload to JUCE message thread.
VitHeadlessService: processing queued command on JUCE message thread: {"cmd":"seek","time":6.23316471164173}
Command received: {"cmd":"seek","time":6.23316471164173}
CommandDispatcher::handleSeek: position set to 6.2332s
Command executed: seek, result: {
  "status": "ok",
  "message": "Seek executed",
  "position_seconds": 6.23316471164173
}
VitHeadlessService: command reply (truncated): {
  "status": "ok",
  "message": "Seek executed",
  "position_seconds": 6.23316471164173
}
ZmqGateway: received command payload: {"cmd":"seek","time":6.38860532277835}
ZmqGateway: dispatching payload to JUCE message thread.
VitHeadlessService: processing queued command on JUCE message thread: {"cmd":"seek","time":6.38860532277835}
Command received: {"cmd":"seek","time":6.38860532277835}
CommandDispatcher::handleSeek: position set to 6.3886s
Command executed: seek, result: {
  "status": "ok",
  "message": "Seek executed",
  "position_seconds": 6.38860532277835
}
VitHeadlessService: command reply (truncated): {
  "status": "ok",
  "message": "Seek executed",
  "position_seconds": 6.38860532277835
}
ZmqGateway: received command payload: {"cmd":"seek","time":6.54404593391497}
ZmqGateway: dispatching payload to JUCE message thread.
VitHeadlessService: processing queued command on JUCE message thread: {"cmd":"seek","time":6.54404593391497}
Command received: {"cmd":"seek","time":6.54404593391497}
CommandDispatcher::handleSeek: position set to 6.5440s
Command executed: seek, result: {
  "status": "ok",
  "message": "Seek executed",
  "position_seconds": 6.54404593391497
}
VitHeadlessService: command reply (truncated): {
  "status": "ok",
  "message": "Seek executed",
  "position_seconds": 6.54404593391497
}
ZmqGateway: received command payload: {"cmd":"seek","time":6.68394248393793}
ZmqGateway: dispatching payload to JUCE message thread.
VitHeadlessService: processing queued command on JUCE message thread: {"cmd":"seek","time":6.68394248393793}
Command received: {"cmd":"seek","time":6.68394248393793}
CommandDispatcher::handleSeek: position set to 6.6839s
Command executed: seek, result: {
  "status": "ok",
  "message": "Seek executed",
  "position_seconds": 6.68394248393793
}
VitHeadlessService: command reply (truncated): {
  "status": "ok",
  "message": "Seek executed",
  "position_seconds": 6.68394248393793
}
ZmqGateway: received command payload: {"cmd":"seek","time":6.83938309507455}
ZmqGateway: dispatching payload to JUCE message thread.
VitHeadlessService: processing queued command on JUCE message thread: {"cmd":"seek","time":6.83938309507455}
Command received: {"cmd":"seek","time":6.83938309507455}
CommandDispatcher::handleSeek: position set to 6.8394s
Command executed: seek, result: {
  "status": "ok",
  "message": "Seek executed",
  "position_seconds": 6.83938309507455
}
VitHeadlessService: command reply (truncated): {
  "status": "ok",
  "message": "Seek executed",
  "position_seconds": 6.83938309507455
}
ZmqGateway: received command payload: {"cmd":"seek","time":6.97927964509751}
ZmqGateway: dispatching payload to JUCE message thread.
VitHeadlessService: processing queued command on JUCE message thread: {"cmd":"seek","time":6.97927964509751}
Command received: {"cmd":"seek","time":6.97927964509751}
CommandDispatcher::handleSeek: position set to 6.9793s
Command executed: seek, result: {
  "status": "ok",
  "message": "Seek executed",
  "position_seconds": 6.97927964509751
}
VitHeadlessService: command reply (truncated): {
  "status": "ok",
  "message": "Seek executed",
  "position_seconds": 6.97927964509751
}
ZmqGateway: received command payload: {"cmd":"seek","time":7.08808807289315}
ZmqGateway: dispatching payload to JUCE message thread.
VitHeadlessService: processing queued command on JUCE message thread: {"cmd":"seek","time":7.08808807289315}
Command received: {"cmd":"seek","time":7.08808807289315}
CommandDispatcher::handleSeek: position set to 7.0881s
Command executed: seek, result: {
  "status": "ok",
  "message": "Seek executed",
  "position_seconds": 7.08808807289315
}
VitHeadlessService: command reply (truncated): {
  "status": "ok",
  "message": "Seek executed",
  "position_seconds": 7.08808807289315
}
ZmqGateway: received command payload: {"cmd":"seek","time":7.18135243957512}
ZmqGateway: dispatching payload to JUCE message thread.
VitHeadlessService: processing queued command on JUCE message thread: {"cmd":"seek","time":7.18135243957512}
Command received: {"cmd":"seek","time":7.18135243957512}
CommandDispatcher::handleSeek: position set to 7.1814s
Command executed: seek, result: {
  "status": "ok",
  "message": "Seek executed",
  "position_seconds": 7.18135243957512
}
VitHeadlessService: command reply (truncated): {
  "status": "ok",
  "message": "Seek executed",
  "position_seconds": 7.18135243957512
}
ZmqGateway: received command payload: {"cmd":"seek","time":7.24352868402977}
ZmqGateway: dispatching payload to JUCE message thread.
VitHeadlessService: processing queued command on JUCE message thread: {"cmd":"seek","time":7.24352868402977}
Command received: {"cmd":"seek","time":7.24352868402977}
CommandDispatcher::handleSeek: position set to 7.2435s
Command executed: seek, result: {
  "status": "ok",
  "message": "Seek executed",
  "position_seconds": 7.24352868402977
}
VitHeadlessService: command reply (truncated): {
  "status": "ok",
  "message": "Seek executed",
  "position_seconds": 7.24352868402977
}
ZmqGateway: received command payload: {"cmd":"seek","time":7.27461680625709}
ZmqGateway: dispatching payload to JUCE message thread.
VitHeadlessService: processing queued command on JUCE message thread: {"cmd":"seek","time":7.27461680625709}
Command received: {"cmd":"seek","time":7.27461680625709}
CommandDispatcher::handleSeek: position set to 7.2746s
Command executed: seek, result: {
  "status": "ok",
  "message": "Seek executed",
  "position_seconds": 7.27461680625709
}
VitHeadlessService: command reply (truncated): {
  "status": "ok",
  "message": "Seek executed",
  "position_seconds": 7.27461680625709
}
ZmqGateway: received command payload: {"cmd":"seek","time":7.29016086737075}
ZmqGateway: dispatching payload to JUCE message thread.
VitHeadlessService: processing queued command on JUCE message thread: {"cmd":"seek","time":7.29016086737075}
Command received: {"cmd":"seek","time":7.29016086737075}
CommandDispatcher::handleSeek: position set to 7.2902s
Command executed: seek, result: {
  "status": "ok",
  "message": "Seek executed",
  "position_seconds": 7.29016086737075
}
VitHeadlessService: command reply (truncated): {
  "status": "ok",
  "message": "Seek executed",
  "position_seconds": 7.29016086737075
}
ZmqGateway: received command payload: {"cmd":"seek","time":7.30570492848442}
ZmqGateway: dispatching payload to JUCE message thread.
VitHeadlessService: processing queued command on JUCE message thread: {"cmd":"seek","time":7.30570492848442}
Command received: {"cmd":"seek","time":7.30570492848442}
CommandDispatcher::handleSeek: position set to 7.3057s
Command executed: seek, result: {
  "status": "ok",
  "message": "Seek executed",
  "position_seconds": 7.30570492848442
}
VitHeadlessService: command reply (truncated): {
  "status": "ok",
  "message": "Seek executed",
  "position_seconds": 7.30570492848442
}
ZmqGateway: received command payload: {"cmd":"seek","time":7.32124898959808}
ZmqGateway: dispatching payload to JUCE message thread.
VitHeadlessService: processing queued command on JUCE message thread: {"cmd":"seek","time":7.32124898959808}
Command received: {"cmd":"seek","time":7.32124898959808}
CommandDispatcher::handleSeek: position set to 7.3212s
Command executed: seek, result: {
  "status": "ok",
  "message": "Seek executed",
  "position_seconds": 7.32124898959808
}
VitHeadlessService: command reply (truncated): {
  "status": "ok",
  "message": "Seek executed",
  "position_seconds": 7.32124898959808
}
ZmqGateway: received command payload: {"cmd":"seek","time":7.33679305071174}
ZmqGateway: dispatching payload to JUCE message thread.
VitHeadlessService: processing queued command on JUCE message thread: {"cmd":"seek","time":7.33679305071174}
Command received: {"cmd":"seek","time":7.33679305071174}
CommandDispatcher::handleSeek: position set to 7.3368s
Command executed: seek, result: {
  "status": "ok",
  "message": "Seek executed",
  "position_seconds": 7.33679305071174
}
VitHeadlessService: command reply (truncated): {
  "status": "ok",
  "message": "Seek executed",
  "position_seconds": 7.33679305071174
}
ZmqGateway: received command payload: {"cmd":"seek","time":7.3523371118254}
ZmqGateway: dispatching payload to JUCE message thread.
VitHeadlessService: processing queued command on JUCE message thread: {"cmd":"seek","time":7.3523371118254}
Command received: {"cmd":"seek","time":7.3523371118254}
CommandDispatcher::handleSeek: position set to 7.3523s
Command executed: seek, result: {
  "status": "ok",
  "message": "Seek executed",
  "position_seconds": 7.3523371118254
}
VitHeadlessService: command reply (truncated): {
  "status": "ok",
  "message": "Seek executed",
  "position_seconds": 7.3523371118254
}
ZmqGateway: received command payload: {"cmd":"seek","time":7.36788117293906}
ZmqGateway: dispatching payload to JUCE message thread.
VitHeadlessService: processing queued command on JUCE message thread: {"cmd":"seek","time":7.36788117293906}
Command received: {"cmd":"seek","time":7.36788117293906}
CommandDispatcher::handleSeek: position set to 7.3679s
Command executed: seek, result: {
  "status": "ok",
  "message": "Seek executed",
  "position_seconds": 7.36788117293906
}
VitHeadlessService: command reply (truncated): {
  "status": "ok",
  "message": "Seek executed",
  "position_seconds": 7.36788117293906
}
ZmqGateway: received command payload: {"cmd":"seek","time":7.41451335628005}
ZmqGateway: dispatching payload to JUCE message thread.
VitHeadlessService: processing queued command on JUCE message thread: {"cmd":"seek","time":7.41451335628005}
Command received: {"cmd":"seek","time":7.41451335628005}
CommandDispatcher::handleSeek: position set to 7.4145s
Command executed: seek, result: {
  "status": "ok",
  "message": "Seek executed",
  "position_seconds": 7.41451335628005
}
VitHeadlessService: command reply (truncated): {
  "status": "ok",
  "message": "Seek executed",
  "position_seconds": 7.41451335628005
}
ZmqGateway: received command payload: {"cmd":"seek","time":7.4766896007347}
ZmqGateway: dispatching payload to JUCE message thread.
VitHeadlessService: processing queued command on JUCE message thread: {"cmd":"seek","time":7.4766896007347}
Command received: {"cmd":"seek","time":7.4766896007347}
CommandDispatcher::handleSeek: position set to 7.4767s
Command executed: seek, result: {
  "status": "ok",
  "message": "Seek executed",
  "position_seconds": 7.4766896007347
}
VitHeadlessService: command reply (truncated): {
  "status": "ok",
  "message": "Seek executed",
  "position_seconds": 7.4766896007347
}
ZmqGateway: received command payload: {"cmd":"seek","time":7.52332178407569}
ZmqGateway: dispatching payload to JUCE message thread.
VitHeadlessService: processing queued command on JUCE message thread: {"cmd":"seek","time":7.52332178407569}
Command received: {"cmd":"seek","time":7.52332178407569}
CommandDispatcher::handleSeek: position set to 7.5233s
Command executed: seek, result: {
  "status": "ok",
  "message": "Seek executed",
  "position_seconds": 7.52332178407569
}
VitHeadlessService: command reply (truncated): {
  "status": "ok",
  "message": "Seek executed",
  "position_seconds": 7.52332178407569
}
ZmqGateway: received command payload: {"cmd":"seek","time":7.601042089644}
ZmqGateway: dispatching payload to JUCE message thread.
VitHeadlessService: processing queued command on JUCE message thread: {"cmd":"seek","time":7.601042089644}
Command received: {"cmd":"seek","time":7.601042089644}
CommandDispatcher::handleSeek: position set to 7.6010s
Command executed: seek, result: {
  "status": "ok",
  "message": "Seek executed",
  "position_seconds": 7.601042089644
}
VitHeadlessService: command reply (truncated): {
  "status": "ok",
  "message": "Seek executed",
  "position_seconds": 7.601042089644
}
ZmqGateway: received command payload: {"cmd":"seek","time":7.66321833409865}
ZmqGateway: dispatching payload to JUCE message thread.
VitHeadlessService: processing queued command on JUCE message thread: {"cmd":"seek","time":7.66321833409865}
Command received: {"cmd":"seek","time":7.66321833409865}
CommandDispatcher::handleSeek: position set to 7.6632s
Command executed: seek, result: {
  "status": "ok",
  "message": "Seek executed",
  "position_seconds": 7.66321833409865
}
VitHeadlessService: command reply (truncated): {
  "status": "ok",
  "message": "Seek executed",
  "position_seconds": 7.66321833409865
}
ZmqGateway: received command payload: {"cmd":"seek","time":7.70985051743963}
ZmqGateway: dispatching payload to JUCE message thread.
VitHeadlessService: processing queued command on JUCE message thread: {"cmd":"seek","time":7.70985051743963}
Command received: {"cmd":"seek","time":7.70985051743963}
CommandDispatcher::handleSeek: position set to 7.7099s
Command executed: seek, result: {
  "status": "ok",
  "message": "Seek executed",
  "position_seconds": 7.70985051743963
}
VitHeadlessService: command reply (truncated): {
  "status": "ok",
  "message": "Seek executed",
  "position_seconds": 7.70985051743963
}
ZmqGateway: received command payload: {"cmd":"seek","time":7.75648270078062}
ZmqGateway: dispatching payload to JUCE message thread.
VitHeadlessService: processing queued command on JUCE message thread: {"cmd":"seek","time":7.75648270078062}
Command received: {"cmd":"seek","time":7.75648270078062}
CommandDispatcher::handleSeek: position set to 7.7565s
Command executed: seek, result: {
  "status": "ok",
  "message": "Seek executed",
  "position_seconds": 7.75648270078062
}
VitHeadlessService: command reply (truncated): {
  "status": "ok",
  "message": "Seek executed",
  "position_seconds": 7.75648270078062
}
ZmqGateway: received command payload: {"cmd":"seek","time":7.77202676189428}
ZmqGateway: dispatching payload to JUCE message thread.
VitHeadlessService: processing queued command on JUCE message thread: {"cmd":"seek","time":7.77202676189428}
Command received: {"cmd":"seek","time":7.77202676189428}
CommandDispatcher::handleSeek: position set to 7.7720s
Command executed: seek, result: {
  "status": "ok",
  "message": "Seek executed",
  "position_seconds": 7.77202676189428
}
VitHeadlessService: command reply (truncated): {
  "status": "ok",
  "message": "Seek executed",
  "position_seconds": 7.77202676189428
}
ZmqGateway: received command payload: {"cmd":"seek","time":7.80311488412161}
ZmqGateway: dispatching payload to JUCE message thread.
VitHeadlessService: processing queued command on JUCE message thread: {"cmd":"seek","time":7.80311488412161}
Command received: {"cmd":"seek","time":7.80311488412161}
CommandDispatcher::handleSeek: position set to 7.8031s
Command executed: seek, result: {
  "status": "ok",
  "message": "Seek executed",
  "position_seconds": 7.80311488412161
}
VitHeadlessService: command reply (truncated): {
  "status": "ok",
  "message": "Seek executed",
  "position_seconds": 7.80311488412161
}
ZmqGateway: received command payload: {"cmd":"seek","time":7.81865894523527}
ZmqGateway: dispatching payload to JUCE message thread.
VitHeadlessService: processing queued command on JUCE message thread: {"cmd":"seek","time":7.81865894523527}
Command received: {"cmd":"seek","time":7.81865894523527}
CommandDispatcher::handleSeek: position set to 7.8187s
Command executed: seek, result: {
  "status": "ok",
  "message": "Seek executed",
  "position_seconds": 7.81865894523527
}
VitHeadlessService: command reply (truncated): {
  "status": "ok",
  "message": "Seek executed",
  "position_seconds": 7.81865894523527
}
ZmqGateway: received command payload: {"cmd":"seek","time":7.75648270078062}
ZmqGateway: dispatching payload to JUCE message thread.
VitHeadlessService: processing queued command on JUCE message thread: {"cmd":"seek","time":7.75648270078062}
Command received: {"cmd":"seek","time":7.75648270078062}
CommandDispatcher::handleSeek: position set to 7.7565s
Command executed: seek, result: {
  "status": "ok",
  "message": "Seek executed",
  "position_seconds": 7.75648270078062
}
VitHeadlessService: command reply (truncated): {
  "status": "ok",
  "message": "Seek executed",
  "position_seconds": 7.75648270078062
}
ZmqGateway: received command payload: {"cmd":"seek","time":7.66321833409865}
ZmqGateway: dispatching payload to JUCE message thread.
VitHeadlessService: processing queued command on JUCE message thread: {"cmd":"seek","time":7.66321833409865}
Command received: {"cmd":"seek","time":7.66321833409865}
CommandDispatcher::handleSeek: position set to 7.6632s
Command executed: seek, result: {
  "status": "ok",
  "message": "Seek executed",
  "position_seconds": 7.66321833409865
}
VitHeadlessService: command reply (truncated): {
  "status": "ok",
  "message": "Seek executed",
  "position_seconds": 7.66321833409865
}
ZmqGateway: received command payload: {"cmd":"seek","time":7.56995396741667}
ZmqGateway: dispatching payload to JUCE message thread.
VitHeadlessService: processing queued command on JUCE message thread: {"cmd":"seek","time":7.56995396741667}
Command received: {"cmd":"seek","time":7.56995396741667}
CommandDispatcher::handleSeek: position set to 7.5700s
Command executed: seek, result: {
  "status": "ok",
  "message": "Seek executed",
  "position_seconds": 7.56995396741667
}
VitHeadlessService: command reply (truncated): {
  "status": "ok",
  "message": "Seek executed",
  "position_seconds": 7.56995396741667
}
ZmqGateway: received command payload: {"cmd":"seek","time":7.44560147850738}
ZmqGateway: dispatching payload to JUCE message thread.
VitHeadlessService: processing queued command on JUCE message thread: {"cmd":"seek","time":7.44560147850738}
Command received: {"cmd":"seek","time":7.44560147850738}
CommandDispatcher::handleSeek: position set to 7.4456s
Command executed: seek, result: {
  "status": "ok",
  "message": "Seek executed",
  "position_seconds": 7.44560147850738
}
VitHeadlessService: command reply (truncated): {
  "status": "ok",
  "message": "Seek executed",
  "position_seconds": 7.44560147850738
}
ZmqGateway: received command payload: {"cmd":"seek","time":7.33679305071174}
ZmqGateway: dispatching payload to JUCE message thread.
VitHeadlessService: processing queued command on JUCE message thread: {"cmd":"seek","time":7.33679305071174}
Command received: {"cmd":"seek","time":7.33679305071174}
CommandDispatcher::handleSeek: position set to 7.3368s
Command executed: seek, result: {
  "status": "ok",
  "message": "Seek executed",
  "position_seconds": 7.33679305071174
}
VitHeadlessService: command reply (truncated): {
  "status": "ok",
  "message": "Seek executed",
  "position_seconds": 7.33679305071174
}
ZmqGateway: received command payload: {"cmd":"seek","time":7.21244056180244}
ZmqGateway: dispatching payload to JUCE message thread.
VitHeadlessService: processing queued command on JUCE message thread: {"cmd":"seek","time":7.21244056180244}
Command received: {"cmd":"seek","time":7.21244056180244}
CommandDispatcher::handleSeek: position set to 7.2124s
Command executed: seek, result: {
  "status": "ok",
  "message": "Seek executed",
  "position_seconds": 7.21244056180244
}
VitHeadlessService: command reply (truncated): {
  "status": "ok",
  "message": "Seek executed",
  "position_seconds": 7.21244056180244
}
ZmqGateway: received command payload: {"cmd":"seek","time":7.07254401177948}
ZmqGateway: dispatching payload to JUCE message thread.
VitHeadlessService: processing queued command on JUCE message thread: {"cmd":"seek","time":7.07254401177948}
Command received: {"cmd":"seek","time":7.07254401177948}
CommandDispatcher::handleSeek: position set to 7.0725s
Command executed: seek, result: {
  "status": "ok",
  "message": "Seek executed",
  "position_seconds": 7.07254401177948
}
VitHeadlessService: command reply (truncated): {
  "status": "ok",
  "message": "Seek executed",
  "position_seconds": 7.07254401177948
}
ZmqGateway: received command payload: {"cmd":"seek","time":6.94819152287019}
ZmqGateway: dispatching payload to JUCE message thread.
VitHeadlessService: processing queued command on JUCE message thread: {"cmd":"seek","time":6.94819152287019}
Command received: {"cmd":"seek","time":6.94819152287019}
CommandDispatcher::handleSeek: position set to 6.9482s
Command executed: seek, result: {
  "status": "ok",
  "message": "Seek executed",
  "position_seconds": 6.94819152287019
}
VitHeadlessService: command reply (truncated): {
  "status": "ok",
  "message": "Seek executed",
  "position_seconds": 6.94819152287019
}
ZmqGateway: received command payload: {"cmd":"seek","time":6.82383903396089}
ZmqGateway: dispatching payload to JUCE message thread.
VitHeadlessService: processing queued command on JUCE message thread: {"cmd":"seek","time":6.82383903396089}
Command received: {"cmd":"seek","time":6.82383903396089}
CommandDispatcher::handleSeek: position set to 6.8238s
Command executed: seek, result: {
  "status": "ok",
  "message": "Seek executed",
  "position_seconds": 6.82383903396089
}
VitHeadlessService: command reply (truncated): {
  "status": "ok",
  "message": "Seek executed",
  "position_seconds": 6.82383903396089
}
ZmqGateway: received command payload: {"cmd":"seek","time":6.71503060616525}
ZmqGateway: dispatching payload to JUCE message thread.
VitHeadlessService: processing queued command on JUCE message thread: {"cmd":"seek","time":6.71503060616525}
Command received: {"cmd":"seek","time":6.71503060616525}
CommandDispatcher::handleSeek: position set to 6.7150s
Command executed: seek, result: {
  "status": "ok",
  "message": "Seek executed",
  "position_seconds": 6.71503060616525
}
VitHeadlessService: command reply (truncated): {
  "status": "ok",
  "message": "Seek executed",
  "position_seconds": 6.71503060616525
}
ZmqGateway: received command payload: {"cmd":"seek","time":6.59067811725596}
ZmqGateway: dispatching payload to JUCE message thread.
VitHeadlessService: processing queued command on JUCE message thread: {"cmd":"seek","time":6.59067811725596}
Command received: {"cmd":"seek","time":6.59067811725596}
CommandDispatcher::handleSeek: position set to 6.5907s
Command executed: seek, result: {
  "status": "ok",
  "message": "Seek executed",
  "position_seconds": 6.59067811725596
}
VitHeadlessService: command reply (truncated): {
  "status": "ok",
  "message": "Seek executed",
  "position_seconds": 6.59067811725596
}
ZmqGateway: received command payload: {"cmd":"seek","time":6.46632562834666}
ZmqGateway: dispatching payload to JUCE message thread.
VitHeadlessService: processing queued command on JUCE message thread: {"cmd":"seek","time":6.46632562834666}
Command received: {"cmd":"seek","time":6.46632562834666}
CommandDispatcher::handleSeek: position set to 6.4663s
Command executed: seek, result: {
  "status": "ok",
  "message": "Seek executed",
  "position_seconds": 6.46632562834666
}
VitHeadlessService: command reply (truncated): {
  "status": "ok",
  "message": "Seek executed",
  "position_seconds": 6.46632562834666
}
ZmqGateway: received command payload: {"cmd":"seek","time":6.35751720055103}
ZmqGateway: dispatching payload to JUCE message thread.
VitHeadlessService: processing queued command on JUCE message thread: {"cmd":"seek","time":6.35751720055103}
Command received: {"cmd":"seek","time":6.35751720055103}
CommandDispatcher::handleSeek: position set to 6.3575s
Command executed: seek, result: {
  "status": "ok",
  "message": "Seek executed",
  "position_seconds": 6.35751720055103
}
VitHeadlessService: command reply (truncated): {
  "status": "ok",
  "message": "Seek executed",
  "position_seconds": 6.35751720055103
}
ZmqGateway: received command payload: {"cmd":"seek","time":6.23316471164173}
ZmqGateway: dispatching payload to JUCE message thread.
VitHeadlessService: processing queued command on JUCE message thread: {"cmd":"seek","time":6.23316471164173}
Command received: {"cmd":"seek","time":6.23316471164173}
CommandDispatcher::handleSeek: position set to 6.2332s
Command executed: seek, result: {
  "status": "ok",
  "message": "Seek executed",
  "position_seconds": 6.23316471164173
}
VitHeadlessService: command reply (truncated): {
  "status": "ok",
  "message": "Seek executed",
  "position_seconds": 6.23316471164173
}
ZmqGateway: received command payload: {"cmd":"seek","time":6.13990034495975}
ZmqGateway: dispatching payload to JUCE message thread.
VitHeadlessService: processing queued command on JUCE message thread: {"cmd":"seek","time":6.13990034495975}
Command received: {"cmd":"seek","time":6.13990034495975}
CommandDispatcher::handleSeek: position set to 6.1399s
Command executed: seek, result: {
  "status": "ok",
  "message": "Seek executed",
  "position_seconds": 6.13990034495975
}
VitHeadlessService: command reply (truncated): {
  "status": "ok",
  "message": "Seek executed",
  "position_seconds": 6.13990034495975
}
ZmqGateway: received command payload: {"cmd":"seek","time":6.03109191716412}
ZmqGateway: dispatching payload to JUCE message thread.
VitHeadlessService: processing queued command on JUCE message thread: {"cmd":"seek","time":6.03109191716412}
Command received: {"cmd":"seek","time":6.03109191716412}
CommandDispatcher::handleSeek: position set to 6.0311s
Command executed: seek, result: {
  "status": "ok",
  "message": "Seek executed",
  "position_seconds": 6.03109191716412
}
VitHeadlessService: command reply (truncated): {
  "status": "ok",
  "message": "Seek executed",
  "position_seconds": 6.03109191716412
}
ZmqGateway: received command payload: {"cmd":"seek","time":5.95337161159581}
ZmqGateway: dispatching payload to JUCE message thread.
VitHeadlessService: processing queued command on JUCE message thread: {"cmd":"seek","time":5.95337161159581}
Command received: {"cmd":"seek","time":5.95337161159581}
CommandDispatcher::handleSeek: position set to 5.9534s
Command executed: seek, result: {
  "status": "ok",
  "message": "Seek executed",
  "position_seconds": 5.95337161159581
}
VitHeadlessService: command reply (truncated): {
  "status": "ok",
  "message": "Seek executed",
  "position_seconds": 5.95337161159581
}
ZmqGateway: received command payload: {"cmd":"seek","time":5.86010724491384}
ZmqGateway: dispatching payload to JUCE message thread.
VitHeadlessService: processing queued command on JUCE message thread: {"cmd":"seek","time":5.86010724491384}
Command received: {"cmd":"seek","time":5.86010724491384}
CommandDispatcher::handleSeek: position set to 5.8601s
Command executed: seek, result: {
  "status": "ok",
  "message": "Seek executed",
  "position_seconds": 5.86010724491384
}
VitHeadlessService: command reply (truncated): {
  "status": "ok",
  "message": "Seek executed",
  "position_seconds": 5.86010724491384
}
ZmqGateway: received command payload: {"cmd":"seek","time":5.78238693934553}
ZmqGateway: dispatching payload to JUCE message thread.
VitHeadlessService: processing queued command on JUCE message thread: {"cmd":"seek","time":5.78238693934553}
Command received: {"cmd":"seek","time":5.78238693934553}
CommandDispatcher::handleSeek: position set to 5.7824s
Command executed: seek, result: {
  "status": "ok",
  "message": "Seek executed",
  "position_seconds": 5.78238693934553
}
VitHeadlessService: command reply (truncated): {
  "status": "ok",
  "message": "Seek executed",
  "position_seconds": 5.78238693934553
}
ZmqGateway: received command payload: {"cmd":"seek","time":5.70466663377721}
ZmqGateway: dispatching payload to JUCE message thread.
VitHeadlessService: processing queued command on JUCE message thread: {"cmd":"seek","time":5.70466663377721}
Command received: {"cmd":"seek","time":5.70466663377721}
CommandDispatcher::handleSeek: position set to 5.7047s
Command executed: seek, result: {
  "status": "ok",
  "message": "Seek executed",
  "position_seconds": 5.70466663377721
}
VitHeadlessService: command reply (truncated): {
  "status": "ok",
  "message": "Seek executed",
  "position_seconds": 5.70466663377721
}
ZmqGateway: received command payload: {"cmd":"seek","time":5.61140226709524}
ZmqGateway: dispatching payload to JUCE message thread.
VitHeadlessService: processing queued command on JUCE message thread: {"cmd":"seek","time":5.61140226709524}
Command received: {"cmd":"seek","time":5.61140226709524}
CommandDispatcher::handleSeek: position set to 5.6114s
Command executed: seek, result: {
  "status": "ok",
  "message": "Seek executed",
  "position_seconds": 5.61140226709524
}
VitHeadlessService: command reply (truncated): {
  "status": "ok",
  "message": "Seek executed",
  "position_seconds": 5.61140226709524
}
ZmqGateway: received command payload: {"cmd":"seek","time":5.53368196152693}
ZmqGateway: dispatching payload to JUCE message thread.
VitHeadlessService: processing queued command on JUCE message thread: {"cmd":"seek","time":5.53368196152693}
Command received: {"cmd":"seek","time":5.53368196152693}
CommandDispatcher::handleSeek: position set to 5.5337s
Command executed: seek, result: {
  "status": "ok",
  "message": "Seek executed",
  "position_seconds": 5.53368196152693
}
VitHeadlessService: command reply (truncated): {
  "status": "ok",
  "message": "Seek executed",
  "position_seconds": 5.53368196152693
}
ZmqGateway: received command payload: {"cmd":"seek","time":5.45596165595862}
ZmqGateway: dispatching payload to JUCE message thread.
VitHeadlessService: processing queued command on JUCE message thread: {"cmd":"seek","time":5.45596165595862}
Command received: {"cmd":"seek","time":5.45596165595862}
CommandDispatcher::handleSeek: position set to 5.4560s
Command executed: seek, result: {
  "status": "ok",
  "message": "Seek executed",
  "position_seconds": 5.45596165595862
}
VitHeadlessService: command reply (truncated): {
  "status": "ok",
  "message": "Seek executed",
  "position_seconds": 5.45596165595862
}
ZmqGateway: received command payload: {"cmd":"seek","time":5.37824135039031}
ZmqGateway: dispatching payload to JUCE message thread.
VitHeadlessService: processing queued command on JUCE message thread: {"cmd":"seek","time":5.37824135039031}
Command received: {"cmd":"seek","time":5.37824135039031}
CommandDispatcher::handleSeek: position set to 5.3782s
Command executed: seek, result: {
  "status": "ok",
  "message": "Seek executed",
  "position_seconds": 5.37824135039031
}
VitHeadlessService: command reply (truncated): {
  "status": "ok",
  "message": "Seek executed",
  "position_seconds": 5.37824135039031
}
ZmqGateway: received command payload: {"cmd":"seek","time":5.31606510593566}
ZmqGateway: dispatching payload to JUCE message thread.
VitHeadlessService: processing queued command on JUCE message thread: {"cmd":"seek","time":5.31606510593566}
Command received: {"cmd":"seek","time":5.31606510593566}
CommandDispatcher::handleSeek: position set to 5.3161s
Command executed: seek, result: {
  "status": "ok",
  "message": "Seek executed",
  "position_seconds": 5.31606510593566
}
VitHeadlessService: command reply (truncated): {
  "status": "ok",
  "message": "Seek executed",
  "position_seconds": 5.31606510593566
}
ZmqGateway: received command payload: {"cmd":"seek","time":5.25388886148101}
ZmqGateway: dispatching payload to JUCE message thread.
VitHeadlessService: processing queued command on JUCE message thread: {"cmd":"seek","time":5.25388886148101}
Command received: {"cmd":"seek","time":5.25388886148101}
CommandDispatcher::handleSeek: position set to 5.2539s
Command executed: seek, result: {
  "status": "ok",
  "message": "Seek executed",
  "position_seconds": 5.25388886148101
}
VitHeadlessService: command reply (truncated): {
  "status": "ok",
  "message": "Seek executed",
  "position_seconds": 5.25388886148101
}
ZmqGateway: received command payload: {"cmd":"seek","time":5.20725667814003}
ZmqGateway: dispatching payload to JUCE message thread.
VitHeadlessService: processing queued command on JUCE message thread: {"cmd":"seek","time":5.20725667814003}
Command received: {"cmd":"seek","time":5.20725667814003}
CommandDispatcher::handleSeek: position set to 5.2073s
Command executed: seek, result: {
  "status": "ok",
  "message": "Seek executed",
  "position_seconds": 5.20725667814003
}
VitHeadlessService: command reply (truncated): {
  "status": "ok",
  "message": "Seek executed",
  "position_seconds": 5.20725667814003
}
ZmqGateway: received command payload: {"cmd":"seek","time":5.14508043368538}
ZmqGateway: dispatching payload to JUCE message thread.
VitHeadlessService: processing queued command on JUCE message thread: {"cmd":"seek","time":5.14508043368538}
Command received: {"cmd":"seek","time":5.14508043368538}
CommandDispatcher::handleSeek: position set to 5.1451s
Command executed: seek, result: {
  "status": "ok",
  "message": "Seek executed",
  "position_seconds": 5.14508043368538
}
VitHeadlessService: command reply (truncated): {
  "status": "ok",
  "message": "Seek executed",
  "position_seconds": 5.14508043368538
}
ZmqGateway: received command payload: {"cmd":"seek","time":5.09844825034439}
ZmqGateway: dispatching payload to JUCE message thread.
VitHeadlessService: processing queued command on JUCE message thread: {"cmd":"seek","time":5.09844825034439}
Command received: {"cmd":"seek","time":5.09844825034439}
CommandDispatcher::handleSeek: position set to 5.0984s
Command executed: seek, result: {
  "status": "ok",
  "message": "Seek executed",
  "position_seconds": 5.09844825034439
}
VitHeadlessService: command reply (truncated): {
  "status": "ok",
  "message": "Seek executed",
  "position_seconds": 5.09844825034439
}
ZmqGateway: received command payload: {"cmd":"seek","time":5.0518160670034}
ZmqGateway: dispatching payload to JUCE message thread.
VitHeadlessService: processing queued command on JUCE message thread: {"cmd":"seek","time":5.0518160670034}
Command received: {"cmd":"seek","time":5.0518160670034}
CommandDispatcher::handleSeek: position set to 5.0518s
Command executed: seek, result: {
  "status": "ok",
  "message": "Seek executed",
  "position_seconds": 5.0518160670034
}
VitHeadlessService: command reply (truncated): {
  "status": "ok",
  "message": "Seek executed",
  "position_seconds": 5.0518160670034
}
ZmqGateway: received command payload: {"cmd":"seek","time":5.02072794477608}
ZmqGateway: dispatching payload to JUCE message thread.
VitHeadlessService: processing queued command on JUCE message thread: {"cmd":"seek","time":5.02072794477608}
Command received: {"cmd":"seek","time":5.02072794477608}
CommandDispatcher::handleSeek: position set to 5.0207s
Command executed: seek, result: {
  "status": "ok",
  "message": "Seek executed",
  "position_seconds": 5.02072794477608
}
VitHeadlessService: command reply (truncated): {
  "status": "ok",
  "message": "Seek executed",
  "position_seconds": 5.02072794477608
}
ZmqGateway: received command payload: {"cmd":"seek","time":4.98963982254876}
ZmqGateway: dispatching payload to JUCE message thread.
VitHeadlessService: processing queued command on JUCE message thread: {"cmd":"seek","time":4.98963982254876}
Command received: {"cmd":"seek","time":4.98963982254876}
CommandDispatcher::handleSeek: position set to 4.9896s
Command executed: seek, result: {
  "status": "ok",
  "message": "Seek executed",
  "position_seconds": 4.98963982254876
}
VitHeadlessService: command reply (truncated): {
  "status": "ok",
  "message": "Seek executed",
  "position_seconds": 4.98963982254876
}
ZmqGateway: received command payload: {"cmd":"seek","time":4.97409576143509}
ZmqGateway: dispatching payload to JUCE message thread.
VitHeadlessService: processing queued command on JUCE message thread: {"cmd":"seek","time":4.97409576143509}
Command received: {"cmd":"seek","time":4.97409576143509}
CommandDispatcher::handleSeek: position set to 4.9741s
Command executed: seek, result: {
  "status": "ok",
  "message": "Seek executed",
  "position_seconds": 4.97409576143509
}
VitHeadlessService: command reply (truncated): {
  "status": "ok",
  "message": "Seek executed",
  "position_seconds": 4.97409576143509
}
ZmqGateway: received command payload: {"cmd":"seek","time":4.95855170032143}
ZmqGateway: dispatching payload to JUCE message thread.
VitHeadlessService: processing queued command on JUCE message thread: {"cmd":"seek","time":4.95855170032143}
Command received: {"cmd":"seek","time":4.95855170032143}
CommandDispatcher::handleSeek: position set to 4.9586s
Command executed: seek, result: {
  "status": "ok",
  "message": "Seek executed",
  "position_seconds": 4.95855170032143
}
VitHeadlessService: command reply (truncated): {
  "status": "ok",
  "message": "Seek executed",
  "position_seconds": 4.95855170032143
}
ZmqGateway: received command payload: {"cmd":"seek","time":5.03627200588974}
ZmqGateway: dispatching payload to JUCE message thread.
VitHeadlessService: processing queued command on JUCE message thread: {"cmd":"seek","time":5.03627200588974}
Command received: {"cmd":"seek","time":5.03627200588974}
CommandDispatcher::handleSeek: position set to 5.0363s
Command executed: seek, result: {
  "status": "ok",
  "message": "Seek executed",
  "position_seconds": 5.03627200588974
}
VitHeadlessService: command reply (truncated): {
  "status": "ok",
  "message": "Seek executed",
  "position_seconds": 5.03627200588974
}
ZmqGateway: received command payload: {"cmd":"seek","time":5.16062449479904}
ZmqGateway: dispatching payload to JUCE message thread.
VitHeadlessService: processing queued command on JUCE message thread: {"cmd":"seek","time":5.16062449479904}
Command received: {"cmd":"seek","time":5.16062449479904}
CommandDispatcher::handleSeek: position set to 5.1606s
Command executed: seek, result: {
  "status": "ok",
  "message": "Seek executed",
  "position_seconds": 5.16062449479904
}
VitHeadlessService: command reply (truncated): {
  "status": "ok",
  "message": "Seek executed",
  "position_seconds": 5.16062449479904
}
ZmqGateway: received command payload: {"cmd":"seek","time":5.28497698370834}
ZmqGateway: dispatching payload to JUCE message thread.
VitHeadlessService: processing queued command on JUCE message thread: {"cmd":"seek","time":5.28497698370834}
Command received: {"cmd":"seek","time":5.28497698370834}
CommandDispatcher::handleSeek: position set to 5.2850s
Command executed: seek, result: {
  "status": "ok",
  "message": "Seek executed",
  "position_seconds": 5.28497698370834
}
VitHeadlessService: command reply (truncated): {
  "status": "ok",
  "message": "Seek executed",
  "position_seconds": 5.28497698370834
}
ZmqGateway: received command payload: {"cmd":"seek","time":5.45596165595862}
ZmqGateway: dispatching payload to JUCE message thread.
VitHeadlessService: processing queued command on JUCE message thread: {"cmd":"seek","time":5.45596165595862}
Command received: {"cmd":"seek","time":5.45596165595862}
CommandDispatcher::handleSeek: position set to 5.4560s
Command executed: seek, result: {
  "status": "ok",
  "message": "Seek executed",
  "position_seconds": 5.45596165595862
}
VitHeadlessService: command reply (truncated): {
  "status": "ok",
  "message": "Seek executed",
  "position_seconds": 5.45596165595862
}
ZmqGateway: received command payload: {"cmd":"seek","time":5.6269463282089}
ZmqGateway: dispatching payload to JUCE message thread.
VitHeadlessService: processing queued command on JUCE message thread: {"cmd":"seek","time":5.6269463282089}
Command received: {"cmd":"seek","time":5.6269463282089}
CommandDispatcher::handleSeek: position set to 5.6269s
Command executed: seek, result: {
  "status": "ok",
  "message": "Seek executed",
  "position_seconds": 5.6269463282089
}
VitHeadlessService: command reply (truncated): {
  "status": "ok",
  "message": "Seek executed",
  "position_seconds": 5.6269463282089
}
ZmqGateway: received command payload: {"cmd":"seek","time":5.82901912268651}
ZmqGateway: dispatching payload to JUCE message thread.
VitHeadlessService: processing queued command on JUCE message thread: {"cmd":"seek","time":5.82901912268651}
Command received: {"cmd":"seek","time":5.82901912268651}
CommandDispatcher::handleSeek: position set to 5.8290s
Command executed: seek, result: {
  "status": "ok",
  "message": "Seek executed",
  "position_seconds": 5.82901912268651
}
VitHeadlessService: command reply (truncated): {
  "status": "ok",
  "message": "Seek executed",
  "position_seconds": 5.82901912268651
}
ZmqGateway: received command payload: {"cmd":"seek","time":6.04663597827778}
ZmqGateway: dispatching payload to JUCE message thread.
VitHeadlessService: processing queued command on JUCE message thread: {"cmd":"seek","time":6.04663597827778}
Command received: {"cmd":"seek","time":6.04663597827778}
CommandDispatcher::handleSeek: position set to 6.0466s
Command executed: seek, result: {
  "status": "ok",
  "message": "Seek executed",
  "position_seconds": 6.04663597827778
}
VitHeadlessService: command reply (truncated): {
  "status": "ok",
  "message": "Seek executed",
  "position_seconds": 6.04663597827778
}
ZmqGateway: received command payload: {"cmd":"seek","time":6.31088501721004}
ZmqGateway: dispatching payload to JUCE message thread.
VitHeadlessService: processing queued command on JUCE message thread: {"cmd":"seek","time":6.31088501721004}
Command received: {"cmd":"seek","time":6.31088501721004}
CommandDispatcher::handleSeek: position set to 6.3109s
Command executed: seek, result: {
  "status": "ok",
  "message": "Seek executed",
  "position_seconds": 6.31088501721004
}
VitHeadlessService: command reply (truncated): {
  "status": "ok",
  "message": "Seek executed",
  "position_seconds": 6.31088501721004
}
ZmqGateway: received command payload: {"cmd":"seek","time":6.55958999502863}
ZmqGateway: dispatching payload to JUCE message thread.
VitHeadlessService: processing queued command on JUCE message thread: {"cmd":"seek","time":6.55958999502863}
Command received: {"cmd":"seek","time":6.55958999502863}
CommandDispatcher::handleSeek: position set to 6.5596s
Command executed: seek, result: {
  "status": "ok",
  "message": "Seek executed",
  "position_seconds": 6.55958999502863
}
VitHeadlessService: command reply (truncated): {
  "status": "ok",
  "message": "Seek executed",
  "position_seconds": 6.55958999502863
}
ZmqGateway: received command payload: {"cmd":"seek","time":6.80829497284723}
ZmqGateway: dispatching payload to JUCE message thread.
VitHeadlessService: processing queued command on JUCE message thread: {"cmd":"seek","time":6.80829497284723}
Command received: {"cmd":"seek","time":6.80829497284723}
CommandDispatcher::handleSeek: position set to 6.8083s
Command executed: seek, result: {
  "status": "ok",
  "message": "Seek executed",
  "position_seconds": 6.80829497284723
}
VitHeadlessService: command reply (truncated): {
  "status": "ok",
  "message": "Seek executed",
  "position_seconds": 6.80829497284723
}
ZmqGateway: received command payload: {"cmd":"seek","time":7.07254401177948}
ZmqGateway: dispatching payload to JUCE message thread.
VitHeadlessService: processing queued command on JUCE message thread: {"cmd":"seek","time":7.07254401177948}
Command received: {"cmd":"seek","time":7.07254401177948}
CommandDispatcher::handleSeek: position set to 7.0725s
Command executed: seek, result: {
  "status": "ok",
  "message": "Seek executed",
  "position_seconds": 7.07254401177948
}
VitHeadlessService: command reply (truncated): {
  "status": "ok",
  "message": "Seek executed",
  "position_seconds": 7.07254401177948
}
ZmqGateway: received command payload: {"cmd":"seek","time":7.33679305071174}
ZmqGateway: dispatching payload to JUCE message thread.
VitHeadlessService: processing queued command on JUCE message thread: {"cmd":"seek","time":7.33679305071174}
Command received: {"cmd":"seek","time":7.33679305071174}
CommandDispatcher::handleSeek: position set to 7.3368s
Command executed: seek, result: {
  "status": "ok",
  "message": "Seek executed",
  "position_seconds": 7.33679305071174
}
VitHeadlessService: command reply (truncated): {
  "status": "ok",
  "message": "Seek executed",
  "position_seconds": 7.33679305071174
}
ZmqGateway: received command payload: {"cmd":"seek","time":7.58549802853033}
ZmqGateway: dispatching payload to JUCE message thread.
VitHeadlessService: processing queued command on JUCE message thread: {"cmd":"seek","time":7.58549802853033}
Command received: {"cmd":"seek","time":7.58549802853033}
CommandDispatcher::handleSeek: position set to 7.5855s
Command executed: seek, result: {
  "status": "ok",
  "message": "Seek executed",
  "position_seconds": 7.58549802853033
}
VitHeadlessService: command reply (truncated): {
  "status": "ok",
  "message": "Seek executed",
  "position_seconds": 7.58549802853033
}
ZmqGateway: received command payload: {"cmd":"seek","time":7.86529112857625}
ZmqGateway: dispatching payload to JUCE message thread.
VitHeadlessService: processing queued command on JUCE message thread: {"cmd":"seek","time":7.86529112857625}
Command received: {"cmd":"seek","time":7.86529112857625}
CommandDispatcher::handleSeek: position set to 7.8653s
Command executed: seek, result: {
  "status": "ok",
  "message": "Seek executed",
  "position_seconds": 7.86529112857625
}
VitHeadlessService: command reply (truncated): {
  "status": "ok",
  "message": "Seek executed",
  "position_seconds": 7.86529112857625
}
ZmqGateway: received command payload: {"cmd":"seek","time":8.08290798416752}
ZmqGateway: dispatching payload to JUCE message thread.
VitHeadlessService: processing queued command on JUCE message thread: {"cmd":"seek","time":8.08290798416752}
Command received: {"cmd":"seek","time":8.08290798416752}
CommandDispatcher::handleSeek: position set to 8.0829s
Command executed: seek, result: {
  "status": "ok",
  "message": "Seek executed",
  "position_seconds": 8.08290798416752
}
VitHeadlessService: command reply (truncated): {
  "status": "ok",
  "message": "Seek executed",
  "position_seconds": 8.08290798416752
}
ZmqGateway: received command payload: {"cmd":"seek","time":8.34715702309978}
ZmqGateway: dispatching payload to JUCE message thread.
VitHeadlessService: processing queued command on JUCE message thread: {"cmd":"seek","time":8.34715702309978}
Command received: {"cmd":"seek","time":8.34715702309978}
CommandDispatcher::handleSeek: position set to 8.3472s
Command executed: seek, result: {
  "status": "ok",
  "message": "Seek executed",
  "position_seconds": 8.347157023099779
}
VitHeadlessService: command reply (truncated): {
  "status": "ok",
  "message": "Seek executed",
  "position_seconds": 8.347157023099779
}
ZmqGateway: received command payload: {"cmd":"seek","time":8.56477387869105}
ZmqGateway: dispatching payload to JUCE message thread.
VitHeadlessService: processing queued command on JUCE message thread: {"cmd":"seek","time":8.56477387869105}
Command received: {"cmd":"seek","time":8.56477387869105}
CommandDispatcher::handleSeek: position set to 8.5648s
Command executed: seek, result: {
  "status": "ok",
  "message": "Seek executed",
  "position_seconds": 8.564773878691049
}
VitHeadlessService: command reply (truncated): {
  "status": "ok",
  "message": "Seek executed",
  "position_seconds": 8.564773878691049
}
ZmqGateway: received command payload: {"cmd":"seek","time":8.81347885650965}
ZmqGateway: dispatching payload to JUCE message thread.
VitHeadlessService: processing queued command on JUCE message thread: {"cmd":"seek","time":8.81347885650965}
Command received: {"cmd":"seek","time":8.81347885650965}
CommandDispatcher::handleSeek: position set to 8.8135s
Command executed: seek, result: {
  "status": "ok",
  "message": "Seek executed",
  "position_seconds": 8.813478856509651
}
VitHeadlessService: command reply (truncated): {
  "status": "ok",
  "message": "Seek executed",
  "position_seconds": 8.813478856509651
}
ZmqGateway: received command payload: {"cmd":"seek","time":9.01555165098725}
ZmqGateway: dispatching payload to JUCE message thread.
VitHeadlessService: processing queued command on JUCE message thread: {"cmd":"seek","time":9.01555165098725}
Command received: {"cmd":"seek","time":9.01555165098725}
CommandDispatcher::handleSeek: position set to 9.0156s
Command executed: seek, result: {
  "status": "ok",
  "message": "Seek executed",
  "position_seconds": 9.01555165098725
}
VitHeadlessService: command reply (truncated): {
  "status": "ok",
  "message": "Seek executed",
  "position_seconds": 9.01555165098725
}
ZmqGateway: received command payload: {"cmd":"seek","time":9.21762444546486}
ZmqGateway: dispatching payload to JUCE message thread.
VitHeadlessService: processing queued command on JUCE message thread: {"cmd":"seek","time":9.21762444546486}
Command received: {"cmd":"seek","time":9.21762444546486}
CommandDispatcher::handleSeek: position set to 9.2176s
Command executed: seek, result: {
  "status": "ok",
  "message": "Seek executed",
  "position_seconds": 9.21762444546486
}
VitHeadlessService: command reply (truncated): {
  "status": "ok",
  "message": "Seek executed",
  "position_seconds": 9.21762444546486
}
ZmqGateway: received command payload: {"cmd":"seek","time":9.38860911771514}
ZmqGateway: dispatching payload to JUCE message thread.
VitHeadlessService: processing queued command on JUCE message thread: {"cmd":"seek","time":9.38860911771514}
Command received: {"cmd":"seek","time":9.38860911771514}
CommandDispatcher::handleSeek: position set to 9.3886s
Command executed: seek, result: {
  "status": "ok",
  "message": "Seek executed",
  "position_seconds": 9.38860911771514
}
VitHeadlessService: command reply (truncated): {
  "status": "ok",
  "message": "Seek executed",
  "position_seconds": 9.38860911771514
}
ZmqGateway: received command payload: {"cmd":"seek","time":9.55959378996543}
ZmqGateway: dispatching payload to JUCE message thread.
VitHeadlessService: processing queued command on JUCE message thread: {"cmd":"seek","time":9.55959378996543}
Command received: {"cmd":"seek","time":9.55959378996543}
CommandDispatcher::handleSeek: position set to 9.5596s
Command executed: seek, result: {
  "status": "ok",
  "message": "Seek executed",
  "position_seconds": 9.55959378996543
}
VitHeadlessService: command reply (truncated): {
  "status": "ok",
  "message": "Seek executed",
  "position_seconds": 9.55959378996543
}
ZmqGateway: received command payload: {"cmd":"seek","time":9.69949033998839}
ZmqGateway: dispatching payload to JUCE message thread.
VitHeadlessService: processing queued command on JUCE message thread: {"cmd":"seek","time":9.69949033998839}
Command received: {"cmd":"seek","time":9.69949033998839}
CommandDispatcher::handleSeek: position set to 9.6995s
Command executed: seek, result: {
  "status": "ok",
  "message": "Seek executed",
  "position_seconds": 9.69949033998839
}
VitHeadlessService: command reply (truncated): {
  "status": "ok",
  "message": "Seek executed",
  "position_seconds": 9.69949033998839
}
ZmqGateway: received command payload: {"cmd":"seek","time":9.82384282889769}
ZmqGateway: dispatching payload to JUCE message thread.
VitHeadlessService: processing queued command on JUCE message thread: {"cmd":"seek","time":9.82384282889769}
Command received: {"cmd":"seek","time":9.82384282889769}
CommandDispatcher::handleSeek: position set to 9.8238s
Command executed: seek, result: {
  "status": "ok",
  "message": "Seek executed",
  "position_seconds": 9.823842828897689
}
VitHeadlessService: command reply (truncated): {
  "status": "ok",
  "message": "Seek executed",
  "position_seconds": 9.823842828897689
}
ZmqGateway: received command payload: {"cmd":"seek","time":9.94819531780698}
ZmqGateway: dispatching payload to JUCE message thread.
VitHeadlessService: processing queued command on JUCE message thread: {"cmd":"seek","time":9.94819531780698}
Command received: {"cmd":"seek","time":9.94819531780698}
CommandDispatcher::handleSeek: position set to 9.9482s
Command executed: seek, result: {
  "status": "ok",
  "message": "Seek executed",
  "position_seconds": 9.948195317806981
}
VitHeadlessService: command reply (truncated): {
  "status": "ok",
  "message": "Seek executed",
  "position_seconds": 9.948195317806981
}
ZmqGateway: received command payload: {"cmd":"seek","time":10.041459684489}
ZmqGateway: dispatching payload to JUCE message thread.
VitHeadlessService: processing queued command on JUCE message thread: {"cmd":"seek","time":10.041459684489}
Command received: {"cmd":"seek","time":10.041459684489}
CommandDispatcher::handleSeek: position set to 10.0415s
Command executed: seek, result: {
  "status": "ok",
  "message": "Seek executed",
  "position_seconds": 10.041459684489
}
VitHeadlessService: command reply (truncated): {
  "status": "ok",
  "message": "Seek executed",
  "position_seconds": 10.041459684489
}
ZmqGateway: received command payload: {"cmd":"seek","time":10.1036359289436}
ZmqGateway: dispatching payload to JUCE message thread.
VitHeadlessService: processing queued command on JUCE message thread: {"cmd":"seek","time":10.1036359289436}
Command received: {"cmd":"seek","time":10.1036359289436}
CommandDispatcher::handleSeek: position set to 10.1036s
Command executed: seek, result: {
  "status": "ok",
  "message": "Seek executed",
  "position_seconds": 10.1036359289436
}
VitHeadlessService: command reply (truncated): {
  "status": "ok",
  "message": "Seek executed",
  "position_seconds": 10.1036359289436
}
ZmqGateway: received command payload: {"cmd":"seek","time":10.1658121733983}
ZmqGateway: dispatching payload to JUCE message thread.
VitHeadlessService: processing queued command on JUCE message thread: {"cmd":"seek","time":10.1658121733983}
Command received: {"cmd":"seek","time":10.1658121733983}
CommandDispatcher::handleSeek: position set to 10.1658s
Command executed: seek, result: {
  "status": "ok",
  "message": "Seek executed",
  "position_seconds": 10.165812173398299
}
VitHeadlessService: command reply (truncated): {
  "status": "ok",
  "message": "Seek executed",
  "position_seconds": 10.165812173398299
}
ZmqGateway: received command payload: {"cmd":"seek","time":10.2124443567392}
ZmqGateway: dispatching payload to JUCE message thread.
VitHeadlessService: processing queued command on JUCE message thread: {"cmd":"seek","time":10.2124443567392}
Command received: {"cmd":"seek","time":10.2124443567392}
CommandDispatcher::handleSeek: position set to 10.2124s
Command executed: seek, result: {
  "status": "ok",
  "message": "Seek executed",
  "position_seconds": 10.2124443567392
}
VitHeadlessService: command reply (truncated): {
  "status": "ok",
  "message": "Seek executed",
  "position_seconds": 10.2124443567392
}
ZmqGateway: received command payload: {"cmd":"seek","time":10.2279884178529}
ZmqGateway: dispatching payload to JUCE message thread.
VitHeadlessService: processing queued command on JUCE message thread: {"cmd":"seek","time":10.2279884178529}
Command received: {"cmd":"seek","time":10.2279884178529}
CommandDispatcher::handleSeek: position set to 10.2280s
Command executed: seek, result: {
  "status": "ok",
  "message": "Seek executed",
  "position_seconds": 10.227988417852901
}
VitHeadlessService: command reply (truncated): {
  "status": "ok",
  "message": "Seek executed",
  "position_seconds": 10.227988417852901
}
ZmqGateway: received command payload: {"cmd":"seek","time":10.2435324789666}
ZmqGateway: dispatching payload to JUCE message thread.
VitHeadlessService: processing queued command on JUCE message thread: {"cmd":"seek","time":10.2435324789666}
Command received: {"cmd":"seek","time":10.2435324789666}
CommandDispatcher::handleSeek: position set to 10.2435s
Command executed: seek, result: {
  "status": "ok",
  "message": "Seek executed",
  "position_seconds": 10.2435324789666
}
VitHeadlessService: command reply (truncated): {
  "status": "ok",
  "message": "Seek executed",
  "position_seconds": 10.2435324789666
}
ZmqGateway: received command payload: {"cmd":"seek","time":10.2279884178529}
ZmqGateway: dispatching payload to JUCE message thread.
VitHeadlessService: processing queued command on JUCE message thread: {"cmd":"seek","time":10.2279884178529}
Command received: {"cmd":"seek","time":10.2279884178529}
CommandDispatcher::handleSeek: position set to 10.2280s
Command executed: seek, result: {
  "status": "ok",
  "message": "Seek executed",
  "position_seconds": 10.227988417852901
}
VitHeadlessService: command reply (truncated): {
  "status": "ok",
  "message": "Seek executed",
  "position_seconds": 10.227988417852901
}
ZmqGateway: received command payload: {"cmd":"seek","time":10.1658121733983}
ZmqGateway: dispatching payload to JUCE message thread.
VitHeadlessService: processing queued command on JUCE message thread: {"cmd":"seek","time":10.1658121733983}
Command received: {"cmd":"seek","time":10.1658121733983}
CommandDispatcher::handleSeek: position set to 10.1658s
Command executed: seek, result: {
  "status": "ok",
  "message": "Seek executed",
  "position_seconds": 10.165812173398299
}
VitHeadlessService: command reply (truncated): {
  "status": "ok",
  "message": "Seek executed",
  "position_seconds": 10.165812173398299
}
ZmqGateway: received command payload: {"cmd":"seek","time":10.0725478067163}
ZmqGateway: dispatching payload to JUCE message thread.
VitHeadlessService: processing queued command on JUCE message thread: {"cmd":"seek","time":10.0725478067163}
Command received: {"cmd":"seek","time":10.0725478067163}
CommandDispatcher::handleSeek: position set to 10.0725s
Command executed: seek, result: {
  "status": "ok",
  "message": "Seek executed",
  "position_seconds": 10.072547806716299
}
VitHeadlessService: command reply (truncated): {
  "status": "ok",
  "message": "Seek executed",
  "position_seconds": 10.072547806716299
}
ZmqGateway: received command payload: {"cmd":"seek","time":9.97928344003431}
ZmqGateway: dispatching payload to JUCE message thread.
VitHeadlessService: processing queued command on JUCE message thread: {"cmd":"seek","time":9.97928344003431}
Command received: {"cmd":"seek","time":9.97928344003431}
CommandDispatcher::handleSeek: position set to 9.9793s
Command executed: seek, result: {
  "status": "ok",
  "message": "Seek executed",
  "position_seconds": 9.97928344003431
}
VitHeadlessService: command reply (truncated): {
  "status": "ok",
  "message": "Seek executed",
  "position_seconds": 9.97928344003431
}
ZmqGateway: received command payload: {"cmd":"seek","time":9.85493095112501}
ZmqGateway: dispatching payload to JUCE message thread.
VitHeadlessService: processing queued command on JUCE message thread: {"cmd":"seek","time":9.85493095112501}
Command received: {"cmd":"seek","time":9.85493095112501}
CommandDispatcher::handleSeek: position set to 9.8549s
Command executed: seek, result: {
  "status": "ok",
  "message": "Seek executed",
  "position_seconds": 9.854930951125009
}
VitHeadlessService: command reply (truncated): {
  "status": "ok",
  "message": "Seek executed",
  "position_seconds": 9.854930951125009
}
ZmqGateway: received command payload: {"cmd":"seek","time":9.74612252332937}
ZmqGateway: dispatching payload to JUCE message thread.
VitHeadlessService: processing queued command on JUCE message thread: {"cmd":"seek","time":9.74612252332937}
Command received: {"cmd":"seek","time":9.74612252332937}
CommandDispatcher::handleSeek: position set to 9.7461s
Command executed: seek, result: {
  "status": "ok",
  "message": "Seek executed",
  "position_seconds": 9.746122523329371
}
VitHeadlessService: command reply (truncated): {
  "status": "ok",
  "message": "Seek executed",
  "position_seconds": 9.746122523329371
}
ZmqGateway: received command payload: {"cmd":"seek","time":9.62177003442008}
ZmqGateway: dispatching payload to JUCE message thread.
VitHeadlessService: processing queued command on JUCE message thread: {"cmd":"seek","time":9.62177003442008}
Command received: {"cmd":"seek","time":9.62177003442008}
CommandDispatcher::handleSeek: position set to 9.6218s
Command executed: seek, result: {
  "status": "ok",
  "message": "Seek executed",
  "position_seconds": 9.621770034420081
}
VitHeadlessService: command reply (truncated): {
  "status": "ok",
  "message": "Seek executed",
  "position_seconds": 9.621770034420081
}
ZmqGateway: received command payload: {"cmd":"seek","time":9.49741754551078}
ZmqGateway: dispatching payload to JUCE message thread.
VitHeadlessService: processing queued command on JUCE message thread: {"cmd":"seek","time":9.49741754551078}
Command received: {"cmd":"seek","time":9.49741754551078}
CommandDispatcher::handleSeek: position set to 9.4974s
Command executed: seek, result: {
  "status": "ok",
  "message": "Seek executed",
  "position_seconds": 9.49741754551078
}
VitHeadlessService: command reply (truncated): {
  "status": "ok",
  "message": "Seek executed",
  "position_seconds": 9.49741754551078
}
ZmqGateway: received command payload: {"cmd":"seek","time":9.37306505660148}
ZmqGateway: dispatching payload to JUCE message thread.
VitHeadlessService: processing queued command on JUCE message thread: {"cmd":"seek","time":9.37306505660148}
Command received: {"cmd":"seek","time":9.37306505660148}
CommandDispatcher::handleSeek: position set to 9.3731s
Command executed: seek, result: {
  "status": "ok",
  "message": "Seek executed",
  "position_seconds": 9.373065056601479
}
VitHeadlessService: command reply (truncated): {
  "status": "ok",
  "message": "Seek executed",
  "position_seconds": 9.373065056601479
}
ZmqGateway: received command payload: {"cmd":"seek","time":9.24871256769219}
ZmqGateway: dispatching payload to JUCE message thread.
VitHeadlessService: processing queued command on JUCE message thread: {"cmd":"seek","time":9.24871256769219}
Command received: {"cmd":"seek","time":9.24871256769219}
CommandDispatcher::handleSeek: position set to 9.2487s
Command executed: seek, result: {
  "status": "ok",
  "message": "Seek executed",
  "position_seconds": 9.24871256769219
}
VitHeadlessService: command reply (truncated): {
  "status": "ok",
  "message": "Seek executed",
  "position_seconds": 9.24871256769219
}
ZmqGateway: received command payload: {"cmd":"seek","time":9.13990413989655}
ZmqGateway: dispatching payload to JUCE message thread.
VitHeadlessService: processing queued command on JUCE message thread: {"cmd":"seek","time":9.13990413989655}
Command received: {"cmd":"seek","time":9.13990413989655}
CommandDispatcher::handleSeek: position set to 9.1399s
Command executed: seek, result: {
  "status": "ok",
  "message": "Seek executed",
  "position_seconds": 9.139904139896551
}
VitHeadlessService: command reply (truncated): {
  "status": "ok",
  "message": "Seek executed",
  "position_seconds": 9.139904139896551
}
ZmqGateway: received command payload: {"cmd":"seek","time":9.04663977321458}
ZmqGateway: dispatching payload to JUCE message thread.
VitHeadlessService: processing queued command on JUCE message thread: {"cmd":"seek","time":9.04663977321458}
Command received: {"cmd":"seek","time":9.04663977321458}
CommandDispatcher::handleSeek: position set to 9.0466s
Command executed: seek, result: {
  "status": "ok",
  "message": "Seek executed",
  "position_seconds": 9.046639773214579
}
VitHeadlessService: command reply (truncated): {
  "status": "ok",
  "message": "Seek executed",
  "position_seconds": 9.046639773214579
}
ZmqGateway: received command payload: {"cmd":"seek","time":8.96891946764627}
ZmqGateway: dispatching payload to JUCE message thread.
VitHeadlessService: processing queued command on JUCE message thread: {"cmd":"seek","time":8.96891946764627}
Command received: {"cmd":"seek","time":8.96891946764627}
CommandDispatcher::handleSeek: position set to 8.9689s
Command executed: seek, result: {
  "status": "ok",
  "message": "Seek executed",
  "position_seconds": 8.96891946764627
}
VitHeadlessService: command reply (truncated): {
  "status": "ok",
  "message": "Seek executed",
  "position_seconds": 8.96891946764627
}
ZmqGateway: received command payload: {"cmd":"seek","time":8.90674322319162}
ZmqGateway: dispatching payload to JUCE message thread.
VitHeadlessService: processing queued command on JUCE message thread: {"cmd":"seek","time":8.90674322319162}
Command received: {"cmd":"seek","time":8.90674322319162}
CommandDispatcher::handleSeek: position set to 8.9067s
Command executed: seek, result: {
  "status": "ok",
  "message": "Seek executed",
  "position_seconds": 8.90674322319162
}
VitHeadlessService: command reply (truncated): {
  "status": "ok",
  "message": "Seek executed",
  "position_seconds": 8.90674322319162
}
ZmqGateway: received command payload: {"cmd":"seek","time":8.87565510096429}
ZmqGateway: dispatching payload to JUCE message thread.
VitHeadlessService: processing queued command on JUCE message thread: {"cmd":"seek","time":8.87565510096429}
Command received: {"cmd":"seek","time":8.87565510096429}
CommandDispatcher::handleSeek: position set to 8.8757s
Command executed: seek, result: {
  "status": "ok",
  "message": "Seek executed",
  "position_seconds": 8.875655100964289
}
VitHeadlessService: command reply (truncated): {
  "status": "ok",
  "message": "Seek executed",
  "position_seconds": 8.875655100964289
}
ZmqGateway: received command payload: {"cmd":"seek","time":8.86011103985063}
ZmqGateway: dispatching payload to JUCE message thread.
VitHeadlessService: processing queued command on JUCE message thread: {"cmd":"seek","time":8.86011103985063}
Command received: {"cmd":"seek","time":8.86011103985063}
CommandDispatcher::handleSeek: position set to 8.8601s
Command executed: seek, result: {
  "status": "ok",
  "message": "Seek executed",
  "position_seconds": 8.860111039850629
}
VitHeadlessService: command reply (truncated): {
  "status": "ok",
  "message": "Seek executed",
  "position_seconds": 8.860111039850629
}
ZmqGateway: received command payload: {"cmd":"seek","time":8.82902291762331}
ZmqGateway: dispatching payload to JUCE message thread.
VitHeadlessService: processing queued command on JUCE message thread: {"cmd":"seek","time":8.82902291762331}
Command received: {"cmd":"seek","time":8.82902291762331}
CommandDispatcher::handleSeek: position set to 8.8290s
Command executed: seek, result: {
  "status": "ok",
  "message": "Seek executed",
  "position_seconds": 8.829022917623311
}
VitHeadlessService: command reply (truncated): {
  "status": "ok",
  "message": "Seek executed",
  "position_seconds": 8.829022917623311
}
ZmqGateway: received command payload: {"cmd":"seek","time":8.81347885650965}
ZmqGateway: dispatching payload to JUCE message thread.
VitHeadlessService: processing queued command on JUCE message thread: {"cmd":"seek","time":8.81347885650965}
Command received: {"cmd":"seek","time":8.81347885650965}
CommandDispatcher::handleSeek: position set to 8.8135s
Command executed: seek, result: {
  "status": "ok",
  "message": "Seek executed",
  "position_seconds": 8.813478856509651
}
VitHeadlessService: command reply (truncated): {
  "status": "ok",
  "message": "Seek executed",
  "position_seconds": 8.813478856509651
}
ZmqGateway: received command payload: {"cmd":"seek","time":8.79793479539598}
ZmqGateway: dispatching payload to JUCE message thread.
VitHeadlessService: processing queued command on JUCE message thread: {"cmd":"seek","time":8.79793479539598}
Command received: {"cmd":"seek","time":8.79793479539598}
CommandDispatcher::handleSeek: position set to 8.7979s
Command executed: seek, result: {
  "status": "ok",
  "message": "Seek executed",
  "position_seconds": 8.79793479539598
}
VitHeadlessService: command reply (truncated): {
  "status": "ok",
  "message": "Seek executed",
  "position_seconds": 8.79793479539598
}
ZmqGateway: received command payload: {"cmd":"seek","time":8.76684667316866}
ZmqGateway: dispatching payload to JUCE message thread.
VitHeadlessService: processing queued command on JUCE message thread: {"cmd":"seek","time":8.76684667316866}
Command received: {"cmd":"seek","time":8.76684667316866}
CommandDispatcher::handleSeek: position set to 8.7668s
Command executed: seek, result: {
  "status": "ok",
  "message": "Seek executed",
  "position_seconds": 8.76684667316866
}
VitHeadlessService: command reply (truncated): {
  "status": "ok",
  "message": "Seek executed",
  "position_seconds": 8.76684667316866
}
ZmqGateway: received command payload: {"cmd":"seek","time":8.73575855094133}
ZmqGateway: dispatching payload to JUCE message thread.
VitHeadlessService: processing queued command on JUCE message thread: {"cmd":"seek","time":8.73575855094133}
Command received: {"cmd":"seek","time":8.73575855094133}
CommandDispatcher::handleSeek: position set to 8.7358s
Command executed: seek, result: {
  "status": "ok",
  "message": "Seek executed",
  "position_seconds": 8.73575855094133
}
VitHeadlessService: command reply (truncated): {
  "status": "ok",
  "message": "Seek executed",
  "position_seconds": 8.73575855094133
}
ZmqGateway: received command payload: {"cmd":"seek","time":8.70467042871401}
ZmqGateway: dispatching payload to JUCE message thread.
VitHeadlessService: processing queued command on JUCE message thread: {"cmd":"seek","time":8.70467042871401}
Command received: {"cmd":"seek","time":8.70467042871401}
CommandDispatcher::handleSeek: position set to 8.7047s
Command executed: seek, result: {
  "status": "ok",
  "message": "Seek executed",
  "position_seconds": 8.70467042871401
}
VitHeadlessService: command reply (truncated): {
  "status": "ok",
  "message": "Seek executed",
  "position_seconds": 8.70467042871401
}
ZmqGateway: received command payload: {"cmd":"seek","time":8.64249418425936}
ZmqGateway: dispatching payload to JUCE message thread.
VitHeadlessService: processing queued command on JUCE message thread: {"cmd":"seek","time":8.64249418425936}
Command received: {"cmd":"seek","time":8.64249418425936}
CommandDispatcher::handleSeek: position set to 8.6425s
Command executed: seek, result: {
  "status": "ok",
  "message": "Seek executed",
  "position_seconds": 8.642494184259361
}
VitHeadlessService: command reply (truncated): {
  "status": "ok",
  "message": "Seek executed",
  "position_seconds": 8.642494184259361
}
ZmqGateway: received command payload: {"cmd":"seek","time":8.61140606203204}
ZmqGateway: dispatching payload to JUCE message thread.
VitHeadlessService: processing queued command on JUCE message thread: {"cmd":"seek","time":8.61140606203204}
Command received: {"cmd":"seek","time":8.61140606203204}
CommandDispatcher::handleSeek: position set to 8.6114s
Command executed: seek, result: {
  "status": "ok",
  "message": "Seek executed",
  "position_seconds": 8.611406062032041
}
VitHeadlessService: command reply (truncated): {
  "status": "ok",
  "message": "Seek executed",
  "position_seconds": 8.611406062032041
}
ZmqGateway: received command payload: {"cmd":"seek","time":8.56477387869105}
ZmqGateway: dispatching payload to JUCE message thread.
VitHeadlessService: processing queued command on JUCE message thread: {"cmd":"seek","time":8.56477387869105}
Command received: {"cmd":"seek","time":8.56477387869105}
CommandDispatcher::handleSeek: position set to 8.5648s
Command executed: seek, result: {
  "status": "ok",
  "message": "Seek executed",
  "position_seconds": 8.564773878691049
}
VitHeadlessService: command reply (truncated): {
  "status": "ok",
  "message": "Seek executed",
  "position_seconds": 8.564773878691049
}
ZmqGateway: received command payload: {"cmd":"seek","time":8.53368575646373}
ZmqGateway: dispatching payload to JUCE message thread.
VitHeadlessService: processing queued command on JUCE message thread: {"cmd":"seek","time":8.53368575646373}
Command received: {"cmd":"seek","time":8.53368575646373}
CommandDispatcher::handleSeek: position set to 8.5337s
Command executed: seek, result: {
  "status": "ok",
  "message": "Seek executed",
  "position_seconds": 8.533685756463729
}
VitHeadlessService: command reply (truncated): {
  "status": "ok",
  "message": "Seek executed",
  "position_seconds": 8.533685756463729
}
ZmqGateway: received command payload: {"cmd":"seek","time":8.54922981757739}
ZmqGateway: dispatching payload to JUCE message thread.
VitHeadlessService: processing queued command on JUCE message thread: {"cmd":"seek","time":8.54922981757739}
Command received: {"cmd":"seek","time":8.54922981757739}
CommandDispatcher::handleSeek: position set to 8.5492s
Command executed: seek, result: {
  "status": "ok",
  "message": "Seek executed",
  "position_seconds": 8.549229817577389
}
VitHeadlessService: command reply (truncated): {
  "status": "ok",
  "message": "Seek executed",
  "position_seconds": 8.549229817577389
}
ZmqGateway: received command payload: {"cmd":"seek","time":8.59586200091838}
ZmqGateway: dispatching payload to JUCE message thread.
VitHeadlessService: processing queued command on JUCE message thread: {"cmd":"seek","time":8.59586200091838}
Command received: {"cmd":"seek","time":8.59586200091838}
CommandDispatcher::handleSeek: position set to 8.5959s
Command executed: seek, result: {
  "status": "ok",
  "message": "Seek executed",
  "position_seconds": 8.59586200091838
}
VitHeadlessService: command reply (truncated): {
  "status": "ok",
  "message": "Seek executed",
  "position_seconds": 8.59586200091838
}
ZmqGateway: received command payload: {"cmd":"seek","time":8.64249418425936}
ZmqGateway: dispatching payload to JUCE message thread.
VitHeadlessService: processing queued command on JUCE message thread: {"cmd":"seek","time":8.64249418425936}
Command received: {"cmd":"seek","time":8.64249418425936}
CommandDispatcher::handleSeek: position set to 8.6425s
Command executed: seek, result: {
  "status": "ok",
  "message": "Seek executed",
  "position_seconds": 8.642494184259361
}
VitHeadlessService: command reply (truncated): {
  "status": "ok",
  "message": "Seek executed",
  "position_seconds": 8.642494184259361
}
ZmqGateway: received command payload: {"cmd":"seek","time":8.70467042871401}
ZmqGateway: dispatching payload to JUCE message thread.
VitHeadlessService: processing queued command on JUCE message thread: {"cmd":"seek","time":8.70467042871401}
Command received: {"cmd":"seek","time":8.70467042871401}
CommandDispatcher::handleSeek: position set to 8.7047s
Command executed: seek, result: {
  "status": "ok",
  "message": "Seek executed",
  "position_seconds": 8.70467042871401
}
VitHeadlessService: command reply (truncated): {
  "status": "ok",
  "message": "Seek executed",
  "position_seconds": 8.70467042871401
}
ZmqGateway: received command payload: {"cmd":"seek","time":8.751302612055}
ZmqGateway: dispatching payload to JUCE message thread.
VitHeadlessService: processing queued command on JUCE message thread: {"cmd":"seek","time":8.751302612055}
Command received: {"cmd":"seek","time":8.751302612055}
CommandDispatcher::handleSeek: position set to 8.7513s
Command executed: seek, result: {
  "status": "ok",
  "message": "Seek executed",
  "position_seconds": 8.751302612054999
}
VitHeadlessService: command reply (truncated): {
  "status": "ok",
  "message": "Seek executed",
  "position_seconds": 8.751302612054999
}
ZmqGateway: received command payload: {"cmd":"seek","time":8.79793479539598}
ZmqGateway: dispatching payload to JUCE message thread.
VitHeadlessService: processing queued command on JUCE message thread: {"cmd":"seek","time":8.79793479539598}
Command received: {"cmd":"seek","time":8.79793479539598}
CommandDispatcher::handleSeek: position set to 8.7979s
Command executed: seek, result: {
  "status": "ok",
  "message": "Seek executed",
  "position_seconds": 8.79793479539598
}
VitHeadlessService: command reply (truncated): {
  "status": "ok",
  "message": "Seek executed",
  "position_seconds": 8.79793479539598
}
ZmqGateway: received command payload: {"cmd":"seek","time":8.86011103985063}
ZmqGateway: dispatching payload to JUCE message thread.
VitHeadlessService: processing queued command on JUCE message thread: {"cmd":"seek","time":8.86011103985063}
Command received: {"cmd":"seek","time":8.86011103985063}
CommandDispatcher::handleSeek: position set to 8.8601s
Command executed: seek, result: {
  "status": "ok",
  "message": "Seek executed",
  "position_seconds": 8.860111039850629
}
VitHeadlessService: command reply (truncated): {
  "status": "ok",
  "message": "Seek executed",
  "position_seconds": 8.860111039850629
}
ZmqGateway: received command payload: {"cmd":"seek","time":8.90674322319162}
ZmqGateway: dispatching payload to JUCE message thread.
VitHeadlessService: processing queued command on JUCE message thread: {"cmd":"seek","time":8.90674322319162}
Command received: {"cmd":"seek","time":8.90674322319162}
CommandDispatcher::handleSeek: position set to 8.9067s
Command executed: seek, result: {
  "status": "ok",
  "message": "Seek executed",
  "position_seconds": 8.90674322319162
}
VitHeadlessService: command reply (truncated): {
  "status": "ok",
  "message": "Seek executed",
  "position_seconds": 8.90674322319162
}
ZmqGateway: received command payload: {"cmd":"seek","time":8.9533754065326}
ZmqGateway: dispatching payload to JUCE message thread.
VitHeadlessService: processing queued command on JUCE message thread: {"cmd":"seek","time":8.9533754065326}
Command received: {"cmd":"seek","time":8.9533754065326}
CommandDispatcher::handleSeek: position set to 8.9534s
Command executed: seek, result: {
  "status": "ok",
  "message": "Seek executed",
  "position_seconds": 8.953375406532601
}
VitHeadlessService: command reply (truncated): {
  "status": "ok",
  "message": "Seek executed",
  "position_seconds": 8.953375406532601
}
ZmqGateway: received command payload: {"cmd":"seek","time":9.00000758987359}
ZmqGateway: dispatching payload to JUCE message thread.
VitHeadlessService: processing queued command on JUCE message thread: {"cmd":"seek","time":9.00000758987359}
Command received: {"cmd":"seek","time":9.00000758987359}
CommandDispatcher::handleSeek: position set to 9.0000s
Command executed: seek, result: {
  "status": "ok",
  "message": "Seek executed",
  "position_seconds": 9.00000758987359
}
VitHeadlessService: command reply (truncated): {
  "status": "ok",
  "message": "Seek executed",
  "position_seconds": 9.00000758987359
}
ZmqGateway: received command payload: {"cmd":"seek","time":9.04663977321458}
ZmqGateway: dispatching payload to JUCE message thread.
VitHeadlessService: processing queued command on JUCE message thread: {"cmd":"seek","time":9.04663977321458}
Command received: {"cmd":"seek","time":9.04663977321458}
CommandDispatcher::handleSeek: position set to 9.0466s
Command executed: seek, result: {
  "status": "ok",
  "message": "Seek executed",
  "position_seconds": 9.046639773214579
}
VitHeadlessService: command reply (truncated): {
  "status": "ok",
  "message": "Seek executed",
  "position_seconds": 9.046639773214579
}
ZmqGateway: received command payload: {"cmd":"seek","time":9.09327195655556}
ZmqGateway: dispatching payload to JUCE message thread.
VitHeadlessService: processing queued command on JUCE message thread: {"cmd":"seek","time":9.09327195655556}
Command received: {"cmd":"seek","time":9.09327195655556}
CommandDispatcher::handleSeek: position set to 9.0933s
Command executed: seek, result: {
  "status": "ok",
  "message": "Seek executed",
  "position_seconds": 9.09327195655556
}
VitHeadlessService: command reply (truncated): {
  "status": "ok",
  "message": "Seek executed",
  "position_seconds": 9.09327195655556
}
ZmqGateway: received command payload: {"cmd":"seek","time":9.12436007878289}
ZmqGateway: dispatching payload to JUCE message thread.
VitHeadlessService: processing queued command on JUCE message thread: {"cmd":"seek","time":9.12436007878289}
Command received: {"cmd":"seek","time":9.12436007878289}
CommandDispatcher::handleSeek: position set to 9.1244s
Command executed: seek, result: {
  "status": "ok",
  "message": "Seek executed",
  "position_seconds": 9.124360078782891
}
VitHeadlessService: command reply (truncated): {
  "status": "ok",
  "message": "Seek executed",
  "position_seconds": 9.124360078782891
}
ZmqGateway: received command payload: {"cmd":"seek","time":9.17099226212387}
ZmqGateway: dispatching payload to JUCE message thread.
VitHeadlessService: processing queued command on JUCE message thread: {"cmd":"seek","time":9.17099226212387}
Command received: {"cmd":"seek","time":9.17099226212387}
CommandDispatcher::handleSeek: position set to 9.1710s
Command executed: seek, result: {
  "status": "ok",
  "message": "Seek executed",
  "position_seconds": 9.170992262123869
}
VitHeadlessService: command reply (truncated): {
  "status": "ok",
  "message": "Seek executed",
  "position_seconds": 9.170992262123869
}
ZmqGateway: received command payload: {"cmd":"seek","time":9.21762444546486}
ZmqGateway: dispatching payload to JUCE message thread.
VitHeadlessService: processing queued command on JUCE message thread: {"cmd":"seek","time":9.21762444546486}
Command received: {"cmd":"seek","time":9.21762444546486}
CommandDispatcher::handleSeek: position set to 9.2176s
Command executed: seek, result: {
  "status": "ok",
  "message": "Seek executed",
  "position_seconds": 9.21762444546486
}
VitHeadlessService: command reply (truncated): {
  "status": "ok",
  "message": "Seek executed",
  "position_seconds": 9.21762444546486
}
ZmqGateway: received command payload: {"cmd":"seek","time":9.24871256769219}
ZmqGateway: dispatching payload to JUCE message thread.
VitHeadlessService: processing queued command on JUCE message thread: {"cmd":"seek","time":9.24871256769219}
Command received: {"cmd":"seek","time":9.24871256769219}
CommandDispatcher::handleSeek: position set to 9.2487s
Command executed: seek, result: {
  "status": "ok",
  "message": "Seek executed",
  "position_seconds": 9.24871256769219
}
VitHeadlessService: command reply (truncated): {
  "status": "ok",
  "message": "Seek executed",
  "position_seconds": 9.24871256769219
}
ZmqGateway: received command payload: {"cmd":"seek","time":9.29534475103317}
ZmqGateway: dispatching payload to JUCE message thread.
VitHeadlessService: processing queued command on JUCE message thread: {"cmd":"seek","time":9.29534475103317}
Command received: {"cmd":"seek","time":9.29534475103317}
CommandDispatcher::handleSeek: position set to 9.2953s
Command executed: seek, result: {
  "status": "ok",
  "message": "Seek executed",
  "position_seconds": 9.29534475103317
}
VitHeadlessService: command reply (truncated): {
  "status": "ok",
  "message": "Seek executed",
  "position_seconds": 9.29534475103317
}
ZmqGateway: received command payload: {"cmd":"seek","time":9.3264328732605}
ZmqGateway: dispatching payload to JUCE message thread.
VitHeadlessService: processing queued command on JUCE message thread: {"cmd":"seek","time":9.3264328732605}
Command received: {"cmd":"seek","time":9.3264328732605}
CommandDispatcher::handleSeek: position set to 9.3264s
Command executed: seek, result: {
  "status": "ok",
  "message": "Seek executed",
  "position_seconds": 9.326432873260501
}
VitHeadlessService: command reply (truncated): {
  "status": "ok",
  "message": "Seek executed",
  "position_seconds": 9.326432873260501
}
ZmqGateway: received command payload: {"cmd":"seek","time":9.37306505660148}
ZmqGateway: dispatching payload to JUCE message thread.
VitHeadlessService: processing queued command on JUCE message thread: {"cmd":"seek","time":9.37306505660148}
Command received: {"cmd":"seek","time":9.37306505660148}
CommandDispatcher::handleSeek: position set to 9.3731s
Command executed: seek, result: {
  "status": "ok",
  "message": "Seek executed",
  "position_seconds": 9.373065056601479
}
VitHeadlessService: command reply (truncated): {
  "status": "ok",
  "message": "Seek executed",
  "position_seconds": 9.373065056601479
}
ZmqGateway: received command payload: {"cmd":"seek","time":9.41969723994247}
ZmqGateway: dispatching payload to JUCE message thread.
VitHeadlessService: processing queued command on JUCE message thread: {"cmd":"seek","time":9.41969723994247}
Command received: {"cmd":"seek","time":9.41969723994247}
CommandDispatcher::handleSeek: position set to 9.4197s
Command executed: seek, result: {
  "status": "ok",
  "message": "Seek executed",
  "position_seconds": 9.419697239942471
}
VitHeadlessService: command reply (truncated): {
  "status": "ok",
  "message": "Seek executed",
  "position_seconds": 9.419697239942471
}
ZmqGateway: received command payload: {"cmd":"seek","time":9.46632942328345}
ZmqGateway: dispatching payload to JUCE message thread.
VitHeadlessService: processing queued command on JUCE message thread: {"cmd":"seek","time":9.46632942328345}
Command received: {"cmd":"seek","time":9.46632942328345}
CommandDispatcher::handleSeek: position set to 9.4663s
Command executed: seek, result: {
  "status": "ok",
  "message": "Seek executed",
  "position_seconds": 9.466329423283449
}
VitHeadlessService: command reply (truncated): {
  "status": "ok",
  "message": "Seek executed",
  "position_seconds": 9.466329423283449
}
ZmqGateway: received command payload: {"cmd":"seek","time":9.5285056677381}
ZmqGateway: dispatching payload to JUCE message thread.
VitHeadlessService: processing queued command on JUCE message thread: {"cmd":"seek","time":9.5285056677381}
Command received: {"cmd":"seek","time":9.5285056677381}
CommandDispatcher::handleSeek: position set to 9.5285s
Command executed: seek, result: {
  "status": "ok",
  "message": "Seek executed",
  "position_seconds": 9.5285056677381
}
VitHeadlessService: command reply (truncated): {
  "status": "ok",
  "message": "Seek executed",
  "position_seconds": 9.5285056677381
}
ZmqGateway: received command payload: {"cmd":"seek","time":9.60622597330642}
ZmqGateway: dispatching payload to JUCE message thread.
VitHeadlessService: processing queued command on JUCE message thread: {"cmd":"seek","time":9.60622597330642}
Command received: {"cmd":"seek","time":9.60622597330642}
CommandDispatcher::handleSeek: position set to 9.6062s
Command executed: seek, result: {
  "status": "ok",
  "message": "Seek executed",
  "position_seconds": 9.606225973306421
}
VitHeadlessService: command reply (truncated): {
  "status": "ok",
  "message": "Seek executed",
  "position_seconds": 9.606225973306421
}
ZmqGateway: received command payload: {"cmd":"seek","time":9.68394627887472}
ZmqGateway: dispatching payload to JUCE message thread.
VitHeadlessService: processing queued command on JUCE message thread: {"cmd":"seek","time":9.68394627887472}
Command received: {"cmd":"seek","time":9.68394627887472}
CommandDispatcher::handleSeek: position set to 9.6839s
Command executed: seek, result: {
  "status": "ok",
  "message": "Seek executed",
  "position_seconds": 9.683946278874719
}
VitHeadlessService: command reply (truncated): {
  "status": "ok",
  "message": "Seek executed",
  "position_seconds": 9.683946278874719
}
ZmqGateway: received command payload: {"cmd":"seek","time":9.7772106455567}
ZmqGateway: dispatching payload to JUCE message thread.
VitHeadlessService: processing queued command on JUCE message thread: {"cmd":"seek","time":9.7772106455567}
Command received: {"cmd":"seek","time":9.7772106455567}
CommandDispatcher::handleSeek: position set to 9.7772s
Command executed: seek, result: {
  "status": "ok",
  "message": "Seek executed",
  "position_seconds": 9.7772106455567
}
VitHeadlessService: command reply (truncated): {
  "status": "ok",
  "message": "Seek executed",
  "position_seconds": 9.7772106455567
}
ZmqGateway: received command payload: {"cmd":"seek","time":9.87047501223867}
ZmqGateway: dispatching payload to JUCE message thread.
VitHeadlessService: processing queued command on JUCE message thread: {"cmd":"seek","time":9.87047501223867}
Command received: {"cmd":"seek","time":9.87047501223867}
CommandDispatcher::handleSeek: position set to 9.8705s
Command executed: seek, result: {
  "status": "ok",
  "message": "Seek executed",
  "position_seconds": 9.87047501223867
}
VitHeadlessService: command reply (truncated): {
  "status": "ok",
  "message": "Seek executed",
  "position_seconds": 9.87047501223867
}
ZmqGateway: received command payload: {"cmd":"seek","time":9.96373937892064}
ZmqGateway: dispatching payload to JUCE message thread.
VitHeadlessService: processing queued command on JUCE message thread: {"cmd":"seek","time":9.96373937892064}
Command received: {"cmd":"seek","time":9.96373937892064}
CommandDispatcher::handleSeek: position set to 9.9637s
Command executed: seek, result: {
  "status": "ok",
  "message": "Seek executed",
  "position_seconds": 9.963739378920639
}
VitHeadlessService: command reply (truncated): {
  "status": "ok",
  "message": "Seek executed",
  "position_seconds": 9.963739378920639
}
ZmqGateway: received command payload: {"cmd":"seek","time":10.0725478067163}
ZmqGateway: dispatching payload to JUCE message thread.
VitHeadlessService: processing queued command on JUCE message thread: {"cmd":"seek","time":10.0725478067163}
Command received: {"cmd":"seek","time":10.0725478067163}
CommandDispatcher::handleSeek: position set to 10.0725s
Command executed: seek, result: {
  "status": "ok",
  "message": "Seek executed",
  "position_seconds": 10.072547806716299
}
VitHeadlessService: command reply (truncated): {
  "status": "ok",
  "message": "Seek executed",
  "position_seconds": 10.072547806716299
}
ZmqGateway: received command payload: {"cmd":"seek","time":10.1969002956256}
ZmqGateway: dispatching payload to JUCE message thread.
VitHeadlessService: processing queued command on JUCE message thread: {"cmd":"seek","time":10.1969002956256}
Command received: {"cmd":"seek","time":10.1969002956256}
CommandDispatcher::handleSeek: position set to 10.1969s
Command executed: seek, result: {
  "status": "ok",
  "message": "Seek executed",
  "position_seconds": 10.1969002956256
}
VitHeadlessService: command reply (truncated): {
  "status": "ok",
  "message": "Seek executed",
  "position_seconds": 10.1969002956256
}
ZmqGateway: received command payload: {"cmd":"seek","time":10.3057087234212}
ZmqGateway: dispatching payload to JUCE message thread.
VitHeadlessService: processing queued command on JUCE message thread: {"cmd":"seek","time":10.3057087234212}
Command received: {"cmd":"seek","time":10.3057087234212}
CommandDispatcher::handleSeek: position set to 10.3057s
Command executed: seek, result: {
  "status": "ok",
  "message": "Seek executed",
  "position_seconds": 10.305708723421199
}
VitHeadlessService: command reply (truncated): {
  "status": "ok",
  "message": "Seek executed",
  "position_seconds": 10.305708723421199
}
ZmqGateway: received command payload: {"cmd":"seek","time":10.4145171512168}
ZmqGateway: dispatching payload to JUCE message thread.
VitHeadlessService: processing queued command on JUCE message thread: {"cmd":"seek","time":10.4145171512168}
Command received: {"cmd":"seek","time":10.4145171512168}
CommandDispatcher::handleSeek: position set to 10.4145s
Command executed: seek, result: {
  "status": "ok",
  "message": "Seek executed",
  "position_seconds": 10.414517151216801
}
VitHeadlessService: command reply (truncated): {
  "status": "ok",
  "message": "Seek executed",
  "position_seconds": 10.414517151216801
}
ZmqGateway: received command payload: {"cmd":"seek","time":10.5233255790125}
ZmqGateway: dispatching payload to JUCE message thread.
VitHeadlessService: processing queued command on JUCE message thread: {"cmd":"seek","time":10.5233255790125}
Command received: {"cmd":"seek","time":10.5233255790125}
CommandDispatcher::handleSeek: position set to 10.5233s
Command executed: seek, result: {
  "status": "ok",
  "message": "Seek executed",
  "position_seconds": 10.5233255790125
}
VitHeadlessService: command reply (truncated): {
  "status": "ok",
  "message": "Seek executed",
  "position_seconds": 10.5233255790125
}
ZmqGateway: received command payload: {"cmd":"seek","time":10.6321340068081}
ZmqGateway: dispatching payload to JUCE message thread.
VitHeadlessService: processing queued command on JUCE message thread: {"cmd":"seek","time":10.6321340068081}
Command received: {"cmd":"seek","time":10.6321340068081}
CommandDispatcher::handleSeek: position set to 10.6321s
Command executed: seek, result: {
  "status": "ok",
  "message": "Seek executed",
  "position_seconds": 10.6321340068081
}
VitHeadlessService: command reply (truncated): {
  "status": "ok",
  "message": "Seek executed",
  "position_seconds": 10.6321340068081
}
ZmqGateway: received command payload: {"cmd":"seek","time":10.7253983734901}
ZmqGateway: dispatching payload to JUCE message thread.
VitHeadlessService: processing queued command on JUCE message thread: {"cmd":"seek","time":10.7253983734901}
Command received: {"cmd":"seek","time":10.7253983734901}
CommandDispatcher::handleSeek: position set to 10.7254s
Command executed: seek, result: {
  "status": "ok",
  "message": "Seek executed",
  "position_seconds": 10.7253983734901
}
VitHeadlessService: command reply (truncated): {
  "status": "ok",
  "message": "Seek executed",
  "position_seconds": 10.7253983734901
}
ZmqGateway: received command payload: {"cmd":"seek","time":10.7875746179447}
ZmqGateway: dispatching payload to JUCE message thread.
VitHeadlessService: processing queued command on JUCE message thread: {"cmd":"seek","time":10.7875746179447}
Command received: {"cmd":"seek","time":10.7875746179447}
CommandDispatcher::handleSeek: position set to 10.7876s
Command executed: seek, result: {
  "status": "ok",
  "message": "Seek executed",
  "position_seconds": 10.787574617944699
}
VitHeadlessService: command reply (truncated): {
  "status": "ok",
  "message": "Seek executed",
  "position_seconds": 10.787574617944699
}
ZmqGateway: received command payload: {"cmd":"seek","time":10.8342068012857}
ZmqGateway: dispatching payload to JUCE message thread.
VitHeadlessService: processing queued command on JUCE message thread: {"cmd":"seek","time":10.8342068012857}
Command received: {"cmd":"seek","time":10.8342068012857}
CommandDispatcher::handleSeek: position set to 10.8342s
Command executed: seek, result: {
  "status": "ok",
  "message": "Seek executed",
  "position_seconds": 10.834206801285699
}
VitHeadlessService: command reply (truncated): {
  "status": "ok",
  "message": "Seek executed",
  "position_seconds": 10.834206801285699
}
ZmqGateway: received command payload: {"cmd":"seek","time":10.8808389846267}
ZmqGateway: dispatching payload to JUCE message thread.
VitHeadlessService: processing queued command on JUCE message thread: {"cmd":"seek","time":10.8808389846267}
Command received: {"cmd":"seek","time":10.8808389846267}
CommandDispatcher::handleSeek: position set to 10.8808s
Command executed: seek, result: {
  "status": "ok",
  "message": "Seek executed",
  "position_seconds": 10.880838984626701
}
VitHeadlessService: command reply (truncated): {
  "status": "ok",
  "message": "Seek executed",
  "position_seconds": 10.880838984626701
}
ZmqGateway: received command payload: {"cmd":"seek","time":10.911927106854}
ZmqGateway: dispatching payload to JUCE message thread.
VitHeadlessService: processing queued command on JUCE message thread: {"cmd":"seek","time":10.911927106854}
Command received: {"cmd":"seek","time":10.911927106854}
CommandDispatcher::handleSeek: position set to 10.9119s
Command executed: seek, result: {
  "status": "ok",
  "message": "Seek executed",
  "position_seconds": 10.911927106854
}
VitHeadlessService: command reply (truncated): {
  "status": "ok",
  "message": "Seek executed",
  "position_seconds": 10.911927106854
}
ZmqGateway: received command payload: {"cmd":"seek","time":10.9430152290814}
ZmqGateway: dispatching payload to JUCE message thread.
VitHeadlessService: processing queued command on JUCE message thread: {"cmd":"seek","time":10.9430152290814}
Command received: {"cmd":"seek","time":10.9430152290814}
CommandDispatcher::handleSeek: position set to 10.9430s
Command executed: seek, result: {
  "status": "ok",
  "message": "Seek executed",
  "position_seconds": 10.9430152290814
}
VitHeadlessService: command reply (truncated): {
  "status": "ok",
  "message": "Seek executed",
  "position_seconds": 10.9430152290814
}
ZmqGateway: received command payload: {"cmd":"seek","time":10.9741033513087}
ZmqGateway: dispatching payload to JUCE message thread.
VitHeadlessService: processing queued command on JUCE message thread: {"cmd":"seek","time":10.9741033513087}
Command received: {"cmd":"seek","time":10.9741033513087}
CommandDispatcher::handleSeek: position set to 10.9741s
Command executed: seek, result: {
  "status": "ok",
  "message": "Seek executed",
  "position_seconds": 10.974103351308701
}
VitHeadlessService: command reply (truncated): {
  "status": "ok",
  "message": "Seek executed",
  "position_seconds": 10.974103351308701
}
ZmqGateway: received command payload: {"cmd":"seek","time":10.9896474124223}
ZmqGateway: dispatching payload to JUCE message thread.
VitHeadlessService: processing queued command on JUCE message thread: {"cmd":"seek","time":10.9896474124223}
Command received: {"cmd":"seek","time":10.9896474124223}
CommandDispatcher::handleSeek: position set to 10.9896s
Command executed: seek, result: {
  "status": "ok",
  "message": "Seek executed",
  "position_seconds": 10.9896474124223
}
VitHeadlessService: command reply (truncated): {
  "status": "ok",
  "message": "Seek executed",
  "position_seconds": 10.9896474124223
}
ZmqGateway: received command payload: {"cmd":"seek","time":11.051823656877}
ZmqGateway: dispatching payload to JUCE message thread.
VitHeadlessService: processing queued command on JUCE message thread: {"cmd":"seek","time":11.051823656877}
Command received: {"cmd":"seek","time":11.051823656877}
CommandDispatcher::handleSeek: position set to 11.0518s
Command executed: seek, result: {
  "status": "ok",
  "message": "Seek executed",
  "position_seconds": 11.051823656877
}
VitHeadlessService: command reply (truncated): {
  "status": "ok",
  "message": "Seek executed",
  "position_seconds": 11.051823656877
}
ZmqGateway: received command payload: {"cmd":"seek","time":11.098455840218}
ZmqGateway: dispatching payload to JUCE message thread.
VitHeadlessService: processing queued command on JUCE message thread: {"cmd":"seek","time":11.098455840218}
Command received: {"cmd":"seek","time":11.098455840218}
CommandDispatcher::handleSeek: position set to 11.0985s
Command executed: seek, result: {
  "status": "ok",
  "message": "Seek executed",
  "position_seconds": 11.098455840218
}
VitHeadlessService: command reply (truncated): {
  "status": "ok",
  "message": "Seek executed",
  "position_seconds": 11.098455840218
}
ZmqGateway: received command payload: {"cmd":"seek","time":11.1606320846726}
ZmqGateway: dispatching payload to JUCE message thread.
VitHeadlessService: processing queued command on JUCE message thread: {"cmd":"seek","time":11.1606320846726}
Command received: {"cmd":"seek","time":11.1606320846726}
CommandDispatcher::handleSeek: position set to 11.1606s
Command executed: seek, result: {
  "status": "ok",
  "message": "Seek executed",
  "position_seconds": 11.160632084672599
}
VitHeadlessService: command reply (truncated): {
  "status": "ok",
  "message": "Seek executed",
  "position_seconds": 11.160632084672599
}
ZmqGateway: received command payload: {"cmd":"seek","time":11.2383523902409}
ZmqGateway: dispatching payload to JUCE message thread.
VitHeadlessService: processing queued command on JUCE message thread: {"cmd":"seek","time":11.2383523902409}
Command received: {"cmd":"seek","time":11.2383523902409}
CommandDispatcher::handleSeek: position set to 11.2384s
Command executed: seek, result: {
  "status": "ok",
  "message": "Seek executed",
  "position_seconds": 11.2383523902409
}
VitHeadlessService: command reply (truncated): {
  "status": "ok",
  "message": "Seek executed",
  "position_seconds": 11.2383523902409
}
ZmqGateway: received command payload: {"cmd":"seek","time":11.3160726958093}
ZmqGateway: dispatching payload to JUCE message thread.
VitHeadlessService: processing queued command on JUCE message thread: {"cmd":"seek","time":11.3160726958093}
Command received: {"cmd":"seek","time":11.3160726958093}
CommandDispatcher::handleSeek: position set to 11.3161s
Command executed: seek, result: {
  "status": "ok",
  "message": "Seek executed",
  "position_seconds": 11.3160726958093
}
VitHeadlessService: command reply (truncated): {
  "status": "ok",
  "message": "Seek executed",
  "position_seconds": 11.3160726958093
}
ZmqGateway: received command payload: {"cmd":"seek","time":11.3937930013776}
ZmqGateway: dispatching payload to JUCE message thread.
VitHeadlessService: processing queued command on JUCE message thread: {"cmd":"seek","time":11.3937930013776}
Command received: {"cmd":"seek","time":11.3937930013776}
CommandDispatcher::handleSeek: position set to 11.3938s
Command executed: seek, result: {
  "status": "ok",
  "message": "Seek executed",
  "position_seconds": 11.393793001377601
}
VitHeadlessService: command reply (truncated): {
  "status": "ok",
  "message": "Seek executed",
  "position_seconds": 11.393793001377601
}
ZmqGateway: received command payload: {"cmd":"seek","time":11.4715133069459}
ZmqGateway: dispatching payload to JUCE message thread.
VitHeadlessService: processing queued command on JUCE message thread: {"cmd":"seek","time":11.4715133069459}
Command received: {"cmd":"seek","time":11.4715133069459}
CommandDispatcher::handleSeek: position set to 11.4715s
Command executed: seek, result: {
  "status": "ok",
  "message": "Seek executed",
  "position_seconds": 11.4715133069459
}
VitHeadlessService: command reply (truncated): {
  "status": "ok",
  "message": "Seek executed",
  "position_seconds": 11.4715133069459
}
ZmqGateway: received command payload: {"cmd":"seek","time":11.5336895514005}
ZmqGateway: dispatching payload to JUCE message thread.
VitHeadlessService: processing queued command on JUCE message thread: {"cmd":"seek","time":11.5336895514005}
Command received: {"cmd":"seek","time":11.5336895514005}
CommandDispatcher::handleSeek: position set to 11.5337s
Command executed: seek, result: {
  "status": "ok",
  "message": "Seek executed",
  "position_seconds": 11.533689551400499
}
VitHeadlessService: command reply (truncated): {
  "status": "ok",
  "message": "Seek executed",
  "position_seconds": 11.533689551400499
}
ZmqGateway: received command payload: {"cmd":"seek","time":11.5803217347415}
ZmqGateway: dispatching payload to JUCE message thread.
VitHeadlessService: processing queued command on JUCE message thread: {"cmd":"seek","time":11.5803217347415}
Command received: {"cmd":"seek","time":11.5803217347415}
CommandDispatcher::handleSeek: position set to 11.5803s
Command executed: seek, result: {
  "status": "ok",
  "message": "Seek executed",
  "position_seconds": 11.580321734741499
}
VitHeadlessService: command reply (truncated): {
  "status": "ok",
  "message": "Seek executed",
  "position_seconds": 11.580321734741499
}
ZmqGateway: received command payload: {"cmd":"seek","time":11.6114098569688}
ZmqGateway: dispatching payload to JUCE message thread.
VitHeadlessService: processing queued command on JUCE message thread: {"cmd":"seek","time":11.6114098569688}
Command received: {"cmd":"seek","time":11.6114098569688}
CommandDispatcher::handleSeek: position set to 11.6114s
Command executed: seek, result: {
  "status": "ok",
  "message": "Seek executed",
  "position_seconds": 11.6114098569688
}
VitHeadlessService: command reply (truncated): {
  "status": "ok",
  "message": "Seek executed",
  "position_seconds": 11.6114098569688
}
ZmqGateway: received command payload: {"cmd":"seek","time":11.5958657958552}
ZmqGateway: dispatching payload to JUCE message thread.
VitHeadlessService: processing queued command on JUCE message thread: {"cmd":"seek","time":11.5958657958552}
Command received: {"cmd":"seek","time":11.5958657958552}
CommandDispatcher::handleSeek: position set to 11.5959s
Command executed: seek, result: {
  "status": "ok",
  "message": "Seek executed",
  "position_seconds": 11.5958657958552
}
VitHeadlessService: command reply (truncated): {
  "status": "ok",
  "message": "Seek executed",
  "position_seconds": 11.5958657958552
}
ZmqGateway: received command payload: {"cmd":"seek","time":11.5336895514005}
ZmqGateway: dispatching payload to JUCE message thread.
VitHeadlessService: processing queued command on JUCE message thread: {"cmd":"seek","time":11.5336895514005}
Command received: {"cmd":"seek","time":11.5336895514005}
CommandDispatcher::handleSeek: position set to 11.5337s
Command executed: seek, result: {
  "status": "ok",
  "message": "Seek executed",
  "position_seconds": 11.533689551400499
}
VitHeadlessService: command reply (truncated): {
  "status": "ok",
  "message": "Seek executed",
  "position_seconds": 11.533689551400499
}
ZmqGateway: received command payload: {"cmd":"seek","time":11.4559692458322}
ZmqGateway: dispatching payload to JUCE message thread.
VitHeadlessService: processing queued command on JUCE message thread: {"cmd":"seek","time":11.4559692458322}
Command received: {"cmd":"seek","time":11.4559692458322}
CommandDispatcher::handleSeek: position set to 11.4560s
Command executed: seek, result: {
  "status": "ok",
  "message": "Seek executed",
  "position_seconds": 11.4559692458322
}
VitHeadlessService: command reply (truncated): {
  "status": "ok",
  "message": "Seek executed",
  "position_seconds": 11.4559692458322
}
ZmqGateway: received command payload: {"cmd":"seek","time":11.3627048791502}
ZmqGateway: dispatching payload to JUCE message thread.
VitHeadlessService: processing queued command on JUCE message thread: {"cmd":"seek","time":11.3627048791502}
Command received: {"cmd":"seek","time":11.3627048791502}
CommandDispatcher::handleSeek: position set to 11.3627s
Command executed: seek, result: {
  "status": "ok",
  "message": "Seek executed",
  "position_seconds": 11.362704879150201
}
VitHeadlessService: command reply (truncated): {
  "status": "ok",
  "message": "Seek executed",
  "position_seconds": 11.362704879150201
}
ZmqGateway: received command payload: {"cmd":"seek","time":11.2694405124683}
ZmqGateway: dispatching payload to JUCE message thread.
VitHeadlessService: processing queued command on JUCE message thread: {"cmd":"seek","time":11.2694405124683}
Command received: {"cmd":"seek","time":11.2694405124683}
CommandDispatcher::handleSeek: position set to 11.2694s
Command executed: seek, result: {
  "status": "ok",
  "message": "Seek executed",
  "position_seconds": 11.2694405124683
}
VitHeadlessService: command reply (truncated): {
  "status": "ok",
  "message": "Seek executed",
  "position_seconds": 11.2694405124683
}
ZmqGateway: received command payload: {"cmd":"seek","time":11.1761761457863}
ZmqGateway: dispatching payload to JUCE message thread.
VitHeadlessService: processing queued command on JUCE message thread: {"cmd":"seek","time":11.1761761457863}
Command received: {"cmd":"seek","time":11.1761761457863}
CommandDispatcher::handleSeek: position set to 11.1762s
Command executed: seek, result: {
  "status": "ok",
  "message": "Seek executed",
  "position_seconds": 11.1761761457863
}
VitHeadlessService: command reply (truncated): {
  "status": "ok",
  "message": "Seek executed",
  "position_seconds": 11.1761761457863
}
ZmqGateway: received command payload: {"cmd":"seek","time":11.098455840218}
ZmqGateway: dispatching payload to JUCE message thread.
VitHeadlessService: processing queued command on JUCE message thread: {"cmd":"seek","time":11.098455840218}
Command received: {"cmd":"seek","time":11.098455840218}
CommandDispatcher::handleSeek: position set to 11.0985s
Command executed: seek, result: {
  "status": "ok",
  "message": "Seek executed",
  "position_seconds": 11.098455840218
}
VitHeadlessService: command reply (truncated): {
  "status": "ok",
  "message": "Seek executed",
  "position_seconds": 11.098455840218
}
ZmqGateway: received command payload: {"cmd":"seek","time":11.005191473536}
ZmqGateway: dispatching payload to JUCE message thread.
VitHeadlessService: processing queued command on JUCE message thread: {"cmd":"seek","time":11.005191473536}
Command received: {"cmd":"seek","time":11.005191473536}
CommandDispatcher::handleSeek: position set to 11.0052s
Command executed: seek, result: {
  "status": "ok",
  "message": "Seek executed",
  "position_seconds": 11.005191473536
}
VitHeadlessService: command reply (truncated): {
  "status": "ok",
  "message": "Seek executed",
  "position_seconds": 11.005191473536
}
ZmqGateway: received command payload: {"cmd":"seek","time":10.911927106854}
ZmqGateway: dispatching payload to JUCE message thread.
VitHeadlessService: processing queued command on JUCE message thread: {"cmd":"seek","time":10.911927106854}
Command received: {"cmd":"seek","time":10.911927106854}
CommandDispatcher::handleSeek: position set to 10.9119s
Command executed: seek, result: {
  "status": "ok",
  "message": "Seek executed",
  "position_seconds": 10.911927106854
}
VitHeadlessService: command reply (truncated): {
  "status": "ok",
  "message": "Seek executed",
  "position_seconds": 10.911927106854
}
ZmqGateway: received command payload: {"cmd":"seek","time":10.8497508623994}
ZmqGateway: dispatching payload to JUCE message thread.
VitHeadlessService: processing queued command on JUCE message thread: {"cmd":"seek","time":10.8497508623994}
Command received: {"cmd":"seek","time":10.8497508623994}
CommandDispatcher::handleSeek: position set to 10.8498s
Command executed: seek, result: {
  "status": "ok",
  "message": "Seek executed",
  "position_seconds": 10.8497508623994
}
VitHeadlessService: command reply (truncated): {
  "status": "ok",
  "message": "Seek executed",
  "position_seconds": 10.8497508623994
}
ZmqGateway: received command payload: {"cmd":"seek","time":10.7720305568311}
ZmqGateway: dispatching payload to JUCE message thread.
VitHeadlessService: processing queued command on JUCE message thread: {"cmd":"seek","time":10.7720305568311}
Command received: {"cmd":"seek","time":10.7720305568311}
CommandDispatcher::handleSeek: position set to 10.7720s
Command executed: seek, result: {
  "status": "ok",
  "message": "Seek executed",
  "position_seconds": 10.772030556831099
}
VitHeadlessService: command reply (truncated): {
  "status": "ok",
  "message": "Seek executed",
  "position_seconds": 10.772030556831099
}
ZmqGateway: received command payload: {"cmd":"seek","time":10.7098543123764}
ZmqGateway: dispatching payload to JUCE message thread.
VitHeadlessService: processing queued command on JUCE message thread: {"cmd":"seek","time":10.7098543123764}
Command received: {"cmd":"seek","time":10.7098543123764}
CommandDispatcher::handleSeek: position set to 10.7099s
Command executed: seek, result: {
  "status": "ok",
  "message": "Seek executed",
  "position_seconds": 10.7098543123764
}
VitHeadlessService: command reply (truncated): {
  "status": "ok",
  "message": "Seek executed",
  "position_seconds": 10.7098543123764
}
ZmqGateway: received command payload: {"cmd":"seek","time":10.6476780679218}
ZmqGateway: dispatching payload to JUCE message thread.
VitHeadlessService: processing queued command on JUCE message thread: {"cmd":"seek","time":10.6476780679218}
Command received: {"cmd":"seek","time":10.6476780679218}
CommandDispatcher::handleSeek: position set to 10.6477s
Command executed: seek, result: {
  "status": "ok",
  "message": "Seek executed",
  "position_seconds": 10.647678067921801
}
VitHeadlessService: command reply (truncated): {
  "status": "ok",
  "message": "Seek executed",
  "position_seconds": 10.647678067921801
}
ZmqGateway: received command payload: {"cmd":"seek","time":10.5855018234671}
ZmqGateway: dispatching payload to JUCE message thread.
VitHeadlessService: processing queued command on JUCE message thread: {"cmd":"seek","time":10.5855018234671}
Command received: {"cmd":"seek","time":10.5855018234671}
CommandDispatcher::handleSeek: position set to 10.5855s
Command executed: seek, result: {
  "status": "ok",
  "message": "Seek executed",
  "position_seconds": 10.5855018234671
}
VitHeadlessService: command reply (truncated): {
  "status": "ok",
  "message": "Seek executed",
  "position_seconds": 10.5855018234671
}
ZmqGateway: received command payload: {"cmd":"seek","time":10.5077815178988}
ZmqGateway: dispatching payload to JUCE message thread.
VitHeadlessService: processing queued command on JUCE message thread: {"cmd":"seek","time":10.5077815178988}
Command received: {"cmd":"seek","time":10.5077815178988}
CommandDispatcher::handleSeek: position set to 10.5078s
Command executed: seek, result: {
  "status": "ok",
  "message": "Seek executed",
  "position_seconds": 10.507781517898801
}
VitHeadlessService: command reply (truncated): {
  "status": "ok",
  "message": "Seek executed",
  "position_seconds": 10.507781517898801
}
ZmqGateway: received command payload: {"cmd":"seek","time":10.4456052734442}
ZmqGateway: dispatching payload to JUCE message thread.
VitHeadlessService: processing queued command on JUCE message thread: {"cmd":"seek","time":10.4456052734442}
Command received: {"cmd":"seek","time":10.4456052734442}
CommandDispatcher::handleSeek: position set to 10.4456s
Command executed: seek, result: {
  "status": "ok",
  "message": "Seek executed",
  "position_seconds": 10.445605273444199
}
VitHeadlessService: command reply (truncated): {
  "status": "ok",
  "message": "Seek executed",
  "position_seconds": 10.445605273444199
}
ZmqGateway: received command payload: {"cmd":"seek","time":10.3523409067622}
ZmqGateway: dispatching payload to JUCE message thread.
VitHeadlessService: processing queued command on JUCE message thread: {"cmd":"seek","time":10.3523409067622}
Command received: {"cmd":"seek","time":10.3523409067622}
CommandDispatcher::handleSeek: position set to 10.3523s
Command executed: seek, result: {
  "status": "ok",
  "message": "Seek executed",
  "position_seconds": 10.352340906762199
}
VitHeadlessService: command reply (truncated): {
  "status": "ok",
  "message": "Seek executed",
  "position_seconds": 10.352340906762199
}
ZmqGateway: received command payload: {"cmd":"seek","time":10.2746206011939}
ZmqGateway: dispatching payload to JUCE message thread.
VitHeadlessService: processing queued command on JUCE message thread: {"cmd":"seek","time":10.2746206011939}
Command received: {"cmd":"seek","time":10.2746206011939}
CommandDispatcher::handleSeek: position set to 10.2746s
Command executed: seek, result: {
  "status": "ok",
  "message": "Seek executed",
  "position_seconds": 10.274620601193901
}
VitHeadlessService: command reply (truncated): {
  "status": "ok",
  "message": "Seek executed",
  "position_seconds": 10.274620601193901
}
ZmqGateway: received command payload: {"cmd":"seek","time":10.1658121733983}
ZmqGateway: dispatching payload to JUCE message thread.
VitHeadlessService: processing queued command on JUCE message thread: {"cmd":"seek","time":10.1658121733983}
Command received: {"cmd":"seek","time":10.1658121733983}
CommandDispatcher::handleSeek: position set to 10.1658s
Command executed: seek, result: {
  "status": "ok",
  "message": "Seek executed",
  "position_seconds": 10.165812173398299
}
VitHeadlessService: command reply (truncated): {
  "status": "ok",
  "message": "Seek executed",
  "position_seconds": 10.165812173398299
}
ZmqGateway: received command payload: {"cmd":"seek","time":10.041459684489}
ZmqGateway: dispatching payload to JUCE message thread.
VitHeadlessService: processing queued command on JUCE message thread: {"cmd":"seek","time":10.041459684489}
Command received: {"cmd":"seek","time":10.041459684489}
CommandDispatcher::handleSeek: position set to 10.0415s
Command executed: seek, result: {
  "status": "ok",
  "message": "Seek executed",
  "position_seconds": 10.041459684489
}
VitHeadlessService: command reply (truncated): {
  "status": "ok",
  "message": "Seek executed",
  "position_seconds": 10.041459684489
}
ZmqGateway: received command payload: {"cmd":"seek","time":9.93265125669332}
ZmqGateway: dispatching payload to JUCE message thread.
VitHeadlessService: processing queued command on JUCE message thread: {"cmd":"seek","time":9.93265125669332}
Command received: {"cmd":"seek","time":9.93265125669332}
CommandDispatcher::handleSeek: position set to 9.9327s
Command executed: seek, result: {
  "status": "ok",
  "message": "Seek executed",
  "position_seconds": 9.932651256693321
}
VitHeadlessService: command reply (truncated): {
  "status": "ok",
  "message": "Seek executed",
  "position_seconds": 9.932651256693321
}
ZmqGateway: received command payload: {"cmd":"seek","time":9.79275470667036}
ZmqGateway: dispatching payload to JUCE message thread.
VitHeadlessService: processing queued command on JUCE message thread: {"cmd":"seek","time":9.79275470667036}
Command received: {"cmd":"seek","time":9.79275470667036}
CommandDispatcher::handleSeek: position set to 9.7928s
Command executed: seek, result: {
  "status": "ok",
  "message": "Seek executed",
  "position_seconds": 9.79275470667036
}
VitHeadlessService: command reply (truncated): {
  "status": "ok",
  "message": "Seek executed",
  "position_seconds": 9.79275470667036
}
ZmqGateway: received command payload: {"cmd":"seek","time":9.69949033998839}
ZmqGateway: dispatching payload to JUCE message thread.
VitHeadlessService: processing queued command on JUCE message thread: {"cmd":"seek","time":9.69949033998839}
Command received: {"cmd":"seek","time":9.69949033998839}
CommandDispatcher::handleSeek: position set to 9.6995s
Command executed: seek, result: {
  "status": "ok",
  "message": "Seek executed",
  "position_seconds": 9.69949033998839
}
VitHeadlessService: command reply (truncated): {
  "status": "ok",
  "message": "Seek executed",
  "position_seconds": 9.69949033998839
}
ZmqGateway: received command payload: {"cmd":"seek","time":9.59068191219275}
ZmqGateway: dispatching payload to JUCE message thread.
VitHeadlessService: processing queued command on JUCE message thread: {"cmd":"seek","time":9.59068191219275}
Command received: {"cmd":"seek","time":9.59068191219275}
CommandDispatcher::handleSeek: position set to 9.5907s
Command executed: seek, result: {
  "status": "ok",
  "message": "Seek executed",
  "position_seconds": 9.59068191219275
}
VitHeadlessService: command reply (truncated): {
  "status": "ok",
  "message": "Seek executed",
  "position_seconds": 9.59068191219275
}
ZmqGateway: received command payload: {"cmd":"seek","time":9.51296160662444}
ZmqGateway: dispatching payload to JUCE message thread.
VitHeadlessService: processing queued command on JUCE message thread: {"cmd":"seek","time":9.51296160662444}
Command received: {"cmd":"seek","time":9.51296160662444}
CommandDispatcher::handleSeek: position set to 9.5130s
Command executed: seek, result: {
  "status": "ok",
  "message": "Seek executed",
  "position_seconds": 9.51296160662444
}
VitHeadlessService: command reply (truncated): {
  "status": "ok",
  "message": "Seek executed",
  "position_seconds": 9.51296160662444
}
ZmqGateway: received command payload: {"cmd":"seek","time":9.43524130105613}
ZmqGateway: dispatching payload to JUCE message thread.
VitHeadlessService: processing queued command on JUCE message thread: {"cmd":"seek","time":9.43524130105613}
Command received: {"cmd":"seek","time":9.43524130105613}
CommandDispatcher::handleSeek: position set to 9.4352s
Command executed: seek, result: {
  "status": "ok",
  "message": "Seek executed",
  "position_seconds": 9.435241301056131
}
VitHeadlessService: command reply (truncated): {
  "status": "ok",
  "message": "Seek executed",
  "position_seconds": 9.435241301056131
}
ZmqGateway: received command payload: {"cmd":"seek","time":9.37306505660148}
ZmqGateway: dispatching payload to JUCE message thread.
VitHeadlessService: processing queued command on JUCE message thread: {"cmd":"seek","time":9.37306505660148}
Command received: {"cmd":"seek","time":9.37306505660148}
CommandDispatcher::handleSeek: position set to 9.3731s
Command executed: seek, result: {
  "status": "ok",
  "message": "Seek executed",
  "position_seconds": 9.373065056601479
}
VitHeadlessService: command reply (truncated): {
  "status": "ok",
  "message": "Seek executed",
  "position_seconds": 9.373065056601479
}
ZmqGateway: received command payload: {"cmd":"seek","time":9.3264328732605}
ZmqGateway: dispatching payload to JUCE message thread.
VitHeadlessService: processing queued command on JUCE message thread: {"cmd":"seek","time":9.3264328732605}
Command received: {"cmd":"seek","time":9.3264328732605}
CommandDispatcher::handleSeek: position set to 9.3264s
Command executed: seek, result: {
  "status": "ok",
  "message": "Seek executed",
  "position_seconds": 9.326432873260501
}
VitHeadlessService: command reply (truncated): {
  "status": "ok",
  "message": "Seek executed",
  "position_seconds": 9.326432873260501
}
ZmqGateway: received command payload: {"cmd":"seek","time":9.31088881214683}
ZmqGateway: dispatching payload to JUCE message thread.
VitHeadlessService: processing queued command on JUCE message thread: {"cmd":"seek","time":9.31088881214683}
Command received: {"cmd":"seek","time":9.31088881214683}
CommandDispatcher::handleSeek: position set to 9.3109s
Command executed: seek, result: {
  "status": "ok",
  "message": "Seek executed",
  "position_seconds": 9.31088881214683
}
VitHeadlessService: command reply (truncated): {
  "status": "ok",
  "message": "Seek executed",
  "position_seconds": 9.31088881214683
}
ZmqGateway: received command payload: {"cmd":"seek","time":9.29534475103317}
ZmqGateway: dispatching payload to JUCE message thread.
VitHeadlessService: processing queued command on JUCE message thread: {"cmd":"seek","time":9.29534475103317}
Command received: {"cmd":"seek","time":9.29534475103317}
CommandDispatcher::handleSeek: position set to 9.2953s
Command executed: seek, result: {
  "status": "ok",
  "message": "Seek executed",
  "position_seconds": 9.29534475103317
}
VitHeadlessService: command reply (truncated): {
  "status": "ok",
  "message": "Seek executed",
  "position_seconds": 9.29534475103317
}
ZmqGateway: received command payload: {"cmd":"seek","time":9.34197693437416}
ZmqGateway: dispatching payload to JUCE message thread.
VitHeadlessService: processing queued command on JUCE message thread: {"cmd":"seek","time":9.34197693437416}
Command received: {"cmd":"seek","time":9.34197693437416}
CommandDispatcher::handleSeek: position set to 9.3420s
Command executed: seek, result: {
  "status": "ok",
  "message": "Seek executed",
  "position_seconds": 9.341976934374159
}
VitHeadlessService: command reply (truncated): {
  "status": "ok",
  "message": "Seek executed",
  "position_seconds": 9.341976934374159
}
ZmqGateway: received command payload: {"cmd":"seek","time":9.40415317882881}
ZmqGateway: dispatching payload to JUCE message thread.
VitHeadlessService: processing queued command on JUCE message thread: {"cmd":"seek","time":9.40415317882881}
Command received: {"cmd":"seek","time":9.40415317882881}
CommandDispatcher::handleSeek: position set to 9.4042s
Command executed: seek, result: {
  "status": "ok",
  "message": "Seek executed",
  "position_seconds": 9.40415317882881
}
VitHeadlessService: command reply (truncated): {
  "status": "ok",
  "message": "Seek executed",
  "position_seconds": 9.40415317882881
}
ZmqGateway: received command payload: {"cmd":"seek","time":9.46632942328345}
ZmqGateway: dispatching payload to JUCE message thread.
VitHeadlessService: processing queued command on JUCE message thread: {"cmd":"seek","time":9.46632942328345}
Command received: {"cmd":"seek","time":9.46632942328345}
CommandDispatcher::handleSeek: position set to 9.4663s
Command executed: seek, result: {
  "status": "ok",
  "message": "Seek executed",
  "position_seconds": 9.466329423283449
}
VitHeadlessService: command reply (truncated): {
  "status": "ok",
  "message": "Seek executed",
  "position_seconds": 9.466329423283449
}
ZmqGateway: received command payload: {"cmd":"seek","time":9.5285056677381}
ZmqGateway: dispatching payload to JUCE message thread.
VitHeadlessService: processing queued command on JUCE message thread: {"cmd":"seek","time":9.5285056677381}
Command received: {"cmd":"seek","time":9.5285056677381}
CommandDispatcher::handleSeek: position set to 9.5285s
Command executed: seek, result: {
  "status": "ok",
  "message": "Seek executed",
  "position_seconds": 9.5285056677381
}
VitHeadlessService: command reply (truncated): {
  "status": "ok",
  "message": "Seek executed",
  "position_seconds": 9.5285056677381
}
ZmqGateway: received command payload: {"cmd":"seek","time":9.60622597330642}
ZmqGateway: dispatching payload to JUCE message thread.
VitHeadlessService: processing queued command on JUCE message thread: {"cmd":"seek","time":9.60622597330642}
Command received: {"cmd":"seek","time":9.60622597330642}
CommandDispatcher::handleSeek: position set to 9.6062s
Command executed: seek, result: {
  "status": "ok",
  "message": "Seek executed",
  "position_seconds": 9.606225973306421
}
VitHeadlessService: command reply (truncated): {
  "status": "ok",
  "message": "Seek executed",
  "position_seconds": 9.606225973306421
}
ZmqGateway: received command payload: {"cmd":"seek","time":9.68394627887472}
ZmqGateway: dispatching payload to JUCE message thread.
VitHeadlessService: processing queued command on JUCE message thread: {"cmd":"seek","time":9.68394627887472}
Command received: {"cmd":"seek","time":9.68394627887472}
CommandDispatcher::handleSeek: position set to 9.6839s
Command executed: seek, result: {
  "status": "ok",
  "message": "Seek executed",
  "position_seconds": 9.683946278874719
}
VitHeadlessService: command reply (truncated): {
  "status": "ok",
  "message": "Seek executed",
  "position_seconds": 9.683946278874719
}
ZmqGateway: received command payload: {"cmd":"seek","time":9.7772106455567}
ZmqGateway: dispatching payload to JUCE message thread.
VitHeadlessService: processing queued command on JUCE message thread: {"cmd":"seek","time":9.7772106455567}
Command received: {"cmd":"seek","time":9.7772106455567}
CommandDispatcher::handleSeek: position set to 9.7772s
Command executed: seek, result: {
  "status": "ok",
  "message": "Seek executed",
  "position_seconds": 9.7772106455567
}
VitHeadlessService: command reply (truncated): {
  "status": "ok",
  "message": "Seek executed",
  "position_seconds": 9.7772106455567
}
ZmqGateway: received command payload: {"cmd":"seek","time":9.85493095112501}
ZmqGateway: dispatching payload to JUCE message thread.
VitHeadlessService: processing queued command on JUCE message thread: {"cmd":"seek","time":9.85493095112501}
Command received: {"cmd":"seek","time":9.85493095112501}
CommandDispatcher::handleSeek: position set to 9.8549s
Command executed: seek, result: {
  "status": "ok",
  "message": "Seek executed",
  "position_seconds": 9.854930951125009
}
VitHeadlessService: command reply (truncated): {
  "status": "ok",
  "message": "Seek executed",
  "position_seconds": 9.854930951125009
}
ZmqGateway: received command payload: {"cmd":"seek","time":9.94819531780698}
ZmqGateway: dispatching payload to JUCE message thread.
VitHeadlessService: processing queued command on JUCE message thread: {"cmd":"seek","time":9.94819531780698}
Command received: {"cmd":"seek","time":9.94819531780698}
CommandDispatcher::handleSeek: position set to 9.9482s
Command executed: seek, result: {
  "status": "ok",
  "message": "Seek executed",
  "position_seconds": 9.948195317806981
}
VitHeadlessService: command reply (truncated): {
  "status": "ok",
  "message": "Seek executed",
  "position_seconds": 9.948195317806981
}
ZmqGateway: received command payload: {"cmd":"seek","time":10.0259156233753}
ZmqGateway: dispatching payload to JUCE message thread.
VitHeadlessService: processing queued command on JUCE message thread: {"cmd":"seek","time":10.0259156233753}
Command received: {"cmd":"seek","time":10.0259156233753}
CommandDispatcher::handleSeek: position set to 10.0259s
Command executed: seek, result: {
  "status": "ok",
  "message": "Seek executed",
  "position_seconds": 10.025915623375299
}
VitHeadlessService: command reply (truncated): {
  "status": "ok",
  "message": "Seek executed",
  "position_seconds": 10.025915623375299
}
ZmqGateway: received command payload: {"cmd":"seek","time":10.1191799900573}
ZmqGateway: dispatching payload to JUCE message thread.
VitHeadlessService: processing queued command on JUCE message thread: {"cmd":"seek","time":10.1191799900573}
Command received: {"cmd":"seek","time":10.1191799900573}
CommandDispatcher::handleSeek: position set to 10.1192s
Command executed: seek, result: {
  "status": "ok",
  "message": "Seek executed",
  "position_seconds": 10.119179990057299
}
VitHeadlessService: command reply (truncated): {
  "status": "ok",
  "message": "Seek executed",
  "position_seconds": 10.119179990057299
}
ZmqGateway: received command payload: {"cmd":"seek","time":10.1969002956256}
ZmqGateway: dispatching payload to JUCE message thread.
VitHeadlessService: processing queued command on JUCE message thread: {"cmd":"seek","time":10.1969002956256}
Command received: {"cmd":"seek","time":10.1969002956256}
CommandDispatcher::handleSeek: position set to 10.1969s
Command executed: seek, result: {
  "status": "ok",
  "message": "Seek executed",
  "position_seconds": 10.1969002956256
}
VitHeadlessService: command reply (truncated): {
  "status": "ok",
  "message": "Seek executed",
  "position_seconds": 10.1969002956256
}
ZmqGateway: received command payload: {"cmd":"seek","time":10.3212527845349}
ZmqGateway: dispatching payload to JUCE message thread.
VitHeadlessService: processing queued command on JUCE message thread: {"cmd":"seek","time":10.3212527845349}
Command received: {"cmd":"seek","time":10.3212527845349}
CommandDispatcher::handleSeek: position set to 10.3213s
Command executed: seek, result: {
  "status": "ok",
  "message": "Seek executed",
  "position_seconds": 10.3212527845349
}
VitHeadlessService: command reply (truncated): {
  "status": "ok",
  "message": "Seek executed",
  "position_seconds": 10.3212527845349
}
ZmqGateway: received command payload: {"cmd":"seek","time":10.4300612123305}
ZmqGateway: dispatching payload to JUCE message thread.
VitHeadlessService: processing queued command on JUCE message thread: {"cmd":"seek","time":10.4300612123305}
Command received: {"cmd":"seek","time":10.4300612123305}
CommandDispatcher::handleSeek: position set to 10.4301s
Command executed: seek, result: {
  "status": "ok",
  "message": "Seek executed",
  "position_seconds": 10.4300612123305
}
VitHeadlessService: command reply (truncated): {
  "status": "ok",
  "message": "Seek executed",
  "position_seconds": 10.4300612123305
}
ZmqGateway: received command payload: {"cmd":"seek","time":10.5699577623535}
ZmqGateway: dispatching payload to JUCE message thread.
VitHeadlessService: processing queued command on JUCE message thread: {"cmd":"seek","time":10.5699577623535}
Command received: {"cmd":"seek","time":10.5699577623535}
CommandDispatcher::handleSeek: position set to 10.5700s
Command executed: seek, result: {
  "status": "ok",
  "message": "Seek executed",
  "position_seconds": 10.5699577623535
}
VitHeadlessService: command reply (truncated): {
  "status": "ok",
  "message": "Seek executed",
  "position_seconds": 10.5699577623535
}
ZmqGateway: received command payload: {"cmd":"seek","time":10.7098543123764}
ZmqGateway: dispatching payload to JUCE message thread.
VitHeadlessService: processing queued command on JUCE message thread: {"cmd":"seek","time":10.7098543123764}
Command received: {"cmd":"seek","time":10.7098543123764}
CommandDispatcher::handleSeek: position set to 10.7099s
Command executed: seek, result: {
  "status": "ok",
  "message": "Seek executed",
  "position_seconds": 10.7098543123764
}
VitHeadlessService: command reply (truncated): {
  "status": "ok",
  "message": "Seek executed",
  "position_seconds": 10.7098543123764
}
ZmqGateway: received command payload: {"cmd":"seek","time":10.8497508623994}
ZmqGateway: dispatching payload to JUCE message thread.
VitHeadlessService: processing queued command on JUCE message thread: {"cmd":"seek","time":10.8497508623994}
Command received: {"cmd":"seek","time":10.8497508623994}
CommandDispatcher::handleSeek: position set to 10.8498s
Command executed: seek, result: {
  "status": "ok",
  "message": "Seek executed",
  "position_seconds": 10.8497508623994
}
VitHeadlessService: command reply (truncated): {
  "status": "ok",
  "message": "Seek executed",
  "position_seconds": 10.8497508623994
}
ZmqGateway: received command payload: {"cmd":"seek","time":11.005191473536}
ZmqGateway: dispatching payload to JUCE message thread.
VitHeadlessService: processing queued command on JUCE message thread: {"cmd":"seek","time":11.005191473536}
Command received: {"cmd":"seek","time":11.005191473536}
CommandDispatcher::handleSeek: position set to 11.0052s
Command executed: seek, result: {
  "status": "ok",
  "message": "Seek executed",
  "position_seconds": 11.005191473536
}
VitHeadlessService: command reply (truncated): {
  "status": "ok",
  "message": "Seek executed",
  "position_seconds": 11.005191473536
}
ZmqGateway: received command payload: {"cmd":"seek","time":11.1606320846726}
ZmqGateway: dispatching payload to JUCE message thread.
VitHeadlessService: processing queued command on JUCE message thread: {"cmd":"seek","time":11.1606320846726}
Command received: {"cmd":"seek","time":11.1606320846726}
CommandDispatcher::handleSeek: position set to 11.1606s
Command executed: seek, result: {
  "status": "ok",
  "message": "Seek executed",
  "position_seconds": 11.160632084672599
}
VitHeadlessService: command reply (truncated): {
  "status": "ok",
  "message": "Seek executed",
  "position_seconds": 11.160632084672599
}
ZmqGateway: received command payload: {"cmd":"seek","time":11.3316167569229}
ZmqGateway: dispatching payload to JUCE message thread.
VitHeadlessService: processing queued command on JUCE message thread: {"cmd":"seek","time":11.3316167569229}
Command received: {"cmd":"seek","time":11.3316167569229}
CommandDispatcher::handleSeek: position set to 11.3316s
Command executed: seek, result: {
  "status": "ok",
  "message": "Seek executed",
  "position_seconds": 11.3316167569229
}
VitHeadlessService: command reply (truncated): {
  "status": "ok",
  "message": "Seek executed",
  "position_seconds": 11.3316167569229
}
ZmqGateway: received command payload: {"cmd":"seek","time":11.4870573680595}
ZmqGateway: dispatching payload to JUCE message thread.
VitHeadlessService: processing queued command on JUCE message thread: {"cmd":"seek","time":11.4870573680595}
Command received: {"cmd":"seek","time":11.4870573680595}
CommandDispatcher::handleSeek: position set to 11.4871s
Command executed: seek, result: {
  "status": "ok",
  "message": "Seek executed",
  "position_seconds": 11.487057368059499
}
VitHeadlessService: command reply (truncated): {
  "status": "ok",
  "message": "Seek executed",
  "position_seconds": 11.487057368059499
}
ZmqGateway: received command payload: {"cmd":"seek","time":11.6424979791962}
ZmqGateway: dispatching payload to JUCE message thread.
VitHeadlessService: processing queued command on JUCE message thread: {"cmd":"seek","time":11.6424979791962}
Command received: {"cmd":"seek","time":11.6424979791962}
CommandDispatcher::handleSeek: position set to 11.6425s
Command executed: seek, result: {
  "status": "ok",
  "message": "Seek executed",
  "position_seconds": 11.6424979791962
}
VitHeadlessService: command reply (truncated): {
  "status": "ok",
  "message": "Seek executed",
  "position_seconds": 11.6424979791962
}
ZmqGateway: received command payload: {"cmd":"seek","time":11.7823945292191}
ZmqGateway: dispatching payload to JUCE message thread.
VitHeadlessService: processing queued command on JUCE message thread: {"cmd":"seek","time":11.7823945292191}
Command received: {"cmd":"seek","time":11.7823945292191}
CommandDispatcher::handleSeek: position set to 11.7824s
Command executed: seek, result: {
  "status": "ok",
  "message": "Seek executed",
  "position_seconds": 11.782394529219101
}
VitHeadlessService: command reply (truncated): {
  "status": "ok",
  "message": "Seek executed",
  "position_seconds": 11.782394529219101
}
ZmqGateway: received command payload: {"cmd":"seek","time":11.9222910792421}
ZmqGateway: dispatching payload to JUCE message thread.
VitHeadlessService: processing queued command on JUCE message thread: {"cmd":"seek","time":11.9222910792421}
Command received: {"cmd":"seek","time":11.9222910792421}
CommandDispatcher::handleSeek: position set to 11.9223s
Command executed: seek, result: {
  "status": "ok",
  "message": "Seek executed",
  "position_seconds": 11.9222910792421
}
VitHeadlessService: command reply (truncated): {
  "status": "ok",
  "message": "Seek executed",
  "position_seconds": 11.9222910792421
}
ZmqGateway: received command payload: {"cmd":"seek","time":12.0466435681514}
ZmqGateway: dispatching payload to JUCE message thread.
VitHeadlessService: processing queued command on JUCE message thread: {"cmd":"seek","time":12.0466435681514}
Command received: {"cmd":"seek","time":12.0466435681514}
CommandDispatcher::handleSeek: position set to 12.0466s
Command executed: seek, result: {
  "status": "ok",
  "message": "Seek executed",
  "position_seconds": 12.046643568151399
}
VitHeadlessService: command reply (truncated): {
  "status": "ok",
  "message": "Seek executed",
  "position_seconds": 12.046643568151399
}
ZmqGateway: received command payload: {"cmd":"seek","time":12.155451995947}
ZmqGateway: dispatching payload to JUCE message thread.
VitHeadlessService: processing queued command on JUCE message thread: {"cmd":"seek","time":12.155451995947}
Command received: {"cmd":"seek","time":12.155451995947}
CommandDispatcher::handleSeek: position set to 12.1555s
Command executed: seek, result: {
  "status": "ok",
  "message": "Seek executed",
  "position_seconds": 12.155451995947001
}
VitHeadlessService: command reply (truncated): {
  "status": "ok",
  "message": "Seek executed",
  "position_seconds": 12.155451995947001
}
ZmqGateway: received command payload: {"cmd":"seek","time":12.2798044848563}
ZmqGateway: dispatching payload to JUCE message thread.
VitHeadlessService: processing queued command on JUCE message thread: {"cmd":"seek","time":12.2798044848563}
Command received: {"cmd":"seek","time":12.2798044848563}
CommandDispatcher::handleSeek: position set to 12.2798s
Command executed: seek, result: {
  "status": "ok",
  "message": "Seek executed",
  "position_seconds": 12.279804484856299
}
VitHeadlessService: command reply (truncated): {
  "status": "ok",
  "message": "Seek executed",
  "position_seconds": 12.279804484856299
}
ZmqGateway: received command payload: {"cmd":"seek","time":12.3886129126519}
ZmqGateway: dispatching payload to JUCE message thread.
VitHeadlessService: processing queued command on JUCE message thread: {"cmd":"seek","time":12.3886129126519}
Command received: {"cmd":"seek","time":12.3886129126519}
CommandDispatcher::handleSeek: position set to 12.3886s
Command executed: seek, result: {
  "status": "ok",
  "message": "Seek executed",
  "position_seconds": 12.388612912651899
}
VitHeadlessService: command reply (truncated): {
  "status": "ok",
  "message": "Seek executed",
  "position_seconds": 12.388612912651899
}
ZmqGateway: received command payload: {"cmd":"seek","time":12.4818772793339}
ZmqGateway: dispatching payload to JUCE message thread.
VitHeadlessService: processing queued command on JUCE message thread: {"cmd":"seek","time":12.4818772793339}
Command received: {"cmd":"seek","time":12.4818772793339}
CommandDispatcher::handleSeek: position set to 12.4819s
Command executed: seek, result: {
  "status": "ok",
  "message": "Seek executed",
  "position_seconds": 12.481877279333901
}
VitHeadlessService: command reply (truncated): {
  "status": "ok",
  "message": "Seek executed",
  "position_seconds": 12.481877279333901
}
ZmqGateway: received command payload: {"cmd":"seek","time":12.5751416460159}
ZmqGateway: dispatching payload to JUCE message thread.
VitHeadlessService: processing queued command on JUCE message thread: {"cmd":"seek","time":12.5751416460159}
Command received: {"cmd":"seek","time":12.5751416460159}
CommandDispatcher::handleSeek: position set to 12.5751s
Command executed: seek, result: {
  "status": "ok",
  "message": "Seek executed",
  "position_seconds": 12.575141646015901
}
VitHeadlessService: command reply (truncated): {
  "status": "ok",
  "message": "Seek executed",
  "position_seconds": 12.575141646015901
}
ZmqGateway: received command payload: {"cmd":"seek","time":12.6528619515842}
ZmqGateway: dispatching payload to JUCE message thread.
VitHeadlessService: processing queued command on JUCE message thread: {"cmd":"seek","time":12.6528619515842}
Command received: {"cmd":"seek","time":12.6528619515842}
CommandDispatcher::handleSeek: position set to 12.6529s
Command executed: seek, result: {
  "status": "ok",
  "message": "Seek executed",
  "position_seconds": 12.6528619515842
}
VitHeadlessService: command reply (truncated): {
  "status": "ok",
  "message": "Seek executed",
  "position_seconds": 12.6528619515842
}
ZmqGateway: received command payload: {"cmd":"seek","time":12.6994941349252}
ZmqGateway: dispatching payload to JUCE message thread.
VitHeadlessService: processing queued command on JUCE message thread: {"cmd":"seek","time":12.6994941349252}
Command received: {"cmd":"seek","time":12.6994941349252}
CommandDispatcher::handleSeek: position set to 12.6995s
Command executed: seek, result: {
  "status": "ok",
  "message": "Seek executed",
  "position_seconds": 12.6994941349252
}
VitHeadlessService: command reply (truncated): {
  "status": "ok",
  "message": "Seek executed",
  "position_seconds": 12.6994941349252
}
ZmqGateway: received command payload: {"cmd":"seek","time":12.7461263182662}
ZmqGateway: dispatching payload to JUCE message thread.
VitHeadlessService: processing queued command on JUCE message thread: {"cmd":"seek","time":12.7461263182662}
Command received: {"cmd":"seek","time":12.7461263182662}
CommandDispatcher::handleSeek: position set to 12.7461s
Command executed: seek, result: {
  "status": "ok",
  "message": "Seek executed",
  "position_seconds": 12.746126318266199
}
VitHeadlessService: command reply (truncated): {
  "status": "ok",
  "message": "Seek executed",
  "position_seconds": 12.746126318266199
}
ZmqGateway: received command payload: {"cmd":"seek","time":12.7772144404935}
ZmqGateway: dispatching payload to JUCE message thread.
VitHeadlessService: processing queued command on JUCE message thread: {"cmd":"seek","time":12.7772144404935}
Command received: {"cmd":"seek","time":12.7772144404935}
CommandDispatcher::handleSeek: position set to 12.7772s
Command executed: seek, result: {
  "status": "ok",
  "message": "Seek executed",
  "position_seconds": 12.7772144404935
}
VitHeadlessService: command reply (truncated): {
  "status": "ok",
  "message": "Seek executed",
  "position_seconds": 12.7772144404935
}
ZmqGateway: received command payload: {"cmd":"seek","time":12.8083025627208}
ZmqGateway: dispatching payload to JUCE message thread.
VitHeadlessService: processing queued command on JUCE message thread: {"cmd":"seek","time":12.8083025627208}
Command received: {"cmd":"seek","time":12.8083025627208}
CommandDispatcher::handleSeek: position set to 12.8083s
Command executed: seek, result: {
  "status": "ok",
  "message": "Seek executed",
  "position_seconds": 12.808302562720799
}
VitHeadlessService: command reply (truncated): {
  "status": "ok",
  "message": "Seek executed",
  "position_seconds": 12.808302562720799
}
ZmqGateway: received command payload: {"cmd":"seek","time":12.8238466238345}
ZmqGateway: dispatching payload to JUCE message thread.
VitHeadlessService: processing queued command on JUCE message thread: {"cmd":"seek","time":12.8238466238345}
Command received: {"cmd":"seek","time":12.8238466238345}
CommandDispatcher::handleSeek: position set to 12.8238s
Command executed: seek, result: {
  "status": "ok",
  "message": "Seek executed",
  "position_seconds": 12.8238466238345
}
VitHeadlessService: command reply (truncated): {
  "status": "ok",
  "message": "Seek executed",
  "position_seconds": 12.8238466238345
}
ZmqGateway: received command payload: {"cmd":"seek","time":12.8238466238345}
ZmqGateway: dispatching payload to JUCE message thread.
VitHeadlessService: processing queued command on JUCE message thread: {"cmd":"seek","time":12.8238466238345}
Command received: {"cmd":"seek","time":12.8238466238345}
CommandDispatcher::handleSeek: position set to 12.8238s
Command executed: seek, result: {
  "status": "ok",
  "message": "Seek executed",
  "position_seconds": 12.8238466238345
}
VitHeadlessService: command reply (truncated): {
  "status": "ok",
  "message": "Seek executed",
  "position_seconds": 12.8238466238345
}
ZmqGateway: received command payload: {"cmd":"seek","time":12.8083025627208}
ZmqGateway: dispatching payload to JUCE message thread.
VitHeadlessService: processing queued command on JUCE message thread: {"cmd":"seek","time":12.8083025627208}
Command received: {"cmd":"seek","time":12.8083025627208}
CommandDispatcher::handleSeek: position set to 12.8083s
Command executed: seek, result: {
  "status": "ok",
  "message": "Seek executed",
  "position_seconds": 12.808302562720799
}
VitHeadlessService: command reply (truncated): {
  "status": "ok",
  "message": "Seek executed",
  "position_seconds": 12.808302562720799
}
ZmqGateway: received command payload: {"cmd":"seek","time":12.7150381960388}
ZmqGateway: dispatching payload to JUCE message thread.
VitHeadlessService: processing queued command on JUCE message thread: {"cmd":"seek","time":12.7150381960388}
Command received: {"cmd":"seek","time":12.7150381960388}
CommandDispatcher::handleSeek: position set to 12.7150s
Command executed: seek, result: {
  "status": "ok",
  "message": "Seek executed",
  "position_seconds": 12.715038196038799
}
VitHeadlessService: command reply (truncated): {
  "status": "ok",
  "message": "Seek executed",
  "position_seconds": 12.715038196038799
}
ZmqGateway: received command payload: {"cmd":"seek","time":12.6062297682432}
ZmqGateway: dispatching payload to JUCE message thread.
VitHeadlessService: processing queued command on JUCE message thread: {"cmd":"seek","time":12.6062297682432}
Command received: {"cmd":"seek","time":12.6062297682432}
CommandDispatcher::handleSeek: position set to 12.6062s
Command executed: seek, result: {
  "status": "ok",
  "message": "Seek executed",
  "position_seconds": 12.6062297682432
}
VitHeadlessService: command reply (truncated): {
  "status": "ok",
  "message": "Seek executed",
  "position_seconds": 12.6062297682432
}
ZmqGateway: received command payload: {"cmd":"seek","time":12.4818772793339}
ZmqGateway: dispatching payload to JUCE message thread.
VitHeadlessService: processing queued command on JUCE message thread: {"cmd":"seek","time":12.4818772793339}
Command received: {"cmd":"seek","time":12.4818772793339}
CommandDispatcher::handleSeek: position set to 12.4819s
Command executed: seek, result: {
  "status": "ok",
  "message": "Seek executed",
  "position_seconds": 12.481877279333901
}
VitHeadlessService: command reply (truncated): {
  "status": "ok",
  "message": "Seek executed",
  "position_seconds": 12.481877279333901
}
ZmqGateway: received command payload: {"cmd":"seek","time":12.3730688515383}
ZmqGateway: dispatching payload to JUCE message thread.
VitHeadlessService: processing queued command on JUCE message thread: {"cmd":"seek","time":12.3730688515383}
Command received: {"cmd":"seek","time":12.3730688515383}
CommandDispatcher::handleSeek: position set to 12.3731s
Command executed: seek, result: {
  "status": "ok",
  "message": "Seek executed",
  "position_seconds": 12.373068851538299
}
VitHeadlessService: command reply (truncated): {
  "status": "ok",
  "message": "Seek executed",
  "position_seconds": 12.373068851538299
}
ZmqGateway: received command payload: {"cmd":"seek","time":12.248716362629}
ZmqGateway: dispatching payload to JUCE message thread.
VitHeadlessService: processing queued command on JUCE message thread: {"cmd":"seek","time":12.248716362629}
Command received: {"cmd":"seek","time":12.248716362629}
CommandDispatcher::handleSeek: position set to 12.2487s
Command executed: seek, result: {
  "status": "ok",
  "message": "Seek executed",
  "position_seconds": 12.248716362629001
}
VitHeadlessService: command reply (truncated): {
  "status": "ok",
  "message": "Seek executed",
  "position_seconds": 12.248716362629001
}
ZmqGateway: received command payload: {"cmd":"seek","time":12.1243638737197}
ZmqGateway: dispatching payload to JUCE message thread.
VitHeadlessService: processing queued command on JUCE message thread: {"cmd":"seek","time":12.1243638737197}
Command received: {"cmd":"seek","time":12.1243638737197}
CommandDispatcher::handleSeek: position set to 12.1244s
Command executed: seek, result: {
  "status": "ok",
  "message": "Seek executed",
  "position_seconds": 12.1243638737197
}
VitHeadlessService: command reply (truncated): {
  "status": "ok",
  "message": "Seek executed",
  "position_seconds": 12.1243638737197
}
ZmqGateway: received command payload: {"cmd":"seek","time":12.0000113848104}
ZmqGateway: dispatching payload to JUCE message thread.
VitHeadlessService: processing queued command on JUCE message thread: {"cmd":"seek","time":12.0000113848104}
Command received: {"cmd":"seek","time":12.0000113848104}
CommandDispatcher::handleSeek: position set to 12.0000s
Command executed: seek, result: {
  "status": "ok",
  "message": "Seek executed",
  "position_seconds": 12.000011384810399
}
VitHeadlessService: command reply (truncated): {
  "status": "ok",
  "message": "Seek executed",
  "position_seconds": 12.000011384810399
}
ZmqGateway: received command payload: {"cmd":"seek","time":11.9067470181284}
ZmqGateway: dispatching payload to JUCE message thread.
VitHeadlessService: processing queued command on JUCE message thread: {"cmd":"seek","time":11.9067470181284}
Command received: {"cmd":"seek","time":11.9067470181284}
CommandDispatcher::handleSeek: position set to 11.9067s
Command executed: seek, result: {
  "status": "ok",
  "message": "Seek executed",
  "position_seconds": 11.906747018128399
}
VitHeadlessService: command reply (truncated): {
  "status": "ok",
  "message": "Seek executed",
  "position_seconds": 11.906747018128399
}
ZmqGateway: received command payload: {"cmd":"seek","time":11.7979385903328}
ZmqGateway: dispatching payload to JUCE message thread.
VitHeadlessService: processing queued command on JUCE message thread: {"cmd":"seek","time":11.7979385903328}
Command received: {"cmd":"seek","time":11.7979385903328}
CommandDispatcher::handleSeek: position set to 11.7979s
Command executed: seek, result: {
  "status": "ok",
  "message": "Seek executed",
  "position_seconds": 11.7979385903328
}
VitHeadlessService: command reply (truncated): {
  "status": "ok",
  "message": "Seek executed",
  "position_seconds": 11.7979385903328
}
ZmqGateway: received command payload: {"cmd":"seek","time":11.7046742236508}
ZmqGateway: dispatching payload to JUCE message thread.
VitHeadlessService: processing queued command on JUCE message thread: {"cmd":"seek","time":11.7046742236508}
Command received: {"cmd":"seek","time":11.7046742236508}
CommandDispatcher::handleSeek: position set to 11.7047s
Command executed: seek, result: {
  "status": "ok",
  "message": "Seek executed",
  "position_seconds": 11.7046742236508
}
VitHeadlessService: command reply (truncated): {
  "status": "ok",
  "message": "Seek executed",
  "position_seconds": 11.7046742236508
}
ZmqGateway: received command payload: {"cmd":"seek","time":11.6269539180825}
ZmqGateway: dispatching payload to JUCE message thread.
VitHeadlessService: processing queued command on JUCE message thread: {"cmd":"seek","time":11.6269539180825}
Command received: {"cmd":"seek","time":11.6269539180825}
CommandDispatcher::handleSeek: position set to 11.6270s
Command executed: seek, result: {
  "status": "ok",
  "message": "Seek executed",
  "position_seconds": 11.626953918082499
}
VitHeadlessService: command reply (truncated): {
  "status": "ok",
  "message": "Seek executed",
  "position_seconds": 11.626953918082499
}
ZmqGateway: received command payload: {"cmd":"seek","time":11.5492336125142}
ZmqGateway: dispatching payload to JUCE message thread.
VitHeadlessService: processing queued command on JUCE message thread: {"cmd":"seek","time":11.5492336125142}
Command received: {"cmd":"seek","time":11.5492336125142}
CommandDispatcher::handleSeek: position set to 11.5492s
Command executed: seek, result: {
  "status": "ok",
  "message": "Seek executed",
  "position_seconds": 11.5492336125142
}
VitHeadlessService: command reply (truncated): {
  "status": "ok",
  "message": "Seek executed",
  "position_seconds": 11.5492336125142
}
ZmqGateway: received command payload: {"cmd":"seek","time":11.4715133069459}
ZmqGateway: dispatching payload to JUCE message thread.
VitHeadlessService: processing queued command on JUCE message thread: {"cmd":"seek","time":11.4715133069459}
Command received: {"cmd":"seek","time":11.4715133069459}
CommandDispatcher::handleSeek: position set to 11.4715s
Command executed: seek, result: {
  "status": "ok",
  "message": "Seek executed",
  "position_seconds": 11.4715133069459
}
VitHeadlessService: command reply (truncated): {
  "status": "ok",
  "message": "Seek executed",
  "position_seconds": 11.4715133069459
}
ZmqGateway: received command payload: {"cmd":"seek","time":11.3937930013776}
ZmqGateway: dispatching payload to JUCE message thread.
VitHeadlessService: processing queued command on JUCE message thread: {"cmd":"seek","time":11.3937930013776}
Command received: {"cmd":"seek","time":11.3937930013776}
CommandDispatcher::handleSeek: position set to 11.3938s
Command executed: seek, result: {
  "status": "ok",
  "message": "Seek executed",
  "position_seconds": 11.393793001377601
}
VitHeadlessService: command reply (truncated): {
  "status": "ok",
  "message": "Seek executed",
  "position_seconds": 11.393793001377601
}
ZmqGateway: received command payload: {"cmd":"seek","time":11.3160726958093}
ZmqGateway: dispatching payload to JUCE message thread.
VitHeadlessService: processing queued command on JUCE message thread: {"cmd":"seek","time":11.3160726958093}
Command received: {"cmd":"seek","time":11.3160726958093}
CommandDispatcher::handleSeek: position set to 11.3161s
Command executed: seek, result: {
  "status": "ok",
  "message": "Seek executed",
  "position_seconds": 11.3160726958093
}
VitHeadlessService: command reply (truncated): {
  "status": "ok",
  "message": "Seek executed",
  "position_seconds": 11.3160726958093
}
ZmqGateway: received command payload: {"cmd":"seek","time":11.2228083291273}
ZmqGateway: dispatching payload to JUCE message thread.
VitHeadlessService: processing queued command on JUCE message thread: {"cmd":"seek","time":11.2228083291273}
Command received: {"cmd":"seek","time":11.2228083291273}
CommandDispatcher::handleSeek: position set to 11.2228s
Command executed: seek, result: {
  "status": "ok",
  "message": "Seek executed",
  "position_seconds": 11.2228083291273
}
VitHeadlessService: command reply (truncated): {
  "status": "ok",
  "message": "Seek executed",
  "position_seconds": 11.2228083291273
}
ZmqGateway: received command payload: {"cmd":"seek","time":11.1295439624453}
ZmqGateway: dispatching payload to JUCE message thread.
VitHeadlessService: processing queued command on JUCE message thread: {"cmd":"seek","time":11.1295439624453}
Command received: {"cmd":"seek","time":11.1295439624453}
CommandDispatcher::handleSeek: position set to 11.1295s
Command executed: seek, result: {
  "status": "ok",
  "message": "Seek executed",
  "position_seconds": 11.1295439624453
}
VitHeadlessService: command reply (truncated): {
  "status": "ok",
  "message": "Seek executed",
  "position_seconds": 11.1295439624453
}
ZmqGateway: received command payload: {"cmd":"seek","time":11.005191473536}
ZmqGateway: dispatching payload to JUCE message thread.
VitHeadlessService: processing queued command on JUCE message thread: {"cmd":"seek","time":11.005191473536}
Command received: {"cmd":"seek","time":11.005191473536}
CommandDispatcher::handleSeek: position set to 11.0052s
Command executed: seek, result: {
  "status": "ok",
  "message": "Seek executed",
  "position_seconds": 11.005191473536
}
VitHeadlessService: command reply (truncated): {
  "status": "ok",
  "message": "Seek executed",
  "position_seconds": 11.005191473536
}
ZmqGateway: received command payload: {"cmd":"seek","time":10.8652949235131}
ZmqGateway: dispatching payload to JUCE message thread.
VitHeadlessService: processing queued command on JUCE message thread: {"cmd":"seek","time":10.8652949235131}
Command received: {"cmd":"seek","time":10.8652949235131}
CommandDispatcher::handleSeek: position set to 10.8653s
Command executed: seek, result: {
  "status": "ok",
  "message": "Seek executed",
  "position_seconds": 10.865294923513099
}
VitHeadlessService: command reply (truncated): {
  "status": "ok",
  "message": "Seek executed",
  "position_seconds": 10.865294923513099
}
ZmqGateway: received command payload: {"cmd":"seek","time":10.7253983734901}
ZmqGateway: dispatching payload to JUCE message thread.
VitHeadlessService: processing queued command on JUCE message thread: {"cmd":"seek","time":10.7253983734901}
Command received: {"cmd":"seek","time":10.7253983734901}
CommandDispatcher::handleSeek: position set to 10.7254s
Command executed: seek, result: {
  "status": "ok",
  "message": "Seek executed",
  "position_seconds": 10.7253983734901
}
VitHeadlessService: command reply (truncated): {
  "status": "ok",
  "message": "Seek executed",
  "position_seconds": 10.7253983734901
}
ZmqGateway: received command payload: {"cmd":"seek","time":10.5699577623535}
ZmqGateway: dispatching payload to JUCE message thread.
VitHeadlessService: processing queued command on JUCE message thread: {"cmd":"seek","time":10.5699577623535}
Command received: {"cmd":"seek","time":10.5699577623535}
CommandDispatcher::handleSeek: position set to 10.5700s
Command executed: seek, result: {
  "status": "ok",
  "message": "Seek executed",
  "position_seconds": 10.5699577623535
}
VitHeadlessService: command reply (truncated): {
  "status": "ok",
  "message": "Seek executed",
  "position_seconds": 10.5699577623535
}
ZmqGateway: received command payload: {"cmd":"seek","time":10.3834290289895}
ZmqGateway: dispatching payload to JUCE message thread.
VitHeadlessService: processing queued command on JUCE message thread: {"cmd":"seek","time":10.3834290289895}
Command received: {"cmd":"seek","time":10.3834290289895}
CommandDispatcher::handleSeek: position set to 10.3834s
Command executed: seek, result: {
  "status": "ok",
  "message": "Seek executed",
  "position_seconds": 10.3834290289895
}
VitHeadlessService: command reply (truncated): {
  "status": "ok",
  "message": "Seek executed",
  "position_seconds": 10.3834290289895
}
ZmqGateway: received command payload: {"cmd":"seek","time":10.2124443567392}
ZmqGateway: dispatching payload to JUCE message thread.
VitHeadlessService: processing queued command on JUCE message thread: {"cmd":"seek","time":10.2124443567392}
Command received: {"cmd":"seek","time":10.2124443567392}
CommandDispatcher::handleSeek: position set to 10.2124s
Command executed: seek, result: {
  "status": "ok",
  "message": "Seek executed",
  "position_seconds": 10.2124443567392
}
VitHeadlessService: command reply (truncated): {
  "status": "ok",
  "message": "Seek executed",
  "position_seconds": 10.2124443567392
}
ZmqGateway: received command payload: {"cmd":"seek","time":10.041459684489}
ZmqGateway: dispatching payload to JUCE message thread.
VitHeadlessService: processing queued command on JUCE message thread: {"cmd":"seek","time":10.041459684489}
Command received: {"cmd":"seek","time":10.041459684489}
CommandDispatcher::handleSeek: position set to 10.0415s
Command executed: seek, result: {
  "status": "ok",
  "message": "Seek executed",
  "position_seconds": 10.041459684489
}
VitHeadlessService: command reply (truncated): {
  "status": "ok",
  "message": "Seek executed",
  "position_seconds": 10.041459684489
}
ZmqGateway: received command payload: {"cmd":"seek","time":9.87047501223867}
ZmqGateway: dispatching payload to JUCE message thread.
VitHeadlessService: processing queued command on JUCE message thread: {"cmd":"seek","time":9.87047501223867}
Command received: {"cmd":"seek","time":9.87047501223867}
CommandDispatcher::handleSeek: position set to 9.8705s
Command executed: seek, result: {
  "status": "ok",
  "message": "Seek executed",
  "position_seconds": 9.87047501223867
}
VitHeadlessService: command reply (truncated): {
  "status": "ok",
  "message": "Seek executed",
  "position_seconds": 9.87047501223867
}
ZmqGateway: received command payload: {"cmd":"seek","time":9.73057846221571}
ZmqGateway: dispatching payload to JUCE message thread.
VitHeadlessService: processing queued command on JUCE message thread: {"cmd":"seek","time":9.73057846221571}
Command received: {"cmd":"seek","time":9.73057846221571}
CommandDispatcher::handleSeek: position set to 9.7306s
Command executed: seek, result: {
  "status": "ok",
  "message": "Seek executed",
  "position_seconds": 9.730578462215711
}
VitHeadlessService: command reply (truncated): {
  "status": "ok",
  "message": "Seek executed",
  "position_seconds": 9.730578462215711
}
ZmqGateway: received command payload: {"cmd":"seek","time":9.62177003442008}
ZmqGateway: dispatching payload to JUCE message thread.
VitHeadlessService: processing queued command on JUCE message thread: {"cmd":"seek","time":9.62177003442008}
Command received: {"cmd":"seek","time":9.62177003442008}
CommandDispatcher::handleSeek: position set to 9.6218s
Command executed: seek, result: {
  "status": "ok",
  "message": "Seek executed",
  "position_seconds": 9.621770034420081
}
VitHeadlessService: command reply (truncated): {
  "status": "ok",
  "message": "Seek executed",
  "position_seconds": 9.621770034420081
}
ZmqGateway: received command payload: {"cmd":"seek","time":9.5285056677381}
ZmqGateway: dispatching payload to JUCE message thread.
VitHeadlessService: processing queued command on JUCE message thread: {"cmd":"seek","time":9.5285056677381}
Command received: {"cmd":"seek","time":9.5285056677381}
CommandDispatcher::handleSeek: position set to 9.5285s
Command executed: seek, result: {
  "status": "ok",
  "message": "Seek executed",
  "position_seconds": 9.5285056677381
}
VitHeadlessService: command reply (truncated): {
  "status": "ok",
  "message": "Seek executed",
  "position_seconds": 9.5285056677381
}
ZmqGateway: received command payload: {"cmd":"seek","time":9.46632942328345}
ZmqGateway: dispatching payload to JUCE message thread.
VitHeadlessService: processing queued command on JUCE message thread: {"cmd":"seek","time":9.46632942328345}
Command received: {"cmd":"seek","time":9.46632942328345}
CommandDispatcher::handleSeek: position set to 9.4663s
Command executed: seek, result: {
  "status": "ok",
  "message": "Seek executed",
  "position_seconds": 9.466329423283449
}
VitHeadlessService: command reply (truncated): {
  "status": "ok",
  "message": "Seek executed",
  "position_seconds": 9.466329423283449
}
ZmqGateway: received command payload: {"cmd":"seek","time":9.43524130105613}
ZmqGateway: dispatching payload to JUCE message thread.
VitHeadlessService: processing queued command on JUCE message thread: {"cmd":"seek","time":9.43524130105613}
Command received: {"cmd":"seek","time":9.43524130105613}
CommandDispatcher::handleSeek: position set to 9.4352s
Command executed: seek, result: {
  "status": "ok",
  "message": "Seek executed",
  "position_seconds": 9.435241301056131
}
VitHeadlessService: command reply (truncated): {
  "status": "ok",
  "message": "Seek executed",
  "position_seconds": 9.435241301056131
}
ZmqGateway: received command payload: {"cmd":"seek","time":9.41969723994247}
ZmqGateway: dispatching payload to JUCE message thread.
VitHeadlessService: processing queued command on JUCE message thread: {"cmd":"seek","time":9.41969723994247}
Command received: {"cmd":"seek","time":9.41969723994247}
CommandDispatcher::handleSeek: position set to 9.4197s
Command executed: seek, result: {
  "status": "ok",
  "message": "Seek executed",
  "position_seconds": 9.419697239942471
}
VitHeadlessService: command reply (truncated): {
  "status": "ok",
  "message": "Seek executed",
  "position_seconds": 9.419697239942471
}
ZmqGateway: received command payload: {"cmd":"seek","time":9.40415317882881}
ZmqGateway: dispatching payload to JUCE message thread.
VitHeadlessService: processing queued command on JUCE message thread: {"cmd":"seek","time":9.40415317882881}
Command received: {"cmd":"seek","time":9.40415317882881}
CommandDispatcher::handleSeek: position set to 9.4042s
Command executed: seek, result: {
  "status": "ok",
  "message": "Seek executed",
  "position_seconds": 9.40415317882881
}
VitHeadlessService: command reply (truncated): {
  "status": "ok",
  "message": "Seek executed",
  "position_seconds": 9.40415317882881
}
ZmqGateway: received command payload: {"cmd":"seek","time":9.35752099548782}
ZmqGateway: dispatching payload to JUCE message thread.
VitHeadlessService: processing queued command on JUCE message thread: {"cmd":"seek","time":9.35752099548782}
Command received: {"cmd":"seek","time":9.35752099548782}
CommandDispatcher::handleSeek: position set to 9.3575s
Command executed: seek, result: {
  "status": "ok",
  "message": "Seek executed",
  "position_seconds": 9.357520995487819
}
VitHeadlessService: command reply (truncated): {
  "status": "ok",
  "message": "Seek executed",
  "position_seconds": 9.357520995487819
}
ZmqGateway: received command payload: {"cmd":"seek","time":9.31088881214683}
ZmqGateway: dispatching payload to JUCE message thread.
VitHeadlessService: processing queued command on JUCE message thread: {"cmd":"seek","time":9.31088881214683}
Command received: {"cmd":"seek","time":9.31088881214683}
CommandDispatcher::handleSeek: position set to 9.3109s
Command executed: seek, result: {
  "status": "ok",
  "message": "Seek executed",
  "position_seconds": 9.31088881214683
}
VitHeadlessService: command reply (truncated): {
  "status": "ok",
  "message": "Seek executed",
  "position_seconds": 9.31088881214683
}
ZmqGateway: received command payload: {"cmd":"seek","time":9.26425662880585}
ZmqGateway: dispatching payload to JUCE message thread.
VitHeadlessService: processing queued command on JUCE message thread: {"cmd":"seek","time":9.26425662880585}
Command received: {"cmd":"seek","time":9.26425662880585}
CommandDispatcher::handleSeek: position set to 9.2643s
Command executed: seek, result: {
  "status": "ok",
  "message": "Seek executed",
  "position_seconds": 9.26425662880585
}
VitHeadlessService: command reply (truncated): {
  "status": "ok",
  "message": "Seek executed",
  "position_seconds": 9.26425662880585
}
ZmqGateway: received command payload: {"cmd":"seek","time":9.21762444546486}
ZmqGateway: dispatching payload to JUCE message thread.
VitHeadlessService: processing queued command on JUCE message thread: {"cmd":"seek","time":9.21762444546486}
Command received: {"cmd":"seek","time":9.21762444546486}
CommandDispatcher::handleSeek: position set to 9.2176s
Command executed: seek, result: {
  "status": "ok",
  "message": "Seek executed",
  "position_seconds": 9.21762444546486
}
VitHeadlessService: command reply (truncated): {
  "status": "ok",
  "message": "Seek executed",
  "position_seconds": 9.21762444546486
}
ZmqGateway: received command payload: {"cmd":"seek","time":9.2020803843512}
ZmqGateway: dispatching payload to JUCE message thread.
VitHeadlessService: processing queued command on JUCE message thread: {"cmd":"seek","time":9.2020803843512}
Command received: {"cmd":"seek","time":9.2020803843512}
CommandDispatcher::handleSeek: position set to 9.2021s
Command executed: seek, result: {
  "status": "ok",
  "message": "Seek executed",
  "position_seconds": 9.2020803843512
}
VitHeadlessService: command reply (truncated): {
  "status": "ok",
  "message": "Seek executed",
  "position_seconds": 9.2020803843512
}
ZmqGateway: received command payload: {"cmd":"seek","time":9.18653632323754}
ZmqGateway: dispatching payload to JUCE message thread.
VitHeadlessService: processing queued command on JUCE message thread: {"cmd":"seek","time":9.18653632323754}
Command received: {"cmd":"seek","time":9.18653632323754}
CommandDispatcher::handleSeek: position set to 9.1865s
Command executed: seek, result: {
  "status": "ok",
  "message": "Seek executed",
  "position_seconds": 9.18653632323754
}
VitHeadlessService: command reply (truncated): {
  "status": "ok",
  "message": "Seek executed",
  "position_seconds": 9.18653632323754
}
ZmqGateway: received command payload: {"cmd":"seek","time":9.17099226212387}
ZmqGateway: dispatching payload to JUCE message thread.
VitHeadlessService: processing queued command on JUCE message thread: {"cmd":"seek","time":9.17099226212387}
Command received: {"cmd":"seek","time":9.17099226212387}
CommandDispatcher::handleSeek: position set to 9.1710s
Command executed: seek, result: {
  "status": "ok",
  "message": "Seek executed",
  "position_seconds": 9.170992262123869
}
VitHeadlessService: command reply (truncated): {
  "status": "ok",
  "message": "Seek executed",
  "position_seconds": 9.170992262123869
}
ZmqGateway: received command payload: {"action":"play"}
ZmqGateway: dispatching payload to JUCE message thread.
VitHeadlessService: processing queued command on JUCE message thread: {"action":"play"}
Command received: {"action":"play"}
CommandDispatcher::handlePlay: before isPlaying=false isRecording=false playContextActive=true positionSeconds=9.171 editLengthSeconds=11.135
CommandDispatcher::handlePlay: after isPlaying=true isRecording=false playContextActive=true positionSeconds=9.171 editLengthSeconds=11.135
Command executed: play, result: {
  "status": "ok",
  "message": "Transport playing",
  "is_playing": true,
  "is_recording": false,
  "position_seconds": 9.170999999999999,
  "click_track_enabled": false
}
VitHeadlessService: command reply (truncated): {
  "status": "ok",
  "message": "Transport playing",
  "is_playing": true,
  "is_recording": false,
  "position_seconds": 9.170999999999999,
  "click_track_enabled": false
}
ZmqGateway: received command payload: {"action":"stop"}
ZmqGateway: dispatching payload to JUCE message thread.
VitHeadlessService: processing queued command on JUCE message thread: {"action":"stop"}
Command received: {"action":"stop"}
CommandDispatcher::handleStop: before isPlaying=true isRecording=false playContextActive=true positionSeconds=9.511 editLengthSeconds=11.135
CommandDispatcher::handleStop: after isPlaying=false isRecording=false playContextActive=true positionSeconds=9.511 editLengthSeconds=11.135
Command executed: stop, result: {
  "status": "ok",
  "message": "Transport stopped",
  "is_playing": false,
  "is_recording": false,
  "position_seconds": 9.510999999999999,
  "click_track_enabled": false
}
VitHeadlessService: command reply (truncated): {
  "status": "ok",
  "message": "Transport stopped",
  "is_playing": false,
  "is_recording": false,
  "position_seconds": 9.510999999999999,
  "click_track_enabled": false
}
ZmqGateway: received command payload: {"cmd":"seek","time":10.7564864957174}
ZmqGateway: dispatching payload to JUCE message thread.
VitHeadlessService: processing queued command on JUCE message thread: {"cmd":"seek","time":10.7564864957174}
Command received: {"cmd":"seek","time":10.7564864957174}
CommandDispatcher::handleSeek: position set to 10.7565s
Command executed: seek, result: {
  "status": "ok",
  "message": "Seek executed",
  "position_seconds": 10.7564864957174
}
VitHeadlessService: command reply (truncated): {
  "status": "ok",
  "message": "Seek executed",
  "position_seconds": 10.7564864957174
}
ZmqGateway: received command payload: {"cmd":"seek","time":10.7720305568311}
ZmqGateway: dispatching payload to JUCE message thread.
VitHeadlessService: processing queued command on JUCE message thread: {"cmd":"seek","time":10.7720305568311}
Command received: {"cmd":"seek","time":10.7720305568311}
CommandDispatcher::handleSeek: position set to 10.7720s
Command executed: seek, result: {
  "status": "ok",
  "message": "Seek executed",
  "position_seconds": 10.772030556831099
}
VitHeadlessService: command reply (truncated): {
  "status": "ok",
  "message": "Seek executed",
  "position_seconds": 10.772030556831099
}
ZmqGateway: received command payload: {"cmd":"seek","time":10.7875746179447}
ZmqGateway: dispatching payload to JUCE message thread.
VitHeadlessService: processing queued command on JUCE message thread: {"cmd":"seek","time":10.7875746179447}
Command received: {"cmd":"seek","time":10.7875746179447}
CommandDispatcher::handleSeek: position set to 10.7876s
Command executed: seek, result: {
  "status": "ok",
  "message": "Seek executed",
  "position_seconds": 10.787574617944699
}
VitHeadlessService: command reply (truncated): {
  "status": "ok",
  "message": "Seek executed",
  "position_seconds": 10.787574617944699
}
ZmqGateway: received command payload: {"cmd":"seek","time":10.8031186790584}
ZmqGateway: dispatching payload to JUCE message thread.
VitHeadlessService: processing queued command on JUCE message thread: {"cmd":"seek","time":10.8031186790584}
Command received: {"cmd":"seek","time":10.8031186790584}
CommandDispatcher::handleSeek: position set to 10.8031s
Command executed: seek, result: {
  "status": "ok",
  "message": "Seek executed",
  "position_seconds": 10.8031186790584
}
VitHeadlessService: command reply (truncated): {
  "status": "ok",
  "message": "Seek executed",
  "position_seconds": 10.8031186790584
}
ZmqGateway: received command payload: {"cmd":"seek","time":10.8342068012857}
ZmqGateway: dispatching payload to JUCE message thread.
VitHeadlessService: processing queued command on JUCE message thread: {"cmd":"seek","time":10.8342068012857}
Command received: {"cmd":"seek","time":10.8342068012857}
CommandDispatcher::handleSeek: position set to 10.8342s
Command executed: seek, result: {
  "status": "ok",
  "message": "Seek executed",
  "position_seconds": 10.834206801285699
}
VitHeadlessService: command reply (truncated): {
  "status": "ok",
  "message": "Seek executed",
  "position_seconds": 10.834206801285699
}
ZmqGateway: received command payload: {"cmd":"seek","time":10.8652949235131}
ZmqGateway: dispatching payload to JUCE message thread.
VitHeadlessService: processing queued command on JUCE message thread: {"cmd":"seek","time":10.8652949235131}
Command received: {"cmd":"seek","time":10.8652949235131}
CommandDispatcher::handleSeek: position set to 10.8653s
Command executed: seek, result: {
  "status": "ok",
  "message": "Seek executed",
  "position_seconds": 10.865294923513099
}
VitHeadlessService: command reply (truncated): {
  "status": "ok",
  "message": "Seek executed",
  "position_seconds": 10.865294923513099
}
ZmqGateway: received command payload: {"cmd":"seek","time":10.911927106854}
ZmqGateway: dispatching payload to JUCE message thread.
VitHeadlessService: processing queued command on JUCE message thread: {"cmd":"seek","time":10.911927106854}
Command received: {"cmd":"seek","time":10.911927106854}
CommandDispatcher::handleSeek: position set to 10.9119s
Command executed: seek, result: {
  "status": "ok",
  "message": "Seek executed",
  "position_seconds": 10.911927106854
}
VitHeadlessService: command reply (truncated): {
  "status": "ok",
  "message": "Seek executed",
  "position_seconds": 10.911927106854
}
ZmqGateway: received command payload: {"cmd":"seek","time":10.9896474124223}
ZmqGateway: dispatching payload to JUCE message thread.
VitHeadlessService: processing queued command on JUCE message thread: {"cmd":"seek","time":10.9896474124223}
Command received: {"cmd":"seek","time":10.9896474124223}
CommandDispatcher::handleSeek: position set to 10.9896s
Command executed: seek, result: {
  "status": "ok",
  "message": "Seek executed",
  "position_seconds": 10.9896474124223
}
VitHeadlessService: command reply (truncated): {
  "status": "ok",
  "message": "Seek executed",
  "position_seconds": 10.9896474124223
}
ZmqGateway: received command payload: {"cmd":"seek","time":11.0829117791043}
ZmqGateway: dispatching payload to JUCE message thread.
VitHeadlessService: processing queued command on JUCE message thread: {"cmd":"seek","time":11.0829117791043}
Command received: {"cmd":"seek","time":11.0829117791043}
CommandDispatcher::handleSeek: position set to 11.0829s
Command executed: seek, result: {
  "status": "ok",
  "message": "Seek executed",
  "position_seconds": 11.0829117791043
}
VitHeadlessService: command reply (truncated): {
  "status": "ok",
  "message": "Seek executed",
  "position_seconds": 11.0829117791043
}
ZmqGateway: received command payload: {"cmd":"seek","time":11.1917202069}
ZmqGateway: dispatching payload to JUCE message thread.
VitHeadlessService: processing queued command on JUCE message thread: {"cmd":"seek","time":11.1917202069}
Command received: {"cmd":"seek","time":11.1917202069}
CommandDispatcher::handleSeek: position set to 11.1917s
Command executed: seek, result: {
  "status": "ok",
  "message": "Seek executed",
  "position_seconds": 11.191720206899999
}
VitHeadlessService: command reply (truncated): {
  "status": "ok",
  "message": "Seek executed",
  "position_seconds": 11.191720206899999
}
ZmqGateway: received command payload: {"cmd":"seek","time":11.3005286346956}
ZmqGateway: dispatching payload to JUCE message thread.
VitHeadlessService: processing queued command on JUCE message thread: {"cmd":"seek","time":11.3005286346956}
Command received: {"cmd":"seek","time":11.3005286346956}
CommandDispatcher::handleSeek: position set to 11.3005s
Command executed: seek, result: {
  "status": "ok",
  "message": "Seek executed",
  "position_seconds": 11.300528634695601
}
VitHeadlessService: command reply (truncated): {
  "status": "ok",
  "message": "Seek executed",
  "position_seconds": 11.300528634695601
}
ZmqGateway: received command payload: {"cmd":"seek","time":11.4404251847185}
ZmqGateway: dispatching payload to JUCE message thread.
VitHeadlessService: processing queued command on JUCE message thread: {"cmd":"seek","time":11.4404251847185}
Command received: {"cmd":"seek","time":11.4404251847185}
CommandDispatcher::handleSeek: position set to 11.4404s
Command executed: seek, result: {
  "status": "ok",
  "message": "Seek executed",
  "position_seconds": 11.440425184718499
}
VitHeadlessService: command reply (truncated): {
  "status": "ok",
  "message": "Seek executed",
  "position_seconds": 11.440425184718499
}
ZmqGateway: received command payload: {"cmd":"seek","time":11.5647776736278}
ZmqGateway: dispatching payload to JUCE message thread.
VitHeadlessService: processing queued command on JUCE message thread: {"cmd":"seek","time":11.5647776736278}
Command received: {"cmd":"seek","time":11.5647776736278}
CommandDispatcher::handleSeek: position set to 11.5648s
Command executed: seek, result: {
  "status": "ok",
  "message": "Seek executed",
  "position_seconds": 11.5647776736278
}
VitHeadlessService: command reply (truncated): {
  "status": "ok",
  "message": "Seek executed",
  "position_seconds": 11.5647776736278
}
ZmqGateway: received command payload: {"cmd":"seek","time":11.6735861014235}
ZmqGateway: dispatching payload to JUCE message thread.
VitHeadlessService: processing queued command on JUCE message thread: {"cmd":"seek","time":11.6735861014235}
Command received: {"cmd":"seek","time":11.6735861014235}
CommandDispatcher::handleSeek: position set to 11.6736s
Command executed: seek, result: {
  "status": "ok",
  "message": "Seek executed",
  "position_seconds": 11.673586101423499
}
VitHeadlessService: command reply (truncated): {
  "status": "ok",
  "message": "Seek executed",
  "position_seconds": 11.673586101423499
}
ZmqGateway: received command payload: {"cmd":"seek","time":11.7823945292191}
ZmqGateway: dispatching payload to JUCE message thread.
VitHeadlessService: processing queued command on JUCE message thread: {"cmd":"seek","time":11.7823945292191}
Command received: {"cmd":"seek","time":11.7823945292191}
CommandDispatcher::handleSeek: position set to 11.7824s
Command executed: seek, result: {
  "status": "ok",
  "message": "Seek executed",
  "position_seconds": 11.782394529219101
}
VitHeadlessService: command reply (truncated): {
  "status": "ok",
  "message": "Seek executed",
  "position_seconds": 11.782394529219101
}
ZmqGateway: received command payload: {"cmd":"seek","time":11.8601148347874}
ZmqGateway: dispatching payload to JUCE message thread.
VitHeadlessService: processing queued command on JUCE message thread: {"cmd":"seek","time":11.8601148347874}
Command received: {"cmd":"seek","time":11.8601148347874}
CommandDispatcher::handleSeek: position set to 11.8601s
Command executed: seek, result: {
  "status": "ok",
  "message": "Seek executed",
  "position_seconds": 11.860114834787399
}
VitHeadlessService: command reply (truncated): {
  "status": "ok",
  "message": "Seek executed",
  "position_seconds": 11.860114834787399
}
ZmqGateway: received command payload: {"cmd":"seek","time":11.9222910792421}
ZmqGateway: dispatching payload to JUCE message thread.
VitHeadlessService: processing queued command on JUCE message thread: {"cmd":"seek","time":11.9222910792421}
Command received: {"cmd":"seek","time":11.9222910792421}
CommandDispatcher::handleSeek: position set to 11.9223s
Command executed: seek, result: {
  "status": "ok",
  "message": "Seek executed",
  "position_seconds": 11.9222910792421
}
VitHeadlessService: command reply (truncated): {
  "status": "ok",
  "message": "Seek executed",
  "position_seconds": 11.9222910792421
}
ZmqGateway: received command payload: {"cmd":"seek","time":11.9689232625831}
ZmqGateway: dispatching payload to JUCE message thread.
VitHeadlessService: processing queued command on JUCE message thread: {"cmd":"seek","time":11.9689232625831}
Command received: {"cmd":"seek","time":11.9689232625831}
CommandDispatcher::handleSeek: position set to 11.9689s
Command executed: seek, result: {
  "status": "ok",
  "message": "Seek executed",
  "position_seconds": 11.9689232625831
}
VitHeadlessService: command reply (truncated): {
  "status": "ok",
  "message": "Seek executed",
  "position_seconds": 11.9689232625831
}
ZmqGateway: received command payload: {"cmd":"seek","time":12.015555445924}
ZmqGateway: dispatching payload to JUCE message thread.
VitHeadlessService: processing queued command on JUCE message thread: {"cmd":"seek","time":12.015555445924}
Command received: {"cmd":"seek","time":12.015555445924}
CommandDispatcher::handleSeek: position set to 12.0156s
Command executed: seek, result: {
  "status": "ok",
  "message": "Seek executed",
  "position_seconds": 12.015555445924001
}
VitHeadlessService: command reply (truncated): {
  "status": "ok",
  "message": "Seek executed",
  "position_seconds": 12.015555445924001
}
ZmqGateway: received command payload: {"cmd":"seek","time":12.0310995070377}
ZmqGateway: dispatching payload to JUCE message thread.
VitHeadlessService: processing queued command on JUCE message thread: {"cmd":"seek","time":12.0310995070377}
Command received: {"cmd":"seek","time":12.0310995070377}
CommandDispatcher::handleSeek: position set to 12.0311s
Command executed: seek, result: {
  "status": "ok",
  "message": "Seek executed",
  "position_seconds": 12.0310995070377
}
VitHeadlessService: command reply (truncated): {
  "status": "ok",
  "message": "Seek executed",
  "position_seconds": 12.0310995070377
}
ZmqGateway: received command payload: {"cmd":"seek","time":12.0466435681514}
ZmqGateway: dispatching payload to JUCE message thread.
VitHeadlessService: processing queued command on JUCE message thread: {"cmd":"seek","time":12.0466435681514}
Command received: {"cmd":"seek","time":12.0466435681514}
CommandDispatcher::handleSeek: position set to 12.0466s
Command executed: seek, result: {
  "status": "ok",
  "message": "Seek executed",
  "position_seconds": 12.046643568151399
}
VitHeadlessService: command reply (truncated): {
  "status": "ok",
  "message": "Seek executed",
  "position_seconds": 12.046643568151399
}
ZmqGateway: received command payload: {"cmd":"seek","time":12.0777316903787}
ZmqGateway: dispatching payload to JUCE message thread.
VitHeadlessService: processing queued command on JUCE message thread: {"cmd":"seek","time":12.0777316903787}
Command received: {"cmd":"seek","time":12.0777316903787}
CommandDispatcher::handleSeek: position set to 12.0777s
Command executed: seek, result: {
  "status": "ok",
  "message": "Seek executed",
  "position_seconds": 12.0777316903787
}
VitHeadlessService: command reply (truncated): {
  "status": "ok",
  "message": "Seek executed",
  "position_seconds": 12.0777316903787
}
ZmqGateway: received command payload: {"cmd":"seek","time":12.1399079348333}
ZmqGateway: dispatching payload to JUCE message thread.
VitHeadlessService: processing queued command on JUCE message thread: {"cmd":"seek","time":12.1399079348333}
Command received: {"cmd":"seek","time":12.1399079348333}
CommandDispatcher::handleSeek: position set to 12.1399s
Command executed: seek, result: {
  "status": "ok",
  "message": "Seek executed",
  "position_seconds": 12.1399079348333
}
VitHeadlessService: command reply (truncated): {
  "status": "ok",
  "message": "Seek executed",
  "position_seconds": 12.1399079348333
}
ZmqGateway: received command payload: {"cmd":"seek","time":12.1709960570607}
ZmqGateway: dispatching payload to JUCE message thread.
VitHeadlessService: processing queued command on JUCE message thread: {"cmd":"seek","time":12.1709960570607}
Command received: {"cmd":"seek","time":12.1709960570607}
CommandDispatcher::handleSeek: position set to 12.1710s
Command executed: seek, result: {
  "status": "ok",
  "message": "Seek executed",
  "position_seconds": 12.1709960570607
}
VitHeadlessService: command reply (truncated): {
  "status": "ok",
  "message": "Seek executed",
  "position_seconds": 12.1709960570607
}
ZmqGateway: received command payload: {"cmd":"seek","time":12.2176282404017}
ZmqGateway: dispatching payload to JUCE message thread.
VitHeadlessService: processing queued command on JUCE message thread: {"cmd":"seek","time":12.2176282404017}
Command received: {"cmd":"seek","time":12.2176282404017}
CommandDispatcher::handleSeek: position set to 12.2176s
Command executed: seek, result: {
  "status": "ok",
  "message": "Seek executed",
  "position_seconds": 12.2176282404017
}
VitHeadlessService: command reply (truncated): {
  "status": "ok",
  "message": "Seek executed",
  "position_seconds": 12.2176282404017
}
ZmqGateway: received command payload: {"cmd":"seek","time":12.248716362629}
ZmqGateway: dispatching payload to JUCE message thread.
VitHeadlessService: processing queued command on JUCE message thread: {"cmd":"seek","time":12.248716362629}
Command received: {"cmd":"seek","time":12.248716362629}
CommandDispatcher::handleSeek: position set to 12.2487s
Command executed: seek, result: {
  "status": "ok",
  "message": "Seek executed",
  "position_seconds": 12.248716362629001
}
VitHeadlessService: command reply (truncated): {
  "status": "ok",
  "message": "Seek executed",
  "position_seconds": 12.248716362629001
}
ZmqGateway: received command payload: {"cmd":"seek","time":12.2798044848563}
ZmqGateway: dispatching payload to JUCE message thread.
VitHeadlessService: processing queued command on JUCE message thread: {"cmd":"seek","time":12.2798044848563}
Command received: {"cmd":"seek","time":12.2798044848563}
CommandDispatcher::handleSeek: position set to 12.2798s
Command executed: seek, result: {
  "status": "ok",
  "message": "Seek executed",
  "position_seconds": 12.279804484856299
}
VitHeadlessService: command reply (truncated): {
  "status": "ok",
  "message": "Seek executed",
  "position_seconds": 12.279804484856299
}
ZmqGateway: received command payload: {"cmd":"seek","time":12.29534854597}
ZmqGateway: dispatching payload to JUCE message thread.
VitHeadlessService: processing queued command on JUCE message thread: {"cmd":"seek","time":12.29534854597}
Command received: {"cmd":"seek","time":12.29534854597}
CommandDispatcher::handleSeek: position set to 12.2953s
Command executed: seek, result: {
  "status": "ok",
  "message": "Seek executed",
  "position_seconds": 12.29534854597
}
VitHeadlessService: command reply (truncated): {
  "status": "ok",
  "message": "Seek executed",
  "position_seconds": 12.29534854597
}
ZmqGateway: received command payload: {"cmd":"seek","time":12.3108926070836}
ZmqGateway: dispatching payload to JUCE message thread.
VitHeadlessService: processing queued command on JUCE message thread: {"cmd":"seek","time":12.3108926070836}
Command received: {"cmd":"seek","time":12.3108926070836}
CommandDispatcher::handleSeek: position set to 12.3109s
Command executed: seek, result: {
  "status": "ok",
  "message": "Seek executed",
  "position_seconds": 12.3108926070836
}
VitHeadlessService: command reply (truncated): {
  "status": "ok",
  "message": "Seek executed",
  "position_seconds": 12.3108926070836
}
ZmqGateway: received command payload: {"cmd":"seek","time":12.3264366681973}
ZmqGateway: dispatching payload to JUCE message thread.
VitHeadlessService: processing queued command on JUCE message thread: {"cmd":"seek","time":12.3264366681973}
Command received: {"cmd":"seek","time":12.3264366681973}
CommandDispatcher::handleSeek: position set to 12.3264s
Command executed: seek, result: {
  "status": "ok",
  "message": "Seek executed",
  "position_seconds": 12.326436668197299
}
VitHeadlessService: command reply (truncated): {
  "status": "ok",
  "message": "Seek executed",
  "position_seconds": 12.326436668197299
}
ZmqGateway: received command payload: {"cmd":"seek","time":12.341980729311}
ZmqGateway: dispatching payload to JUCE message thread.
VitHeadlessService: processing queued command on JUCE message thread: {"cmd":"seek","time":12.341980729311}
Command received: {"cmd":"seek","time":12.341980729311}
CommandDispatcher::handleSeek: position set to 12.3420s
Command executed: seek, result: {
  "status": "ok",
  "message": "Seek executed",
  "position_seconds": 12.341980729311
}
VitHeadlessService: command reply (truncated): {
  "status": "ok",
  "message": "Seek executed",
  "position_seconds": 12.341980729311
}
ZmqGateway: received command payload: {"cmd":"seek","time":12.3575247904246}
ZmqGateway: dispatching payload to JUCE message thread.
VitHeadlessService: processing queued command on JUCE message thread: {"cmd":"seek","time":12.3575247904246}
Command received: {"cmd":"seek","time":12.3575247904246}
CommandDispatcher::handleSeek: position set to 12.3575s
Command executed: seek, result: {
  "status": "ok",
  "message": "Seek executed",
  "position_seconds": 12.3575247904246
}
VitHeadlessService: command reply (truncated): {
  "status": "ok",
  "message": "Seek executed",
  "position_seconds": 12.3575247904246
}
ZmqGateway: received command payload: {"cmd":"seek","time":12.3886129126519}
ZmqGateway: dispatching payload to JUCE message thread.
VitHeadlessService: processing queued command on JUCE message thread: {"cmd":"seek","time":12.3886129126519}
Command received: {"cmd":"seek","time":12.3886129126519}
CommandDispatcher::handleSeek: position set to 12.3886s
Command executed: seek, result: {
  "status": "ok",
  "message": "Seek executed",
  "position_seconds": 12.388612912651899
}
VitHeadlessService: command reply (truncated): {
  "status": "ok",
  "message": "Seek executed",
  "position_seconds": 12.388612912651899
}
ZmqGateway: received command payload: {"cmd":"seek","time":12.4041569737656}
ZmqGateway: dispatching payload to JUCE message thread.
VitHeadlessService: processing queued command on JUCE message thread: {"cmd":"seek","time":12.4041569737656}
Command received: {"cmd":"seek","time":12.4041569737656}
CommandDispatcher::handleSeek: position set to 12.4042s
Command executed: seek, result: {
  "status": "ok",
  "message": "Seek executed",
  "position_seconds": 12.4041569737656
}
VitHeadlessService: command reply (truncated): {
  "status": "ok",
  "message": "Seek executed",
  "position_seconds": 12.4041569737656
}
ZmqGateway: received command payload: {"cmd":"seek","time":12.4197010348793}
ZmqGateway: dispatching payload to JUCE message thread.
VitHeadlessService: processing queued command on JUCE message thread: {"cmd":"seek","time":12.4197010348793}
Command received: {"cmd":"seek","time":12.4197010348793}
CommandDispatcher::handleSeek: position set to 12.4197s
Command executed: seek, result: {
  "status": "ok",
  "message": "Seek executed",
  "position_seconds": 12.419701034879299
}
VitHeadlessService: command reply (truncated): {
  "status": "ok",
  "message": "Seek executed",
  "position_seconds": 12.419701034879299
}
ZmqGateway: received command payload: {"cmd":"seek","time":12.4352450959929}
ZmqGateway: dispatching payload to JUCE message thread.
VitHeadlessService: processing queued command on JUCE message thread: {"cmd":"seek","time":12.4352450959929}
Command received: {"cmd":"seek","time":12.4352450959929}
CommandDispatcher::handleSeek: position set to 12.4352s
Command executed: seek, result: {
  "status": "ok",
  "message": "Seek executed",
  "position_seconds": 12.435245095992901
}
VitHeadlessService: command reply (truncated): {
  "status": "ok",
  "message": "Seek executed",
  "position_seconds": 12.435245095992901
}
ZmqGateway: received command payload: {"cmd":"seek","time":12.4507891571066}
ZmqGateway: dispatching payload to JUCE message thread.
VitHeadlessService: processing queued command on JUCE message thread: {"cmd":"seek","time":12.4507891571066}
Command received: {"cmd":"seek","time":12.4507891571066}
CommandDispatcher::handleSeek: position set to 12.4508s
Command executed: seek, result: {
  "status": "ok",
  "message": "Seek executed",
  "position_seconds": 12.4507891571066
}
VitHeadlessService: command reply (truncated): {
  "status": "ok",
  "message": "Seek executed",
  "position_seconds": 12.4507891571066
}
ZmqGateway: received command payload: {"cmd":"seek","time":15.1399117297701}
ZmqGateway: dispatching payload to JUCE message thread.
VitHeadlessService: processing queued command on JUCE message thread: {"cmd":"seek","time":15.1399117297701}
Command received: {"cmd":"seek","time":15.1399117297701}
CommandDispatcher::handleSeek: position set to 15.1399s
Command executed: seek, result: {
  "status": "ok",
  "message": "Seek executed",
  "position_seconds": 15.1399117297701
}
VitHeadlessService: command reply (truncated): {
  "status": "ok",
  "message": "Seek executed",
  "position_seconds": 15.1399117297701
}
ZmqGateway: received command payload: {"cmd":"seek","time":15.1399117297701}
ZmqGateway: dispatching payload to JUCE message thread.
VitHeadlessService: processing queued command on JUCE message thread: {"cmd":"seek","time":15.1399117297701}
Command received: {"cmd":"seek","time":15.1399117297701}
CommandDispatcher::handleSeek: position set to 15.1399s
Command executed: seek, result: {
  "status": "ok",
  "message": "Seek executed",
  "position_seconds": 15.1399117297701
}
VitHeadlessService: command reply (truncated): {
  "status": "ok",
  "message": "Seek executed",
  "position_seconds": 15.1399117297701
}
ZmqGateway: received command payload: {"cmd":"seek","time":15.1709998519975}
ZmqGateway: dispatching payload to JUCE message thread.
VitHeadlessService: processing queued command on JUCE message thread: {"cmd":"seek","time":15.1709998519975}
Command received: {"cmd":"seek","time":15.1709998519975}
CommandDispatcher::handleSeek: position set to 15.1710s
Command executed: seek, result: {
  "status": "ok",
  "message": "Seek executed",
  "position_seconds": 15.1709998519975
}
VitHeadlessService: command reply (truncated): {
  "status": "ok",
  "message": "Seek executed",
  "position_seconds": 15.1709998519975
}
ZmqGateway: received command payload: {"cmd":"seek","time":15.2176320353385}
ZmqGateway: dispatching payload to JUCE message thread.
VitHeadlessService: processing queued command on JUCE message thread: {"cmd":"seek","time":15.2176320353385}
Command received: {"cmd":"seek","time":15.2176320353385}
CommandDispatcher::handleSeek: position set to 15.2176s
Command executed: seek, result: {
  "status": "ok",
  "message": "Seek executed",
  "position_seconds": 15.2176320353385
}
VitHeadlessService: command reply (truncated): {
  "status": "ok",
  "message": "Seek executed",
  "position_seconds": 15.2176320353385
}
ZmqGateway: received command payload: {"cmd":"seek","time":15.2487201575658}
ZmqGateway: dispatching payload to JUCE message thread.
VitHeadlessService: processing queued command on JUCE message thread: {"cmd":"seek","time":15.2487201575658}
Command received: {"cmd":"seek","time":15.2487201575658}
CommandDispatcher::handleSeek: position set to 15.2487s
Command executed: seek, result: {
  "status": "ok",
  "message": "Seek executed",
  "position_seconds": 15.248720157565799
}
VitHeadlessService: command reply (truncated): {
  "status": "ok",
  "message": "Seek executed",
  "position_seconds": 15.248720157565799
}
ZmqGateway: received command payload: {"cmd":"seek","time":15.2798082797931}
ZmqGateway: dispatching payload to JUCE message thread.
VitHeadlessService: processing queued command on JUCE message thread: {"cmd":"seek","time":15.2798082797931}
Command received: {"cmd":"seek","time":15.2798082797931}
CommandDispatcher::handleSeek: position set to 15.2798s
Command executed: seek, result: {
  "status": "ok",
  "message": "Seek executed",
  "position_seconds": 15.2798082797931
}
VitHeadlessService: command reply (truncated): {
  "status": "ok",
  "message": "Seek executed",
  "position_seconds": 15.2798082797931
}
ZmqGateway: received command payload: {"cmd":"seek","time":15.2953523409068}
ZmqGateway: dispatching payload to JUCE message thread.
VitHeadlessService: processing queued command on JUCE message thread: {"cmd":"seek","time":15.2953523409068}
Command received: {"cmd":"seek","time":15.2953523409068}
CommandDispatcher::handleSeek: position set to 15.2954s
Command executed: seek, result: {
  "status": "ok",
  "message": "Seek executed",
  "position_seconds": 15.295352340906801
}
VitHeadlessService: command reply (truncated): {
  "status": "ok",
  "message": "Seek executed",
  "position_seconds": 15.295352340906801
}
ZmqGateway: received command payload: {"cmd":"seek","time":15.3108964020204}
ZmqGateway: dispatching payload to JUCE message thread.
VitHeadlessService: processing queued command on JUCE message thread: {"cmd":"seek","time":15.3108964020204}
Command received: {"cmd":"seek","time":15.3108964020204}
CommandDispatcher::handleSeek: position set to 15.3109s
Command executed: seek, result: {
  "status": "ok",
  "message": "Seek executed",
  "position_seconds": 15.310896402020401
}
VitHeadlessService: command reply (truncated): {
  "status": "ok",
  "message": "Seek executed",
  "position_seconds": 15.310896402020401
}
ZmqGateway: received command payload: {"cmd":"seek","time":15.3264404631341}
ZmqGateway: dispatching payload to JUCE message thread.
VitHeadlessService: processing queued command on JUCE message thread: {"cmd":"seek","time":15.3264404631341}
Command received: {"cmd":"seek","time":15.3264404631341}
CommandDispatcher::handleSeek: position set to 15.3264s
Command executed: seek, result: {
  "status": "ok",
  "message": "Seek executed",
  "position_seconds": 15.3264404631341
}
VitHeadlessService: command reply (truncated): {
  "status": "ok",
  "message": "Seek executed",
  "position_seconds": 15.3264404631341
}
ZmqGateway: received command payload: {"cmd":"seek","time":15.3419845242477}
ZmqGateway: dispatching payload to JUCE message thread.
VitHeadlessService: processing queued command on JUCE message thread: {"cmd":"seek","time":15.3419845242477}
Command received: {"cmd":"seek","time":15.3419845242477}
CommandDispatcher::handleSeek: position set to 15.3420s
Command executed: seek, result: {
  "status": "ok",
  "message": "Seek executed",
  "position_seconds": 15.3419845242477
}
VitHeadlessService: command reply (truncated): {
  "status": "ok",
  "message": "Seek executed",
  "position_seconds": 15.3419845242477
}
ZmqGateway: received command payload: {"cmd":"seek","time":15.3575285853614}
ZmqGateway: dispatching payload to JUCE message thread.
VitHeadlessService: processing queued command on JUCE message thread: {"cmd":"seek","time":15.3575285853614}
Command received: {"cmd":"seek","time":15.3575285853614}
CommandDispatcher::handleSeek: position set to 15.3575s
Command executed: seek, result: {
  "status": "ok",
  "message": "Seek executed",
  "position_seconds": 15.357528585361401
}
VitHeadlessService: command reply (truncated): {
  "status": "ok",
  "message": "Seek executed",
  "position_seconds": 15.357528585361401
}
ZmqGateway: received command payload: {"cmd":"seek","time":15.4041607687024}
ZmqGateway: dispatching payload to JUCE message thread.
VitHeadlessService: processing queued command on JUCE message thread: {"cmd":"seek","time":15.4041607687024}
Command received: {"cmd":"seek","time":15.4041607687024}
CommandDispatcher::handleSeek: position set to 15.4042s
Command executed: seek, result: {
  "status": "ok",
  "message": "Seek executed",
  "position_seconds": 15.4041607687024
}
VitHeadlessService: command reply (truncated): {
  "status": "ok",
  "message": "Seek executed",
  "position_seconds": 15.4041607687024
}
ZmqGateway: received command payload: {"cmd":"seek","time":15.4352488909297}
ZmqGateway: dispatching payload to JUCE message thread.
VitHeadlessService: processing queued command on JUCE message thread: {"cmd":"seek","time":15.4352488909297}
Command received: {"cmd":"seek","time":15.4352488909297}
CommandDispatcher::handleSeek: position set to 15.4352s
Command executed: seek, result: {
  "status": "ok",
  "message": "Seek executed",
  "position_seconds": 15.435248890929699
}
VitHeadlessService: command reply (truncated): {
  "status": "ok",
  "message": "Seek executed",
  "position_seconds": 15.435248890929699
}
ZmqGateway: received command payload: {"cmd":"seek","time":15.4818810742707}
ZmqGateway: dispatching payload to JUCE message thread.
VitHeadlessService: processing queued command on JUCE message thread: {"cmd":"seek","time":15.4818810742707}
Command received: {"cmd":"seek","time":15.4818810742707}
CommandDispatcher::handleSeek: position set to 15.4819s
Command executed: seek, result: {
  "status": "ok",
  "message": "Seek executed",
  "position_seconds": 15.481881074270699
}
VitHeadlessService: command reply (truncated): {
  "status": "ok",
  "message": "Seek executed",
  "position_seconds": 15.481881074270699
}
ZmqGateway: received command payload: {"cmd":"seek","time":15.5285132576117}
ZmqGateway: dispatching payload to JUCE message thread.
VitHeadlessService: processing queued command on JUCE message thread: {"cmd":"seek","time":15.5285132576117}
Command received: {"cmd":"seek","time":15.5285132576117}
CommandDispatcher::handleSeek: position set to 15.5285s
Command executed: seek, result: {
  "status": "ok",
  "message": "Seek executed",
  "position_seconds": 15.528513257611699
}
VitHeadlessService: command reply (truncated): {
  "status": "ok",
  "message": "Seek executed",
  "position_seconds": 15.528513257611699
}
ZmqGateway: received command payload: {"cmd":"seek","time":15.5751454409527}
ZmqGateway: dispatching payload to JUCE message thread.
VitHeadlessService: processing queued command on JUCE message thread: {"cmd":"seek","time":15.5751454409527}
Command received: {"cmd":"seek","time":15.5751454409527}
CommandDispatcher::handleSeek: position set to 15.5751s
Command executed: seek, result: {
  "status": "ok",
  "message": "Seek executed",
  "position_seconds": 15.575145440952699
}
VitHeadlessService: command reply (truncated): {
  "status": "ok",
  "message": "Seek executed",
  "position_seconds": 15.575145440952699
}
ZmqGateway: received command payload: {"cmd":"seek","time":15.6217776242937}
ZmqGateway: dispatching payload to JUCE message thread.
VitHeadlessService: processing queued command on JUCE message thread: {"cmd":"seek","time":15.6217776242937}
Command received: {"cmd":"seek","time":15.6217776242937}
CommandDispatcher::handleSeek: position set to 15.6218s
Command executed: seek, result: {
  "status": "ok",
  "message": "Seek executed",
  "position_seconds": 15.621777624293699
}
VitHeadlessService: command reply (truncated): {
  "status": "ok",
  "message": "Seek executed",
  "position_seconds": 15.621777624293699
}
ZmqGateway: received command payload: {"cmd":"seek","time":15.6684098076347}
ZmqGateway: dispatching payload to JUCE message thread.
VitHeadlessService: processing queued command on JUCE message thread: {"cmd":"seek","time":15.6684098076347}
Command received: {"cmd":"seek","time":15.6684098076347}
CommandDispatcher::handleSeek: position set to 15.6684s
Command executed: seek, result: {
  "status": "ok",
  "message": "Seek executed",
  "position_seconds": 15.668409807634699
}
VitHeadlessService: command reply (truncated): {
  "status": "ok",
  "message": "Seek executed",
  "position_seconds": 15.668409807634699
}
ZmqGateway: received command payload: {"cmd":"seek","time":15.6839538687483}
ZmqGateway: dispatching payload to JUCE message thread.
VitHeadlessService: processing queued command on JUCE message thread: {"cmd":"seek","time":15.6839538687483}
Command received: {"cmd":"seek","time":15.6839538687483}
CommandDispatcher::handleSeek: position set to 15.6840s
Command executed: seek, result: {
  "status": "ok",
  "message": "Seek executed",
  "position_seconds": 15.683953868748301
}
VitHeadlessService: command reply (truncated): {
  "status": "ok",
  "message": "Seek executed",
  "position_seconds": 15.683953868748301
}
ZmqGateway: received command payload: {"cmd":"seek","time":15.699497929862}
ZmqGateway: dispatching payload to JUCE message thread.
VitHeadlessService: processing queued command on JUCE message thread: {"cmd":"seek","time":15.699497929862}
Command received: {"cmd":"seek","time":15.699497929862}
CommandDispatcher::handleSeek: position set to 15.6995s
Command executed: seek, result: {
  "status": "ok",
  "message": "Seek executed",
  "position_seconds": 15.699497929862
}
VitHeadlessService: command reply (truncated): {
  "status": "ok",
  "message": "Seek executed",
  "position_seconds": 15.699497929862
}
ZmqGateway: received command payload: {"cmd":"seek","time":15.7150419909756}
ZmqGateway: dispatching payload to JUCE message thread.
VitHeadlessService: processing queued command on JUCE message thread: {"cmd":"seek","time":15.7150419909756}
Command received: {"cmd":"seek","time":15.7150419909756}
CommandDispatcher::handleSeek: position set to 15.7150s
Command executed: seek, result: {
  "status": "ok",
  "message": "Seek executed",
  "position_seconds": 15.7150419909756
}
VitHeadlessService: command reply (truncated): {
  "status": "ok",
  "message": "Seek executed",
  "position_seconds": 15.7150419909756
}
ZmqGateway: received command payload: {"cmd":"seek","time":15.792762296544}
ZmqGateway: dispatching payload to JUCE message thread.
VitHeadlessService: processing queued command on JUCE message thread: {"cmd":"seek","time":15.792762296544}
Command received: {"cmd":"seek","time":15.792762296544}
CommandDispatcher::handleSeek: position set to 15.7928s
Command executed: seek, result: {
  "status": "ok",
  "message": "Seek executed",
  "position_seconds": 15.792762296544
}
VitHeadlessService: command reply (truncated): {
  "status": "ok",
  "message": "Seek executed",
  "position_seconds": 15.792762296544
}
ZmqGateway: received command payload: {"cmd":"seek","time":15.9015707243396}
ZmqGateway: dispatching payload to JUCE message thread.
VitHeadlessService: processing queued command on JUCE message thread: {"cmd":"seek","time":15.9015707243396}
Command received: {"cmd":"seek","time":15.9015707243396}
CommandDispatcher::handleSeek: position set to 15.9016s
Command executed: seek, result: {
  "status": "ok",
  "message": "Seek executed",
  "position_seconds": 15.901570724339599
}
VitHeadlessService: command reply (truncated): {
  "status": "ok",
  "message": "Seek executed",
  "position_seconds": 15.901570724339599
}
ZmqGateway: received command payload: {"cmd":"seek","time":16.0725553965899}
ZmqGateway: dispatching payload to JUCE message thread.
VitHeadlessService: processing queued command on JUCE message thread: {"cmd":"seek","time":16.0725553965899}
Command received: {"cmd":"seek","time":16.0725553965899}
CommandDispatcher::handleSeek: position set to 16.0726s
Command executed: seek, result: {
  "status": "ok",
  "message": "Seek executed",
  "position_seconds": 16.072555396589902
}
VitHeadlessService: command reply (truncated): {
  "status": "ok",
  "message": "Seek executed",
  "position_seconds": 16.072555396589902
}
ZmqGateway: received command payload: {"cmd":"seek","time":16.2901722521811}
ZmqGateway: dispatching payload to JUCE message thread.
VitHeadlessService: processing queued command on JUCE message thread: {"cmd":"seek","time":16.2901722521811}
Command received: {"cmd":"seek","time":16.2901722521811}
CommandDispatcher::handleSeek: position set to 16.2902s
Command executed: seek, result: {
  "status": "ok",
  "message": "Seek executed",
  "position_seconds": 16.290172252181101
}
VitHeadlessService: command reply (truncated): {
  "status": "ok",
  "message": "Seek executed",
  "position_seconds": 16.290172252181101
}
ZmqGateway: received command payload: {"cmd":"seek","time":16.4922450466587}
ZmqGateway: dispatching payload to JUCE message thread.
VitHeadlessService: processing queued command on JUCE message thread: {"cmd":"seek","time":16.4922450466587}
Command received: {"cmd":"seek","time":16.4922450466587}
CommandDispatcher::handleSeek: position set to 16.4922s
Command executed: seek, result: {
  "status": "ok",
  "message": "Seek executed",
  "position_seconds": 16.492245046658699
}
VitHeadlessService: command reply (truncated): {
  "status": "ok",
  "message": "Seek executed",
  "position_seconds": 16.492245046658699
}
ZmqGateway: received command payload: {"cmd":"seek","time":16.6943178411364}
ZmqGateway: dispatching payload to JUCE message thread.
VitHeadlessService: processing queued command on JUCE message thread: {"cmd":"seek","time":16.6943178411364}
Command received: {"cmd":"seek","time":16.6943178411364}
CommandDispatcher::handleSeek: position set to 16.6943s
Command executed: seek, result: {
  "status": "ok",
  "message": "Seek executed",
  "position_seconds": 16.694317841136399
}
VitHeadlessService: command reply (truncated): {
  "status": "ok",
  "message": "Seek executed",
  "position_seconds": 16.694317841136399
}
ZmqGateway: received command payload: {"cmd":"seek","time":16.8808465745003}
ZmqGateway: dispatching payload to JUCE message thread.
VitHeadlessService: processing queued command on JUCE message thread: {"cmd":"seek","time":16.8808465745003}
Command received: {"cmd":"seek","time":16.8808465745003}
CommandDispatcher::handleSeek: position set to 16.8808s
Command executed: seek, result: {
  "status": "ok",
  "message": "Seek executed",
  "position_seconds": 16.8808465745003
}
VitHeadlessService: command reply (truncated): {
  "status": "ok",
  "message": "Seek executed",
  "position_seconds": 16.8808465745003
}
ZmqGateway: received command payload: {"cmd":"seek","time":17.0207431245233}
ZmqGateway: dispatching payload to JUCE message thread.
VitHeadlessService: processing queued command on JUCE message thread: {"cmd":"seek","time":17.0207431245233}
Command received: {"cmd":"seek","time":17.0207431245233}
CommandDispatcher::handleSeek: position set to 17.0207s
Command executed: seek, result: {
  "status": "ok",
  "message": "Seek executed",
  "position_seconds": 17.0207431245233
}
VitHeadlessService: command reply (truncated): {
  "status": "ok",
  "message": "Seek executed",
  "position_seconds": 17.0207431245233
}
ZmqGateway: received command payload: {"cmd":"seek","time":17.1450956134326}
ZmqGateway: dispatching payload to JUCE message thread.
VitHeadlessService: processing queued command on JUCE message thread: {"cmd":"seek","time":17.1450956134326}
Command received: {"cmd":"seek","time":17.1450956134326}
CommandDispatcher::handleSeek: position set to 17.1451s
Command executed: seek, result: {
  "status": "ok",
  "message": "Seek executed",
  "position_seconds": 17.145095613432598
}
VitHeadlessService: command reply (truncated): {
  "status": "ok",
  "message": "Seek executed",
  "position_seconds": 17.145095613432598
}
ZmqGateway: received command payload: {"cmd":"seek","time":17.2383599801145}
ZmqGateway: dispatching payload to JUCE message thread.
VitHeadlessService: processing queued command on JUCE message thread: {"cmd":"seek","time":17.2383599801145}
Command received: {"cmd":"seek","time":17.2383599801145}
CommandDispatcher::handleSeek: position set to 17.2384s
Command executed: seek, result: {
  "status": "ok",
  "message": "Seek executed",
  "position_seconds": 17.238359980114499
}
VitHeadlessService: command reply (truncated): {
  "status": "ok",
  "message": "Seek executed",
  "position_seconds": 17.238359980114499
}
ZmqGateway: received command payload: {"cmd":"seek","time":17.2539040412282}
ZmqGateway: dispatching payload to JUCE message thread.
VitHeadlessService: processing queued command on JUCE message thread: {"cmd":"seek","time":17.2539040412282}
Command received: {"cmd":"seek","time":17.2539040412282}
CommandDispatcher::handleSeek: position set to 17.2539s
Command executed: seek, result: {
  "status": "ok",
  "message": "Seek executed",
  "position_seconds": 17.2539040412282
}
VitHeadlessService: command reply (truncated): {
  "status": "ok",
  "message": "Seek executed",
  "position_seconds": 17.2539040412282
}
ZmqGateway: received command payload: {"cmd":"get_recent_projects"}
ZmqGateway: dispatching payload to JUCE message thread.
VitHeadlessService: processing queued command on JUCE message thread: {"cmd":"get_recent_projects"}
Command received: {"cmd":"get_recent_projects"}
Command executed: get_recent_projects, result: {
  "status": "ok",
  "recent_projects": [
    "D:\\Godot\\project\\vit-daw-frontend\\4.4.3.vit",
    "D:\\Godot\\project\\vit-daw-frontend\\4.4.2.vit",
    "D:\\Godot\\project\\vit-daw-frontend\\4.4.1.vit",
    "D:\\Godot\\project\\vit-daw-frontend\\4.4.vit",
    "D:\\4.1.tracktionedit"
  ]
}
VitHeadlessService: command reply (truncated): {
  "status": "ok",
  "recent_projects": [
    "D:\\Godot\\project\\vit-daw-frontend\\4.4.3.vit",
    "D:\\Godot\\project\\vit-daw-frontend\\4.4.2.vit",
    "D:\\Godot\\project\\vit-daw-frontend\\4.4.1.vit",
    "D
ZmqGateway: received command payload: {"cmd":"new_project"}
ZmqGateway: dispatching payload to JUCE message thread.
VitHeadlessService: processing queued command on JUCE message thread: {"cmd":"new_project"}
Command received: {"cmd":"new_project"}
VitEngineDevice: audio IO ready for playback graph: "扬声器 (USB AUDIO  CODEC)" 48000.00 Hz, block 480 samples
Command executed: new_project, result: {
  "status": "ok",
  "message": "Blank project created"
}
VitHeadlessService: command reply (truncated): {
  "status": "ok",
  "message": "Blank project created"
}
ZmqGateway: received command payload: {"cmd":"ping"}
ZmqGateway: dispatching payload to JUCE message thread.
VitHeadlessService: processing queued command on JUCE message thread: {"cmd":"ping"}
Command received: {"cmd":"ping"}
CommandDispatcher: handled ping command.
Command executed: ping, result: {
  "status": "ok",
  "message": "pong"
}
VitHeadlessService: command reply (truncated): {
  "status": "ok",
  "message": "pong"
}
ZmqGateway: received command payload: {"cmd":"get_project_state"}
ZmqGateway: dispatching payload to JUCE message thread.
VitHeadlessService: processing queued command on JUCE message thread: {"cmd":"get_project_state"}
Command received: {"cmd":"get_project_state"}
Command executed: get_project_state, result: {
  "status": "ok",
  "project_path": "",
  "tracks": [
    {
      "track_id": "1002",
      "track_name": "Arranger",
      "track_type": "track",
      "is_audio_track": false,
      "is_audio": false,
      "plugins": [],
      "clips": []
    },
    {
      "track_id": "1003",
      "track_name": "Chord",
      "track_type": "track",
      "is_audio_track": false,
      "is_audio": false,
      "plugins": [],
      "clips": []
    },
    {
      "track_id": "1004",
      "track_name": "Marker",
      "track_type": "track",
      "is_audio_track": false,
      "is_audio": false,
      "plugins": [],
      "clips": []
    },
    {
      "track_id": "1005",
      "track_name": "Tempo",
      "track_type": "track",
      "is_audio_track": false,
      "is_audio": false,
      "plugins": [],
      "clips": []
    },
    {
      "track_id": "1006",
      "track_name": "Master",
      "track_type": "master",
      "is_audio_track": false,
      "is_audio": false,
      "plugins": [],
      "clips": []
    }
  ]
}
VitHeadlessService: command reply (truncated): {
  "status": "ok",
  "project_path": "",
  "tracks": [
    {
      "track_id": "1002",
      "track_name": "Arranger",
      "track_type": "track",
      "is_audio_track": false,
      "is_audio": false,
     
ZmqGateway: received command payload: {"cmd":"list_tracks"}
ZmqGateway: dispatching payload to JUCE message thread.
VitHeadlessService: processing queued command on JUCE message thread: {"cmd":"list_tracks"}
Command received: {"cmd":"list_tracks"}
Command executed: list_tracks, result: {
  "status": "ok",
  "message": "Track list fetched",
  "tracks": [
    {
      "track_id": "1002",
      "name": "Arranger",
      "track_type": "track",
      "is_audio": false,
      "is_audio_track": false,
      "vit_type": "",
      "vit_intent": "",
      "plugin_count": 0,
      "plugins": []
    },
    {
      "track_id": "1003",
      "name": "Chord",
      "track_type": "track",
      "is_audio": false,
      "is_audio_track": false,
      "vit_type": "",
      "vit_intent": "",
      "plugin_count": 0,
      "plugins": []
    },
    {
      "track_id": "1004",
      "name": "Marker",
      "track_type": "track",
      "is_audio": false,
      "is_audio_track": false,
      "vit_type": "",
      "vit_intent": "",
      "plugin_count": 0,
      "plugins": []
    },
    {
      "track_id": "1005",
      "name": "Tempo",
      "track_type": "track",
      "is_audio": false,
      "is_audio_track": false,
      "vit_type": "",
      "vit_intent": "",
      "plugin_count": 0,
      "plugins": []
    },
    {
      "track_id": "1006",
      "name": "Master",
      "track_type": "master",
      "is_audio": false,
      "is_audio_track": false,
      "vit_type": "",
      "vit_intent": "",
      "plugin_count": 0,
      "plugins": []
    }
  ]
}
VitHeadlessService: command reply (truncated): {
  "status": "ok",
  "message": "Track list fetched",
  "tracks": [
    {
      "track_id": "1002",
      "name": "Arranger",
      "track_type": "track",
      "is_audio": false,
      "is_audio_track": false,
ZmqGateway: received command payload: {"cmd":"list_tracks"}
ZmqGateway: dispatching payload to JUCE message thread.
VitHeadlessService: processing queued command on JUCE message thread: {"cmd":"list_tracks"}
Command received: {"cmd":"list_tracks"}
Command executed: list_tracks, result: {
  "status": "ok",
  "message": "Track list fetched",
  "tracks": [
    {
      "track_id": "1002",
      "name": "Arranger",
      "track_type": "track",
      "is_audio": false,
      "is_audio_track": false,
      "vit_type": "",
      "vit_intent": "",
      "plugin_count": 0,
      "plugins": []
    },
    {
      "track_id": "1003",
      "name": "Chord",
      "track_type": "track",
      "is_audio": false,
      "is_audio_track": false,
      "vit_type": "",
      "vit_intent": "",
      "plugin_count": 0,
      "plugins": []
    },
    {
      "track_id": "1004",
      "name": "Marker",
      "track_type": "track",
      "is_audio": false,
      "is_audio_track": false,
      "vit_type": "",
      "vit_intent": "",
      "plugin_count": 0,
      "plugins": []
    },
    {
      "track_id": "1005",
      "name": "Tempo",
      "track_type": "track",
      "is_audio": false,
      "is_audio_track": false,
      "vit_type": "",
      "vit_intent": "",
      "plugin_count": 0,
      "plugins": []
    },
    {
      "track_id": "1006",
      "name": "Master",
      "track_type": "master",
      "is_audio": false,
      "is_audio_track": false,
      "vit_type": "",
      "vit_intent": "",
      "plugin_count": 0,
      "plugins": []
    }
  ]
}
VitHeadlessService: command reply (truncated): {
  "status": "ok",
  "message": "Track list fetched",
  "tracks": [
    {
      "track_id": "1002",
      "name": "Arranger",
      "track_type": "track",
      "is_audio": false,
      "is_audio_track": false,
ZmqGateway: received command payload: {"cmd":"add_track","type":"hybrid"}
ZmqGateway: dispatching payload to JUCE message thread.
VitHeadlessService: processing queued command on JUCE message thread: {"cmd":"add_track","type":"hybrid"}
Command received: {"cmd":"add_track","type":"hybrid"}
VitHeadlessService: project saved to D:\Vit_DAW\VitApp\Workspace\default_project.xml
Command executed: add_track, result: {
  "status": "ok",
  "message": "Track added",
  "track_id": "1007",
  "track_name": "Track 1"
}
VitHeadlessService: command reply (truncated): {
  "status": "ok",
  "message": "Track added",
  "track_id": "1007",
  "track_name": "Track 1"
}
ZmqGateway: received command payload: {"cmd":"list_tracks"}
ZmqGateway: dispatching payload to JUCE message thread.
VitHeadlessService: processing queued command on JUCE message thread: {"cmd":"list_tracks"}
Command received: {"cmd":"list_tracks"}
Command executed: list_tracks, result: {
  "status": "ok",
  "message": "Track list fetched",
  "tracks": [
    {
      "track_id": "1002",
      "name": "Arranger",
      "track_type": "track",
      "is_audio": false,
      "is_audio_track": false,
      "vit_type": "",
      "vit_intent": "",
      "plugin_count": 0,
      "plugins": []
    },
    {
      "track_id": "1003",
      "name": "Chord",
      "track_type": "track",
      "is_audio": false,
      "is_audio_track": false,
      "vit_type": "",
      "vit_intent": "",
      "plugin_count": 0,
      "plugins": []
    },
    {
      "track_id": "1004",
      "name": "Marker",
      "track_type": "track",
      "is_audio": false,
      "is_audio_track": false,
      "vit_type": "",
      "vit_intent": "",
      "plugin_count": 0,
      "plugins": []
    },
    {
      "track_id": "1005",
      "name": "Tempo",
      "track_type": "track",
      "is_audio": false,
      "is_audio_track": false,
      "vit_type": "",
      "vit_intent": "",
      "plugin_count": 0,
      "plugins": []
    },
    {
      "track_id": "1006",
      "name": "Master",
      "track_type": "master",
      "is_audio": false,
      "is_audio_track": false,
      "vit_type": "",
      "vit_intent": "",
      "plugin_count": 0,
      "plugins": []
    },
    {
      "track_id": "1007",
      "name": "Track 1",
      "track_type": "hybrid",
      "is_audio": true,
      "is_audio_track": true,
      "vit_type": "",
      "vit_intent": "",
      "plugin_count": 2,
      "plugins": [
        {
          "name": "Volume & Pan Plugin",
          "type": "volume",
          "enabled": true
        },
        {
          "name": "Level Meter",
          "type": "level",
          "enabled": true
        }
      ]
    }
  ]
}
VitHeadlessService: command reply (truncated): {
  "status": "ok",
  "message": "Track list fetched",
  "tracks": [
    {
      "track_id": "1002",
      "name": "Arranger",
      "track_type": "track",
      "is_audio": false,
      "is_audio_track": false,
ZmqGateway: received command payload: {"cmd":"get_project_state"}
ZmqGateway: dispatching payload to JUCE message thread.
VitHeadlessService: processing queued command on JUCE message thread: {"cmd":"get_project_state"}
Command received: {"cmd":"get_project_state"}
Command executed: get_project_state, result: {
  "status": "ok",
  "project_path": "",
  "tracks": [
    {
      "track_id": "1002",
      "track_name": "Arranger",
      "track_type": "track",
      "is_audio_track": false,
      "is_audio": false,
      "plugins": [],
      "clips": []
    },
    {
      "track_id": "1003",
      "track_name": "Chord",
      "track_type": "track",
      "is_audio_track": false,
      "is_audio": false,
      "plugins": [],
      "clips": []
    },
    {
      "track_id": "1004",
      "track_name": "Marker",
      "track_type": "track",
      "is_audio_track": false,
      "is_audio": false,
      "plugins": [],
      "clips": []
    },
    {
      "track_id": "1005",
      "track_name": "Tempo",
      "track_type": "track",
      "is_audio_track": false,
      "is_audio": false,
      "plugins": [],
      "clips": []
    },
    {
      "track_id": "1006",
      "track_name": "Master",
      "track_type": "master",
      "is_audio_track": false,
      "is_audio": false,
      "plugins": [],
      "clips": []
    },
    {
      "track_id": "1007",
      "track_name": "Track 1",
      "track_type": "hybrid",
      "is_audio_track": true,
      "is_audio": true,
      "plugins": [
        {
          "id": "1008",
          "item_id": "1008",
          "name": "Volume & Pan Plugin",
          "type": "volume",
          "enabled": true
        },
        {
          "id": "1009",
          "item_id": "1009",
          "name": "Level Meter",
          "type": "level",
          "enabled": true
        }
      ],
      "clips": [],
      "output_to_device_resolved": true,
      "output_device_enabled": true,
      "output_device_id": "out_b7a4b4c1",
      "output_routing_name": "(default audio output)"
    }
  ]
}
VitHeadlessService: command reply (truncated): {
  "status": "ok",
  "project_path": "",
  "tracks": [
    {
      "track_id": "1002",
      "track_name": "Arranger",
      "track_type": "track",
      "is_audio_track": false,
      "is_audio": false,
     
ZmqGateway: received command payload: {"cmd":"list_tracks"}
ZmqGateway: dispatching payload to JUCE message thread.
VitHeadlessService: processing queued command on JUCE message thread: {"cmd":"list_tracks"}
Command received: {"cmd":"list_tracks"}
Command executed: list_tracks, result: {
  "status": "ok",
  "message": "Track list fetched",
  "tracks": [
    {
      "track_id": "1002",
      "name": "Arranger",
      "track_type": "track",
      "is_audio": false,
      "is_audio_track": false,
      "vit_type": "",
      "vit_intent": "",
      "plugin_count": 0,
      "plugins": []
    },
    {
      "track_id": "1003",
      "name": "Chord",
      "track_type": "track",
      "is_audio": false,
      "is_audio_track": false,
      "vit_type": "",
      "vit_intent": "",
      "plugin_count": 0,
      "plugins": []
    },
    {
      "track_id": "1004",
      "name": "Marker",
      "track_type": "track",
      "is_audio": false,
      "is_audio_track": false,
      "vit_type": "",
      "vit_intent": "",
      "plugin_count": 0,
      "plugins": []
    },
    {
      "track_id": "1005",
      "name": "Tempo",
      "track_type": "track",
      "is_audio": false,
      "is_audio_track": false,
      "vit_type": "",
      "vit_intent": "",
      "plugin_count": 0,
      "plugins": []
    },
    {
      "track_id": "1006",
      "name": "Master",
      "track_type": "master",
      "is_audio": false,
      "is_audio_track": false,
      "vit_type": "",
      "vit_intent": "",
      "plugin_count": 0,
      "plugins": []
    },
    {
      "track_id": "1007",
      "name": "Track 1",
      "track_type": "hybrid",
      "is_audio": true,
      "is_audio_track": true,
      "vit_type": "",
      "vit_intent": "",
      "plugin_count": 2,
      "plugins": [
        {
          "name": "Volume & Pan Plugin",
          "type": "volume",
          "enabled": true
        },
        {
          "name": "Level Meter",
          "type": "level",
          "enabled": true
        }
      ]
    }
  ]
}
VitHeadlessService: command reply (truncated): {
  "status": "ok",
  "message": "Track list fetched",
  "tracks": [
    {
      "track_id": "1002",
      "name": "Arranger",
      "track_type": "track",
      "is_audio": false,
      "is_audio_track": false,
ZmqGateway: received command payload: {"action":"import_media_to_track","cmd":"import_media_to_track","file_path":"D:/Vit_DAW/test_100hz_10s.wav","media_type":"audio","start_time":1.74092674255371,"track_id":"1007"}
ZmqGateway: dispatching payload to JUCE message thread.
VitHeadlessService: processing queued command on JUCE message thread: {"action":"import_media_to_track","cmd":"import_media_to_track","file_path":"D:/Vit_DAW/test_100hz_10s.wav","media_type":"audio","start_time":1.74092674255371,"track_id":"1007"}
Command received: {"action":"import_media_to_track","cmd":"import_media_to_track","file_path":"D:/Vit_DAW/test_100hz_10s.wav","media_type":"audio","start_time":1.74092674255371,"track_id":"1007"}
VitHeadlessService: project saved to D:\Vit_DAW\VitApp\Workspace\default_project.xml
CommandDispatcher::handleImportMediaToTrack: clipId="1011" clip="test_100hz_10s" trackId="1007" source="D:\Vit_DAW\test_100hz_10s.wav" lengthSec=10.000 isPlaying=false isRecording=false playContextActive=true positionSeconds=0.000 editLengthSeconds=11.741
Command executed: import_media_to_track, result: {
  "status": "success",
  "action": "import_media_to_track",
  "clip_id": "1011",
  "track_id": "1007",
  "start_time": 1.74092674255371,
  "resolved_start_time": 1.74092674255371,
  "length": 10.0,
  "applied_mode": "destructive",
  "clip_name": "test_100hz_10s",
  "file_path": "D:\\Vit_DAW\\test_100hz_10s.wav",
  "edit_length_seconds": 11.740926742553711,
  "baking_status": "baking_started"
}
VitHeadlessService: command reply (truncated): {
  "status": "success",
  "action": "import_media_to_track",
  "clip_id": "1011",
  "track_id": "1007",
  "start_time": 1.74092674255371,
  "resolved_start_time": 1.74092674255371,
  "length": 10.0,
  "applied_m
ZmqGateway: received command payload: {"cmd":"get_project_state"}
ZmqGateway: dispatching payload to JUCE message thread.
VitHeadlessService: processing queued command on JUCE message thread: {"cmd":"get_project_state"}
Command received: {"cmd":"get_project_state"}
Command executed: get_project_state, result: {
  "status": "ok",
  "project_path": "",
  "tracks": [
    {
      "track_id": "1002",
      "track_name": "Arranger",
      "track_type": "track",
      "is_audio_track": false,
      "is_audio": false,
      "plugins": [],
      "clips": []
    },
    {
      "track_id": "1003",
      "track_name": "Chord",
      "track_type": "track",
      "is_audio_track": false,
      "is_audio": false,
      "plugins": [],
      "clips": []
    },
    {
      "track_id": "1004",
      "track_name": "Marker",
      "track_type": "track",
      "is_audio_track": false,
      "is_audio": false,
      "plugins": [],
      "clips": []
    },
    {
      "track_id": "1005",
      "track_name": "Tempo",
      "track_type": "track",
      "is_audio_track": false,
      "is_audio": false,
      "plugins": [],
      "clips": []
    },
    {
      "track_id": "1006",
      "track_name": "Master",
      "track_type": "master",
      "is_audio_track": false,
      "is_audio": false,
      "plugins": [],
      "clips": []
    },
    {
      "track_id": "1007",
      "track_name": "Track 1",
      "track_type": "hybrid",
      "is_audio_track": true,
      "is_audio": true,
      "plugins": [
        {
          "id": "1008",
          "item_id": "1008",
          "name": "Volume & Pan Plugin",
          "type": "volume",
          "enabled": true
        },
        {
          "id": "1009",
          "item_id": "1009",
          "name": "Level Meter",
          "type": "level",
          "enabled": true
        }
      ],
      "clips": [
        {
          "id": "1011",
          "name": "test_100hz_10s",
          "clip_type": "wave",
          "start_seconds": 1.74092674255371,
          "end_seconds": 11.740926742553711,
          "length_seconds": 10.0,
          "offset_in_source_seconds": 0.0,
          "file_path": "D:\\Vit_DAW\\test_100hz_10s.wav",
          "current_source_path": "D:\\Vit_DAW\\test_100hz_10s.wav",
          "playback_source_valid": true
        }
      ],
      "output_to_device_resolved": true,
      "output_device_enabled": true,
      "output_device_id": "out_b7a4b4c1",
      "output_routing_name": "(default audio output)"
    }
  ]
}
VitHeadlessService: command reply (truncated): {
  "status": "ok",
  "project_path": "",
  "tracks": [
    {
      "track_id": "1002",
      "track_name": "Arranger",
      "track_type": "track",
      "is_audio_track": false,
      "is_audio": false,
     
ZmqGateway: received command payload: {"cmd":"list_tracks"}
ZmqGateway: dispatching payload to JUCE message thread.
VitHeadlessService: processing queued command on JUCE message thread: {"cmd":"list_tracks"}
Command received: {"cmd":"list_tracks"}
Command executed: list_tracks, result: {
  "status": "ok",
  "message": "Track list fetched",
  "tracks": [
    {
      "track_id": "1002",
      "name": "Arranger",
      "track_type": "track",
      "is_audio": false,
      "is_audio_track": false,
      "vit_type": "",
      "vit_intent": "",
      "plugin_count": 0,
      "plugins": []
    },
    {
      "track_id": "1003",
      "name": "Chord",
      "track_type": "track",
      "is_audio": false,
      "is_audio_track": false,
      "vit_type": "",
      "vit_intent": "",
      "plugin_count": 0,
      "plugins": []
    },
    {
      "track_id": "1004",
      "name": "Marker",
      "track_type": "track",
      "is_audio": false,
      "is_audio_track": false,
      "vit_type": "",
      "vit_intent": "",
      "plugin_count": 0,
      "plugins": []
    },
    {
      "track_id": "1005",
      "name": "Tempo",
      "track_type": "track",
      "is_audio": false,
      "is_audio_track": false,
      "vit_type": "",
      "vit_intent": "",
      "plugin_count": 0,
      "plugins": []
    },
    {
      "track_id": "1006",
      "name": "Master",
      "track_type": "master",
      "is_audio": false,
      "is_audio_track": false,
      "vit_type": "",
      "vit_intent": "",
      "plugin_count": 0,
      "plugins": []
    },
    {
      "track_id": "1007",
      "name": "Track 1",
      "track_type": "hybrid",
      "is_audio": true,
      "is_audio_track": true,
      "vit_type": "",
      "vit_intent": "",
      "plugin_count": 2,
      "plugins": [
        {
          "name": "Volume & Pan Plugin",
          "type": "volume",
          "enabled": true
        },
        {
          "name": "Level Meter",
          "type": "level",
          "enabled": true
        }
      ]
    }
  ]
}
VitHeadlessService: command reply (truncated): {
  "status": "ok",
  "message": "Track list fetched",
  "tracks": [
    {
      "track_id": "1002",
      "name": "Arranger",
      "track_type": "track",
      "is_audio": false,
      "is_audio_track": false,
ZmqGateway: received command payload: {"clip_id":"1011","cmd":"move_clip","new_start":2.89117813110351,"new_start_seconds":1.44558906555176,"overlap_mode":"cut","source_track_id":"1007","target_track_id":"1007","time_unit":"beats"}
ZmqGateway: dispatching payload to JUCE message thread.
VitHeadlessService: processing queued command on JUCE message thread: {"clip_id":"1011","cmd":"move_clip","new_start":2.89117813110351,"new_start_seconds":1.44558906555176,"overlap_mode":"cut","source_track_id":"1007","target_track_id":"1007","time_unit":"beats"}
Command received: {"clip_id":"1011","cmd":"move_clip","new_start":2.89117813110351,"new_start_seconds":1.44558906555176,"overlap_mode":"cut","source_track_id":"1007","target_track_id":"1007","time_unit":"beats"}
Command executed: move_clip, result: {
  "status": "ok",
  "message": "Clip moved",
  "clip_id": "1011",
  "source_track_id": "1007",
  "target_track_id": "1007",
  "affected_track_id": "1007",
  "new_start_seconds": 1.445589065551755,
  "overlap_mode": "cut",
  "created_clip_ids": [],
  "removed_clip_ids": [],
  "affected_clip_ids": []
}
VitHeadlessService: command reply (truncated): {
  "status": "ok",
  "message": "Clip moved",
  "clip_id": "1011",
  "source_track_id": "1007",
  "target_track_id": "1007",
  "affected_track_id": "1007",
  "new_start_seconds": 1.445589065551755,
  "overlap_mo
ZmqGateway: received command payload: {"cmd":"get_project_state"}
ZmqGateway: dispatching payload to JUCE message thread.
VitHeadlessService: processing queued command on JUCE message thread: {"cmd":"get_project_state"}
Command received: {"cmd":"get_project_state"}
Command executed: get_project_state, result: {
  "status": "ok",
  "project_path": "",
  "tracks": [
    {
      "track_id": "1002",
      "track_name": "Arranger",
      "track_type": "track",
      "is_audio_track": false,
      "is_audio": false,
      "plugins": [],
      "clips": []
    },
    {
      "track_id": "1003",
      "track_name": "Chord",
      "track_type": "track",
      "is_audio_track": false,
      "is_audio": false,
      "plugins": [],
      "clips": []
    },
    {
      "track_id": "1004",
      "track_name": "Marker",
      "track_type": "track",
      "is_audio_track": false,
      "is_audio": false,
      "plugins": [],
      "clips": []
    },
    {
      "track_id": "1005",
      "track_name": "Tempo",
      "track_type": "track",
      "is_audio_track": false,
      "is_audio": false,
      "plugins": [],
      "clips": []
    },
    {
      "track_id": "1006",
      "track_name": "Master",
      "track_type": "master",
      "is_audio_track": false,
      "is_audio": false,
      "plugins": [],
      "clips": []
    },
    {
      "track_id": "1007",
      "track_name": "Track 1",
      "track_type": "hybrid",
      "is_audio_track": true,
      "is_audio": true,
      "plugins": [
        {
          "id": "1008",
          "item_id": "1008",
          "name": "Volume & Pan Plugin",
          "type": "volume",
          "enabled": true
        },
        {
          "id": "1009",
          "item_id": "1009",
          "name": "Level Meter",
          "type": "level",
          "enabled": true
        }
      ],
      "clips": [
        {
          "id": "1011",
          "name": "test_100hz_10s",
          "clip_type": "wave",
          "start_seconds": 1.445589065551755,
          "end_seconds": 11.445589065551756,
          "length_seconds": 10.000000000000002,
          "offset_in_source_seconds": 0.0,
          "file_path": "D:\\Vit_DAW\\test_100hz_10s.wav",
          "current_source_path": "D:\\Vit_DAW\\test_100hz_10s.wav",
          "playback_source_valid": true
        }
      ],
      "output_to_device_resolved": true,
      "output_device_enabled": true,
      "output_device_id": "out_b7a4b4c1",
      "output_routing_name": "(default audio output)"
    }
  ]
}
VitHeadlessService: command reply (truncated): {
  "status": "ok",
  "project_path": "",
  "tracks": [
    {
      "track_id": "1002",
      "track_name": "Arranger",
      "track_type": "track",
      "is_audio_track": false,
      "is_audio": false,
     
ZmqGateway: received command payload: {"cmd":"list_tracks"}
ZmqGateway: dispatching payload to JUCE message thread.
VitHeadlessService: processing queued command on JUCE message thread: {"cmd":"list_tracks"}
Command received: {"cmd":"list_tracks"}
Command executed: list_tracks, result: {
  "status": "ok",
  "message": "Track list fetched",
  "tracks": [
    {
      "track_id": "1002",
      "name": "Arranger",
      "track_type": "track",
      "is_audio": false,
      "is_audio_track": false,
      "vit_type": "",
      "vit_intent": "",
      "plugin_count": 0,
      "plugins": []
    },
    {
      "track_id": "1003",
      "name": "Chord",
      "track_type": "track",
      "is_audio": false,
      "is_audio_track": false,
      "vit_type": "",
      "vit_intent": "",
      "plugin_count": 0,
      "plugins": []
    },
    {
      "track_id": "1004",
      "name": "Marker",
      "track_type": "track",
      "is_audio": false,
      "is_audio_track": false,
      "vit_type": "",
      "vit_intent": "",
      "plugin_count": 0,
      "plugins": []
    },
    {
      "track_id": "1005",
      "name": "Tempo",
      "track_type": "track",
      "is_audio": false,
      "is_audio_track": false,
      "vit_type": "",
      "vit_intent": "",
      "plugin_count": 0,
      "plugins": []
    },
    {
      "track_id": "1006",
      "name": "Master",
      "track_type": "master",
      "is_audio": false,
      "is_audio_track": false,
      "vit_type": "",
      "vit_intent": "",
      "plugin_count": 0,
      "plugins": []
    },
    {
      "track_id": "1007",
      "name": "Track 1",
      "track_type": "hybrid",
      "is_audio": true,
      "is_audio_track": true,
      "vit_type": "",
      "vit_intent": "",
      "plugin_count": 2,
      "plugins": [
        {
          "name": "Volume & Pan Plugin",
          "type": "volume",
          "enabled": true
        },
        {
          "name": "Level Meter",
          "type": "level",
          "enabled": true
        }
      ]
    }
  ]
}
VitHeadlessService: command reply (truncated): {
  "status": "ok",
  "message": "Track list fetched",
  "tracks": [
    {
      "track_id": "1002",
      "name": "Arranger",
      "track_type": "track",
      "is_audio": false,
      "is_audio_track": false,
ZmqGateway: received command payload: {"clip_id":"1011","cmd":"move_clip","new_start":2.6735610961914,"new_start_seconds":1.3367805480957,"overlap_mode":"cut","source_track_id":"1007","target_track_id":"1007","time_unit":"beats"}
ZmqGateway: dispatching payload to JUCE message thread.
VitHeadlessService: processing queued command on JUCE message thread: {"clip_id":"1011","cmd":"move_clip","new_start":2.6735610961914,"new_start_seconds":1.3367805480957,"overlap_mode":"cut","source_track_id":"1007","target_track_id":"1007","time_unit":"beats"}
Command received: {"clip_id":"1011","cmd":"move_clip","new_start":2.6735610961914,"new_start_seconds":1.3367805480957,"overlap_mode":"cut","source_track_id":"1007","target_track_id":"1007","time_unit":"beats"}
Command executed: move_clip, result: {
  "status": "ok",
  "message": "Clip moved",
  "clip_id": "1011",
  "source_track_id": "1007",
  "target_track_id": "1007",
  "affected_track_id": "1007",
  "new_start_seconds": 1.3367805480957,
  "overlap_mode": "cut",
  "created_clip_ids": [],
  "removed_clip_ids": [],
  "affected_clip_ids": []
}
VitHeadlessService: command reply (truncated): {
  "status": "ok",
  "message": "Clip moved",
  "clip_id": "1011",
  "source_track_id": "1007",
  "target_track_id": "1007",
  "affected_track_id": "1007",
  "new_start_seconds": 1.3367805480957,
  "overlap_mode
ZmqGateway: received command payload: {"cmd":"get_project_state"}
ZmqGateway: dispatching payload to JUCE message thread.
VitHeadlessService: processing queued command on JUCE message thread: {"cmd":"get_project_state"}
Command received: {"cmd":"get_project_state"}
Command executed: get_project_state, result: {
  "status": "ok",
  "project_path": "",
  "tracks": [
    {
      "track_id": "1002",
      "track_name": "Arranger",
      "track_type": "track",
      "is_audio_track": false,
      "is_audio": false,
      "plugins": [],
      "clips": []
    },
    {
      "track_id": "1003",
      "track_name": "Chord",
      "track_type": "track",
      "is_audio_track": false,
      "is_audio": false,
      "plugins": [],
      "clips": []
    },
    {
      "track_id": "1004",
      "track_name": "Marker",
      "track_type": "track",
      "is_audio_track": false,
      "is_audio": false,
      "plugins": [],
      "clips": []
    },
    {
      "track_id": "1005",
      "track_name": "Tempo",
      "track_type": "track",
      "is_audio_track": false,
      "is_audio": false,
      "plugins": [],
      "clips": []
    },
    {
      "track_id": "1006",
      "track_name": "Master",
      "track_type": "master",
      "is_audio_track": false,
      "is_audio": false,
      "plugins": [],
      "clips": []
    },
    {
      "track_id": "1007",
      "track_name": "Track 1",
      "track_type": "hybrid",
      "is_audio_track": true,
      "is_audio": true,
      "plugins": [
        {
          "id": "1008",
          "item_id": "1008",
          "name": "Volume & Pan Plugin",
          "type": "volume",
          "enabled": true
        },
        {
          "id": "1009",
          "item_id": "1009",
          "name": "Level Meter",
          "type": "level",
          "enabled": true
        }
      ],
      "clips": [
        {
          "id": "1011",
          "name": "test_100hz_10s",
          "clip_type": "wave",
          "start_seconds": 1.3367805480957,
          "end_seconds": 11.336780548095701,
          "length_seconds": 10.000000000000002,
          "offset_in_source_seconds": 0.0,
          "file_path": "D:\\Vit_DAW\\test_100hz_10s.wav",
          "current_source_path": "D:\\Vit_DAW\\test_100hz_10s.wav",
          "playback_source_valid": true
        }
      ],
      "output_to_device_resolved": true,
      "output_device_enabled": true,
      "output_device_id": "out_b7a4b4c1",
      "output_routing_name": "(default audio output)"
    }
  ]
}
VitHeadlessService: command reply (truncated): {
  "status": "ok",
  "project_path": "",
  "tracks": [
    {
      "track_id": "1002",
      "track_name": "Arranger",
      "track_type": "track",
      "is_audio_track": false,
      "is_audio": false,
     
ZmqGateway: received command payload: {"cmd":"list_tracks"}
ZmqGateway: dispatching payload to JUCE message thread.
VitHeadlessService: processing queued command on JUCE message thread: {"cmd":"list_tracks"}
Command received: {"cmd":"list_tracks"}
Command executed: list_tracks, result: {
  "status": "ok",
  "message": "Track list fetched",
  "tracks": [
    {
      "track_id": "1002",
      "name": "Arranger",
      "track_type": "track",
      "is_audio": false,
      "is_audio_track": false,
      "vit_type": "",
      "vit_intent": "",
      "plugin_count": 0,
      "plugins": []
    },
    {
      "track_id": "1003",
      "name": "Chord",
      "track_type": "track",
      "is_audio": false,
      "is_audio_track": false,
      "vit_type": "",
      "vit_intent": "",
      "plugin_count": 0,
      "plugins": []
    },
    {
      "track_id": "1004",
      "name": "Marker",
      "track_type": "track",
      "is_audio": false,
      "is_audio_track": false,
      "vit_type": "",
      "vit_intent": "",
      "plugin_count": 0,
      "plugins": []
    },
    {
      "track_id": "1005",
      "name": "Tempo",
      "track_type": "track",
      "is_audio": false,
      "is_audio_track": false,
      "vit_type": "",
      "vit_intent": "",
      "plugin_count": 0,
      "plugins": []
    },
    {
      "track_id": "1006",
      "name": "Master",
      "track_type": "master",
      "is_audio": false,
      "is_audio_track": false,
      "vit_type": "",
      "vit_intent": "",
      "plugin_count": 0,
      "plugins": []
    },
    {
      "track_id": "1007",
      "name": "Track 1",
      "track_type": "hybrid",
      "is_audio": true,
      "is_audio_track": true,
      "vit_type": "",
      "vit_intent": "",
      "plugin_count": 2,
      "plugins": [
        {
          "name": "Volume & Pan Plugin",
          "type": "volume",
          "enabled": true
        },
        {
          "name": "Level Meter",
          "type": "level",
          "enabled": true
        }
      ]
    }
  ]
}
VitHeadlessService: command reply (truncated): {
  "status": "ok",
  "message": "Track list fetched",
  "tracks": [
    {
      "track_id": "1002",
      "name": "Arranger",
      "track_type": "track",
      "is_audio": false,
      "is_audio_track": false,
ZmqGateway: received command payload: {"clip_id":"1011","cmd":"move_clip","new_start":3.63729286193847,"new_start_seconds":1.81864643096924,"overlap_mode":"cut","source_track_id":"1007","target_track_id":"1007","time_unit":"beats"}
ZmqGateway: dispatching payload to JUCE message thread.
VitHeadlessService: processing queued command on JUCE message thread: {"clip_id":"1011","cmd":"move_clip","new_start":3.63729286193847,"new_start_seconds":1.81864643096924,"overlap_mode":"cut","source_track_id":"1007","target_track_id":"1007","time_unit":"beats"}
Command received: {"clip_id":"1011","cmd":"move_clip","new_start":3.63729286193847,"new_start_seconds":1.81864643096924,"overlap_mode":"cut","source_track_id":"1007","target_track_id":"1007","time_unit":"beats"}
Command executed: move_clip, result: {
  "status": "ok",
  "message": "Clip moved",
  "clip_id": "1011",
  "source_track_id": "1007",
  "target_track_id": "1007",
  "affected_track_id": "1007",
  "new_start_seconds": 1.818646430969235,
  "overlap_mode": "cut",
  "created_clip_ids": [],
  "removed_clip_ids": [],
  "affected_clip_ids": []
}
VitHeadlessService: command reply (truncated): {
  "status": "ok",
  "message": "Clip moved",
  "clip_id": "1011",
  "source_track_id": "1007",
  "target_track_id": "1007",
  "affected_track_id": "1007",
  "new_start_seconds": 1.818646430969235,
  "overlap_mo
ZmqGateway: received command payload: {"cmd":"get_project_state"}
ZmqGateway: dispatching payload to JUCE message thread.
VitHeadlessService: processing queued command on JUCE message thread: {"cmd":"get_project_state"}
Command received: {"cmd":"get_project_state"}
Command executed: get_project_state, result: {
  "status": "ok",
  "project_path": "",
  "tracks": [
    {
      "track_id": "1002",
      "track_name": "Arranger",
      "track_type": "track",
      "is_audio_track": false,
      "is_audio": false,
      "plugins": [],
      "clips": []
    },
    {
      "track_id": "1003",
      "track_name": "Chord",
      "track_type": "track",
      "is_audio_track": false,
      "is_audio": false,
      "plugins": [],
      "clips": []
    },
    {
      "track_id": "1004",
      "track_name": "Marker",
      "track_type": "track",
      "is_audio_track": false,
      "is_audio": false,
      "plugins": [],
      "clips": []
    },
    {
      "track_id": "1005",
      "track_name": "Tempo",
      "track_type": "track",
      "is_audio_track": false,
      "is_audio": false,
      "plugins": [],
      "clips": []
    },
    {
      "track_id": "1006",
      "track_name": "Master",
      "track_type": "master",
      "is_audio_track": false,
      "is_audio": false,
      "plugins": [],
      "clips": []
    },
    {
      "track_id": "1007",
      "track_name": "Track 1",
      "track_type": "hybrid",
      "is_audio_track": true,
      "is_audio": true,
      "plugins": [
        {
          "id": "1008",
          "item_id": "1008",
          "name": "Volume & Pan Plugin",
          "type": "volume",
          "enabled": true
        },
        {
          "id": "1009",
          "item_id": "1009",
          "name": "Level Meter",
          "type": "level",
          "enabled": true
        }
      ],
      "clips": [
        {
          "id": "1011",
          "name": "test_100hz_10s",
          "clip_type": "wave",
          "start_seconds": 1.818646430969235,
          "end_seconds": 11.818646430969237,
          "length_seconds": 10.000000000000002,
          "offset_in_source_seconds": 0.0,
          "file_path": "D:\\Vit_DAW\\test_100hz_10s.wav",
          "current_source_path": "D:\\Vit_DAW\\test_100hz_10s.wav",
          "playback_source_valid": true
        }
      ],
      "output_to_device_resolved": true,
      "output_device_enabled": true,
      "output_device_id": "out_b7a4b4c1",
      "output_routing_name": "(default audio output)"
    }
  ]
}
VitHeadlessService: command reply (truncated): {
  "status": "ok",
  "project_path": "",
  "tracks": [
    {
      "track_id": "1002",
      "track_name": "Arranger",
      "track_type": "track",
      "is_audio_track": false,
      "is_audio": false,
     
ZmqGateway: received command payload: {"cmd":"list_tracks"}
ZmqGateway: dispatching payload to JUCE message thread.
VitHeadlessService: processing queued command on JUCE message thread: {"cmd":"list_tracks"}
Command received: {"cmd":"list_tracks"}
Command executed: list_tracks, result: {
  "status": "ok",
  "message": "Track list fetched",
  "tracks": [
    {
      "track_id": "1002",
      "name": "Arranger",
      "track_type": "track",
      "is_audio": false,
      "is_audio_track": false,
      "vit_type": "",
      "vit_intent": "",
      "plugin_count": 0,
      "plugins": []
    },
    {
      "track_id": "1003",
      "name": "Chord",
      "track_type": "track",
      "is_audio": false,
      "is_audio_track": false,
      "vit_type": "",
      "vit_intent": "",
      "plugin_count": 0,
      "plugins": []
    },
    {
      "track_id": "1004",
      "name": "Marker",
      "track_type": "track",
      "is_audio": false,
      "is_audio_track": false,
      "vit_type": "",
      "vit_intent": "",
      "plugin_count": 0,
      "plugins": []
    },
    {
      "track_id": "1005",
      "name": "Tempo",
      "track_type": "track",
      "is_audio": false,
      "is_audio_track": false,
      "vit_type": "",
      "vit_intent": "",
      "plugin_count": 0,
      "plugins": []
    },
    {
      "track_id": "1006",
      "name": "Master",
      "track_type": "master",
      "is_audio": false,
      "is_audio_track": false,
      "vit_type": "",
      "vit_intent": "",
      "plugin_count": 0,
      "plugins": []
    },
    {
      "track_id": "1007",
      "name": "Track 1",
      "track_type": "hybrid",
      "is_audio": true,
      "is_audio_track": true,
      "vit_type": "",
      "vit_intent": "",
      "plugin_count": 2,
      "plugins": [
        {
          "name": "Volume & Pan Plugin",
          "type": "volume",
          "enabled": true
        },
        {
          "name": "Level Meter",
          "type": "level",
          "enabled": true
        }
      ]
    }
  ]
}
VitHeadlessService: command reply (truncated): {
  "status": "ok",
  "message": "Track list fetched",
  "tracks": [
    {
      "track_id": "1002",
      "name": "Arranger",
      "track_type": "track",
      "is_audio": false,
      "is_audio_track": false,
ZmqGateway: received command payload: {"clip_id":"1011","cmd":"resize_clip","new_length":18.5699424743652,"new_length_seconds":9.28497123718262,"new_start":5.06735038757324,"new_start_seconds":2.53367519378662,"offset_in_source":1.43005752563477,"offset_in_source_seconds":0.715028762817386,"overlap_mode":"cut","time_unit":"beats","track_id":"1007"}
ZmqGateway: dispatching payload to JUCE message thread.
VitHeadlessService: processing queued command on JUCE message thread: {"clip_id":"1011","cmd":"resize_clip","new_length":18.5699424743652,"new_length_seconds":9.28497123718262,"new_start":5.06735038757324,"new_start_seconds":2.53367519378662,"offset_in_source":1.43005752563477,"offset_in_source_seconds":0.715028762817386,"overlap_mode":"cut","time_unit":"beats","track_id":"1007"}
Command received: {"clip_id":"1011","cmd":"resize_clip","new_length":18.5699424743652,"new_length_seconds":9.28497123718262,"new_start":5.06735038757324,"new_start_seconds":2.53367519378662,"offset_in_source":1.43005752563477,"offset_in_source_seconds":0.715028762817386,"overlap_mode":"cut","time_unit":"beats","track_id":"1007"}
Command executed: resize_clip, result: {
  "status": "ok",
  "message": "Clip resized",
  "clip_id": "1011",
  "track_id": "1007",
  "affected_track_id": "1007",
  "new_start_seconds": 2.53367519378662,
  "new_length_seconds": 9.284971237182599,
  "offset_in_source_seconds": 0.715028762817385,
  "overlap_mode": "cut",
  "created_clip_ids": [],
  "removed_clip_ids": [],
  "affected_clip_ids": []
}
VitHeadlessService: command reply (truncated): {
  "status": "ok",
  "message": "Clip resized",
  "clip_id": "1011",
  "track_id": "1007",
  "affected_track_id": "1007",
  "new_start_seconds": 2.53367519378662,
  "new_length_seconds": 9.284971237182599,
  "of
ZmqGateway: received command payload: {"cmd":"get_project_state"}
ZmqGateway: dispatching payload to JUCE message thread.
VitHeadlessService: processing queued command on JUCE message thread: {"cmd":"get_project_state"}
Command received: {"cmd":"get_project_state"}
Command executed: get_project_state, result: {
  "status": "ok",
  "project_path": "",
  "tracks": [
    {
      "track_id": "1002",
      "track_name": "Arranger",
      "track_type": "track",
      "is_audio_track": false,
      "is_audio": false,
      "plugins": [],
      "clips": []
    },
    {
      "track_id": "1003",
      "track_name": "Chord",
      "track_type": "track",
      "is_audio_track": false,
      "is_audio": false,
      "plugins": [],
      "clips": []
    },
    {
      "track_id": "1004",
      "track_name": "Marker",
      "track_type": "track",
      "is_audio_track": false,
      "is_audio": false,
      "plugins": [],
      "clips": []
    },
    {
      "track_id": "1005",
      "track_name": "Tempo",
      "track_type": "track",
      "is_audio_track": false,
      "is_audio": false,
      "plugins": [],
      "clips": []
    },
    {
      "track_id": "1006",
      "track_name": "Master",
      "track_type": "master",
      "is_audio_track": false,
      "is_audio": false,
      "plugins": [],
      "clips": []
    },
    {
      "track_id": "1007",
      "track_name": "Track 1",
      "track_type": "hybrid",
      "is_audio_track": true,
      "is_audio": true,
      "plugins": [
        {
          "id": "1008",
          "item_id": "1008",
          "name": "Volume & Pan Plugin",
          "type": "volume",
          "enabled": true
        },
        {
          "id": "1009",
          "item_id": "1009",
          "name": "Level Meter",
          "type": "level",
          "enabled": true
        }
      ],
      "clips": [
        {
          "id": "1011",
          "name": "test_100hz_10s",
          "clip_type": "wave",
          "start_seconds": 2.53367519378662,
          "end_seconds": 11.818646430969221,
          "length_seconds": 9.284971237182599,
          "offset_in_source_seconds": 0.715028762817385,
          "file_path": "D:\\Vit_DAW\\test_100hz_10s.wav",
          "current_source_path": "D:\\Vit_DAW\\test_100hz_10s.wav",
          "playback_source_valid": true
        }
      ],
      "output_to_device_resolved": true,
      "output_device_enabled": true,
      "output_device_id": "out_b7a4b4c1",
      "output_routing_name": "(default audio output)"
    }
  ]
}
VitHeadlessService: command reply (truncated): {
  "status": "ok",
  "project_path": "",
  "tracks": [
    {
      "track_id": "1002",
      "track_name": "Arranger",
      "track_type": "track",
      "is_audio_track": false,
      "is_audio": false,
     
ZmqGateway: received command payload: {"clip_id":"1011","cmd":"warm_waveform_bake","file_path":"D:\\Vit_DAW\\test_100hz_10s.wav","track_id":"1007"}
ZmqGateway: dispatching payload to JUCE message thread.
VitHeadlessService: processing queued command on JUCE message thread: {"clip_id":"1011","cmd":"warm_waveform_bake","file_path":"D:\\Vit_DAW\\test_100hz_10s.wav","track_id":"1007"}
Command received: {"clip_id":"1011","cmd":"warm_waveform_bake","file_path":"D:\\Vit_DAW\\test_100hz_10s.wav","track_id":"1007"}
Command executed: warm_waveform_bake, result: {
  "status": "ok",
  "cmd": "warm_waveform_bake",
  "track_id": "1007",
  "clip_id": "1011",
  "file_path": "D:\\Vit_DAW\\test_100hz_10s.wav",
  "message": "Waveform bake started (no new clip inserted)"
}
VitHeadlessService: command reply (truncated): {
  "status": "ok",
  "cmd": "warm_waveform_bake",
  "track_id": "1007",
  "clip_id": "1011",
  "file_path": "D:\\Vit_DAW\\test_100hz_10s.wav",
  "message": "Waveform bake started (no new clip inserted)"
}
ZmqGateway: received command payload: {"cmd":"list_tracks"}
ZmqGateway: dispatching payload to JUCE message thread.
VitHeadlessService: processing queued command on JUCE message thread: {"cmd":"list_tracks"}
Command received: {"cmd":"list_tracks"}
Command executed: list_tracks, result: {
  "status": "ok",
  "message": "Track list fetched",
  "tracks": [
    {
      "track_id": "1002",
      "name": "Arranger",
      "track_type": "track",
      "is_audio": false,
      "is_audio_track": false,
      "vit_type": "",
      "vit_intent": "",
      "plugin_count": 0,
      "plugins": []
    },
    {
      "track_id": "1003",
      "name": "Chord",
      "track_type": "track",
      "is_audio": false,
      "is_audio_track": false,
      "vit_type": "",
      "vit_intent": "",
      "plugin_count": 0,
      "plugins": []
    },
    {
      "track_id": "1004",
      "name": "Marker",
      "track_type": "track",
      "is_audio": false,
      "is_audio_track": false,
      "vit_type": "",
      "vit_intent": "",
      "plugin_count": 0,
      "plugins": []
    },
    {
      "track_id": "1005",
      "name": "Tempo",
      "track_type": "track",
      "is_audio": false,
      "is_audio_track": false,
      "vit_type": "",
      "vit_intent": "",
      "plugin_count": 0,
      "plugins": []
    },
    {
      "track_id": "1006",
      "name": "Master",
      "track_type": "master",
      "is_audio": false,
      "is_audio_track": false,
      "vit_type": "",
      "vit_intent": "",
      "plugin_count": 0,
      "plugins": []
    },
    {
      "track_id": "1007",
      "name": "Track 1",
      "track_type": "hybrid",
      "is_audio": true,
      "is_audio_track": true,
      "vit_type": "",
      "vit_intent": "",
      "plugin_count": 2,
      "plugins": [
        {
          "name": "Volume & Pan Plugin",
          "type": "volume",
          "enabled": true
        },
        {
          "name": "Level Meter",
          "type": "level",
          "enabled": true
        }
      ]
    }
  ]
}
VitHeadlessService: command reply (truncated): {
  "status": "ok",
  "message": "Track list fetched",
  "tracks": [
    {
      "track_id": "1002",
      "name": "Arranger",
      "track_type": "track",
      "is_audio": false,
      "is_audio_track": false,
ZmqGateway: received command payload: {"cmd":"seek","time":3.87046742236508}
ZmqGateway: dispatching payload to JUCE message thread.
VitHeadlessService: processing queued command on JUCE message thread: {"cmd":"seek","time":3.87046742236508}
Command received: {"cmd":"seek","time":3.87046742236508}
CommandDispatcher::handleSeek: position set to 3.8705s
Command executed: seek, result: {
  "status": "ok",
  "message": "Seek executed",
  "position_seconds": 3.87046742236508
}
VitHeadlessService: command reply (truncated): {
  "status": "ok",
  "message": "Seek executed",
  "position_seconds": 3.87046742236508
}
ZmqGateway: received command payload: {"cmd":"seek","time":3.88601148347874}
ZmqGateway: dispatching payload to JUCE message thread.
VitHeadlessService: processing queued command on JUCE message thread: {"cmd":"seek","time":3.88601148347874}
Command received: {"cmd":"seek","time":3.88601148347874}
CommandDispatcher::handleSeek: position set to 3.8860s
Command executed: seek, result: {
  "status": "ok",
  "message": "Seek executed",
  "position_seconds": 3.88601148347874
}
VitHeadlessService: command reply (truncated): {
  "status": "ok",
  "message": "Seek executed",
  "position_seconds": 3.88601148347874
}
ZmqGateway: received command payload: {"cmd":"seek","time":3.9015555445924}
ZmqGateway: dispatching payload to JUCE message thread.
VitHeadlessService: processing queued command on JUCE message thread: {"cmd":"seek","time":3.9015555445924}
Command received: {"cmd":"seek","time":3.9015555445924}
CommandDispatcher::handleSeek: position set to 3.9016s
Command executed: seek, result: {
  "status": "ok",
  "message": "Seek executed",
  "position_seconds": 3.9015555445924
}
VitHeadlessService: command reply (truncated): {
  "status": "ok",
  "message": "Seek executed",
  "position_seconds": 3.9015555445924
}
ZmqGateway: received command payload: {"cmd":"seek","time":3.99481991127438}
ZmqGateway: dispatching payload to JUCE message thread.
VitHeadlessService: processing queued command on JUCE message thread: {"cmd":"seek","time":3.99481991127438}
Command received: {"cmd":"seek","time":3.99481991127438}
CommandDispatcher::handleSeek: position set to 3.9948s
Command executed: seek, result: {
  "status": "ok",
  "message": "Seek executed",
  "position_seconds": 3.99481991127438
}
VitHeadlessService: command reply (truncated): {
  "status": "ok",
  "message": "Seek executed",
  "position_seconds": 3.99481991127438
}
ZmqGateway: received command payload: {"cmd":"seek","time":4.08808427795635}
ZmqGateway: dispatching payload to JUCE message thread.
VitHeadlessService: processing queued command on JUCE message thread: {"cmd":"seek","time":4.08808427795635}
Command received: {"cmd":"seek","time":4.08808427795635}
CommandDispatcher::handleSeek: position set to 4.0881s
Command executed: seek, result: {
  "status": "ok",
  "message": "Seek executed",
  "position_seconds": 4.08808427795635
}
VitHeadlessService: command reply (truncated): {
  "status": "ok",
  "message": "Seek executed",
  "position_seconds": 4.08808427795635
}
ZmqGateway: received command payload: {"cmd":"seek","time":4.16580458352466}
ZmqGateway: dispatching payload to JUCE message thread.
VitHeadlessService: processing queued command on JUCE message thread: {"cmd":"seek","time":4.16580458352466}
Command received: {"cmd":"seek","time":4.16580458352466}
CommandDispatcher::handleSeek: position set to 4.1658s
Command executed: seek, result: {
  "status": "ok",
  "message": "Seek executed",
  "position_seconds": 4.16580458352466
}
VitHeadlessService: command reply (truncated): {
  "status": "ok",
  "message": "Seek executed",
  "position_seconds": 4.16580458352466
}
ZmqGateway: received command payload: {"cmd":"seek","time":4.24352488909297}
ZmqGateway: dispatching payload to JUCE message thread.
VitHeadlessService: processing queued command on JUCE message thread: {"cmd":"seek","time":4.24352488909297}
Command received: {"cmd":"seek","time":4.24352488909297}
CommandDispatcher::handleSeek: position set to 4.2435s
Command executed: seek, result: {
  "status": "ok",
  "message": "Seek executed",
  "position_seconds": 4.24352488909297
}
VitHeadlessService: command reply (truncated): {
  "status": "ok",
  "message": "Seek executed",
  "position_seconds": 4.24352488909297
}
ZmqGateway: received command payload: {"cmd":"seek","time":4.32124519466128}
ZmqGateway: dispatching payload to JUCE message thread.
VitHeadlessService: processing queued command on JUCE message thread: {"cmd":"seek","time":4.32124519466128}
Command received: {"cmd":"seek","time":4.32124519466128}
CommandDispatcher::handleSeek: position set to 4.3212s
Command executed: seek, result: {
  "status": "ok",
  "message": "Seek executed",
  "position_seconds": 4.32124519466128
}
VitHeadlessService: command reply (truncated): {
  "status": "ok",
  "message": "Seek executed",
  "position_seconds": 4.32124519466128
}
ZmqGateway: received command payload: {"cmd":"seek","time":4.39896550022959}
ZmqGateway: dispatching payload to JUCE message thread.
VitHeadlessService: processing queued command on JUCE message thread: {"cmd":"seek","time":4.39896550022959}
Command received: {"cmd":"seek","time":4.39896550022959}
CommandDispatcher::handleSeek: position set to 4.3990s
Command executed: seek, result: {
  "status": "ok",
  "message": "Seek executed",
  "position_seconds": 4.39896550022959
}
VitHeadlessService: command reply (truncated): {
  "status": "ok",
  "message": "Seek executed",
  "position_seconds": 4.39896550022959
}
ZmqGateway: received command payload: {"cmd":"seek","time":4.44559768357058}
ZmqGateway: dispatching payload to JUCE message thread.
VitHeadlessService: processing queued command on JUCE message thread: {"cmd":"seek","time":4.44559768357058}
Command received: {"cmd":"seek","time":4.44559768357058}
CommandDispatcher::handleSeek: position set to 4.4456s
Command executed: seek, result: {
  "status": "ok",
  "message": "Seek executed",
  "position_seconds": 4.44559768357058
}
VitHeadlessService: command reply (truncated): {
  "status": "ok",
  "message": "Seek executed",
  "position_seconds": 4.44559768357058
}
ZmqGateway: received command payload: {"cmd":"seek","time":4.4766858057979}
ZmqGateway: dispatching payload to JUCE message thread.
VitHeadlessService: processing queued command on JUCE message thread: {"cmd":"seek","time":4.4766858057979}
Command received: {"cmd":"seek","time":4.4766858057979}
CommandDispatcher::handleSeek: position set to 4.4767s
Command executed: seek, result: {
  "status": "ok",
  "message": "Seek executed",
  "position_seconds": 4.4766858057979
}
VitHeadlessService: command reply (truncated): {
  "status": "ok",
  "message": "Seek executed",
  "position_seconds": 4.4766858057979
}
ZmqGateway: received command payload: {"cmd":"seek","time":4.49222986691157}
ZmqGateway: dispatching payload to JUCE message thread.
VitHeadlessService: processing queued command on JUCE message thread: {"cmd":"seek","time":4.49222986691157}
Command received: {"cmd":"seek","time":4.49222986691157}
CommandDispatcher::handleSeek: position set to 4.4922s
Command executed: seek, result: {
  "status": "ok",
  "message": "Seek executed",
  "position_seconds": 4.49222986691157
}
VitHeadlessService: command reply (truncated): {
  "status": "ok",
  "message": "Seek executed",
  "position_seconds": 4.49222986691157
}
ZmqGateway: received command payload: {"cmd":"seek","time":4.50777392802523}
ZmqGateway: dispatching payload to JUCE message thread.
VitHeadlessService: processing queued command on JUCE message thread: {"cmd":"seek","time":4.50777392802523}
Command received: {"cmd":"seek","time":4.50777392802523}
CommandDispatcher::handleSeek: position set to 4.5078s
Command executed: seek, result: {
  "status": "ok",
  "message": "Seek executed",
  "position_seconds": 4.50777392802523
}
VitHeadlessService: command reply (truncated): {
  "status": "ok",
  "message": "Seek executed",
  "position_seconds": 4.50777392802523
}
ZmqGateway: received command payload: {"cmd":"seek","time":4.58549423359354}
ZmqGateway: dispatching payload to JUCE message thread.
VitHeadlessService: processing queued command on JUCE message thread: {"cmd":"seek","time":4.58549423359354}
Command received: {"cmd":"seek","time":4.58549423359354}
CommandDispatcher::handleSeek: position set to 4.5855s
Command executed: seek, result: {
  "status": "ok",
  "message": "Seek executed",
  "position_seconds": 4.58549423359354
}
VitHeadlessService: command reply (truncated): {
  "status": "ok",
  "message": "Seek executed",
  "position_seconds": 4.58549423359354
}
ZmqGateway: received command payload: {"cmd":"seek","time":4.69430266138918}
ZmqGateway: dispatching payload to JUCE message thread.
VitHeadlessService: processing queued command on JUCE message thread: {"cmd":"seek","time":4.69430266138918}
Command received: {"cmd":"seek","time":4.69430266138918}
CommandDispatcher::handleSeek: position set to 4.6943s
Command executed: seek, result: {
  "status": "ok",
  "message": "Seek executed",
  "position_seconds": 4.69430266138918
}
VitHeadlessService: command reply (truncated): {
  "status": "ok",
  "message": "Seek executed",
  "position_seconds": 4.69430266138918
}
ZmqGateway: received command payload: {"cmd":"seek","time":4.80311108918481}
ZmqGateway: dispatching payload to JUCE message thread.
VitHeadlessService: processing queued command on JUCE message thread: {"cmd":"seek","time":4.80311108918481}
Command received: {"cmd":"seek","time":4.80311108918481}
CommandDispatcher::handleSeek: position set to 4.8031s
Command executed: seek, result: {
  "status": "ok",
  "message": "Seek executed",
  "position_seconds": 4.80311108918481
}
VitHeadlessService: command reply (truncated): {
  "status": "ok",
  "message": "Seek executed",
  "position_seconds": 4.80311108918481
}
ZmqGateway: received command payload: {"cmd":"seek","time":4.89637545586678}
ZmqGateway: dispatching payload to JUCE message thread.
VitHeadlessService: processing queued command on JUCE message thread: {"cmd":"seek","time":4.89637545586678}
Command received: {"cmd":"seek","time":4.89637545586678}
CommandDispatcher::handleSeek: position set to 4.8964s
Command executed: seek, result: {
  "status": "ok",
  "message": "Seek executed",
  "position_seconds": 4.89637545586678
}
VitHeadlessService: command reply (truncated): {
  "status": "ok",
  "message": "Seek executed",
  "position_seconds": 4.89637545586678
}
ZmqGateway: received command payload: {"cmd":"seek","time":5.02072794477608}
ZmqGateway: dispatching payload to JUCE message thread.
VitHeadlessService: processing queued command on JUCE message thread: {"cmd":"seek","time":5.02072794477608}
Command received: {"cmd":"seek","time":5.02072794477608}
CommandDispatcher::handleSeek: position set to 5.0207s
Command executed: seek, result: {
  "status": "ok",
  "message": "Seek executed",
  "position_seconds": 5.02072794477608
}
VitHeadlessService: command reply (truncated): {
  "status": "ok",
  "message": "Seek executed",
  "position_seconds": 5.02072794477608
}
ZmqGateway: received command payload: {"cmd":"seek","time":5.14508043368538}
ZmqGateway: dispatching payload to JUCE message thread.
VitHeadlessService: processing queued command on JUCE message thread: {"cmd":"seek","time":5.14508043368538}
Command received: {"cmd":"seek","time":5.14508043368538}
CommandDispatcher::handleSeek: position set to 5.1451s
Command executed: seek, result: {
  "status": "ok",
  "message": "Seek executed",
  "position_seconds": 5.14508043368538
}
VitHeadlessService: command reply (truncated): {
  "status": "ok",
  "message": "Seek executed",
  "position_seconds": 5.14508043368538
}
ZmqGateway: received command payload: {"cmd":"seek","time":5.25388886148101}
ZmqGateway: dispatching payload to JUCE message thread.
VitHeadlessService: processing queued command on JUCE message thread: {"cmd":"seek","time":5.25388886148101}
Command received: {"cmd":"seek","time":5.25388886148101}
CommandDispatcher::handleSeek: position set to 5.2539s
Command executed: seek, result: {
  "status": "ok",
  "message": "Seek executed",
  "position_seconds": 5.25388886148101
}
VitHeadlessService: command reply (truncated): {
  "status": "ok",
  "message": "Seek executed",
  "position_seconds": 5.25388886148101
}
ZmqGateway: received command payload: {"cmd":"seek","time":5.31606510593566}
ZmqGateway: dispatching payload to JUCE message thread.
VitHeadlessService: processing queued command on JUCE message thread: {"cmd":"seek","time":5.31606510593566}
Command received: {"cmd":"seek","time":5.31606510593566}
CommandDispatcher::handleSeek: position set to 5.3161s
Command executed: seek, result: {
  "status": "ok",
  "message": "Seek executed",
  "position_seconds": 5.31606510593566
}
VitHeadlessService: command reply (truncated): {
  "status": "ok",
  "message": "Seek executed",
  "position_seconds": 5.31606510593566
}
ZmqGateway: received command payload: {"cmd":"seek","time":5.36269728927665}
ZmqGateway: dispatching payload to JUCE message thread.
VitHeadlessService: processing queued command on JUCE message thread: {"cmd":"seek","time":5.36269728927665}
Command received: {"cmd":"seek","time":5.36269728927665}
CommandDispatcher::handleSeek: position set to 5.3627s
Command executed: seek, result: {
  "status": "ok",
  "message": "Seek executed",
  "position_seconds": 5.36269728927665
}
VitHeadlessService: command reply (truncated): {
  "status": "ok",
  "message": "Seek executed",
  "position_seconds": 5.36269728927665
}
ZmqGateway: received command payload: {"cmd":"seek","time":5.31606510593566}
ZmqGateway: dispatching payload to JUCE message thread.
VitHeadlessService: processing queued command on JUCE message thread: {"cmd":"seek","time":5.31606510593566}
Command received: {"cmd":"seek","time":5.31606510593566}
CommandDispatcher::handleSeek: position set to 5.3161s
Command executed: seek, result: {
  "status": "ok",
  "message": "Seek executed",
  "position_seconds": 5.31606510593566
}
VitHeadlessService: command reply (truncated): {
  "status": "ok",
  "message": "Seek executed",
  "position_seconds": 5.31606510593566
}
ZmqGateway: received command payload: {"cmd":"seek","time":5.25388886148101}
ZmqGateway: dispatching payload to JUCE message thread.
VitHeadlessService: processing queued command on JUCE message thread: {"cmd":"seek","time":5.25388886148101}
Command received: {"cmd":"seek","time":5.25388886148101}
CommandDispatcher::handleSeek: position set to 5.2539s
Command executed: seek, result: {
  "status": "ok",
  "message": "Seek executed",
  "position_seconds": 5.25388886148101
}
VitHeadlessService: command reply (truncated): {
  "status": "ok",
  "message": "Seek executed",
  "position_seconds": 5.25388886148101
}
ZmqGateway: received command payload: {"cmd":"seek","time":5.19171261702636}
ZmqGateway: dispatching payload to JUCE message thread.
VitHeadlessService: processing queued command on JUCE message thread: {"cmd":"seek","time":5.19171261702636}
Command received: {"cmd":"seek","time":5.19171261702636}
CommandDispatcher::handleSeek: position set to 5.1917s
Command executed: seek, result: {
  "status": "ok",
  "message": "Seek executed",
  "position_seconds": 5.19171261702636
}
VitHeadlessService: command reply (truncated): {
  "status": "ok",
  "message": "Seek executed",
  "position_seconds": 5.19171261702636
}
ZmqGateway: received command payload: {"cmd":"seek","time":5.12953637257171}
ZmqGateway: dispatching payload to JUCE message thread.
VitHeadlessService: processing queued command on JUCE message thread: {"cmd":"seek","time":5.12953637257171}
Command received: {"cmd":"seek","time":5.12953637257171}
CommandDispatcher::handleSeek: position set to 5.1295s
Command executed: seek, result: {
  "status": "ok",
  "message": "Seek executed",
  "position_seconds": 5.12953637257171
}
VitHeadlessService: command reply (truncated): {
  "status": "ok",
  "message": "Seek executed",
  "position_seconds": 5.12953637257171
}
ZmqGateway: received command payload: {"cmd":"seek","time":5.09844825034439}
ZmqGateway: dispatching payload to JUCE message thread.
VitHeadlessService: processing queued command on JUCE message thread: {"cmd":"seek","time":5.09844825034439}
Command received: {"cmd":"seek","time":5.09844825034439}
CommandDispatcher::handleSeek: position set to 5.0984s
Command executed: seek, result: {
  "status": "ok",
  "message": "Seek executed",
  "position_seconds": 5.09844825034439
}
VitHeadlessService: command reply (truncated): {
  "status": "ok",
  "message": "Seek executed",
  "position_seconds": 5.09844825034439
}
ZmqGateway: received command payload: {"cmd":"seek","time":5.0518160670034}
ZmqGateway: dispatching payload to JUCE message thread.
VitHeadlessService: processing queued command on JUCE message thread: {"cmd":"seek","time":5.0518160670034}
Command received: {"cmd":"seek","time":5.0518160670034}
CommandDispatcher::handleSeek: position set to 5.0518s
Command executed: seek, result: {
  "status": "ok",
  "message": "Seek executed",
  "position_seconds": 5.0518160670034
}
VitHeadlessService: command reply (truncated): {
  "status": "ok",
  "message": "Seek executed",
  "position_seconds": 5.0518160670034
}
ZmqGateway: received command payload: {"cmd":"seek","time":5.02072794477608}
ZmqGateway: dispatching payload to JUCE message thread.
VitHeadlessService: processing queued command on JUCE message thread: {"cmd":"seek","time":5.02072794477608}
Command received: {"cmd":"seek","time":5.02072794477608}
CommandDispatcher::handleSeek: position set to 5.0207s
Command executed: seek, result: {
  "status": "ok",
  "message": "Seek executed",
  "position_seconds": 5.02072794477608
}
VitHeadlessService: command reply (truncated): {
  "status": "ok",
  "message": "Seek executed",
  "position_seconds": 5.02072794477608
}
ZmqGateway: received command payload: {"cmd":"seek","time":5.00518388366242}
ZmqGateway: dispatching payload to JUCE message thread.
VitHeadlessService: processing queued command on JUCE message thread: {"cmd":"seek","time":5.00518388366242}
Command received: {"cmd":"seek","time":5.00518388366242}
CommandDispatcher::handleSeek: position set to 5.0052s
Command executed: seek, result: {
  "status": "ok",
  "message": "Seek executed",
  "position_seconds": 5.00518388366242
}
VitHeadlessService: command reply (truncated): {
  "status": "ok",
  "message": "Seek executed",
  "position_seconds": 5.00518388366242
}
ZmqGateway: received command payload: {"cmd":"seek","time":4.98963982254876}
ZmqGateway: dispatching payload to JUCE message thread.
VitHeadlessService: processing queued command on JUCE message thread: {"cmd":"seek","time":4.98963982254876}
Command received: {"cmd":"seek","time":4.98963982254876}
CommandDispatcher::handleSeek: position set to 4.9896s
Command executed: seek, result: {
  "status": "ok",
  "message": "Seek executed",
  "position_seconds": 4.98963982254876
}
VitHeadlessService: command reply (truncated): {
  "status": "ok",
  "message": "Seek executed",
  "position_seconds": 4.98963982254876
}
ZmqGateway: received command payload: {"cmd":"seek","time":4.97409576143509}
ZmqGateway: dispatching payload to JUCE message thread.
VitHeadlessService: processing queued command on JUCE message thread: {"cmd":"seek","time":4.97409576143509}
Command received: {"cmd":"seek","time":4.97409576143509}
CommandDispatcher::handleSeek: position set to 4.9741s
Command executed: seek, result: {
  "status": "ok",
  "message": "Seek executed",
  "position_seconds": 4.97409576143509
}
VitHeadlessService: command reply (truncated): {
  "status": "ok",
  "message": "Seek executed",
  "position_seconds": 4.97409576143509
}
ZmqGateway: received command payload: {"cmd":"seek","time":4.97409576143509}
ZmqGateway: dispatching payload to JUCE message thread.
VitHeadlessService: processing queued command on JUCE message thread: {"cmd":"seek","time":4.97409576143509}
Command received: {"cmd":"seek","time":4.97409576143509}
CommandDispatcher::handleSeek: position set to 4.9741s
Command executed: seek, result: {
  "status": "ok",
  "message": "Seek executed",
  "position_seconds": 4.97409576143509
}
VitHeadlessService: command reply (truncated): {
  "status": "ok",
  "message": "Seek executed",
  "position_seconds": 4.97409576143509
}
ZmqGateway: received command payload: {"cmd":"seek","time":4.95855170032143}
ZmqGateway: dispatching payload to JUCE message thread.
VitHeadlessService: processing queued command on JUCE message thread: {"cmd":"seek","time":4.95855170032143}
Command received: {"cmd":"seek","time":4.95855170032143}
CommandDispatcher::handleSeek: position set to 4.9586s
Command executed: seek, result: {
  "status": "ok",
  "message": "Seek executed",
  "position_seconds": 4.95855170032143
}
VitHeadlessService: command reply (truncated): {
  "status": "ok",
  "message": "Seek executed",
  "position_seconds": 4.95855170032143
}
ZmqGateway: received command payload: {"cmd":"seek","time":4.94300763920777}
ZmqGateway: dispatching payload to JUCE message thread.
VitHeadlessService: processing queued command on JUCE message thread: {"cmd":"seek","time":4.94300763920777}
Command received: {"cmd":"seek","time":4.94300763920777}
CommandDispatcher::handleSeek: position set to 4.9430s
Command executed: seek, result: {
  "status": "ok",
  "message": "Seek executed",
  "position_seconds": 4.94300763920777
}
VitHeadlessService: command reply (truncated): {
  "status": "ok",
  "message": "Seek executed",
  "position_seconds": 4.94300763920777
}
ZmqGateway: received command payload: {"cmd":"seek","time":4.92746357809411}
ZmqGateway: dispatching payload to JUCE message thread.
VitHeadlessService: processing queued command on JUCE message thread: {"cmd":"seek","time":4.92746357809411}
Command received: {"cmd":"seek","time":4.92746357809411}
CommandDispatcher::handleSeek: position set to 4.9275s
Command executed: seek, result: {
  "status": "ok",
  "message": "Seek executed",
  "position_seconds": 4.92746357809411
}
VitHeadlessService: command reply (truncated): {
  "status": "ok",
  "message": "Seek executed",
  "position_seconds": 4.92746357809411
}
ZmqGateway: received command payload: {"cmd":"seek","time":4.91191951698044}
ZmqGateway: dispatching payload to JUCE message thread.
VitHeadlessService: processing queued command on JUCE message thread: {"cmd":"seek","time":4.91191951698044}
Command received: {"cmd":"seek","time":4.91191951698044}
CommandDispatcher::handleSeek: position set to 4.9119s
Command executed: seek, result: {
  "status": "ok",
  "message": "Seek executed",
  "position_seconds": 4.91191951698044
}
VitHeadlessService: command reply (truncated): {
  "status": "ok",
  "message": "Seek executed",
  "position_seconds": 4.91191951698044
}
ZmqGateway: received command payload: {"cmd":"seek","time":4.89637545586678}
ZmqGateway: dispatching payload to JUCE message thread.
VitHeadlessService: processing queued command on JUCE message thread: {"cmd":"seek","time":4.89637545586678}
Command received: {"cmd":"seek","time":4.89637545586678}
CommandDispatcher::handleSeek: position set to 4.8964s
Command executed: seek, result: {
  "status": "ok",
  "message": "Seek executed",
  "position_seconds": 4.89637545586678
}
VitHeadlessService: command reply (truncated): {
  "status": "ok",
  "message": "Seek executed",
  "position_seconds": 4.89637545586678
}
ZmqGateway: received command payload: {"cmd":"seek","time":4.92746357809411}
ZmqGateway: dispatching payload to JUCE message thread.
VitHeadlessService: processing queued command on JUCE message thread: {"cmd":"seek","time":4.92746357809411}
Command received: {"cmd":"seek","time":4.92746357809411}
CommandDispatcher::handleSeek: position set to 4.9275s
Command executed: seek, result: {
  "status": "ok",
  "message": "Seek executed",
  "position_seconds": 4.92746357809411
}
VitHeadlessService: command reply (truncated): {
  "status": "ok",
  "message": "Seek executed",
  "position_seconds": 4.92746357809411
}
ZmqGateway: received command payload: {"cmd":"seek","time":5.00518388366242}
ZmqGateway: dispatching payload to JUCE message thread.
VitHeadlessService: processing queued command on JUCE message thread: {"cmd":"seek","time":5.00518388366242}
Command received: {"cmd":"seek","time":5.00518388366242}
CommandDispatcher::handleSeek: position set to 5.0052s
Command executed: seek, result: {
  "status": "ok",
  "message": "Seek executed",
  "position_seconds": 5.00518388366242
}
VitHeadlessService: command reply (truncated): {
  "status": "ok",
  "message": "Seek executed",
  "position_seconds": 5.00518388366242
}
ZmqGateway: received command payload: {"cmd":"seek","time":5.11399231145805}
ZmqGateway: dispatching payload to JUCE message thread.
VitHeadlessService: processing queued command on JUCE message thread: {"cmd":"seek","time":5.11399231145805}
Command received: {"cmd":"seek","time":5.11399231145805}
CommandDispatcher::handleSeek: position set to 5.1140s
Command executed: seek, result: {
  "status": "ok",
  "message": "Seek executed",
  "position_seconds": 5.11399231145805
}
VitHeadlessService: command reply (truncated): {
  "status": "ok",
  "message": "Seek executed",
  "position_seconds": 5.11399231145805
}
ZmqGateway: received command payload: {"cmd":"seek","time":5.20725667814003}
ZmqGateway: dispatching payload to JUCE message thread.
VitHeadlessService: processing queued command on JUCE message thread: {"cmd":"seek","time":5.20725667814003}
Command received: {"cmd":"seek","time":5.20725667814003}
CommandDispatcher::handleSeek: position set to 5.2073s
Command executed: seek, result: {
  "status": "ok",
  "message": "Seek executed",
  "position_seconds": 5.20725667814003
}
VitHeadlessService: command reply (truncated): {
  "status": "ok",
  "message": "Seek executed",
  "position_seconds": 5.20725667814003
}
ZmqGateway: received command payload: {"cmd":"seek","time":5.300521044822}
ZmqGateway: dispatching payload to JUCE message thread.
VitHeadlessService: processing queued command on JUCE message thread: {"cmd":"seek","time":5.300521044822}
Command received: {"cmd":"seek","time":5.300521044822}
CommandDispatcher::handleSeek: position set to 5.3005s
Command executed: seek, result: {
  "status": "ok",
  "message": "Seek executed",
  "position_seconds": 5.300521044822
}
VitHeadlessService: command reply (truncated): {
  "status": "ok",
  "message": "Seek executed",
  "position_seconds": 5.300521044822
}
ZmqGateway: received command payload: {"cmd":"seek","time":5.36269728927665}
ZmqGateway: dispatching payload to JUCE message thread.
VitHeadlessService: processing queued command on JUCE message thread: {"cmd":"seek","time":5.36269728927665}
Command received: {"cmd":"seek","time":5.36269728927665}
CommandDispatcher::handleSeek: position set to 5.3627s
Command executed: seek, result: {
  "status": "ok",
  "message": "Seek executed",
  "position_seconds": 5.36269728927665
}
VitHeadlessService: command reply (truncated): {
  "status": "ok",
  "message": "Seek executed",
  "position_seconds": 5.36269728927665
}
ZmqGateway: received command payload: {"cmd":"seek","time":5.4248735337313}
ZmqGateway: dispatching payload to JUCE message thread.
VitHeadlessService: processing queued command on JUCE message thread: {"cmd":"seek","time":5.4248735337313}
Command received: {"cmd":"seek","time":5.4248735337313}
CommandDispatcher::handleSeek: position set to 5.4249s
Command executed: seek, result: {
  "status": "ok",
  "message": "Seek executed",
  "position_seconds": 5.4248735337313
}
VitHeadlessService: command reply (truncated): {
  "status": "ok",
  "message": "Seek executed",
  "position_seconds": 5.4248735337313
}
ZmqGateway: received command payload: {"cmd":"seek","time":5.47150571707228}
ZmqGateway: dispatching payload to JUCE message thread.
VitHeadlessService: processing queued command on JUCE message thread: {"cmd":"seek","time":5.47150571707228}
Command received: {"cmd":"seek","time":5.47150571707228}
CommandDispatcher::handleSeek: position set to 5.4715s
Command executed: seek, result: {
  "status": "ok",
  "message": "Seek executed",
  "position_seconds": 5.47150571707228
}
VitHeadlessService: command reply (truncated): {
  "status": "ok",
  "message": "Seek executed",
  "position_seconds": 5.47150571707228
}
ZmqGateway: received command payload: {"cmd":"seek","time":5.50259383929961}
ZmqGateway: dispatching payload to JUCE message thread.
VitHeadlessService: processing queued command on JUCE message thread: {"cmd":"seek","time":5.50259383929961}
Command received: {"cmd":"seek","time":5.50259383929961}
CommandDispatcher::handleSeek: position set to 5.5026s
Command executed: seek, result: {
  "status": "ok",
  "message": "Seek executed",
  "position_seconds": 5.50259383929961
}
VitHeadlessService: command reply (truncated): {
  "status": "ok",
  "message": "Seek executed",
  "position_seconds": 5.50259383929961
}
ZmqGateway: received command payload: {"cmd":"seek","time":5.51813790041327}
ZmqGateway: dispatching payload to JUCE message thread.
VitHeadlessService: processing queued command on JUCE message thread: {"cmd":"seek","time":5.51813790041327}
Command received: {"cmd":"seek","time":5.51813790041327}
CommandDispatcher::handleSeek: position set to 5.5181s
Command executed: seek, result: {
  "status": "ok",
  "message": "Seek executed",
  "position_seconds": 5.51813790041327
}
VitHeadlessService: command reply (truncated): {
  "status": "ok",
  "message": "Seek executed",
  "position_seconds": 5.51813790041327
}
ZmqGateway: received command payload: {"cmd":"seek","time":5.56477008375426}
ZmqGateway: dispatching payload to JUCE message thread.
VitHeadlessService: processing queued command on JUCE message thread: {"cmd":"seek","time":5.56477008375426}
Command received: {"cmd":"seek","time":5.56477008375426}
CommandDispatcher::handleSeek: position set to 5.5648s
Command executed: seek, result: {
  "status": "ok",
  "message": "Seek executed",
  "position_seconds": 5.56477008375426
}
VitHeadlessService: command reply (truncated): {
  "status": "ok",
  "message": "Seek executed",
  "position_seconds": 5.56477008375426
}
ZmqGateway: received command payload: {"cmd":"seek","time":5.6269463282089}
ZmqGateway: dispatching payload to JUCE message thread.
VitHeadlessService: processing queued command on JUCE message thread: {"cmd":"seek","time":5.6269463282089}
Command received: {"cmd":"seek","time":5.6269463282089}
CommandDispatcher::handleSeek: position set to 5.6269s
Command executed: seek, result: {
  "status": "ok",
  "message": "Seek executed",
  "position_seconds": 5.6269463282089
}
VitHeadlessService: command reply (truncated): {
  "status": "ok",
  "message": "Seek executed",
  "position_seconds": 5.6269463282089
}
ZmqGateway: received command payload: {"cmd":"seek","time":5.70466663377721}
ZmqGateway: dispatching payload to JUCE message thread.
VitHeadlessService: processing queued command on JUCE message thread: {"cmd":"seek","time":5.70466663377721}
Command received: {"cmd":"seek","time":5.70466663377721}
CommandDispatcher::handleSeek: position set to 5.7047s
Command executed: seek, result: {
  "status": "ok",
  "message": "Seek executed",
  "position_seconds": 5.70466663377721
}
VitHeadlessService: command reply (truncated): {
  "status": "ok",
  "message": "Seek executed",
  "position_seconds": 5.70466663377721
}
ZmqGateway: received command payload: {"cmd":"seek","time":5.79793100045919}
ZmqGateway: dispatching payload to JUCE message thread.
VitHeadlessService: processing queued command on JUCE message thread: {"cmd":"seek","time":5.79793100045919}
Command received: {"cmd":"seek","time":5.79793100045919}
CommandDispatcher::handleSeek: position set to 5.7979s
Command executed: seek, result: {
  "status": "ok",
  "message": "Seek executed",
  "position_seconds": 5.79793100045919
}
VitHeadlessService: command reply (truncated): {
  "status": "ok",
  "message": "Seek executed",
  "position_seconds": 5.79793100045919
}
ZmqGateway: received command payload: {"cmd":"seek","time":5.95337161159581}
ZmqGateway: dispatching payload to JUCE message thread.
VitHeadlessService: processing queued command on JUCE message thread: {"cmd":"seek","time":5.95337161159581}
Command received: {"cmd":"seek","time":5.95337161159581}
CommandDispatcher::handleSeek: position set to 5.9534s
Command executed: seek, result: {
  "status": "ok",
  "message": "Seek executed",
  "position_seconds": 5.95337161159581
}
VitHeadlessService: command reply (truncated): {
  "status": "ok",
  "message": "Seek executed",
  "position_seconds": 5.95337161159581
}
ZmqGateway: received command payload: {"cmd":"seek","time":6.13990034495975}
ZmqGateway: dispatching payload to JUCE message thread.
VitHeadlessService: processing queued command on JUCE message thread: {"cmd":"seek","time":6.13990034495975}
Command received: {"cmd":"seek","time":6.13990034495975}
CommandDispatcher::handleSeek: position set to 6.1399s
Command executed: seek, result: {
  "status": "ok",
  "message": "Seek executed",
  "position_seconds": 6.13990034495975
}
VitHeadlessService: command reply (truncated): {
  "status": "ok",
  "message": "Seek executed",
  "position_seconds": 6.13990034495975
}
ZmqGateway: received command payload: {"cmd":"seek","time":6.31088501721004}
ZmqGateway: dispatching payload to JUCE message thread.
VitHeadlessService: processing queued command on JUCE message thread: {"cmd":"seek","time":6.31088501721004}
Command received: {"cmd":"seek","time":6.31088501721004}
CommandDispatcher::handleSeek: position set to 6.3109s
Command executed: seek, result: {
  "status": "ok",
  "message": "Seek executed",
  "position_seconds": 6.31088501721004
}
VitHeadlessService: command reply (truncated): {
  "status": "ok",
  "message": "Seek executed",
  "position_seconds": 6.31088501721004
}
ZmqGateway: received command payload: {"cmd":"seek","time":6.450781567233}
ZmqGateway: dispatching payload to JUCE message thread.
VitHeadlessService: processing queued command on JUCE message thread: {"cmd":"seek","time":6.450781567233}
Command received: {"cmd":"seek","time":6.450781567233}
CommandDispatcher::handleSeek: position set to 6.4508s
Command executed: seek, result: {
  "status": "ok",
  "message": "Seek executed",
  "position_seconds": 6.450781567233
}
VitHeadlessService: command reply (truncated): {
  "status": "ok",
  "message": "Seek executed",
  "position_seconds": 6.450781567233
}
ZmqGateway: received command payload: {"cmd":"seek","time":6.57513405614229}
ZmqGateway: dispatching payload to JUCE message thread.
VitHeadlessService: processing queued command on JUCE message thread: {"cmd":"seek","time":6.57513405614229}
Command received: {"cmd":"seek","time":6.57513405614229}
CommandDispatcher::handleSeek: position set to 6.5751s
Command executed: seek, result: {
  "status": "ok",
  "message": "Seek executed",
  "position_seconds": 6.57513405614229
}
VitHeadlessService: command reply (truncated): {
  "status": "ok",
  "message": "Seek executed",
  "position_seconds": 6.57513405614229
}
ZmqGateway: received command payload: {"cmd":"seek","time":6.66839842282427}
ZmqGateway: dispatching payload to JUCE message thread.
VitHeadlessService: processing queued command on JUCE message thread: {"cmd":"seek","time":6.66839842282427}
Command received: {"cmd":"seek","time":6.66839842282427}
CommandDispatcher::handleSeek: position set to 6.6684s
Command executed: seek, result: {
  "status": "ok",
  "message": "Seek executed",
  "position_seconds": 6.66839842282427
}
VitHeadlessService: command reply (truncated): {
  "status": "ok",
  "message": "Seek executed",
  "position_seconds": 6.66839842282427
}
ZmqGateway: received command payload: {"cmd":"seek","time":6.73057466727892}
ZmqGateway: dispatching payload to JUCE message thread.
VitHeadlessService: processing queued command on JUCE message thread: {"cmd":"seek","time":6.73057466727892}
Command received: {"cmd":"seek","time":6.73057466727892}
CommandDispatcher::handleSeek: position set to 6.7306s
Command executed: seek, result: {
  "status": "ok",
  "message": "Seek executed",
  "position_seconds": 6.73057466727892
}
VitHeadlessService: command reply (truncated): {
  "status": "ok",
  "message": "Seek executed",
  "position_seconds": 6.73057466727892
}
ZmqGateway: received command payload: {"cmd":"seek","time":6.76166278950624}
ZmqGateway: dispatching payload to JUCE message thread.
VitHeadlessService: processing queued command on JUCE message thread: {"cmd":"seek","time":6.76166278950624}
Command received: {"cmd":"seek","time":6.76166278950624}
CommandDispatcher::handleSeek: position set to 6.7617s
Command executed: seek, result: {
  "status": "ok",
  "message": "Seek executed",
  "position_seconds": 6.76166278950624
}
VitHeadlessService: command reply (truncated): {
  "status": "ok",
  "message": "Seek executed",
  "position_seconds": 6.76166278950624
}
ZmqGateway: received command payload: {"cmd":"seek","time":6.7772068506199}
ZmqGateway: dispatching payload to JUCE message thread.
VitHeadlessService: processing queued command on JUCE message thread: {"cmd":"seek","time":6.7772068506199}
Command received: {"cmd":"seek","time":6.7772068506199}
CommandDispatcher::handleSeek: position set to 6.7772s
Command executed: seek, result: {
  "status": "ok",
  "message": "Seek executed",
  "position_seconds": 6.7772068506199
}
VitHeadlessService: command reply (truncated): {
  "status": "ok",
  "message": "Seek executed",
  "position_seconds": 6.7772068506199
}
ZmqGateway: received command payload: {"cmd":"seek","time":6.79275091173356}
ZmqGateway: dispatching payload to JUCE message thread.
VitHeadlessService: processing queued command on JUCE message thread: {"cmd":"seek","time":6.79275091173356}
Command received: {"cmd":"seek","time":6.79275091173356}
CommandDispatcher::handleSeek: position set to 6.7928s
Command executed: seek, result: {
  "status": "ok",
  "message": "Seek executed",
  "position_seconds": 6.79275091173356
}
VitHeadlessService: command reply (truncated): {
  "status": "ok",
  "message": "Seek executed",
  "position_seconds": 6.79275091173356
}
ZmqGateway: received command payload: {"cmd":"seek","time":6.80829497284723}
ZmqGateway: dispatching payload to JUCE message thread.
VitHeadlessService: processing queued command on JUCE message thread: {"cmd":"seek","time":6.80829497284723}
Command received: {"cmd":"seek","time":6.80829497284723}
CommandDispatcher::handleSeek: position set to 6.8083s
Command executed: seek, result: {
  "status": "ok",
  "message": "Seek executed",
  "position_seconds": 6.80829497284723
}
VitHeadlessService: command reply (truncated): {
  "status": "ok",
  "message": "Seek executed",
  "position_seconds": 6.80829497284723
}
ZmqGateway: received command payload: {"cmd":"seek","time":6.85492715618821}
ZmqGateway: dispatching payload to JUCE message thread.
VitHeadlessService: processing queued command on JUCE message thread: {"cmd":"seek","time":6.85492715618821}
Command received: {"cmd":"seek","time":6.85492715618821}
CommandDispatcher::handleSeek: position set to 6.8549s
Command executed: seek, result: {
  "status": "ok",
  "message": "Seek executed",
  "position_seconds": 6.85492715618821
}
VitHeadlessService: command reply (truncated): {
  "status": "ok",
  "message": "Seek executed",
  "position_seconds": 6.85492715618821
}
ZmqGateway: received command payload: {"cmd":"seek","time":6.9015593395292}
ZmqGateway: dispatching payload to JUCE message thread.
VitHeadlessService: processing queued command on JUCE message thread: {"cmd":"seek","time":6.9015593395292}
Command received: {"cmd":"seek","time":6.9015593395292}
CommandDispatcher::handleSeek: position set to 6.9016s
Command executed: seek, result: {
  "status": "ok",
  "message": "Seek executed",
  "position_seconds": 6.9015593395292
}
VitHeadlessService: command reply (truncated): {
  "status": "ok",
  "message": "Seek executed",
  "position_seconds": 6.9015593395292
}
ZmqGateway: received command payload: {"cmd":"seek","time":6.96373558398385}
ZmqGateway: dispatching payload to JUCE message thread.
VitHeadlessService: processing queued command on JUCE message thread: {"cmd":"seek","time":6.96373558398385}
Command received: {"cmd":"seek","time":6.96373558398385}
CommandDispatcher::handleSeek: position set to 6.9637s
Command executed: seek, result: {
  "status": "ok",
  "message": "Seek executed",
  "position_seconds": 6.96373558398385
}
VitHeadlessService: command reply (truncated): {
  "status": "ok",
  "message": "Seek executed",
  "position_seconds": 6.96373558398385
}
ZmqGateway: received command payload: {"cmd":"seek","time":7.05699995066582}
ZmqGateway: dispatching payload to JUCE message thread.
VitHeadlessService: processing queued command on JUCE message thread: {"cmd":"seek","time":7.05699995066582}
Command received: {"cmd":"seek","time":7.05699995066582}
CommandDispatcher::handleSeek: position set to 7.0570s
Command executed: seek, result: {
  "status": "ok",
  "message": "Seek executed",
  "position_seconds": 7.05699995066582
}
VitHeadlessService: command reply (truncated): {
  "status": "ok",
  "message": "Seek executed",
  "position_seconds": 7.05699995066582
}
ZmqGateway: received command payload: {"cmd":"seek","time":7.15026431734779}
ZmqGateway: dispatching payload to JUCE message thread.
VitHeadlessService: processing queued command on JUCE message thread: {"cmd":"seek","time":7.15026431734779}
Command received: {"cmd":"seek","time":7.15026431734779}
CommandDispatcher::handleSeek: position set to 7.1503s
Command executed: seek, result: {
  "status": "ok",
  "message": "Seek executed",
  "position_seconds": 7.15026431734779
}
VitHeadlessService: command reply (truncated): {
  "status": "ok",
  "message": "Seek executed",
  "position_seconds": 7.15026431734779
}
ZmqGateway: received command payload: {"cmd":"seek","time":7.25907274514343}
ZmqGateway: dispatching payload to JUCE message thread.
VitHeadlessService: processing queued command on JUCE message thread: {"cmd":"seek","time":7.25907274514343}
Command received: {"cmd":"seek","time":7.25907274514343}
CommandDispatcher::handleSeek: position set to 7.2591s
Command executed: seek, result: {
  "status": "ok",
  "message": "Seek executed",
  "position_seconds": 7.25907274514343
}
VitHeadlessService: command reply (truncated): {
  "status": "ok",
  "message": "Seek executed",
  "position_seconds": 7.25907274514343
}
ZmqGateway: received command payload: {"cmd":"seek","time":7.36788117293906}
ZmqGateway: dispatching payload to JUCE message thread.
VitHeadlessService: processing queued command on JUCE message thread: {"cmd":"seek","time":7.36788117293906}
Command received: {"cmd":"seek","time":7.36788117293906}
CommandDispatcher::handleSeek: position set to 7.3679s
Command executed: seek, result: {
  "status": "ok",
  "message": "Seek executed",
  "position_seconds": 7.36788117293906
}
VitHeadlessService: command reply (truncated): {
  "status": "ok",
  "message": "Seek executed",
  "position_seconds": 7.36788117293906
}
ZmqGateway: received command payload: {"cmd":"seek","time":7.4766896007347}
ZmqGateway: dispatching payload to JUCE message thread.
VitHeadlessService: processing queued command on JUCE message thread: {"cmd":"seek","time":7.4766896007347}
Command received: {"cmd":"seek","time":7.4766896007347}
CommandDispatcher::handleSeek: position set to 7.4767s
Command executed: seek, result: {
  "status": "ok",
  "message": "Seek executed",
  "position_seconds": 7.4766896007347
}
VitHeadlessService: command reply (truncated): {
  "status": "ok",
  "message": "Seek executed",
  "position_seconds": 7.4766896007347
}
ZmqGateway: received command payload: {"cmd":"seek","time":7.56995396741667}
ZmqGateway: dispatching payload to JUCE message thread.
VitHeadlessService: processing queued command on JUCE message thread: {"cmd":"seek","time":7.56995396741667}
Command received: {"cmd":"seek","time":7.56995396741667}
CommandDispatcher::handleSeek: position set to 7.5700s
Command executed: seek, result: {
  "status": "ok",
  "message": "Seek executed",
  "position_seconds": 7.56995396741667
}
VitHeadlessService: command reply (truncated): {
  "status": "ok",
  "message": "Seek executed",
  "position_seconds": 7.56995396741667
}
ZmqGateway: received command payload: {"cmd":"seek","time":7.67876239521231}
ZmqGateway: dispatching payload to JUCE message thread.
VitHeadlessService: processing queued command on JUCE message thread: {"cmd":"seek","time":7.67876239521231}
Command received: {"cmd":"seek","time":7.67876239521231}
CommandDispatcher::handleSeek: position set to 7.6788s
Command executed: seek, result: {
  "status": "ok",
  "message": "Seek executed",
  "position_seconds": 7.67876239521231
}
VitHeadlessService: command reply (truncated): {
  "status": "ok",
  "message": "Seek executed",
  "position_seconds": 7.67876239521231
}
ZmqGateway: received command payload: {"cmd":"seek","time":7.77202676189428}
ZmqGateway: dispatching payload to JUCE message thread.
VitHeadlessService: processing queued command on JUCE message thread: {"cmd":"seek","time":7.77202676189428}
Command received: {"cmd":"seek","time":7.77202676189428}
CommandDispatcher::handleSeek: position set to 7.7720s
Command executed: seek, result: {
  "status": "ok",
  "message": "Seek executed",
  "position_seconds": 7.77202676189428
}
VitHeadlessService: command reply (truncated): {
  "status": "ok",
  "message": "Seek executed",
  "position_seconds": 7.77202676189428
}
ZmqGateway: received command payload: {"cmd":"seek","time":7.88083518968992}
ZmqGateway: dispatching payload to JUCE message thread.
VitHeadlessService: processing queued command on JUCE message thread: {"cmd":"seek","time":7.88083518968992}
Command received: {"cmd":"seek","time":7.88083518968992}
CommandDispatcher::handleSeek: position set to 7.8808s
Command executed: seek, result: {
  "status": "ok",
  "message": "Seek executed",
  "position_seconds": 7.88083518968992
}
VitHeadlessService: command reply (truncated): {
  "status": "ok",
  "message": "Seek executed",
  "position_seconds": 7.88083518968992
}
ZmqGateway: received command payload: {"cmd":"seek","time":7.97409955637189}
ZmqGateway: dispatching payload to JUCE message thread.
VitHeadlessService: processing queued command on JUCE message thread: {"cmd":"seek","time":7.97409955637189}
Command received: {"cmd":"seek","time":7.97409955637189}
CommandDispatcher::handleSeek: position set to 7.9741s
Command executed: seek, result: {
  "status": "ok",
  "message": "Seek executed",
  "position_seconds": 7.97409955637189
}
VitHeadlessService: command reply (truncated): {
  "status": "ok",
  "message": "Seek executed",
  "position_seconds": 7.97409955637189
}
ZmqGateway: received command payload: {"cmd":"seek","time":8.08290798416752}
ZmqGateway: dispatching payload to JUCE message thread.
VitHeadlessService: processing queued command on JUCE message thread: {"cmd":"seek","time":8.08290798416752}
Command received: {"cmd":"seek","time":8.08290798416752}
CommandDispatcher::handleSeek: position set to 8.0829s
Command executed: seek, result: {
  "status": "ok",
  "message": "Seek executed",
  "position_seconds": 8.08290798416752
}
VitHeadlessService: command reply (truncated): {
  "status": "ok",
  "message": "Seek executed",
  "position_seconds": 8.08290798416752
}
ZmqGateway: received command payload: {"cmd":"seek","time":8.19171641196316}
ZmqGateway: dispatching payload to JUCE message thread.
VitHeadlessService: processing queued command on JUCE message thread: {"cmd":"seek","time":8.19171641196316}
Command received: {"cmd":"seek","time":8.19171641196316}
CommandDispatcher::handleSeek: position set to 8.1917s
Command executed: seek, result: {
  "status": "ok",
  "message": "Seek executed",
  "position_seconds": 8.19171641196316
}
VitHeadlessService: command reply (truncated): {
  "status": "ok",
  "message": "Seek executed",
  "position_seconds": 8.19171641196316
}
ZmqGateway: received command payload: {"cmd":"seek","time":8.31606890087246}
ZmqGateway: dispatching payload to JUCE message thread.
VitHeadlessService: processing queued command on JUCE message thread: {"cmd":"seek","time":8.31606890087246}
Command received: {"cmd":"seek","time":8.31606890087246}
CommandDispatcher::handleSeek: position set to 8.3161s
Command executed: seek, result: {
  "status": "ok",
  "message": "Seek executed",
  "position_seconds": 8.316068900872461
}
VitHeadlessService: command reply (truncated): {
  "status": "ok",
  "message": "Seek executed",
  "position_seconds": 8.316068900872461
}
ZmqGateway: received command payload: {"cmd":"seek","time":8.42487732866809}
ZmqGateway: dispatching payload to JUCE message thread.
VitHeadlessService: processing queued command on JUCE message thread: {"cmd":"seek","time":8.42487732866809}
Command received: {"cmd":"seek","time":8.42487732866809}
CommandDispatcher::handleSeek: position set to 8.4249s
Command executed: seek, result: {
  "status": "ok",
  "message": "Seek executed",
  "position_seconds": 8.42487732866809
}
VitHeadlessService: command reply (truncated): {
  "status": "ok",
  "message": "Seek executed",
  "position_seconds": 8.42487732866809
}
ZmqGateway: received command payload: {"cmd":"seek","time":8.54922981757739}
ZmqGateway: dispatching payload to JUCE message thread.
VitHeadlessService: processing queued command on JUCE message thread: {"cmd":"seek","time":8.54922981757739}
Command received: {"cmd":"seek","time":8.54922981757739}
CommandDispatcher::handleSeek: position set to 8.5492s
Command executed: seek, result: {
  "status": "ok",
  "message": "Seek executed",
  "position_seconds": 8.549229817577389
}
VitHeadlessService: command reply (truncated): {
  "status": "ok",
  "message": "Seek executed",
  "position_seconds": 8.549229817577389
}
ZmqGateway: received command payload: {"cmd":"seek","time":8.65803824537302}
ZmqGateway: dispatching payload to JUCE message thread.
VitHeadlessService: processing queued command on JUCE message thread: {"cmd":"seek","time":8.65803824537302}
Command received: {"cmd":"seek","time":8.65803824537302}
CommandDispatcher::handleSeek: position set to 8.6580s
Command executed: seek, result: {
  "status": "ok",
  "message": "Seek executed",
  "position_seconds": 8.658038245373019
}
VitHeadlessService: command reply (truncated): {
  "status": "ok",
  "message": "Seek executed",
  "position_seconds": 8.658038245373019
}
ZmqGateway: received command payload: {"cmd":"seek","time":8.76684667316866}
ZmqGateway: dispatching payload to JUCE message thread.
VitHeadlessService: processing queued command on JUCE message thread: {"cmd":"seek","time":8.76684667316866}
Command received: {"cmd":"seek","time":8.76684667316866}
CommandDispatcher::handleSeek: position set to 8.7668s
Command executed: seek, result: {
  "status": "ok",
  "message": "Seek executed",
  "position_seconds": 8.76684667316866
}
VitHeadlessService: command reply (truncated): {
  "status": "ok",
  "message": "Seek executed",
  "position_seconds": 8.76684667316866
}
ZmqGateway: received command payload: {"cmd":"seek","time":8.86011103985063}
ZmqGateway: dispatching payload to JUCE message thread.
VitHeadlessService: processing queued command on JUCE message thread: {"cmd":"seek","time":8.86011103985063}
Command received: {"cmd":"seek","time":8.86011103985063}
CommandDispatcher::handleSeek: position set to 8.8601s
Command executed: seek, result: {
  "status": "ok",
  "message": "Seek executed",
  "position_seconds": 8.860111039850629
}
VitHeadlessService: command reply (truncated): {
  "status": "ok",
  "message": "Seek executed",
  "position_seconds": 8.860111039850629
}
ZmqGateway: received command payload: {"cmd":"seek","time":8.93783134541894}
ZmqGateway: dispatching payload to JUCE message thread.
VitHeadlessService: processing queued command on JUCE message thread: {"cmd":"seek","time":8.93783134541894}
Command received: {"cmd":"seek","time":8.93783134541894}
CommandDispatcher::handleSeek: position set to 8.9378s
Command executed: seek, result: {
  "status": "ok",
  "message": "Seek executed",
  "position_seconds": 8.937831345418941
}
VitHeadlessService: command reply (truncated): {
  "status": "ok",
  "message": "Seek executed",
  "position_seconds": 8.937831345418941
}
ZmqGateway: received command payload: {"cmd":"seek","time":9.00000758987359}
ZmqGateway: dispatching payload to JUCE message thread.
VitHeadlessService: processing queued command on JUCE message thread: {"cmd":"seek","time":9.00000758987359}
Command received: {"cmd":"seek","time":9.00000758987359}
CommandDispatcher::handleSeek: position set to 9.0000s
Command executed: seek, result: {
  "status": "ok",
  "message": "Seek executed",
  "position_seconds": 9.00000758987359
}
VitHeadlessService: command reply (truncated): {
  "status": "ok",
  "message": "Seek executed",
  "position_seconds": 9.00000758987359
}
ZmqGateway: received command payload: {"cmd":"seek","time":9.01555165098725}
ZmqGateway: dispatching payload to JUCE message thread.
VitHeadlessService: processing queued command on JUCE message thread: {"cmd":"seek","time":9.01555165098725}
Command received: {"cmd":"seek","time":9.01555165098725}
CommandDispatcher::handleSeek: position set to 9.0156s
Command executed: seek, result: {
  "status": "ok",
  "message": "Seek executed",
  "position_seconds": 9.01555165098725
}
VitHeadlessService: command reply (truncated): {
  "status": "ok",
  "message": "Seek executed",
  "position_seconds": 9.01555165098725
}
ZmqGateway: received command payload: {"cmd":"seek","time":8.96891946764627}
ZmqGateway: dispatching payload to JUCE message thread.
VitHeadlessService: processing queued command on JUCE message thread: {"cmd":"seek","time":8.96891946764627}
Command received: {"cmd":"seek","time":8.96891946764627}
CommandDispatcher::handleSeek: position set to 8.9689s
Command executed: seek, result: {
  "status": "ok",
  "message": "Seek executed",
  "position_seconds": 8.96891946764627
}
VitHeadlessService: command reply (truncated): {
  "status": "ok",
  "message": "Seek executed",
  "position_seconds": 8.96891946764627
}
ZmqGateway: received command payload: {"cmd":"seek","time":8.86011103985063}
ZmqGateway: dispatching payload to JUCE message thread.
VitHeadlessService: processing queued command on JUCE message thread: {"cmd":"seek","time":8.86011103985063}
Command received: {"cmd":"seek","time":8.86011103985063}
CommandDispatcher::handleSeek: position set to 8.8601s
Command executed: seek, result: {
  "status": "ok",
  "message": "Seek executed",
  "position_seconds": 8.860111039850629
}
VitHeadlessService: command reply (truncated): {
  "status": "ok",
  "message": "Seek executed",
  "position_seconds": 8.860111039850629
}
ZmqGateway: received command payload: {"cmd":"seek","time":8.73575855094133}
ZmqGateway: dispatching payload to JUCE message thread.
VitHeadlessService: processing queued command on JUCE message thread: {"cmd":"seek","time":8.73575855094133}
Command received: {"cmd":"seek","time":8.73575855094133}
CommandDispatcher::handleSeek: position set to 8.7358s
Command executed: seek, result: {
  "status": "ok",
  "message": "Seek executed",
  "position_seconds": 8.73575855094133
}
VitHeadlessService: command reply (truncated): {
  "status": "ok",
  "message": "Seek executed",
  "position_seconds": 8.73575855094133
}
ZmqGateway: received command payload: {"cmd":"seek","time":8.59586200091838}
ZmqGateway: dispatching payload to JUCE message thread.
VitHeadlessService: processing queued command on JUCE message thread: {"cmd":"seek","time":8.59586200091838}
Command received: {"cmd":"seek","time":8.59586200091838}
CommandDispatcher::handleSeek: position set to 8.5959s
Command executed: seek, result: {
  "status": "ok",
  "message": "Seek executed",
  "position_seconds": 8.59586200091838
}
VitHeadlessService: command reply (truncated): {
  "status": "ok",
  "message": "Seek executed",
  "position_seconds": 8.59586200091838
}
ZmqGateway: received command payload: {"cmd":"seek","time":8.44042138978175}
ZmqGateway: dispatching payload to JUCE message thread.
VitHeadlessService: processing queued command on JUCE message thread: {"cmd":"seek","time":8.44042138978175}
Command received: {"cmd":"seek","time":8.44042138978175}
CommandDispatcher::handleSeek: position set to 8.4404s
Command executed: seek, result: {
  "status": "ok",
  "message": "Seek executed",
  "position_seconds": 8.440421389781751
}
VitHeadlessService: command reply (truncated): {
  "status": "ok",
  "message": "Seek executed",
  "position_seconds": 8.440421389781751
}
ZmqGateway: received command payload: {"cmd":"seek","time":8.28498077864513}
ZmqGateway: dispatching payload to JUCE message thread.
VitHeadlessService: processing queued command on JUCE message thread: {"cmd":"seek","time":8.28498077864513}
Command received: {"cmd":"seek","time":8.28498077864513}
CommandDispatcher::handleSeek: position set to 8.2850s
Command executed: seek, result: {
  "status": "ok",
  "message": "Seek executed",
  "position_seconds": 8.28498077864513
}
VitHeadlessService: command reply (truncated): {
  "status": "ok",
  "message": "Seek executed",
  "position_seconds": 8.28498077864513
}
ZmqGateway: received command payload: {"cmd":"seek","time":8.14508422862217}
ZmqGateway: dispatching payload to JUCE message thread.
VitHeadlessService: processing queued command on JUCE message thread: {"cmd":"seek","time":8.14508422862217}
Command received: {"cmd":"seek","time":8.14508422862217}
CommandDispatcher::handleSeek: position set to 8.1451s
Command executed: seek, result: {
  "status": "ok",
  "message": "Seek executed",
  "position_seconds": 8.145084228622171
}
VitHeadlessService: command reply (truncated): {
  "status": "ok",
  "message": "Seek executed",
  "position_seconds": 8.145084228622171
}
ZmqGateway: received command payload: {"cmd":"seek","time":7.98964361748555}
ZmqGateway: dispatching payload to JUCE message thread.
VitHeadlessService: processing queued command on JUCE message thread: {"cmd":"seek","time":7.98964361748555}
Command received: {"cmd":"seek","time":7.98964361748555}
CommandDispatcher::handleSeek: position set to 7.9896s
Command executed: seek, result: {
  "status": "ok",
  "message": "Seek executed",
  "position_seconds": 7.98964361748555
}
VitHeadlessService: command reply (truncated): {
  "status": "ok",
  "message": "Seek executed",
  "position_seconds": 7.98964361748555
}
ZmqGateway: received command payload: {"cmd":"seek","time":7.83420300634893}
ZmqGateway: dispatching payload to JUCE message thread.
VitHeadlessService: processing queued command on JUCE message thread: {"cmd":"seek","time":7.83420300634893}
Command received: {"cmd":"seek","time":7.83420300634893}
CommandDispatcher::handleSeek: position set to 7.8342s
Command executed: seek, result: {
  "status": "ok",
  "message": "Seek executed",
  "position_seconds": 7.83420300634893
}
VitHeadlessService: command reply (truncated): {
  "status": "ok",
  "message": "Seek executed",
  "position_seconds": 7.83420300634893
}
ZmqGateway: received command payload: {"cmd":"seek","time":7.70985051743963}
ZmqGateway: dispatching payload to JUCE message thread.
VitHeadlessService: processing queued command on JUCE message thread: {"cmd":"seek","time":7.70985051743963}
Command received: {"cmd":"seek","time":7.70985051743963}
CommandDispatcher::handleSeek: position set to 7.7099s
Command executed: seek, result: {
  "status": "ok",
  "message": "Seek executed",
  "position_seconds": 7.70985051743963
}
VitHeadlessService: command reply (truncated): {
  "status": "ok",
  "message": "Seek executed",
  "position_seconds": 7.70985051743963
}
ZmqGateway: received command payload: {"cmd":"seek","time":7.58549802853033}
ZmqGateway: dispatching payload to JUCE message thread.
VitHeadlessService: processing queued command on JUCE message thread: {"cmd":"seek","time":7.58549802853033}
Command received: {"cmd":"seek","time":7.58549802853033}
CommandDispatcher::handleSeek: position set to 7.5855s
Command executed: seek, result: {
  "status": "ok",
  "message": "Seek executed",
  "position_seconds": 7.58549802853033
}
VitHeadlessService: command reply (truncated): {
  "status": "ok",
  "message": "Seek executed",
  "position_seconds": 7.58549802853033
}
ZmqGateway: received command payload: {"cmd":"seek","time":7.4766896007347}
ZmqGateway: dispatching payload to JUCE message thread.
VitHeadlessService: processing queued command on JUCE message thread: {"cmd":"seek","time":7.4766896007347}
Command received: {"cmd":"seek","time":7.4766896007347}
CommandDispatcher::handleSeek: position set to 7.4767s
Command executed: seek, result: {
  "status": "ok",
  "message": "Seek executed",
  "position_seconds": 7.4766896007347
}
VitHeadlessService: command reply (truncated): {
  "status": "ok",
  "message": "Seek executed",
  "position_seconds": 7.4766896007347
}
ZmqGateway: received command payload: {"cmd":"seek","time":7.38342523405273}
ZmqGateway: dispatching payload to JUCE message thread.
VitHeadlessService: processing queued command on JUCE message thread: {"cmd":"seek","time":7.38342523405273}
Command received: {"cmd":"seek","time":7.38342523405273}
CommandDispatcher::handleSeek: position set to 7.3834s
Command executed: seek, result: {
  "status": "ok",
  "message": "Seek executed",
  "position_seconds": 7.38342523405273
}
VitHeadlessService: command reply (truncated): {
  "status": "ok",
  "message": "Seek executed",
  "position_seconds": 7.38342523405273
}
ZmqGateway: received command payload: {"cmd":"seek","time":7.32124898959808}
ZmqGateway: dispatching payload to JUCE message thread.
VitHeadlessService: processing queued command on JUCE message thread: {"cmd":"seek","time":7.32124898959808}
Command received: {"cmd":"seek","time":7.32124898959808}
CommandDispatcher::handleSeek: position set to 7.3212s
Command executed: seek, result: {
  "status": "ok",
  "message": "Seek executed",
  "position_seconds": 7.32124898959808
}
VitHeadlessService: command reply (truncated): {
  "status": "ok",
  "message": "Seek executed",
  "position_seconds": 7.32124898959808
}
ZmqGateway: received command payload: {"cmd":"seek","time":7.27461680625709}
ZmqGateway: dispatching payload to JUCE message thread.
VitHeadlessService: processing queued command on JUCE message thread: {"cmd":"seek","time":7.27461680625709}
Command received: {"cmd":"seek","time":7.27461680625709}
CommandDispatcher::handleSeek: position set to 7.2746s
Command executed: seek, result: {
  "status": "ok",
  "message": "Seek executed",
  "position_seconds": 7.27461680625709
}
VitHeadlessService: command reply (truncated): {
  "status": "ok",
  "message": "Seek executed",
  "position_seconds": 7.27461680625709
}
ZmqGateway: received command payload: {"cmd":"seek","time":7.25907274514343}
ZmqGateway: dispatching payload to JUCE message thread.
VitHeadlessService: processing queued command on JUCE message thread: {"cmd":"seek","time":7.25907274514343}
Command received: {"cmd":"seek","time":7.25907274514343}
CommandDispatcher::handleSeek: position set to 7.2591s
Command executed: seek, result: {
  "status": "ok",
  "message": "Seek executed",
  "position_seconds": 7.25907274514343
}
VitHeadlessService: command reply (truncated): {
  "status": "ok",
  "message": "Seek executed",
  "position_seconds": 7.25907274514343
}
ZmqGateway: received command payload: {"cmd":"seek","time":7.30570492848442}
ZmqGateway: dispatching payload to JUCE message thread.
VitHeadlessService: processing queued command on JUCE message thread: {"cmd":"seek","time":7.30570492848442}
Command received: {"cmd":"seek","time":7.30570492848442}
CommandDispatcher::handleSeek: position set to 7.3057s
Command executed: seek, result: {
  "status": "ok",
  "message": "Seek executed",
  "position_seconds": 7.30570492848442
}
VitHeadlessService: command reply (truncated): {
  "status": "ok",
  "message": "Seek executed",
  "position_seconds": 7.30570492848442
}
ZmqGateway: received command payload: {"cmd":"seek","time":7.41451335628005}
ZmqGateway: dispatching payload to JUCE message thread.
VitHeadlessService: processing queued command on JUCE message thread: {"cmd":"seek","time":7.41451335628005}
Command received: {"cmd":"seek","time":7.41451335628005}
CommandDispatcher::handleSeek: position set to 7.4145s
Command executed: seek, result: {
  "status": "ok",
  "message": "Seek executed",
  "position_seconds": 7.41451335628005
}
VitHeadlessService: command reply (truncated): {
  "status": "ok",
  "message": "Seek executed",
  "position_seconds": 7.41451335628005
}
ZmqGateway: received command payload: {"cmd":"seek","time":7.55440990630301}
ZmqGateway: dispatching payload to JUCE message thread.
VitHeadlessService: processing queued command on JUCE message thread: {"cmd":"seek","time":7.55440990630301}
Command received: {"cmd":"seek","time":7.55440990630301}
CommandDispatcher::handleSeek: position set to 7.5544s
Command executed: seek, result: {
  "status": "ok",
  "message": "Seek executed",
  "position_seconds": 7.55440990630301
}
VitHeadlessService: command reply (truncated): {
  "status": "ok",
  "message": "Seek executed",
  "position_seconds": 7.55440990630301
}
ZmqGateway: received command payload: {"cmd":"seek","time":7.72539457855329}
ZmqGateway: dispatching payload to JUCE message thread.
VitHeadlessService: processing queued command on JUCE message thread: {"cmd":"seek","time":7.72539457855329}
Command received: {"cmd":"seek","time":7.72539457855329}
CommandDispatcher::handleSeek: position set to 7.7254s
Command executed: seek, result: {
  "status": "ok",
  "message": "Seek executed",
  "position_seconds": 7.72539457855329
}
VitHeadlessService: command reply (truncated): {
  "status": "ok",
  "message": "Seek executed",
  "position_seconds": 7.72539457855329
}
ZmqGateway: received command payload: {"cmd":"seek","time":7.91192331191724}
ZmqGateway: dispatching payload to JUCE message thread.
VitHeadlessService: processing queued command on JUCE message thread: {"cmd":"seek","time":7.91192331191724}
Command received: {"cmd":"seek","time":7.91192331191724}
CommandDispatcher::handleSeek: position set to 7.9119s
Command executed: seek, result: {
  "status": "ok",
  "message": "Seek executed",
  "position_seconds": 7.91192331191724
}
VitHeadlessService: command reply (truncated): {
  "status": "ok",
  "message": "Seek executed",
  "position_seconds": 7.91192331191724
}
ZmqGateway: received command payload: {"cmd":"seek","time":8.08290798416752}
ZmqGateway: dispatching payload to JUCE message thread.
VitHeadlessService: processing queued command on JUCE message thread: {"cmd":"seek","time":8.08290798416752}
Command received: {"cmd":"seek","time":8.08290798416752}
CommandDispatcher::handleSeek: position set to 8.0829s
Command executed: seek, result: {
  "status": "ok",
  "message": "Seek executed",
  "position_seconds": 8.08290798416752
}
VitHeadlessService: command reply (truncated): {
  "status": "ok",
  "message": "Seek executed",
  "position_seconds": 8.08290798416752
}
ZmqGateway: received command payload: {"cmd":"seek","time":8.28498077864513}
ZmqGateway: dispatching payload to JUCE message thread.
VitHeadlessService: processing queued command on JUCE message thread: {"cmd":"seek","time":8.28498077864513}
Command received: {"cmd":"seek","time":8.28498077864513}
CommandDispatcher::handleSeek: position set to 8.2850s
Command executed: seek, result: {
  "status": "ok",
  "message": "Seek executed",
  "position_seconds": 8.28498077864513
}
VitHeadlessService: command reply (truncated): {
  "status": "ok",
  "message": "Seek executed",
  "position_seconds": 8.28498077864513
}
ZmqGateway: received command payload: {"cmd":"seek","time":8.5025976342364}
ZmqGateway: dispatching payload to JUCE message thread.
VitHeadlessService: processing queued command on JUCE message thread: {"cmd":"seek","time":8.5025976342364}
Command received: {"cmd":"seek","time":8.5025976342364}
CommandDispatcher::handleSeek: position set to 8.5026s
Command executed: seek, result: {
  "status": "ok",
  "message": "Seek executed",
  "position_seconds": 8.5025976342364
}
VitHeadlessService: command reply (truncated): {
  "status": "ok",
  "message": "Seek executed",
  "position_seconds": 8.5025976342364
}
ZmqGateway: received command payload: {"cmd":"seek","time":8.73575855094133}
ZmqGateway: dispatching payload to JUCE message thread.
VitHeadlessService: processing queued command on JUCE message thread: {"cmd":"seek","time":8.73575855094133}
Command received: {"cmd":"seek","time":8.73575855094133}
CommandDispatcher::handleSeek: position set to 8.7358s
Command executed: seek, result: {
  "status": "ok",
  "message": "Seek executed",
  "position_seconds": 8.73575855094133
}
VitHeadlessService: command reply (truncated): {
  "status": "ok",
  "message": "Seek executed",
  "position_seconds": 8.73575855094133
}
ZmqGateway: received command payload: {"cmd":"seek","time":8.9533754065326}
ZmqGateway: dispatching payload to JUCE message thread.
VitHeadlessService: processing queued command on JUCE message thread: {"cmd":"seek","time":8.9533754065326}
Command received: {"cmd":"seek","time":8.9533754065326}
CommandDispatcher::handleSeek: position set to 8.9534s
Command executed: seek, result: {
  "status": "ok",
  "message": "Seek executed",
  "position_seconds": 8.953375406532601
}
VitHeadlessService: command reply (truncated): {
  "status": "ok",
  "message": "Seek executed",
  "position_seconds": 8.953375406532601
}
ZmqGateway: received command payload: {"cmd":"seek","time":9.18653632323754}
ZmqGateway: dispatching payload to JUCE message thread.
VitHeadlessService: processing queued command on JUCE message thread: {"cmd":"seek","time":9.18653632323754}
Command received: {"cmd":"seek","time":9.18653632323754}
CommandDispatcher::handleSeek: position set to 9.1865s
Command executed: seek, result: {
  "status": "ok",
  "message": "Seek executed",
  "position_seconds": 9.18653632323754
}
VitHeadlessService: command reply (truncated): {
  "status": "ok",
  "message": "Seek executed",
  "position_seconds": 9.18653632323754
}
ZmqGateway: received command payload: {"cmd":"seek","time":9.41969723994247}
ZmqGateway: dispatching payload to JUCE message thread.
VitHeadlessService: processing queued command on JUCE message thread: {"cmd":"seek","time":9.41969723994247}
Command received: {"cmd":"seek","time":9.41969723994247}
CommandDispatcher::handleSeek: position set to 9.4197s
Command executed: seek, result: {
  "status": "ok",
  "message": "Seek executed",
  "position_seconds": 9.419697239942471
}
VitHeadlessService: command reply (truncated): {
  "status": "ok",
  "message": "Seek executed",
  "position_seconds": 9.419697239942471
}
ZmqGateway: received command payload: {"cmd":"seek","time":9.63731409553374}
ZmqGateway: dispatching payload to JUCE message thread.
VitHeadlessService: processing queued command on JUCE message thread: {"cmd":"seek","time":9.63731409553374}
Command received: {"cmd":"seek","time":9.63731409553374}
CommandDispatcher::handleSeek: position set to 9.6373s
Command executed: seek, result: {
  "status": "ok",
  "message": "Seek executed",
  "position_seconds": 9.637314095533741
}
VitHeadlessService: command reply (truncated): {
  "status": "ok",
  "message": "Seek executed",
  "position_seconds": 9.637314095533741
}
ZmqGateway: received command payload: {"cmd":"seek","time":9.85493095112501}
ZmqGateway: dispatching payload to JUCE message thread.
VitHeadlessService: processing queued command on JUCE message thread: {"cmd":"seek","time":9.85493095112501}
Command received: {"cmd":"seek","time":9.85493095112501}
CommandDispatcher::handleSeek: position set to 9.8549s
Command executed: seek, result: {
  "status": "ok",
  "message": "Seek executed",
  "position_seconds": 9.854930951125009
}
VitHeadlessService: command reply (truncated): {
  "status": "ok",
  "message": "Seek executed",
  "position_seconds": 9.854930951125009
}
ZmqGateway: received command payload: {"cmd":"seek","time":10.0259156233753}
ZmqGateway: dispatching payload to JUCE message thread.
VitHeadlessService: processing queued command on JUCE message thread: {"cmd":"seek","time":10.0259156233753}
Command received: {"cmd":"seek","time":10.0259156233753}
CommandDispatcher::handleSeek: position set to 10.0259s
Command executed: seek, result: {
  "status": "ok",
  "message": "Seek executed",
  "position_seconds": 10.025915623375299
}
VitHeadlessService: command reply (truncated): {
  "status": "ok",
  "message": "Seek executed",
  "position_seconds": 10.025915623375299
}
ZmqGateway: received command payload: {"cmd":"seek","time":10.1813562345119}
ZmqGateway: dispatching payload to JUCE message thread.
VitHeadlessService: processing queued command on JUCE message thread: {"cmd":"seek","time":10.1813562345119}
Command received: {"cmd":"seek","time":10.1813562345119}
CommandDispatcher::handleSeek: position set to 10.1814s
Command executed: seek, result: {
  "status": "ok",
  "message": "Seek executed",
  "position_seconds": 10.181356234511901
}
VitHeadlessService: command reply (truncated): {
  "status": "ok",
  "message": "Seek executed",
  "position_seconds": 10.181356234511901
}
ZmqGateway: received command payload: {"cmd":"seek","time":10.2901646623076}
ZmqGateway: dispatching payload to JUCE message thread.
VitHeadlessService: processing queued command on JUCE message thread: {"cmd":"seek","time":10.2901646623076}
Command received: {"cmd":"seek","time":10.2901646623076}
CommandDispatcher::handleSeek: position set to 10.2902s
Command executed: seek, result: {
  "status": "ok",
  "message": "Seek executed",
  "position_seconds": 10.2901646623076
}
VitHeadlessService: command reply (truncated): {
  "status": "ok",
  "message": "Seek executed",
  "position_seconds": 10.2901646623076
}
ZmqGateway: received command payload: {"cmd":"seek","time":10.3367968456485}
ZmqGateway: dispatching payload to JUCE message thread.
VitHeadlessService: processing queued command on JUCE message thread: {"cmd":"seek","time":10.3367968456485}
Command received: {"cmd":"seek","time":10.3367968456485}
CommandDispatcher::handleSeek: position set to 10.3368s
Command executed: seek, result: {
  "status": "ok",
  "message": "Seek executed",
  "position_seconds": 10.3367968456485
}
VitHeadlessService: command reply (truncated): {
  "status": "ok",
  "message": "Seek executed",
  "position_seconds": 10.3367968456485
}
ZmqGateway: received command payload: {"cmd":"seek","time":10.3523409067622}
ZmqGateway: dispatching payload to JUCE message thread.
VitHeadlessService: processing queued command on JUCE message thread: {"cmd":"seek","time":10.3523409067622}
Command received: {"cmd":"seek","time":10.3523409067622}
CommandDispatcher::handleSeek: position set to 10.3523s
Command executed: seek, result: {
  "status": "ok",
  "message": "Seek executed",
  "position_seconds": 10.352340906762199
}
VitHeadlessService: command reply (truncated): {
  "status": "ok",
  "message": "Seek executed",
  "position_seconds": 10.352340906762199
}
ZmqGateway: received command payload: {"cmd":"seek","time":10.3367968456485}
ZmqGateway: dispatching payload to JUCE message thread.
VitHeadlessService: processing queued command on JUCE message thread: {"cmd":"seek","time":10.3367968456485}
Command received: {"cmd":"seek","time":10.3367968456485}
CommandDispatcher::handleSeek: position set to 10.3368s
Command executed: seek, result: {
  "status": "ok",
  "message": "Seek executed",
  "position_seconds": 10.3367968456485
}
VitHeadlessService: command reply (truncated): {
  "status": "ok",
  "message": "Seek executed",
  "position_seconds": 10.3367968456485
}
ZmqGateway: received command payload: {"cmd":"seek","time":10.2435324789666}
ZmqGateway: dispatching payload to JUCE message thread.
VitHeadlessService: processing queued command on JUCE message thread: {"cmd":"seek","time":10.2435324789666}
Command received: {"cmd":"seek","time":10.2435324789666}
CommandDispatcher::handleSeek: position set to 10.2435s
Command executed: seek, result: {
  "status": "ok",
  "message": "Seek executed",
  "position_seconds": 10.2435324789666
}
VitHeadlessService: command reply (truncated): {
  "status": "ok",
  "message": "Seek executed",
  "position_seconds": 10.2435324789666
}
ZmqGateway: received command payload: {"cmd":"seek","time":10.1347240511709}
ZmqGateway: dispatching payload to JUCE message thread.
VitHeadlessService: processing queued command on JUCE message thread: {"cmd":"seek","time":10.1347240511709}
Command received: {"cmd":"seek","time":10.1347240511709}
CommandDispatcher::handleSeek: position set to 10.1347s
Command executed: seek, result: {
  "status": "ok",
  "message": "Seek executed",
  "position_seconds": 10.134724051170901
}
VitHeadlessService: command reply (truncated): {
  "status": "ok",
  "message": "Seek executed",
  "position_seconds": 10.134724051170901
}
ZmqGateway: received command payload: {"cmd":"seek","time":9.97928344003431}
ZmqGateway: dispatching payload to JUCE message thread.
VitHeadlessService: processing queued command on JUCE message thread: {"cmd":"seek","time":9.97928344003431}
Command received: {"cmd":"seek","time":9.97928344003431}
CommandDispatcher::handleSeek: position set to 9.9793s
Command executed: seek, result: {
  "status": "ok",
  "message": "Seek executed",
  "position_seconds": 9.97928344003431
}
VitHeadlessService: command reply (truncated): {
  "status": "ok",
  "message": "Seek executed",
  "position_seconds": 9.97928344003431
}
ZmqGateway: received command payload: {"cmd":"seek","time":9.82384282889769}
ZmqGateway: dispatching payload to JUCE message thread.
VitHeadlessService: processing queued command on JUCE message thread: {"cmd":"seek","time":9.82384282889769}
Command received: {"cmd":"seek","time":9.82384282889769}
CommandDispatcher::handleSeek: position set to 9.8238s
Command executed: seek, result: {
  "status": "ok",
  "message": "Seek executed",
  "position_seconds": 9.823842828897689
}
VitHeadlessService: command reply (truncated): {
  "status": "ok",
  "message": "Seek executed",
  "position_seconds": 9.823842828897689
}
ZmqGateway: received command payload: {"cmd":"seek","time":9.63731409553374}
ZmqGateway: dispatching payload to JUCE message thread.
VitHeadlessService: processing queued command on JUCE message thread: {"cmd":"seek","time":9.63731409553374}
Command received: {"cmd":"seek","time":9.63731409553374}
CommandDispatcher::handleSeek: position set to 9.6373s
Command executed: seek, result: {
  "status": "ok",
  "message": "Seek executed",
  "position_seconds": 9.637314095533741
}
VitHeadlessService: command reply (truncated): {
  "status": "ok",
  "message": "Seek executed",
  "position_seconds": 9.637314095533741
}
ZmqGateway: received command payload: {"cmd":"seek","time":9.43524130105613}
ZmqGateway: dispatching payload to JUCE message thread.
VitHeadlessService: processing queued command on JUCE message thread: {"cmd":"seek","time":9.43524130105613}
Command received: {"cmd":"seek","time":9.43524130105613}
CommandDispatcher::handleSeek: position set to 9.4352s
Command executed: seek, result: {
  "status": "ok",
  "message": "Seek executed",
  "position_seconds": 9.435241301056131
}
VitHeadlessService: command reply (truncated): {
  "status": "ok",
  "message": "Seek executed",
  "position_seconds": 9.435241301056131
}
ZmqGateway: received command payload: {"cmd":"seek","time":9.21762444546486}
ZmqGateway: dispatching payload to JUCE message thread.
VitHeadlessService: processing queued command on JUCE message thread: {"cmd":"seek","time":9.21762444546486}
Command received: {"cmd":"seek","time":9.21762444546486}
CommandDispatcher::handleSeek: position set to 9.2176s
Command executed: seek, result: {
  "status": "ok",
  "message": "Seek executed",
  "position_seconds": 9.21762444546486
}
VitHeadlessService: command reply (truncated): {
  "status": "ok",
  "message": "Seek executed",
  "position_seconds": 9.21762444546486
}
ZmqGateway: received command payload: {"cmd":"seek","time":8.98446352875993}
ZmqGateway: dispatching payload to JUCE message thread.
VitHeadlessService: processing queued command on JUCE message thread: {"cmd":"seek","time":8.98446352875993}
Command received: {"cmd":"seek","time":8.98446352875993}
CommandDispatcher::handleSeek: position set to 8.9845s
Command executed: seek, result: {
  "status": "ok",
  "message": "Seek executed",
  "position_seconds": 8.98446352875993
}
VitHeadlessService: command reply (truncated): {
  "status": "ok",
  "message": "Seek executed",
  "position_seconds": 8.98446352875993
}
ZmqGateway: received command payload: {"cmd":"seek","time":8.751302612055}
ZmqGateway: dispatching payload to JUCE message thread.
VitHeadlessService: processing queued command on JUCE message thread: {"cmd":"seek","time":8.751302612055}
Command received: {"cmd":"seek","time":8.751302612055}
CommandDispatcher::handleSeek: position set to 8.7513s
Command executed: seek, result: {
  "status": "ok",
  "message": "Seek executed",
  "position_seconds": 8.751302612054999
}
VitHeadlessService: command reply (truncated): {
  "status": "ok",
  "message": "Seek executed",
  "position_seconds": 8.751302612054999
}
ZmqGateway: received command payload: {"cmd":"seek","time":8.54922981757739}
ZmqGateway: dispatching payload to JUCE message thread.
VitHeadlessService: processing queued command on JUCE message thread: {"cmd":"seek","time":8.54922981757739}
Command received: {"cmd":"seek","time":8.54922981757739}
CommandDispatcher::handleSeek: position set to 8.5492s
Command executed: seek, result: {
  "status": "ok",
  "message": "Seek executed",
  "position_seconds": 8.549229817577389
}
VitHeadlessService: command reply (truncated): {
  "status": "ok",
  "message": "Seek executed",
  "position_seconds": 8.549229817577389
}
ZmqGateway: received command payload: {"cmd":"seek","time":8.36270108421344}
ZmqGateway: dispatching payload to JUCE message thread.
VitHeadlessService: processing queued command on JUCE message thread: {"cmd":"seek","time":8.36270108421344}
Command received: {"cmd":"seek","time":8.36270108421344}
CommandDispatcher::handleSeek: position set to 8.3627s
Command executed: seek, result: {
  "status": "ok",
  "message": "Seek executed",
  "position_seconds": 8.362701084213439
}
VitHeadlessService: command reply (truncated): {
  "status": "ok",
  "message": "Seek executed",
  "position_seconds": 8.362701084213439
}
ZmqGateway: received command payload: {"cmd":"seek","time":8.20726047307682}
ZmqGateway: dispatching payload to JUCE message thread.
VitHeadlessService: processing queued command on JUCE message thread: {"cmd":"seek","time":8.20726047307682}
Command received: {"cmd":"seek","time":8.20726047307682}
CommandDispatcher::handleSeek: position set to 8.2073s
Command executed: seek, result: {
  "status": "ok",
  "message": "Seek executed",
  "position_seconds": 8.20726047307682
}
VitHeadlessService: command reply (truncated): {
  "status": "ok",
  "message": "Seek executed",
  "position_seconds": 8.20726047307682
}
ZmqGateway: received command payload: {"cmd":"seek","time":8.11399610639485}
ZmqGateway: dispatching payload to JUCE message thread.
VitHeadlessService: processing queued command on JUCE message thread: {"cmd":"seek","time":8.11399610639485}
Command received: {"cmd":"seek","time":8.11399610639485}
CommandDispatcher::handleSeek: position set to 8.1140s
Command executed: seek, result: {
  "status": "ok",
  "message": "Seek executed",
  "position_seconds": 8.11399610639485
}
VitHeadlessService: command reply (truncated): {
  "status": "ok",
  "message": "Seek executed",
  "position_seconds": 8.11399610639485
}
ZmqGateway: received command payload: {"cmd":"seek","time":8.0518198619402}
ZmqGateway: dispatching payload to JUCE message thread.
VitHeadlessService: processing queued command on JUCE message thread: {"cmd":"seek","time":8.0518198619402}
Command received: {"cmd":"seek","time":8.0518198619402}
CommandDispatcher::handleSeek: position set to 8.0518s
Command executed: seek, result: {
  "status": "ok",
  "message": "Seek executed",
  "position_seconds": 8.051819861940199
}
VitHeadlessService: command reply (truncated): {
  "status": "ok",
  "message": "Seek executed",
  "position_seconds": 8.051819861940199
}
ZmqGateway: received command payload: {"cmd":"seek","time":8.02073173971288}
ZmqGateway: dispatching payload to JUCE message thread.
VitHeadlessService: processing queued command on JUCE message thread: {"cmd":"seek","time":8.02073173971288}
Command received: {"cmd":"seek","time":8.02073173971288}
CommandDispatcher::handleSeek: position set to 8.0207s
Command executed: seek, result: {
  "status": "ok",
  "message": "Seek executed",
  "position_seconds": 8.020731739712881
}
VitHeadlessService: command reply (truncated): {
  "status": "ok",
  "message": "Seek executed",
  "position_seconds": 8.020731739712881
}
ZmqGateway: received command payload: {"cmd":"seek","time":8.06736392305386}
ZmqGateway: dispatching payload to JUCE message thread.
VitHeadlessService: processing queued command on JUCE message thread: {"cmd":"seek","time":8.06736392305386}
Command received: {"cmd":"seek","time":8.06736392305386}
CommandDispatcher::handleSeek: position set to 8.0674s
Command executed: seek, result: {
  "status": "ok",
  "message": "Seek executed",
  "position_seconds": 8.067363923053859
}
VitHeadlessService: command reply (truncated): {
  "status": "ok",
  "message": "Seek executed",
  "position_seconds": 8.067363923053859
}
ZmqGateway: received command payload: {"cmd":"seek","time":8.12954016750851}
ZmqGateway: dispatching payload to JUCE message thread.
VitHeadlessService: processing queued command on JUCE message thread: {"cmd":"seek","time":8.12954016750851}
Command received: {"cmd":"seek","time":8.12954016750851}
CommandDispatcher::handleSeek: position set to 8.1295s
Command executed: seek, result: {
  "status": "ok",
  "message": "Seek executed",
  "position_seconds": 8.129540167508511
}
VitHeadlessService: command reply (truncated): {
  "status": "ok",
  "message": "Seek executed",
  "position_seconds": 8.129540167508511
}
ZmqGateway: received command payload: {"cmd":"seek","time":8.20726047307682}
ZmqGateway: dispatching payload to JUCE message thread.
VitHeadlessService: processing queued command on JUCE message thread: {"cmd":"seek","time":8.20726047307682}
Command received: {"cmd":"seek","time":8.20726047307682}
CommandDispatcher::handleSeek: position set to 8.2073s
Command executed: seek, result: {
  "status": "ok",
  "message": "Seek executed",
  "position_seconds": 8.20726047307682
}
VitHeadlessService: command reply (truncated): {
  "status": "ok",
  "message": "Seek executed",
  "position_seconds": 8.20726047307682
}
ZmqGateway: received command payload: {"cmd":"seek","time":8.26943671753147}
ZmqGateway: dispatching payload to JUCE message thread.
VitHeadlessService: processing queued command on JUCE message thread: {"cmd":"seek","time":8.26943671753147}
Command received: {"cmd":"seek","time":8.26943671753147}
CommandDispatcher::handleSeek: position set to 8.2694s
Command executed: seek, result: {
  "status": "ok",
  "message": "Seek executed",
  "position_seconds": 8.26943671753147
}
VitHeadlessService: command reply (truncated): {
  "status": "ok",
  "message": "Seek executed",
  "position_seconds": 8.26943671753147
}
ZmqGateway: received command payload: {"cmd":"seek","time":8.33161296198612}
ZmqGateway: dispatching payload to JUCE message thread.
VitHeadlessService: processing queued command on JUCE message thread: {"cmd":"seek","time":8.33161296198612}
Command received: {"cmd":"seek","time":8.33161296198612}
CommandDispatcher::handleSeek: position set to 8.3316s
Command executed: seek, result: {
  "status": "ok",
  "message": "Seek executed",
  "position_seconds": 8.331612961986121
}
VitHeadlessService: command reply (truncated): {
  "status": "ok",
  "message": "Seek executed",
  "position_seconds": 8.331612961986121
}
ZmqGateway: received command payload: {"cmd":"seek","time":8.39378920644077}
ZmqGateway: dispatching payload to JUCE message thread.
VitHeadlessService: processing queued command on JUCE message thread: {"cmd":"seek","time":8.39378920644077}
Command received: {"cmd":"seek","time":8.39378920644077}
CommandDispatcher::handleSeek: position set to 8.3938s
Command executed: seek, result: {
  "status": "ok",
  "message": "Seek executed",
  "position_seconds": 8.39378920644077
}
VitHeadlessService: command reply (truncated): {
  "status": "ok",
  "message": "Seek executed",
  "position_seconds": 8.39378920644077
}
ZmqGateway: received command payload: {"cmd":"seek","time":8.44042138978175}
ZmqGateway: dispatching payload to JUCE message thread.
VitHeadlessService: processing queued command on JUCE message thread: {"cmd":"seek","time":8.44042138978175}
Command received: {"cmd":"seek","time":8.44042138978175}
CommandDispatcher::handleSeek: position set to 8.4404s
Command executed: seek, result: {
  "status": "ok",
  "message": "Seek executed",
  "position_seconds": 8.440421389781751
}
VitHeadlessService: command reply (truncated): {
  "status": "ok",
  "message": "Seek executed",
  "position_seconds": 8.440421389781751
}
ZmqGateway: received command payload: {"cmd":"seek","time":8.5025976342364}
ZmqGateway: dispatching payload to JUCE message thread.
VitHeadlessService: processing queued command on JUCE message thread: {"cmd":"seek","time":8.5025976342364}
Command received: {"cmd":"seek","time":8.5025976342364}
CommandDispatcher::handleSeek: position set to 8.5026s
Command executed: seek, result: {
  "status": "ok",
  "message": "Seek executed",
  "position_seconds": 8.5025976342364
}
VitHeadlessService: command reply (truncated): {
  "status": "ok",
  "message": "Seek executed",
  "position_seconds": 8.5025976342364
}
ZmqGateway: received command payload: {"cmd":"seek","time":8.54922981757739}
ZmqGateway: dispatching payload to JUCE message thread.
VitHeadlessService: processing queued command on JUCE message thread: {"cmd":"seek","time":8.54922981757739}
Command received: {"cmd":"seek","time":8.54922981757739}
CommandDispatcher::handleSeek: position set to 8.5492s
Command executed: seek, result: {
  "status": "ok",
  "message": "Seek executed",
  "position_seconds": 8.549229817577389
}
VitHeadlessService: command reply (truncated): {
  "status": "ok",
  "message": "Seek executed",
  "position_seconds": 8.549229817577389
}
ZmqGateway: received command payload: {"cmd":"seek","time":8.59586200091838}
ZmqGateway: dispatching payload to JUCE message thread.
VitHeadlessService: processing queued command on JUCE message thread: {"cmd":"seek","time":8.59586200091838}
Command received: {"cmd":"seek","time":8.59586200091838}
CommandDispatcher::handleSeek: position set to 8.5959s
Command executed: seek, result: {
  "status": "ok",
  "message": "Seek executed",
  "position_seconds": 8.59586200091838
}
VitHeadlessService: command reply (truncated): {
  "status": "ok",
  "message": "Seek executed",
  "position_seconds": 8.59586200091838
}
ZmqGateway: received command payload: {"cmd":"seek","time":8.6269501231457}
ZmqGateway: dispatching payload to JUCE message thread.
VitHeadlessService: processing queued command on JUCE message thread: {"cmd":"seek","time":8.6269501231457}
Command received: {"cmd":"seek","time":8.6269501231457}
CommandDispatcher::handleSeek: position set to 8.6270s
Command executed: seek, result: {
  "status": "ok",
  "message": "Seek executed",
  "position_seconds": 8.626950123145701
}
VitHeadlessService: command reply (truncated): {
  "status": "ok",
  "message": "Seek executed",
  "position_seconds": 8.626950123145701
}
ZmqGateway: received command payload: {"cmd":"seek","time":8.65803824537302}
ZmqGateway: dispatching payload to JUCE message thread.
VitHeadlessService: processing queued command on JUCE message thread: {"cmd":"seek","time":8.65803824537302}
Command received: {"cmd":"seek","time":8.65803824537302}
CommandDispatcher::handleSeek: position set to 8.6580s
Command executed: seek, result: {
  "status": "ok",
  "message": "Seek executed",
  "position_seconds": 8.658038245373019
}
VitHeadlessService: command reply (truncated): {
  "status": "ok",
  "message": "Seek executed",
  "position_seconds": 8.658038245373019
}
ZmqGateway: received command payload: {"cmd":"get_recent_projects"}
ZmqGateway: dispatching payload to JUCE message thread.
VitHeadlessService: processing queued command on JUCE message thread: {"cmd":"get_recent_projects"}
Command received: {"cmd":"get_recent_projects"}
Command executed: get_recent_projects, result: {
  "status": "ok",
  "recent_projects": [
    "D:\\Godot\\project\\vit-daw-frontend\\4.4.3.vit",
    "D:\\Godot\\project\\vit-daw-frontend\\4.4.2.vit",
    "D:\\Godot\\project\\vit-daw-frontend\\4.4.1.vit",
    "D:\\Godot\\project\\vit-daw-frontend\\4.4.vit",
    "D:\\4.1.tracktionedit"
  ]
}
VitHeadlessService: command reply (truncated): {
  "status": "ok",
  "recent_projects": [
    "D:\\Godot\\project\\vit-daw-frontend\\4.4.3.vit",
    "D:\\Godot\\project\\vit-daw-frontend\\4.4.2.vit",
    "D:\\Godot\\project\\vit-daw-frontend\\4.4.1.vit",
    "D
ZmqGateway: received command payload: {"cmd":"new_project"}
ZmqGateway: dispatching payload to JUCE message thread.
VitHeadlessService: processing queued command on JUCE message thread: {"cmd":"new_project"}
Command received: {"cmd":"new_project"}
VitEngineDevice: audio IO ready for playback graph: "扬声器 (USB AUDIO  CODEC)" 48000.00 Hz, block 480 samples
Command executed: new_project, result: {
  "status": "ok",
  "message": "Blank project created"
}
VitHeadlessService: command reply (truncated): {
  "status": "ok",
  "message": "Blank project created"
}
ZmqGateway: received command payload: {"cmd":"ping"}
ZmqGateway: dispatching payload to JUCE message thread.
VitHeadlessService: processing queued command on JUCE message thread: {"cmd":"ping"}
Command received: {"cmd":"ping"}
CommandDispatcher: handled ping command.
Command executed: ping, result: {
  "status": "ok",
  "message": "pong"
}
VitHeadlessService: command reply (truncated): {
  "status": "ok",
  "message": "pong"
}
ZmqGateway: received command payload: {"cmd":"get_project_state"}
ZmqGateway: dispatching payload to JUCE message thread.
VitHeadlessService: processing queued command on JUCE message thread: {"cmd":"get_project_state"}
Command received: {"cmd":"get_project_state"}
Command executed: get_project_state, result: {
  "status": "ok",
  "project_path": "",
  "tracks": [
    {
      "track_id": "1002",
      "track_name": "Arranger",
      "track_type": "track",
      "is_audio_track": false,
      "is_audio": false,
      "plugins": [],
      "clips": []
    },
    {
      "track_id": "1003",
      "track_name": "Chord",
      "track_type": "track",
      "is_audio_track": false,
      "is_audio": false,
      "plugins": [],
      "clips": []
    },
    {
      "track_id": "1004",
      "track_name": "Marker",
      "track_type": "track",
      "is_audio_track": false,
      "is_audio": false,
      "plugins": [],
      "clips": []
    },
    {
      "track_id": "1005",
      "track_name": "Tempo",
      "track_type": "track",
      "is_audio_track": false,
      "is_audio": false,
      "plugins": [],
      "clips": []
    },
    {
      "track_id": "1006",
      "track_name": "Master",
      "track_type": "master",
      "is_audio_track": false,
      "is_audio": false,
      "plugins": [],
      "clips": []
    }
  ]
}
VitHeadlessService: command reply (truncated): {
  "status": "ok",
  "project_path": "",
  "tracks": [
    {
      "track_id": "1002",
      "track_name": "Arranger",
      "track_type": "track",
      "is_audio_track": false,
      "is_audio": false,
     
ZmqGateway: received command payload: {"cmd":"list_tracks"}
ZmqGateway: dispatching payload to JUCE message thread.
VitHeadlessService: processing queued command on JUCE message thread: {"cmd":"list_tracks"}
Command received: {"cmd":"list_tracks"}
Command executed: list_tracks, result: {
  "status": "ok",
  "message": "Track list fetched",
  "tracks": [
    {
      "track_id": "1002",
      "name": "Arranger",
      "track_type": "track",
      "is_audio": false,
      "is_audio_track": false,
      "vit_type": "",
      "vit_intent": "",
      "plugin_count": 0,
      "plugins": []
    },
    {
      "track_id": "1003",
      "name": "Chord",
      "track_type": "track",
      "is_audio": false,
      "is_audio_track": false,
      "vit_type": "",
      "vit_intent": "",
      "plugin_count": 0,
      "plugins": []
    },
    {
      "track_id": "1004",
      "name": "Marker",
      "track_type": "track",
      "is_audio": false,
      "is_audio_track": false,
      "vit_type": "",
      "vit_intent": "",
      "plugin_count": 0,
      "plugins": []
    },
    {
      "track_id": "1005",
      "name": "Tempo",
      "track_type": "track",
      "is_audio": false,
      "is_audio_track": false,
      "vit_type": "",
      "vit_intent": "",
      "plugin_count": 0,
      "plugins": []
    },
    {
      "track_id": "1006",
      "name": "Master",
      "track_type": "master",
      "is_audio": false,
      "is_audio_track": false,
      "vit_type": "",
      "vit_intent": "",
      "plugin_count": 0,
      "plugins": []
    }
  ]
}
VitHeadlessService: command reply (truncated): {
  "status": "ok",
  "message": "Track list fetched",
  "tracks": [
    {
      "track_id": "1002",
      "name": "Arranger",
      "track_type": "track",
      "is_audio": false,
      "is_audio_track": false,
ZmqGateway: received command payload: {"cmd":"list_tracks"}
ZmqGateway: dispatching payload to JUCE message thread.
VitHeadlessService: processing queued command on JUCE message thread: {"cmd":"list_tracks"}
Command received: {"cmd":"list_tracks"}
Command executed: list_tracks, result: {
  "status": "ok",
  "message": "Track list fetched",
  "tracks": [
    {
      "track_id": "1002",
      "name": "Arranger",
      "track_type": "track",
      "is_audio": false,
      "is_audio_track": false,
      "vit_type": "",
      "vit_intent": "",
      "plugin_count": 0,
      "plugins": []
    },
    {
      "track_id": "1003",
      "name": "Chord",
      "track_type": "track",
      "is_audio": false,
      "is_audio_track": false,
      "vit_type": "",
      "vit_intent": "",
      "plugin_count": 0,
      "plugins": []
    },
    {
      "track_id": "1004",
      "name": "Marker",
      "track_type": "track",
      "is_audio": false,
      "is_audio_track": false,
      "vit_type": "",
      "vit_intent": "",
      "plugin_count": 0,
      "plugins": []
    },
    {
      "track_id": "1005",
      "name": "Tempo",
      "track_type": "track",
      "is_audio": false,
      "is_audio_track": false,
      "vit_type": "",
      "vit_intent": "",
      "plugin_count": 0,
      "plugins": []
    },
    {
      "track_id": "1006",
      "name": "Master",
      "track_type": "master",
      "is_audio": false,
      "is_audio_track": false,
      "vit_type": "",
      "vit_intent": "",
      "plugin_count": 0,
      "plugins": []
    }
  ]
}
VitHeadlessService: command reply (truncated): {
  "status": "ok",
  "message": "Track list fetched",
  "tracks": [
    {
      "track_id": "1002",
      "name": "Arranger",
      "track_type": "track",
      "is_audio": false,
      "is_audio_track": false,
ZmqGateway: received command payload: {"cmd":"add_track","type":"hybrid"}
ZmqGateway: dispatching payload to JUCE message thread.
VitHeadlessService: processing queued command on JUCE message thread: {"cmd":"add_track","type":"hybrid"}
Command received: {"cmd":"add_track","type":"hybrid"}
VitHeadlessService: project saved to D:\Vit_DAW\VitApp\Workspace\default_project.xml
Command executed: add_track, result: {
  "status": "ok",
  "message": "Track added",
  "track_id": "1007",
  "track_name": "Track 1"
}
VitHeadlessService: command reply (truncated): {
  "status": "ok",
  "message": "Track added",
  "track_id": "1007",
  "track_name": "Track 1"
}
ZmqGateway: received command payload: {"cmd":"list_tracks"}
ZmqGateway: dispatching payload to JUCE message thread.
VitHeadlessService: processing queued command on JUCE message thread: {"cmd":"list_tracks"}
Command received: {"cmd":"list_tracks"}
Command executed: list_tracks, result: {
  "status": "ok",
  "message": "Track list fetched",
  "tracks": [
    {
      "track_id": "1002",
      "name": "Arranger",
      "track_type": "track",
      "is_audio": false,
      "is_audio_track": false,
      "vit_type": "",
      "vit_intent": "",
      "plugin_count": 0,
      "plugins": []
    },
    {
      "track_id": "1003",
      "name": "Chord",
      "track_type": "track",
      "is_audio": false,
      "is_audio_track": false,
      "vit_type": "",
      "vit_intent": "",
      "plugin_count": 0,
      "plugins": []
    },
    {
      "track_id": "1004",
      "name": "Marker",
      "track_type": "track",
      "is_audio": false,
      "is_audio_track": false,
      "vit_type": "",
      "vit_intent": "",
      "plugin_count": 0,
      "plugins": []
    },
    {
      "track_id": "1005",
      "name": "Tempo",
      "track_type": "track",
      "is_audio": false,
      "is_audio_track": false,
      "vit_type": "",
      "vit_intent": "",
      "plugin_count": 0,
      "plugins": []
    },
    {
      "track_id": "1006",
      "name": "Master",
      "track_type": "master",
      "is_audio": false,
      "is_audio_track": false,
      "vit_type": "",
      "vit_intent": "",
      "plugin_count": 0,
      "plugins": []
    },
    {
      "track_id": "1007",
      "name": "Track 1",
      "track_type": "hybrid",
      "is_audio": true,
      "is_audio_track": true,
      "vit_type": "",
      "vit_intent": "",
      "plugin_count": 2,
      "plugins": [
        {
          "name": "Volume & Pan Plugin",
          "type": "volume",
          "enabled": true
        },
        {
          "name": "Level Meter",
          "type": "level",
          "enabled": true
        }
      ]
    }
  ]
}
VitHeadlessService: command reply (truncated): {
  "status": "ok",
  "message": "Track list fetched",
  "tracks": [
    {
      "track_id": "1002",
      "name": "Arranger",
      "track_type": "track",
      "is_audio": false,
      "is_audio_track": false,
ZmqGateway: received command payload: {"cmd":"get_project_state"}
ZmqGateway: dispatching payload to JUCE message thread.
VitHeadlessService: processing queued command on JUCE message thread: {"cmd":"get_project_state"}
Command received: {"cmd":"get_project_state"}
Command executed: get_project_state, result: {
  "status": "ok",
  "project_path": "",
  "tracks": [
    {
      "track_id": "1002",
      "track_name": "Arranger",
      "track_type": "track",
      "is_audio_track": false,
      "is_audio": false,
      "plugins": [],
      "clips": []
    },
    {
      "track_id": "1003",
      "track_name": "Chord",
      "track_type": "track",
      "is_audio_track": false,
      "is_audio": false,
      "plugins": [],
      "clips": []
    },
    {
      "track_id": "1004",
      "track_name": "Marker",
      "track_type": "track",
      "is_audio_track": false,
      "is_audio": false,
      "plugins": [],
      "clips": []
    },
    {
      "track_id": "1005",
      "track_name": "Tempo",
      "track_type": "track",
      "is_audio_track": false,
      "is_audio": false,
      "plugins": [],
      "clips": []
    },
    {
      "track_id": "1006",
      "track_name": "Master",
      "track_type": "master",
      "is_audio_track": false,
      "is_audio": false,
      "plugins": [],
      "clips": []
    },
    {
      "track_id": "1007",
      "track_name": "Track 1",
      "track_type": "hybrid",
      "is_audio_track": true,
      "is_audio": true,
      "plugins": [
        {
          "id": "1008",
          "item_id": "1008",
          "name": "Volume & Pan Plugin",
          "type": "volume",
          "enabled": true
        },
        {
          "id": "1009",
          "item_id": "1009",
          "name": "Level Meter",
          "type": "level",
          "enabled": true
        }
      ],
      "clips": [],
      "output_to_device_resolved": true,
      "output_device_enabled": true,
      "output_device_id": "out_b7a4b4c1",
      "output_routing_name": "(default audio output)"
    }
  ]
}
VitHeadlessService: command reply (truncated): {
  "status": "ok",
  "project_path": "",
  "tracks": [
    {
      "track_id": "1002",
      "track_name": "Arranger",
      "track_type": "track",
      "is_audio_track": false,
      "is_audio": false,
     
ZmqGateway: received command payload: {"cmd":"list_tracks"}
ZmqGateway: dispatching payload to JUCE message thread.
VitHeadlessService: processing queued command on JUCE message thread: {"cmd":"list_tracks"}
Command received: {"cmd":"list_tracks"}
Command executed: list_tracks, result: {
  "status": "ok",
  "message": "Track list fetched",
  "tracks": [
    {
      "track_id": "1002",
      "name": "Arranger",
      "track_type": "track",
      "is_audio": false,
      "is_audio_track": false,
      "vit_type": "",
      "vit_intent": "",
      "plugin_count": 0,
      "plugins": []
    },
    {
      "track_id": "1003",
      "name": "Chord",
      "track_type": "track",
      "is_audio": false,
      "is_audio_track": false,
      "vit_type": "",
      "vit_intent": "",
      "plugin_count": 0,
      "plugins": []
    },
    {
      "track_id": "1004",
      "name": "Marker",
      "track_type": "track",
      "is_audio": false,
      "is_audio_track": false,
      "vit_type": "",
      "vit_intent": "",
      "plugin_count": 0,
      "plugins": []
    },
    {
      "track_id": "1005",
      "name": "Tempo",
      "track_type": "track",
      "is_audio": false,
      "is_audio_track": false,
      "vit_type": "",
      "vit_intent": "",
      "plugin_count": 0,
      "plugins": []
    },
    {
      "track_id": "1006",
      "name": "Master",
      "track_type": "master",
      "is_audio": false,
      "is_audio_track": false,
      "vit_type": "",
      "vit_intent": "",
      "plugin_count": 0,
      "plugins": []
    },
    {
      "track_id": "1007",
      "name": "Track 1",
      "track_type": "hybrid",
      "is_audio": true,
      "is_audio_track": true,
      "vit_type": "",
      "vit_intent": "",
      "plugin_count": 2,
      "plugins": [
        {
          "name": "Volume & Pan Plugin",
          "type": "volume",
          "enabled": true
        },
        {
          "name": "Level Meter",
          "type": "level",
          "enabled": true
        }
      ]
    }
  ]
}
VitHeadlessService: command reply (truncated): {
  "status": "ok",
  "message": "Track list fetched",
  "tracks": [
    {
      "track_id": "1002",
      "name": "Arranger",
      "track_type": "track",
      "is_audio": false,
      "is_audio_track": false,
ZmqGateway: received command payload: {"action":"play"}
ZmqGateway: dispatching payload to JUCE message thread.
VitHeadlessService: processing queued command on JUCE message thread: {"action":"play"}
Command received: {"action":"play"}
CommandDispatcher::handlePlay: before isPlaying=false isRecording=false playContextActive=true positionSeconds=0.000 editLengthSeconds=0.000
CommandDispatcher::handlePlay: after isPlaying=true isRecording=false playContextActive=true positionSeconds=0.000 editLengthSeconds=0.000
Command executed: play, result: {
  "status": "ok",
  "message": "Transport playing",
  "is_playing": true,
  "is_recording": false,
  "position_seconds": 0.0,
  "click_track_enabled": false
}
VitHeadlessService: command reply (truncated): {
  "status": "ok",
  "message": "Transport playing",
  "is_playing": true,
  "is_recording": false,
  "position_seconds": 0.0,
  "click_track_enabled": false
}
ZmqGateway: received command payload: {"action":"stop"}
ZmqGateway: dispatching payload to JUCE message thread.
VitHeadlessService: processing queued command on JUCE message thread: {"action":"stop"}
Command received: {"action":"stop"}
CommandDispatcher::handleStop: before isPlaying=true isRecording=false playContextActive=true positionSeconds=0.640 editLengthSeconds=0.000
CommandDispatcher::handleStop: after isPlaying=false isRecording=false playContextActive=true positionSeconds=0.640 editLengthSeconds=0.000
Command executed: stop, result: {
  "status": "ok",
  "message": "Transport stopped",
  "is_playing": false,
  "is_recording": false,
  "position_seconds": 0.64,
  "click_track_enabled": false
}
VitHeadlessService: command reply (truncated): {
  "status": "ok",
  "message": "Transport stopped",
  "is_playing": false,
  "is_recording": false,
  "position_seconds": 0.64,
  "click_track_enabled": false
}
ZmqGateway: received command payload: {"action":"play"}
ZmqGateway: dispatching payload to JUCE message thread.
VitHeadlessService: processing queued command on JUCE message thread: {"action":"play"}
Command received: {"action":"play"}
CommandDispatcher::handlePlay: before isPlaying=false isRecording=false playContextActive=true positionSeconds=0.650 editLengthSeconds=0.000
CommandDispatcher::handlePlay: after isPlaying=true isRecording=false playContextActive=true positionSeconds=0.650 editLengthSeconds=0.000
Command executed: play, result: {
  "status": "ok",
  "message": "Transport playing",
  "is_playing": true,
  "is_recording": false,
  "position_seconds": 0.65,
  "click_track_enabled": false
}
VitHeadlessService: command reply (truncated): {
  "status": "ok",
  "message": "Transport playing",
  "is_playing": true,
  "is_recording": false,
  "position_seconds": 0.65,
  "click_track_enabled": false
}
ZmqGateway: received command payload: {"action":"stop"}
ZmqGateway: dispatching payload to JUCE message thread.
VitHeadlessService: processing queued command on JUCE message thread: {"action":"stop"}
Command received: {"action":"stop"}
CommandDispatcher::handleStop: before isPlaying=true isRecording=false playContextActive=true positionSeconds=1.500 editLengthSeconds=0.000
CommandDispatcher::handleStop: after isPlaying=false isRecording=false playContextActive=true positionSeconds=1.500 editLengthSeconds=0.000
Command executed: stop, result: {
  "status": "ok",
  "message": "Transport stopped",
  "is_playing": false,
  "is_recording": false,
  "position_seconds": 1.5,
  "click_track_enabled": false
}
VitHeadlessService: command reply (truncated): {
  "status": "ok",
  "message": "Transport stopped",
  "is_playing": false,
  "is_recording": false,
  "position_seconds": 1.5,
  "click_track_enabled": false
}
ZmqGateway: received command payload: {"action":"import_media_to_track","cmd":"import_media_to_track","file_path":"D:/Vit_DAW/test_target_3s.wav","media_type":"audio","start_time":6.6683874130249,"track_id":"1007"}
ZmqGateway: dispatching payload to JUCE message thread.
VitHeadlessService: processing queued command on JUCE message thread: {"action":"import_media_to_track","cmd":"import_media_to_track","file_path":"D:/Vit_DAW/test_target_3s.wav","media_type":"audio","start_time":6.6683874130249,"track_id":"1007"}
Command received: {"action":"import_media_to_track","cmd":"import_media_to_track","file_path":"D:/Vit_DAW/test_target_3s.wav","media_type":"audio","start_time":6.6683874130249,"track_id":"1007"}
VitHeadlessService: project saved to D:\Vit_DAW\VitApp\Workspace\default_project.xml
CommandDispatcher::handleImportMediaToTrack: clipId="1011" clip="test_target_3s" trackId="1007" source="D:\Vit_DAW\test_target_3s.wav" lengthSec=3.000 isPlaying=false isRecording=false playContextActive=true positionSeconds=1.510 editLengthSeconds=9.668
Command executed: import_media_to_track, result: {
  "status": "success",
  "action": "import_media_to_track",
  "clip_id": "1011",
  "track_id": "1007",
  "start_time": 6.6683874130249,
  "resolved_start_time": 6.6683874130249,
  "length": 3.0,
  "applied_mode": "destructive",
  "clip_name": "test_target_3s",
  "file_path": "D:\\Vit_DAW\\test_target_3s.wav",
  "edit_length_seconds": 9.668387413024899,
  "baking_status": "baking_started"
}
VitHeadlessService: command reply (truncated): {
  "status": "success",
  "action": "import_media_to_track",
  "clip_id": "1011",
  "track_id": "1007",
  "start_time": 6.6683874130249,
  "resolved_start_time": 6.6683874130249,
  "length": 3.0,
  "applied_mode
ZmqGateway: received command payload: {"cmd":"get_project_state"}
ZmqGateway: dispatching payload to JUCE message thread.
VitHeadlessService: processing queued command on JUCE message thread: {"cmd":"get_project_state"}
Command received: {"cmd":"get_project_state"}
Command executed: get_project_state, result: {
  "status": "ok",
  "project_path": "",
  "tracks": [
    {
      "track_id": "1002",
      "track_name": "Arranger",
      "track_type": "track",
      "is_audio_track": false,
      "is_audio": false,
      "plugins": [],
      "clips": []
    },
    {
      "track_id": "1003",
      "track_name": "Chord",
      "track_type": "track",
      "is_audio_track": false,
      "is_audio": false,
      "plugins": [],
      "clips": []
    },
    {
      "track_id": "1004",
      "track_name": "Marker",
      "track_type": "track",
      "is_audio_track": false,
      "is_audio": false,
      "plugins": [],
      "clips": []
    },
    {
      "track_id": "1005",
      "track_name": "Tempo",
      "track_type": "track",
      "is_audio_track": false,
      "is_audio": false,
      "plugins": [],
      "clips": []
    },
    {
      "track_id": "1006",
      "track_name": "Master",
      "track_type": "master",
      "is_audio_track": false,
      "is_audio": false,
      "plugins": [],
      "clips": []
    },
    {
      "track_id": "1007",
      "track_name": "Track 1",
      "track_type": "hybrid",
      "is_audio_track": true,
      "is_audio": true,
      "plugins": [
        {
          "id": "1008",
          "item_id": "1008",
          "name": "Volume & Pan Plugin",
          "type": "volume",
          "enabled": true
        },
        {
          "id": "1009",
          "item_id": "1009",
          "name": "Level Meter",
          "type": "level",
          "enabled": true
        }
      ],
      "clips": [
        {
          "id": "1011",
          "name": "test_target_3s",
          "clip_type": "wave",
          "start_seconds": 6.6683874130249,
          "end_seconds": 9.668387413024899,
          "length_seconds": 2.999999999999999,
          "offset_in_source_seconds": 0.0,
          "file_path": "D:\\Vit_DAW\\test_target_3s.wav",
          "current_source_path": "D:\\Vit_DAW\\test_target_3s.wav",
          "playback_source_valid": true
        }
      ],
      "output_to_device_resolved": true,
      "output_device_enabled": true,
      "output_device_id": "out_b7a4b4c1",
      "output_routing_name": "(default audio output)"
    }
  ]
}
VitHeadlessService: command reply (truncated): {
  "status": "ok",
  "project_path": "",
  "tracks": [
    {
      "track_id": "1002",
      "track_name": "Arranger",
      "track_type": "track",
      "is_audio_track": false,
      "is_audio": false,
     
ZmqGateway: received command payload: {"cmd":"list_tracks"}
ZmqGateway: dispatching payload to JUCE message thread.
VitHeadlessService: processing queued command on JUCE message thread: {"cmd":"list_tracks"}
Command received: {"cmd":"list_tracks"}
Command executed: list_tracks, result: {
  "status": "ok",
  "message": "Track list fetched",
  "tracks": [
    {
      "track_id": "1002",
      "name": "Arranger",
      "track_type": "track",
      "is_audio": false,
      "is_audio_track": false,
      "vit_type": "",
      "vit_intent": "",
      "plugin_count": 0,
      "plugins": []
    },
    {
      "track_id": "1003",
      "name": "Chord",
      "track_type": "track",
      "is_audio": false,
      "is_audio_track": false,
      "vit_type": "",
      "vit_intent": "",
      "plugin_count": 0,
      "plugins": []
    },
    {
      "track_id": "1004",
      "name": "Marker",
      "track_type": "track",
      "is_audio": false,
      "is_audio_track": false,
      "vit_type": "",
      "vit_intent": "",
      "plugin_count": 0,
      "plugins": []
    },
    {
      "track_id": "1005",
      "name": "Tempo",
      "track_type": "track",
      "is_audio": false,
      "is_audio_track": false,
      "vit_type": "",
      "vit_intent": "",
      "plugin_count": 0,
      "plugins": []
    },
    {
      "track_id": "1006",
      "name": "Master",
      "track_type": "master",
      "is_audio": false,
      "is_audio_track": false,
      "vit_type": "",
      "vit_intent": "",
      "plugin_count": 0,
      "plugins": []
    },
    {
      "track_id": "1007",
      "name": "Track 1",
      "track_type": "hybrid",
      "is_audio": true,
      "is_audio_track": true,
      "vit_type": "",
      "vit_intent": "",
      "plugin_count": 2,
      "plugins": [
        {
          "name": "Volume & Pan Plugin",
          "type": "volume",
          "enabled": true
        },
        {
          "name": "Level Meter",
          "type": "level",
          "enabled": true
        }
      ]
    }
  ]
}
VitHeadlessService: command reply (truncated): {
  "status": "ok",
  "message": "Track list fetched",
  "tracks": [
    {
      "track_id": "1002",
      "name": "Arranger",
      "track_type": "track",
      "is_audio": false,
      "is_audio_track": false,
ZmqGateway: received command payload: {"action":"play"}
ZmqGateway: dispatching payload to JUCE message thread.
VitHeadlessService: processing queued command on JUCE message thread: {"action":"play"}
Command received: {"action":"play"}
CommandDispatcher::handlePlay: before isPlaying=false isRecording=false playContextActive=true positionSeconds=1.510 editLengthSeconds=9.668
CommandDispatcher::handlePlay: after isPlaying=true isRecording=false playContextActive=true positionSeconds=1.510 editLengthSeconds=9.668
Command executed: play, result: {
  "status": "ok",
  "message": "Transport playing",
  "is_playing": true,
  "is_recording": false,
  "position_seconds": 1.51,
  "click_track_enabled": false
}
VitHeadlessService: command reply (truncated): {
  "status": "ok",
  "message": "Transport playing",
  "is_playing": true,
  "is_recording": false,
  "position_seconds": 1.51,
  "click_track_enabled": false
}
ZmqGateway: received command payload: {"action":"stop"}
ZmqGateway: dispatching payload to JUCE message thread.
VitHeadlessService: processing queued command on JUCE message thread: {"action":"stop"}
Command received: {"action":"stop"}
CommandDispatcher::handleStop: before isPlaying=true isRecording=false playContextActive=true positionSeconds=2.110 editLengthSeconds=9.668
CommandDispatcher::handleStop: after isPlaying=false isRecording=false playContextActive=true positionSeconds=2.110 editLengthSeconds=9.668
Command executed: stop, result: {
  "status": "ok",
  "message": "Transport stopped",
  "is_playing": false,
  "is_recording": false,
  "position_seconds": 2.11,
  "click_track_enabled": false
}
VitHeadlessService: command reply (truncated): {
  "status": "ok",
  "message": "Transport stopped",
  "is_playing": false,
  "is_recording": false,
  "position_seconds": 2.11,
  "click_track_enabled": false
}
ZmqGateway: received command payload: {"clip_id":"1011","cmd":"move_clip","new_start":15.1087951660156,"new_start_seconds":7.55439758300781,"overlap_mode":"cut","source_track_id":"1007","target_track_id":"1007","time_unit":"beats"}
ZmqGateway: dispatching payload to JUCE message thread.
VitHeadlessService: processing queued command on JUCE message thread: {"clip_id":"1011","cmd":"move_clip","new_start":15.1087951660156,"new_start_seconds":7.55439758300781,"overlap_mode":"cut","source_track_id":"1007","target_track_id":"1007","time_unit":"beats"}
Command received: {"clip_id":"1011","cmd":"move_clip","new_start":15.1087951660156,"new_start_seconds":7.55439758300781,"overlap_mode":"cut","source_track_id":"1007","target_track_id":"1007","time_unit":"beats"}
Command executed: move_clip, result: {
  "status": "ok",
  "message": "Clip moved",
  "clip_id": "1011",
  "source_track_id": "1007",
  "target_track_id": "1007",
  "affected_track_id": "1007",
  "new_start_seconds": 7.5543975830078,
  "overlap_mode": "cut",
  "created_clip_ids": [],
  "removed_clip_ids": [],
  "affected_clip_ids": []
}
VitHeadlessService: command reply (truncated): {
  "status": "ok",
  "message": "Clip moved",
  "clip_id": "1011",
  "source_track_id": "1007",
  "target_track_id": "1007",
  "affected_track_id": "1007",
  "new_start_seconds": 7.5543975830078,
  "overlap_mode
ZmqGateway: received command payload: {"cmd":"get_project_state"}
ZmqGateway: dispatching payload to JUCE message thread.
VitHeadlessService: processing queued command on JUCE message thread: {"cmd":"get_project_state"}
Command received: {"cmd":"get_project_state"}
Command executed: get_project_state, result: {
  "status": "ok",
  "project_path": "",
  "tracks": [
    {
      "track_id": "1002",
      "track_name": "Arranger",
      "track_type": "track",
      "is_audio_track": false,
      "is_audio": false,
      "plugins": [],
      "clips": []
    },
    {
      "track_id": "1003",
      "track_name": "Chord",
      "track_type": "track",
      "is_audio_track": false,
      "is_audio": false,
      "plugins": [],
      "clips": []
    },
    {
      "track_id": "1004",
      "track_name": "Marker",
      "track_type": "track",
      "is_audio_track": false,
      "is_audio": false,
      "plugins": [],
      "clips": []
    },
    {
      "track_id": "1005",
      "track_name": "Tempo",
      "track_type": "track",
      "is_audio_track": false,
      "is_audio": false,
      "plugins": [],
      "clips": []
    },
    {
      "track_id": "1006",
      "track_name": "Master",
      "track_type": "master",
      "is_audio_track": false,
      "is_audio": false,
      "plugins": [],
      "clips": []
    },
    {
      "track_id": "1007",
      "track_name": "Track 1",
      "track_type": "hybrid",
      "is_audio_track": true,
      "is_audio": true,
      "plugins": [
        {
          "id": "1008",
          "item_id": "1008",
          "name": "Volume & Pan Plugin",
          "type": "volume",
          "enabled": true
        },
        {
          "id": "1009",
          "item_id": "1009",
          "name": "Level Meter",
          "type": "level",
          "enabled": true
        }
      ],
      "clips": [
        {
          "id": "1011",
          "name": "test_target_3s",
          "clip_type": "wave",
          "start_seconds": 7.5543975830078,
          "end_seconds": 10.554397583007798,
          "length_seconds": 2.999999999999998,
          "offset_in_source_seconds": 0.0,
          "file_path": "D:\\Vit_DAW\\test_target_3s.wav",
          "current_source_path": "D:\\Vit_DAW\\test_target_3s.wav",
          "playback_source_valid": true
        }
      ],
      "output_to_device_resolved": true,
      "output_device_enabled": true,
      "output_device_id": "out_b7a4b4c1",
      "output_routing_name": "(default audio output)"
    }
  ]
}
VitHeadlessService: command reply (truncated): {
  "status": "ok",
  "project_path": "",
  "tracks": [
    {
      "track_id": "1002",
      "track_name": "Arranger",
      "track_type": "track",
      "is_audio_track": false,
      "is_audio": false,
     
ZmqGateway: received command payload: {"cmd":"list_tracks"}
ZmqGateway: dispatching payload to JUCE message thread.
VitHeadlessService: processing queued command on JUCE message thread: {"cmd":"list_tracks"}
Command received: {"cmd":"list_tracks"}
Command executed: list_tracks, result: {
  "status": "ok",
  "message": "Track list fetched",
  "tracks": [
    {
      "track_id": "1002",
      "name": "Arranger",
      "track_type": "track",
      "is_audio": false,
      "is_audio_track": false,
      "vit_type": "",
      "vit_intent": "",
      "plugin_count": 0,
      "plugins": []
    },
    {
      "track_id": "1003",
      "name": "Chord",
      "track_type": "track",
      "is_audio": false,
      "is_audio_track": false,
      "vit_type": "",
      "vit_intent": "",
      "plugin_count": 0,
      "plugins": []
    },
    {
      "track_id": "1004",
      "name": "Marker",
      "track_type": "track",
      "is_audio": false,
      "is_audio_track": false,
      "vit_type": "",
      "vit_intent": "",
      "plugin_count": 0,
      "plugins": []
    },
    {
      "track_id": "1005",
      "name": "Tempo",
      "track_type": "track",
      "is_audio": false,
      "is_audio_track": false,
      "vit_type": "",
      "vit_intent": "",
      "plugin_count": 0,
      "plugins": []
    },
    {
      "track_id": "1006",
      "name": "Master",
      "track_type": "master",
      "is_audio": false,
      "is_audio_track": false,
      "vit_type": "",
      "vit_intent": "",
      "plugin_count": 0,
      "plugins": []
    },
    {
      "track_id": "1007",
      "name": "Track 1",
      "track_type": "hybrid",
      "is_audio": true,
      "is_audio_track": true,
      "vit_type": "",
      "vit_intent": "",
      "plugin_count": 2,
      "plugins": [
        {
          "name": "Volume & Pan Plugin",
          "type": "volume",
          "enabled": true
        },
        {
          "name": "Level Meter",
          "type": "level",
          "enabled": true
        }
      ]
    }
  ]
}
VitHeadlessService: command reply (truncated): {
  "status": "ok",
  "message": "Track list fetched",
  "tracks": [
    {
      "track_id": "1002",
      "name": "Arranger",
      "track_type": "track",
      "is_audio": false,
      "is_audio_track": false,
ZmqGateway: received command payload: {"cmd":"seek","time":8.14508422862217}
ZmqGateway: dispatching payload to JUCE message thread.
VitHeadlessService: processing queued command on JUCE message thread: {"cmd":"seek","time":8.14508422862217}
Command received: {"cmd":"seek","time":8.14508422862217}
CommandDispatcher::handleSeek: position set to 8.1451s
Command executed: seek, result: {
  "status": "ok",
  "message": "Seek executed",
  "position_seconds": 8.145084228622171
}
VitHeadlessService: command reply (truncated): {
  "status": "ok",
  "message": "Seek executed",
  "position_seconds": 8.145084228622171
}
ZmqGateway: received command payload: {"cmd":"seek","time":8.14508422862217}
ZmqGateway: dispatching payload to JUCE message thread.
VitHeadlessService: processing queued command on JUCE message thread: {"cmd":"seek","time":8.14508422862217}
Command received: {"cmd":"seek","time":8.14508422862217}
CommandDispatcher::handleSeek: position set to 8.1451s
Command executed: seek, result: {
  "status": "ok",
  "message": "Seek executed",
  "position_seconds": 8.145084228622171
}
VitHeadlessService: command reply (truncated): {
  "status": "ok",
  "message": "Seek executed",
  "position_seconds": 8.145084228622171
}
ZmqGateway: received command payload: {"cmd":"seek","time":8.16062828973583}
ZmqGateway: dispatching payload to JUCE message thread.
VitHeadlessService: processing queued command on JUCE message thread: {"cmd":"seek","time":8.16062828973583}
Command received: {"cmd":"seek","time":8.16062828973583}
CommandDispatcher::handleSeek: position set to 8.1606s
Command executed: seek, result: {
  "status": "ok",
  "message": "Seek executed",
  "position_seconds": 8.160628289735831
}
VitHeadlessService: command reply (truncated): {
  "status": "ok",
  "message": "Seek executed",
  "position_seconds": 8.160628289735831
}
ZmqGateway: received command payload: {"cmd":"seek","time":8.1761723508495}
ZmqGateway: dispatching payload to JUCE message thread.
VitHeadlessService: processing queued command on JUCE message thread: {"cmd":"seek","time":8.1761723508495}
Command received: {"cmd":"seek","time":8.1761723508495}
CommandDispatcher::handleSeek: position set to 8.1762s
Command executed: seek, result: {
  "status": "ok",
  "message": "Seek executed",
  "position_seconds": 8.1761723508495
}
VitHeadlessService: command reply (truncated): {
  "status": "ok",
  "message": "Seek executed",
  "position_seconds": 8.1761723508495
}
ZmqGateway: received command payload: {"cmd":"seek","time":8.19171641196316}
ZmqGateway: dispatching payload to JUCE message thread.
VitHeadlessService: processing queued command on JUCE message thread: {"cmd":"seek","time":8.19171641196316}
Command received: {"cmd":"seek","time":8.19171641196316}
CommandDispatcher::handleSeek: position set to 8.1917s
Command executed: seek, result: {
  "status": "ok",
  "message": "Seek executed",
  "position_seconds": 8.19171641196316
}
VitHeadlessService: command reply (truncated): {
  "status": "ok",
  "message": "Seek executed",
  "position_seconds": 8.19171641196316
}
ZmqGateway: received command payload: {"cmd":"seek","time":8.20726047307682}
ZmqGateway: dispatching payload to JUCE message thread.
VitHeadlessService: processing queued command on JUCE message thread: {"cmd":"seek","time":8.20726047307682}
Command received: {"cmd":"seek","time":8.20726047307682}
CommandDispatcher::handleSeek: position set to 8.2073s
Command executed: seek, result: {
  "status": "ok",
  "message": "Seek executed",
  "position_seconds": 8.20726047307682
}
VitHeadlessService: command reply (truncated): {
  "status": "ok",
  "message": "Seek executed",
  "position_seconds": 8.20726047307682
}
ZmqGateway: received command payload: {"cmd":"seek","time":8.22280453419048}
ZmqGateway: dispatching payload to JUCE message thread.
VitHeadlessService: processing queued command on JUCE message thread: {"cmd":"seek","time":8.22280453419048}
Command received: {"cmd":"seek","time":8.22280453419048}
CommandDispatcher::handleSeek: position set to 8.2228s
Command executed: seek, result: {
  "status": "ok",
  "message": "Seek executed",
  "position_seconds": 8.22280453419048
}
VitHeadlessService: command reply (truncated): {
  "status": "ok",
  "message": "Seek executed",
  "position_seconds": 8.22280453419048
}
ZmqGateway: received command payload: {"cmd":"seek","time":8.23834859530415}
ZmqGateway: dispatching payload to JUCE message thread.
VitHeadlessService: processing queued command on JUCE message thread: {"cmd":"seek","time":8.23834859530415}
Command received: {"cmd":"seek","time":8.23834859530415}
CommandDispatcher::handleSeek: position set to 8.2383s
Command executed: seek, result: {
  "status": "ok",
  "message": "Seek executed",
  "position_seconds": 8.238348595304149
}
VitHeadlessService: command reply (truncated): {
  "status": "ok",
  "message": "Seek executed",
  "position_seconds": 8.238348595304149
}
ZmqGateway: received command payload: {"cmd":"seek","time":8.25389265641781}
ZmqGateway: dispatching payload to JUCE message thread.
VitHeadlessService: processing queued command on JUCE message thread: {"cmd":"seek","time":8.25389265641781}
Command received: {"cmd":"seek","time":8.25389265641781}
CommandDispatcher::handleSeek: position set to 8.2539s
Command executed: seek, result: {
  "status": "ok",
  "message": "Seek executed",
  "position_seconds": 8.253892656417809
}
VitHeadlessService: command reply (truncated): {
  "status": "ok",
  "message": "Seek executed",
  "position_seconds": 8.253892656417809
}
ZmqGateway: received command payload: {"cmd":"seek","time":8.26943671753147}
ZmqGateway: dispatching payload to JUCE message thread.
VitHeadlessService: processing queued command on JUCE message thread: {"cmd":"seek","time":8.26943671753147}
Command received: {"cmd":"seek","time":8.26943671753147}
CommandDispatcher::handleSeek: position set to 8.2694s
Command executed: seek, result: {
  "status": "ok",
  "message": "Seek executed",
  "position_seconds": 8.26943671753147
}
VitHeadlessService: command reply (truncated): {
  "status": "ok",
  "message": "Seek executed",
  "position_seconds": 8.26943671753147
}
ZmqGateway: received command payload: {"cmd":"seek","time":8.28498077864513}
ZmqGateway: dispatching payload to JUCE message thread.
VitHeadlessService: processing queued command on JUCE message thread: {"cmd":"seek","time":8.28498077864513}
Command received: {"cmd":"seek","time":8.28498077864513}
CommandDispatcher::handleSeek: position set to 8.2850s
Command executed: seek, result: {
  "status": "ok",
  "message": "Seek executed",
  "position_seconds": 8.28498077864513
}
VitHeadlessService: command reply (truncated): {
  "status": "ok",
  "message": "Seek executed",
  "position_seconds": 8.28498077864513
}
ZmqGateway: received command payload: {"cmd":"seek","time":8.30052483975879}
ZmqGateway: dispatching payload to JUCE message thread.
VitHeadlessService: processing queued command on JUCE message thread: {"cmd":"seek","time":8.30052483975879}
Command received: {"cmd":"seek","time":8.30052483975879}
CommandDispatcher::handleSeek: position set to 8.3005s
Command executed: seek, result: {
  "status": "ok",
  "message": "Seek executed",
  "position_seconds": 8.30052483975879
}
VitHeadlessService: command reply (truncated): {
  "status": "ok",
  "message": "Seek executed",
  "position_seconds": 8.30052483975879
}
ZmqGateway: received command payload: {"cmd":"seek","time":8.31606890087246}
ZmqGateway: dispatching payload to JUCE message thread.
VitHeadlessService: processing queued command on JUCE message thread: {"cmd":"seek","time":8.31606890087246}
Command received: {"cmd":"seek","time":8.31606890087246}
CommandDispatcher::handleSeek: position set to 8.3161s
Command executed: seek, result: {
  "status": "ok",
  "message": "Seek executed",
  "position_seconds": 8.316068900872461
}
VitHeadlessService: command reply (truncated): {
  "status": "ok",
  "message": "Seek executed",
  "position_seconds": 8.316068900872461
}
ZmqGateway: received command payload: {"cmd":"seek","time":8.33161296198612}
ZmqGateway: dispatching payload to JUCE message thread.
VitHeadlessService: processing queued command on JUCE message thread: {"cmd":"seek","time":8.33161296198612}
Command received: {"cmd":"seek","time":8.33161296198612}
CommandDispatcher::handleSeek: position set to 8.3316s
Command executed: seek, result: {
  "status": "ok",
  "message": "Seek executed",
  "position_seconds": 8.331612961986121
}
VitHeadlessService: command reply (truncated): {
  "status": "ok",
  "message": "Seek executed",
  "position_seconds": 8.331612961986121
}
ZmqGateway: received command payload: {"cmd":"seek","time":8.36270108421344}
ZmqGateway: dispatching payload to JUCE message thread.
VitHeadlessService: processing queued command on JUCE message thread: {"cmd":"seek","time":8.36270108421344}
Command received: {"cmd":"seek","time":8.36270108421344}
CommandDispatcher::handleSeek: position set to 8.3627s
Command executed: seek, result: {
  "status": "ok",
  "message": "Seek executed",
  "position_seconds": 8.362701084213439
}
VitHeadlessService: command reply (truncated): {
  "status": "ok",
  "message": "Seek executed",
  "position_seconds": 8.362701084213439
}
ZmqGateway: received command payload: {"cmd":"seek","time":8.39378920644077}
ZmqGateway: dispatching payload to JUCE message thread.
VitHeadlessService: processing queued command on JUCE message thread: {"cmd":"seek","time":8.39378920644077}
Command received: {"cmd":"seek","time":8.39378920644077}
CommandDispatcher::handleSeek: position set to 8.3938s
Command executed: seek, result: {
  "status": "ok",
  "message": "Seek executed",
  "position_seconds": 8.39378920644077
}
VitHeadlessService: command reply (truncated): {
  "status": "ok",
  "message": "Seek executed",
  "position_seconds": 8.39378920644077
}
ZmqGateway: received command payload: {"cmd":"seek","time":8.42487732866809}
ZmqGateway: dispatching payload to JUCE message thread.
VitHeadlessService: processing queued command on JUCE message thread: {"cmd":"seek","time":8.42487732866809}
Command received: {"cmd":"seek","time":8.42487732866809}
CommandDispatcher::handleSeek: position set to 8.4249s
Command executed: seek, result: {
  "status": "ok",
  "message": "Seek executed",
  "position_seconds": 8.42487732866809
}
VitHeadlessService: command reply (truncated): {
  "status": "ok",
  "message": "Seek executed",
  "position_seconds": 8.42487732866809
}
ZmqGateway: received command payload: {"cmd":"seek","time":8.45596545089542}
ZmqGateway: dispatching payload to JUCE message thread.
VitHeadlessService: processing queued command on JUCE message thread: {"cmd":"seek","time":8.45596545089542}
Command received: {"cmd":"seek","time":8.45596545089542}
CommandDispatcher::handleSeek: position set to 8.4560s
Command executed: seek, result: {
  "status": "ok",
  "message": "Seek executed",
  "position_seconds": 8.45596545089542
}
VitHeadlessService: command reply (truncated): {
  "status": "ok",
  "message": "Seek executed",
  "position_seconds": 8.45596545089542
}
ZmqGateway: received command payload: {"cmd":"seek","time":8.5025976342364}
ZmqGateway: dispatching payload to JUCE message thread.
VitHeadlessService: processing queued command on JUCE message thread: {"cmd":"seek","time":8.5025976342364}
Command received: {"cmd":"seek","time":8.5025976342364}
CommandDispatcher::handleSeek: position set to 8.5026s
Command executed: seek, result: {
  "status": "ok",
  "message": "Seek executed",
  "position_seconds": 8.5025976342364
}
VitHeadlessService: command reply (truncated): {
  "status": "ok",
  "message": "Seek executed",
  "position_seconds": 8.5025976342364
}
ZmqGateway: received command payload: {"cmd":"seek","time":8.56477387869105}
ZmqGateway: dispatching payload to JUCE message thread.
VitHeadlessService: processing queued command on JUCE message thread: {"cmd":"seek","time":8.56477387869105}
Command received: {"cmd":"seek","time":8.56477387869105}
CommandDispatcher::handleSeek: position set to 8.5648s
Command executed: seek, result: {
  "status": "ok",
  "message": "Seek executed",
  "position_seconds": 8.564773878691049
}
VitHeadlessService: command reply (truncated): {
  "status": "ok",
  "message": "Seek executed",
  "position_seconds": 8.564773878691049
}
ZmqGateway: received command payload: {"cmd":"seek","time":8.6269501231457}
ZmqGateway: dispatching payload to JUCE message thread.
VitHeadlessService: processing queued command on JUCE message thread: {"cmd":"seek","time":8.6269501231457}
Command received: {"cmd":"seek","time":8.6269501231457}
CommandDispatcher::handleSeek: position set to 8.6270s
Command executed: seek, result: {
  "status": "ok",
  "message": "Seek executed",
  "position_seconds": 8.626950123145701
}
VitHeadlessService: command reply (truncated): {
  "status": "ok",
  "message": "Seek executed",
  "position_seconds": 8.626950123145701
}
ZmqGateway: received command payload: {"cmd":"seek","time":8.65803824537302}
ZmqGateway: dispatching payload to JUCE message thread.
VitHeadlessService: processing queued command on JUCE message thread: {"cmd":"seek","time":8.65803824537302}
Command received: {"cmd":"seek","time":8.65803824537302}
CommandDispatcher::handleSeek: position set to 8.6580s
Command executed: seek, result: {
  "status": "ok",
  "message": "Seek executed",
  "position_seconds": 8.658038245373019
}
VitHeadlessService: command reply (truncated): {
  "status": "ok",
  "message": "Seek executed",
  "position_seconds": 8.658038245373019
}
ZmqGateway: received command payload: {"cmd":"seek","time":8.68912636760035}
ZmqGateway: dispatching payload to JUCE message thread.
VitHeadlessService: processing queued command on JUCE message thread: {"cmd":"seek","time":8.68912636760035}
Command received: {"cmd":"seek","time":8.68912636760035}
CommandDispatcher::handleSeek: position set to 8.6891s
Command executed: seek, result: {
  "status": "ok",
  "message": "Seek executed",
  "position_seconds": 8.68912636760035
}
VitHeadlessService: command reply (truncated): {
  "status": "ok",
  "message": "Seek executed",
  "position_seconds": 8.68912636760035
}
ZmqGateway: received command payload: {"cmd":"seek","time":8.70467042871401}
ZmqGateway: dispatching payload to JUCE message thread.
VitHeadlessService: processing queued command on JUCE message thread: {"cmd":"seek","time":8.70467042871401}
Command received: {"cmd":"seek","time":8.70467042871401}
CommandDispatcher::handleSeek: position set to 8.7047s
Command executed: seek, result: {
  "status": "ok",
  "message": "Seek executed",
  "position_seconds": 8.70467042871401
}
VitHeadlessService: command reply (truncated): {
  "status": "ok",
  "message": "Seek executed",
  "position_seconds": 8.70467042871401
}
ZmqGateway: received command payload: {"cmd":"seek","time":8.73575855094133}
ZmqGateway: dispatching payload to JUCE message thread.
VitHeadlessService: processing queued command on JUCE message thread: {"cmd":"seek","time":8.73575855094133}
Command received: {"cmd":"seek","time":8.73575855094133}
CommandDispatcher::handleSeek: position set to 8.7358s
Command executed: seek, result: {
  "status": "ok",
  "message": "Seek executed",
  "position_seconds": 8.73575855094133
}
VitHeadlessService: command reply (truncated): {
  "status": "ok",
  "message": "Seek executed",
  "position_seconds": 8.73575855094133
}
ZmqGateway: received command payload: {"cmd":"seek","time":8.751302612055}
ZmqGateway: dispatching payload to JUCE message thread.
VitHeadlessService: processing queued command on JUCE message thread: {"cmd":"seek","time":8.751302612055}
Command received: {"cmd":"seek","time":8.751302612055}
CommandDispatcher::handleSeek: position set to 8.7513s
Command executed: seek, result: {
  "status": "ok",
  "message": "Seek executed",
  "position_seconds": 8.751302612054999
}
VitHeadlessService: command reply (truncated): {
  "status": "ok",
  "message": "Seek executed",
  "position_seconds": 8.751302612054999
}
ZmqGateway: received command payload: {"cmd":"seek","time":8.76684667316866}
ZmqGateway: dispatching payload to JUCE message thread.
VitHeadlessService: processing queued command on JUCE message thread: {"cmd":"seek","time":8.76684667316866}
Command received: {"cmd":"seek","time":8.76684667316866}
CommandDispatcher::handleSeek: position set to 8.7668s
Command executed: seek, result: {
  "status": "ok",
  "message": "Seek executed",
  "position_seconds": 8.76684667316866
}
VitHeadlessService: command reply (truncated): {
  "status": "ok",
  "message": "Seek executed",
  "position_seconds": 8.76684667316866
}
ZmqGateway: received command payload: {"cmd":"seek","time":8.78239073428232}
ZmqGateway: dispatching payload to JUCE message thread.
VitHeadlessService: processing queued command on JUCE message thread: {"cmd":"seek","time":8.78239073428232}
Command received: {"cmd":"seek","time":8.78239073428232}
CommandDispatcher::handleSeek: position set to 8.7824s
Command executed: seek, result: {
  "status": "ok",
  "message": "Seek executed",
  "position_seconds": 8.78239073428232
}
VitHeadlessService: command reply (truncated): {
  "status": "ok",
  "message": "Seek executed",
  "position_seconds": 8.78239073428232
}
ZmqGateway: received command payload: {"cmd":"seek","time":8.79793479539598}
ZmqGateway: dispatching payload to JUCE message thread.
VitHeadlessService: processing queued command on JUCE message thread: {"cmd":"seek","time":8.79793479539598}
Command received: {"cmd":"seek","time":8.79793479539598}
CommandDispatcher::handleSeek: position set to 8.7979s
Command executed: seek, result: {
  "status": "ok",
  "message": "Seek executed",
  "position_seconds": 8.79793479539598
}
VitHeadlessService: command reply (truncated): {
  "status": "ok",
  "message": "Seek executed",
  "position_seconds": 8.79793479539598
}
ZmqGateway: received command payload: {"cmd":"seek","time":8.81347885650965}
ZmqGateway: dispatching payload to JUCE message thread.
VitHeadlessService: processing queued command on JUCE message thread: {"cmd":"seek","time":8.81347885650965}
Command received: {"cmd":"seek","time":8.81347885650965}
CommandDispatcher::handleSeek: position set to 8.8135s
Command executed: seek, result: {
  "status": "ok",
  "message": "Seek executed",
  "position_seconds": 8.813478856509651
}
VitHeadlessService: command reply (truncated): {
  "status": "ok",
  "message": "Seek executed",
  "position_seconds": 8.813478856509651
}
ZmqGateway: received command payload: {"cmd":"seek","time":8.82902291762331}
ZmqGateway: dispatching payload to JUCE message thread.
VitHeadlessService: processing queued command on JUCE message thread: {"cmd":"seek","time":8.82902291762331}
Command received: {"cmd":"seek","time":8.82902291762331}
CommandDispatcher::handleSeek: position set to 8.8290s
Command executed: seek, result: {
  "status": "ok",
  "message": "Seek executed",
  "position_seconds": 8.829022917623311
}
VitHeadlessService: command reply (truncated): {
  "status": "ok",
  "message": "Seek executed",
  "position_seconds": 8.829022917623311
}
ZmqGateway: received command payload: {"cmd":"seek","time":8.84456697873697}
ZmqGateway: dispatching payload to JUCE message thread.
VitHeadlessService: processing queued command on JUCE message thread: {"cmd":"seek","time":8.84456697873697}
Command received: {"cmd":"seek","time":8.84456697873697}
CommandDispatcher::handleSeek: position set to 8.8446s
Command executed: seek, result: {
  "status": "ok",
  "message": "Seek executed",
  "position_seconds": 8.844566978736969
}
VitHeadlessService: command reply (truncated): {
  "status": "ok",
  "message": "Seek executed",
  "position_seconds": 8.844566978736969
}
ZmqGateway: received command payload: {"cmd":"seek","time":8.86011103985063}
ZmqGateway: dispatching payload to JUCE message thread.
VitHeadlessService: processing queued command on JUCE message thread: {"cmd":"seek","time":8.86011103985063}
Command received: {"cmd":"seek","time":8.86011103985063}
CommandDispatcher::handleSeek: position set to 8.8601s
Command executed: seek, result: {
  "status": "ok",
  "message": "Seek executed",
  "position_seconds": 8.860111039850629
}
VitHeadlessService: command reply (truncated): {
  "status": "ok",
  "message": "Seek executed",
  "position_seconds": 8.860111039850629
}
ZmqGateway: received command payload: {"cmd":"seek","time":8.87565510096429}
ZmqGateway: dispatching payload to JUCE message thread.
VitHeadlessService: processing queued command on JUCE message thread: {"cmd":"seek","time":8.87565510096429}
Command received: {"cmd":"seek","time":8.87565510096429}
CommandDispatcher::handleSeek: position set to 8.8757s
Command executed: seek, result: {
  "status": "ok",
  "message": "Seek executed",
  "position_seconds": 8.875655100964289
}
VitHeadlessService: command reply (truncated): {
  "status": "ok",
  "message": "Seek executed",
  "position_seconds": 8.875655100964289
}
ZmqGateway: received command payload: {"cmd":"seek","time":8.90674322319162}
ZmqGateway: dispatching payload to JUCE message thread.
VitHeadlessService: processing queued command on JUCE message thread: {"cmd":"seek","time":8.90674322319162}
Command received: {"cmd":"seek","time":8.90674322319162}
CommandDispatcher::handleSeek: position set to 8.9067s
Command executed: seek, result: {
  "status": "ok",
  "message": "Seek executed",
  "position_seconds": 8.90674322319162
}
VitHeadlessService: command reply (truncated): {
  "status": "ok",
  "message": "Seek executed",
  "position_seconds": 8.90674322319162
}
ZmqGateway: received command payload: {"cmd":"seek","time":8.92228728430528}
ZmqGateway: dispatching payload to JUCE message thread.
VitHeadlessService: processing queued command on JUCE message thread: {"cmd":"seek","time":8.92228728430528}
Command received: {"cmd":"seek","time":8.92228728430528}
CommandDispatcher::handleSeek: position set to 8.9223s
Command executed: seek, result: {
  "status": "ok",
  "message": "Seek executed",
  "position_seconds": 8.922287284305281
}
VitHeadlessService: command reply (truncated): {
  "status": "ok",
  "message": "Seek executed",
  "position_seconds": 8.922287284305281
}
ZmqGateway: received command payload: {"cmd":"seek","time":8.93783134541894}
ZmqGateway: dispatching payload to JUCE message thread.
VitHeadlessService: processing queued command on JUCE message thread: {"cmd":"seek","time":8.93783134541894}
Command received: {"cmd":"seek","time":8.93783134541894}
CommandDispatcher::handleSeek: position set to 8.9378s
Command executed: seek, result: {
  "status": "ok",
  "message": "Seek executed",
  "position_seconds": 8.937831345418941
}
VitHeadlessService: command reply (truncated): {
  "status": "ok",
  "message": "Seek executed",
  "position_seconds": 8.937831345418941
}
ZmqGateway: received command payload: {"cmd":"seek","time":8.96891946764627}
ZmqGateway: dispatching payload to JUCE message thread.
VitHeadlessService: processing queued command on JUCE message thread: {"cmd":"seek","time":8.96891946764627}
Command received: {"cmd":"seek","time":8.96891946764627}
CommandDispatcher::handleSeek: position set to 8.9689s
Command executed: seek, result: {
  "status": "ok",
  "message": "Seek executed",
  "position_seconds": 8.96891946764627
}
VitHeadlessService: command reply (truncated): {
  "status": "ok",
  "message": "Seek executed",
  "position_seconds": 8.96891946764627
}
ZmqGateway: received command payload: {"cmd":"seek","time":8.98446352875993}
ZmqGateway: dispatching payload to JUCE message thread.
VitHeadlessService: processing queued command on JUCE message thread: {"cmd":"seek","time":8.98446352875993}
Command received: {"cmd":"seek","time":8.98446352875993}
CommandDispatcher::handleSeek: position set to 8.9845s
Command executed: seek, result: {
  "status": "ok",
  "message": "Seek executed",
  "position_seconds": 8.98446352875993
}
VitHeadlessService: command reply (truncated): {
  "status": "ok",
  "message": "Seek executed",
  "position_seconds": 8.98446352875993
}
ZmqGateway: received command payload: {"cmd":"seek","time":9.01555165098725}
ZmqGateway: dispatching payload to JUCE message thread.
VitHeadlessService: processing queued command on JUCE message thread: {"cmd":"seek","time":9.01555165098725}
Command received: {"cmd":"seek","time":9.01555165098725}
CommandDispatcher::handleSeek: position set to 9.0156s
Command executed: seek, result: {
  "status": "ok",
  "message": "Seek executed",
  "position_seconds": 9.01555165098725
}
VitHeadlessService: command reply (truncated): {
  "status": "ok",
  "message": "Seek executed",
  "position_seconds": 9.01555165098725
}
ZmqGateway: received command payload: {"cmd":"seek","time":9.04663977321458}
ZmqGateway: dispatching payload to JUCE message thread.
VitHeadlessService: processing queued command on JUCE message thread: {"cmd":"seek","time":9.04663977321458}
Command received: {"cmd":"seek","time":9.04663977321458}
CommandDispatcher::handleSeek: position set to 9.0466s
Command executed: seek, result: {
  "status": "ok",
  "message": "Seek executed",
  "position_seconds": 9.046639773214579
}
VitHeadlessService: command reply (truncated): {
  "status": "ok",
  "message": "Seek executed",
  "position_seconds": 9.046639773214579
}
ZmqGateway: received command payload: {"cmd":"seek","time":9.03109571210092}
ZmqGateway: dispatching payload to JUCE message thread.
VitHeadlessService: processing queued command on JUCE message thread: {"cmd":"seek","time":9.03109571210092}
Command received: {"cmd":"seek","time":9.03109571210092}
CommandDispatcher::handleSeek: position set to 9.0311s
Command executed: seek, result: {
  "status": "ok",
  "message": "Seek executed",
  "position_seconds": 9.031095712100919
}
VitHeadlessService: command reply (truncated): {
  "status": "ok",
  "message": "Seek executed",
  "position_seconds": 9.031095712100919
}
ZmqGateway: received command payload: {"cmd":"seek","time":9.01555165098725}
ZmqGateway: dispatching payload to JUCE message thread.
VitHeadlessService: processing queued command on JUCE message thread: {"cmd":"seek","time":9.01555165098725}
Command received: {"cmd":"seek","time":9.01555165098725}
CommandDispatcher::handleSeek: position set to 9.0156s
Command executed: seek, result: {
  "status": "ok",
  "message": "Seek executed",
  "position_seconds": 9.01555165098725
}
VitHeadlessService: command reply (truncated): {
  "status": "ok",
  "message": "Seek executed",
  "position_seconds": 9.01555165098725
}
ZmqGateway: received command payload: {"cmd":"seek","time":8.98446352875993}
ZmqGateway: dispatching payload to JUCE message thread.
VitHeadlessService: processing queued command on JUCE message thread: {"cmd":"seek","time":8.98446352875993}
Command received: {"cmd":"seek","time":8.98446352875993}
CommandDispatcher::handleSeek: position set to 8.9845s
Command executed: seek, result: {
  "status": "ok",
  "message": "Seek executed",
  "position_seconds": 8.98446352875993
}
VitHeadlessService: command reply (truncated): {
  "status": "ok",
  "message": "Seek executed",
  "position_seconds": 8.98446352875993
}
ZmqGateway: received command payload: {"cmd":"seek","time":8.93783134541894}
ZmqGateway: dispatching payload to JUCE message thread.
VitHeadlessService: processing queued command on JUCE message thread: {"cmd":"seek","time":8.93783134541894}
Command received: {"cmd":"seek","time":8.93783134541894}
CommandDispatcher::handleSeek: position set to 8.9378s
Command executed: seek, result: {
  "status": "ok",
  "message": "Seek executed",
  "position_seconds": 8.937831345418941
}
VitHeadlessService: command reply (truncated): {
  "status": "ok",
  "message": "Seek executed",
  "position_seconds": 8.937831345418941
}
ZmqGateway: received command payload: {"cmd":"seek","time":8.84456697873697}
ZmqGateway: dispatching payload to JUCE message thread.
VitHeadlessService: processing queued command on JUCE message thread: {"cmd":"seek","time":8.84456697873697}
Command received: {"cmd":"seek","time":8.84456697873697}
CommandDispatcher::handleSeek: position set to 8.8446s
Command executed: seek, result: {
  "status": "ok",
  "message": "Seek executed",
  "position_seconds": 8.844566978736969
}
VitHeadlessService: command reply (truncated): {
  "status": "ok",
  "message": "Seek executed",
  "position_seconds": 8.844566978736969
}
ZmqGateway: received command payload: {"cmd":"seek","time":8.72021448982767}
ZmqGateway: dispatching payload to JUCE message thread.
VitHeadlessService: processing queued command on JUCE message thread: {"cmd":"seek","time":8.72021448982767}
Command received: {"cmd":"seek","time":8.72021448982767}
CommandDispatcher::handleSeek: position set to 8.7202s
Command executed: seek, result: {
  "status": "ok",
  "message": "Seek executed",
  "position_seconds": 8.72021448982767
}
VitHeadlessService: command reply (truncated): {
  "status": "ok",
  "message": "Seek executed",
  "position_seconds": 8.72021448982767
}
ZmqGateway: received command payload: {"cmd":"seek","time":8.54922981757739}
ZmqGateway: dispatching payload to JUCE message thread.
VitHeadlessService: processing queued command on JUCE message thread: {"cmd":"seek","time":8.54922981757739}
Command received: {"cmd":"seek","time":8.54922981757739}
CommandDispatcher::handleSeek: position set to 8.5492s
Command executed: seek, result: {
  "status": "ok",
  "message": "Seek executed",
  "position_seconds": 8.549229817577389
}
VitHeadlessService: command reply (truncated): {
  "status": "ok",
  "message": "Seek executed",
  "position_seconds": 8.549229817577389
}
ZmqGateway: received command payload: {"cmd":"seek","time":8.36270108421344}
ZmqGateway: dispatching payload to JUCE message thread.
VitHeadlessService: processing queued command on JUCE message thread: {"cmd":"seek","time":8.36270108421344}
Command received: {"cmd":"seek","time":8.36270108421344}
CommandDispatcher::handleSeek: position set to 8.3627s
Command executed: seek, result: {
  "status": "ok",
  "message": "Seek executed",
  "position_seconds": 8.362701084213439
}
VitHeadlessService: command reply (truncated): {
  "status": "ok",
  "message": "Seek executed",
  "position_seconds": 8.362701084213439
}
ZmqGateway: received command payload: {"cmd":"seek","time":8.1761723508495}
ZmqGateway: dispatching payload to JUCE message thread.
VitHeadlessService: processing queued command on JUCE message thread: {"cmd":"seek","time":8.1761723508495}
Command received: {"cmd":"seek","time":8.1761723508495}
CommandDispatcher::handleSeek: position set to 8.1762s
Command executed: seek, result: {
  "status": "ok",
  "message": "Seek executed",
  "position_seconds": 8.1761723508495
}
VitHeadlessService: command reply (truncated): {
  "status": "ok",
  "message": "Seek executed",
  "position_seconds": 8.1761723508495
}
ZmqGateway: received command payload: {"cmd":"seek","time":7.97409955637189}
ZmqGateway: dispatching payload to JUCE message thread.
VitHeadlessService: processing queued command on JUCE message thread: {"cmd":"seek","time":7.97409955637189}
Command received: {"cmd":"seek","time":7.97409955637189}
CommandDispatcher::handleSeek: position set to 7.9741s
Command executed: seek, result: {
  "status": "ok",
  "message": "Seek executed",
  "position_seconds": 7.97409955637189
}
VitHeadlessService: command reply (truncated): {
  "status": "ok",
  "message": "Seek executed",
  "position_seconds": 7.97409955637189
}
ZmqGateway: received command payload: {"cmd":"seek","time":7.78757082300794}
ZmqGateway: dispatching payload to JUCE message thread.
VitHeadlessService: processing queued command on JUCE message thread: {"cmd":"seek","time":7.78757082300794}
Command received: {"cmd":"seek","time":7.78757082300794}
CommandDispatcher::handleSeek: position set to 7.7876s
Command executed: seek, result: {
  "status": "ok",
  "message": "Seek executed",
  "position_seconds": 7.78757082300794
}
VitHeadlessService: command reply (truncated): {
  "status": "ok",
  "message": "Seek executed",
  "position_seconds": 7.78757082300794
}
ZmqGateway: received command payload: {"cmd":"seek","time":7.601042089644}
ZmqGateway: dispatching payload to JUCE message thread.
VitHeadlessService: processing queued command on JUCE message thread: {"cmd":"seek","time":7.601042089644}
Command received: {"cmd":"seek","time":7.601042089644}
CommandDispatcher::handleSeek: position set to 7.6010s
Command executed: seek, result: {
  "status": "ok",
  "message": "Seek executed",
  "position_seconds": 7.601042089644
}
VitHeadlessService: command reply (truncated): {
  "status": "ok",
  "message": "Seek executed",
  "position_seconds": 7.601042089644
}
ZmqGateway: received command payload: {"cmd":"seek","time":7.39896929516639}
ZmqGateway: dispatching payload to JUCE message thread.
VitHeadlessService: processing queued command on JUCE message thread: {"cmd":"seek","time":7.39896929516639}
Command received: {"cmd":"seek","time":7.39896929516639}
CommandDispatcher::handleSeek: position set to 7.3990s
Command executed: seek, result: {
  "status": "ok",
  "message": "Seek executed",
  "position_seconds": 7.39896929516639
}
VitHeadlessService: command reply (truncated): {
  "status": "ok",
  "message": "Seek executed",
  "position_seconds": 7.39896929516639
}
ZmqGateway: received command payload: {"cmd":"seek","time":7.22798462291611}
ZmqGateway: dispatching payload to JUCE message thread.
VitHeadlessService: processing queued command on JUCE message thread: {"cmd":"seek","time":7.22798462291611}
Command received: {"cmd":"seek","time":7.22798462291611}
CommandDispatcher::handleSeek: position set to 7.2280s
Command executed: seek, result: {
  "status": "ok",
  "message": "Seek executed",
  "position_seconds": 7.22798462291611
}
VitHeadlessService: command reply (truncated): {
  "status": "ok",
  "message": "Seek executed",
  "position_seconds": 7.22798462291611
}
ZmqGateway: received command payload: {"cmd":"seek","time":7.08808807289315}
ZmqGateway: dispatching payload to JUCE message thread.
VitHeadlessService: processing queued command on JUCE message thread: {"cmd":"seek","time":7.08808807289315}
Command received: {"cmd":"seek","time":7.08808807289315}
CommandDispatcher::handleSeek: position set to 7.0881s
Command executed: seek, result: {
  "status": "ok",
  "message": "Seek executed",
  "position_seconds": 7.08808807289315
}
VitHeadlessService: command reply (truncated): {
  "status": "ok",
  "message": "Seek executed",
  "position_seconds": 7.08808807289315
}
ZmqGateway: received command payload: {"cmd":"seek","time":6.96373558398385}
ZmqGateway: dispatching payload to JUCE message thread.
VitHeadlessService: processing queued command on JUCE message thread: {"cmd":"seek","time":6.96373558398385}
Command received: {"cmd":"seek","time":6.96373558398385}
CommandDispatcher::handleSeek: position set to 6.9637s
Command executed: seek, result: {
  "status": "ok",
  "message": "Seek executed",
  "position_seconds": 6.96373558398385
}
VitHeadlessService: command reply (truncated): {
  "status": "ok",
  "message": "Seek executed",
  "position_seconds": 6.96373558398385
}
ZmqGateway: received command payload: {"cmd":"seek","time":6.87047121730188}
ZmqGateway: dispatching payload to JUCE message thread.
VitHeadlessService: processing queued command on JUCE message thread: {"cmd":"seek","time":6.87047121730188}
Command received: {"cmd":"seek","time":6.87047121730188}
CommandDispatcher::handleSeek: position set to 6.8705s
Command executed: seek, result: {
  "status": "ok",
  "message": "Seek executed",
  "position_seconds": 6.87047121730188
}
VitHeadlessService: command reply (truncated): {
  "status": "ok",
  "message": "Seek executed",
  "position_seconds": 6.87047121730188
}
ZmqGateway: received command payload: {"cmd":"seek","time":6.79275091173356}
ZmqGateway: dispatching payload to JUCE message thread.
VitHeadlessService: processing queued command on JUCE message thread: {"cmd":"seek","time":6.79275091173356}
Command received: {"cmd":"seek","time":6.79275091173356}
CommandDispatcher::handleSeek: position set to 6.7928s
Command executed: seek, result: {
  "status": "ok",
  "message": "Seek executed",
  "position_seconds": 6.79275091173356
}
VitHeadlessService: command reply (truncated): {
  "status": "ok",
  "message": "Seek executed",
  "position_seconds": 6.79275091173356
}
ZmqGateway: received command payload: {"cmd":"seek","time":6.73057466727892}
ZmqGateway: dispatching payload to JUCE message thread.
VitHeadlessService: processing queued command on JUCE message thread: {"cmd":"seek","time":6.73057466727892}
Command received: {"cmd":"seek","time":6.73057466727892}
CommandDispatcher::handleSeek: position set to 6.7306s
Command executed: seek, result: {
  "status": "ok",
  "message": "Seek executed",
  "position_seconds": 6.73057466727892
}
VitHeadlessService: command reply (truncated): {
  "status": "ok",
  "message": "Seek executed",
  "position_seconds": 6.73057466727892
}
ZmqGateway: received command payload: {"cmd":"seek","time":6.69948654505159}
ZmqGateway: dispatching payload to JUCE message thread.
VitHeadlessService: processing queued command on JUCE message thread: {"cmd":"seek","time":6.69948654505159}
Command received: {"cmd":"seek","time":6.69948654505159}
CommandDispatcher::handleSeek: position set to 6.6995s
Command executed: seek, result: {
  "status": "ok",
  "message": "Seek executed",
  "position_seconds": 6.69948654505159
}
VitHeadlessService: command reply (truncated): {
  "status": "ok",
  "message": "Seek executed",
  "position_seconds": 6.69948654505159
}
ZmqGateway: received command payload: {"cmd":"seek","time":6.65285436171061}
ZmqGateway: dispatching payload to JUCE message thread.
VitHeadlessService: processing queued command on JUCE message thread: {"cmd":"seek","time":6.65285436171061}
Command received: {"cmd":"seek","time":6.65285436171061}
CommandDispatcher::handleSeek: position set to 6.6529s
Command executed: seek, result: {
  "status": "ok",
  "message": "Seek executed",
  "position_seconds": 6.65285436171061
}
VitHeadlessService: command reply (truncated): {
  "status": "ok",
  "message": "Seek executed",
  "position_seconds": 6.65285436171061
}
ZmqGateway: received command payload: {"cmd":"seek","time":6.63731030059694}
ZmqGateway: dispatching payload to JUCE message thread.
VitHeadlessService: processing queued command on JUCE message thread: {"cmd":"seek","time":6.63731030059694}
Command received: {"cmd":"seek","time":6.63731030059694}
CommandDispatcher::handleSeek: position set to 6.6373s
Command executed: seek, result: {
  "status": "ok",
  "message": "Seek executed",
  "position_seconds": 6.63731030059694
}
VitHeadlessService: command reply (truncated): {
  "status": "ok",
  "message": "Seek executed",
  "position_seconds": 6.63731030059694
}
ZmqGateway: received command payload: {"cmd":"seek","time":6.62176623948328}
ZmqGateway: dispatching payload to JUCE message thread.
VitHeadlessService: processing queued command on JUCE message thread: {"cmd":"seek","time":6.62176623948328}
Command received: {"cmd":"seek","time":6.62176623948328}
CommandDispatcher::handleSeek: position set to 6.6218s
Command executed: seek, result: {
  "status": "ok",
  "message": "Seek executed",
  "position_seconds": 6.62176623948328
}
VitHeadlessService: command reply (truncated): {
  "status": "ok",
  "message": "Seek executed",
  "position_seconds": 6.62176623948328
}
ZmqGateway: received command payload: {"cmd":"seek","time":6.60622217836962}
ZmqGateway: dispatching payload to JUCE message thread.
VitHeadlessService: processing queued command on JUCE message thread: {"cmd":"seek","time":6.60622217836962}
Command received: {"cmd":"seek","time":6.60622217836962}
CommandDispatcher::handleSeek: position set to 6.6062s
Command executed: seek, result: {
  "status": "ok",
  "message": "Seek executed",
  "position_seconds": 6.60622217836962
}
VitHeadlessService: command reply (truncated): {
  "status": "ok",
  "message": "Seek executed",
  "position_seconds": 6.60622217836962
}
ZmqGateway: received command payload: {"cmd":"seek","time":6.59067811725596}
ZmqGateway: dispatching payload to JUCE message thread.
VitHeadlessService: processing queued command on JUCE message thread: {"cmd":"seek","time":6.59067811725596}
Command received: {"cmd":"seek","time":6.59067811725596}
CommandDispatcher::handleSeek: position set to 6.5907s
Command executed: seek, result: {
  "status": "ok",
  "message": "Seek executed",
  "position_seconds": 6.59067811725596
}
VitHeadlessService: command reply (truncated): {
  "status": "ok",
  "message": "Seek executed",
  "position_seconds": 6.59067811725596
}
ZmqGateway: received command payload: {"cmd":"seek","time":6.55958999502863}
ZmqGateway: dispatching payload to JUCE message thread.
VitHeadlessService: processing queued command on JUCE message thread: {"cmd":"seek","time":6.55958999502863}
Command received: {"cmd":"seek","time":6.55958999502863}
CommandDispatcher::handleSeek: position set to 6.5596s
Command executed: seek, result: {
  "status": "ok",
  "message": "Seek executed",
  "position_seconds": 6.55958999502863
}
VitHeadlessService: command reply (truncated): {
  "status": "ok",
  "message": "Seek executed",
  "position_seconds": 6.55958999502863
}
ZmqGateway: received command payload: {"cmd":"seek","time":6.52850187280131}
ZmqGateway: dispatching payload to JUCE message thread.
VitHeadlessService: processing queued command on JUCE message thread: {"cmd":"seek","time":6.52850187280131}
Command received: {"cmd":"seek","time":6.52850187280131}
CommandDispatcher::handleSeek: position set to 6.5285s
Command executed: seek, result: {
  "status": "ok",
  "message": "Seek executed",
  "position_seconds": 6.52850187280131
}
VitHeadlessService: command reply (truncated): {
  "status": "ok",
  "message": "Seek executed",
  "position_seconds": 6.52850187280131
}
ZmqGateway: received command payload: {"cmd":"seek","time":6.48186968946032}
ZmqGateway: dispatching payload to JUCE message thread.
VitHeadlessService: processing queued command on JUCE message thread: {"cmd":"seek","time":6.48186968946032}
Command received: {"cmd":"seek","time":6.48186968946032}
CommandDispatcher::handleSeek: position set to 6.4819s
Command executed: seek, result: {
  "status": "ok",
  "message": "Seek executed",
  "position_seconds": 6.48186968946032
}
VitHeadlessService: command reply (truncated): {
  "status": "ok",
  "message": "Seek executed",
  "position_seconds": 6.48186968946032
}
ZmqGateway: received command payload: {"cmd":"seek","time":6.450781567233}
ZmqGateway: dispatching payload to JUCE message thread.
VitHeadlessService: processing queued command on JUCE message thread: {"cmd":"seek","time":6.450781567233}
Command received: {"cmd":"seek","time":6.450781567233}
CommandDispatcher::handleSeek: position set to 6.4508s
Command executed: seek, result: {
  "status": "ok",
  "message": "Seek executed",
  "position_seconds": 6.450781567233
}
VitHeadlessService: command reply (truncated): {
  "status": "ok",
  "message": "Seek executed",
  "position_seconds": 6.450781567233
}
ZmqGateway: received command payload: {"cmd":"seek","time":6.41969344500567}
ZmqGateway: dispatching payload to JUCE message thread.
VitHeadlessService: processing queued command on JUCE message thread: {"cmd":"seek","time":6.41969344500567}
Command received: {"cmd":"seek","time":6.41969344500567}
CommandDispatcher::handleSeek: position set to 6.4197s
Command executed: seek, result: {
  "status": "ok",
  "message": "Seek executed",
  "position_seconds": 6.41969344500567
}
VitHeadlessService: command reply (truncated): {
  "status": "ok",
  "message": "Seek executed",
  "position_seconds": 6.41969344500567
}
ZmqGateway: received command payload: {"cmd":"seek","time":6.40414938389201}
ZmqGateway: dispatching payload to JUCE message thread.
VitHeadlessService: processing queued command on JUCE message thread: {"cmd":"seek","time":6.40414938389201}
Command received: {"cmd":"seek","time":6.40414938389201}
CommandDispatcher::handleSeek: position set to 6.4041s
Command executed: seek, result: {
  "status": "ok",
  "message": "Seek executed",
  "position_seconds": 6.40414938389201
}
VitHeadlessService: command reply (truncated): {
  "status": "ok",
  "message": "Seek executed",
  "position_seconds": 6.40414938389201
}
ZmqGateway: received command payload: {"cmd":"seek","time":6.41969344500567}
ZmqGateway: dispatching payload to JUCE message thread.
VitHeadlessService: processing queued command on JUCE message thread: {"cmd":"seek","time":6.41969344500567}
Command received: {"cmd":"seek","time":6.41969344500567}
CommandDispatcher::handleSeek: position set to 6.4197s
Command executed: seek, result: {
  "status": "ok",
  "message": "Seek executed",
  "position_seconds": 6.41969344500567
}
VitHeadlessService: command reply (truncated): {
  "status": "ok",
  "message": "Seek executed",
  "position_seconds": 6.41969344500567
}
ZmqGateway: received command payload: {"cmd":"seek","time":6.43523750611934}
ZmqGateway: dispatching payload to JUCE message thread.
VitHeadlessService: processing queued command on JUCE message thread: {"cmd":"seek","time":6.43523750611934}
Command received: {"cmd":"seek","time":6.43523750611934}
CommandDispatcher::handleSeek: position set to 6.4352s
Command executed: seek, result: {
  "status": "ok",
  "message": "Seek executed",
  "position_seconds": 6.43523750611934
}
VitHeadlessService: command reply (truncated): {
  "status": "ok",
  "message": "Seek executed",
  "position_seconds": 6.43523750611934
}
ZmqGateway: received command payload: {"cmd":"seek","time":6.450781567233}
ZmqGateway: dispatching payload to JUCE message thread.
VitHeadlessService: processing queued command on JUCE message thread: {"cmd":"seek","time":6.450781567233}
Command received: {"cmd":"seek","time":6.450781567233}
CommandDispatcher::handleSeek: position set to 6.4508s
Command executed: seek, result: {
  "status": "ok",
  "message": "Seek executed",
  "position_seconds": 6.450781567233
}
VitHeadlessService: command reply (truncated): {
  "status": "ok",
  "message": "Seek executed",
  "position_seconds": 6.450781567233
}
ZmqGateway: received command payload: {"cmd":"seek","time":6.46632562834666}
ZmqGateway: dispatching payload to JUCE message thread.
VitHeadlessService: processing queued command on JUCE message thread: {"cmd":"seek","time":6.46632562834666}
Command received: {"cmd":"seek","time":6.46632562834666}
CommandDispatcher::handleSeek: position set to 6.4663s
Command executed: seek, result: {
  "status": "ok",
  "message": "Seek executed",
  "position_seconds": 6.46632562834666
}
VitHeadlessService: command reply (truncated): {
  "status": "ok",
  "message": "Seek executed",
  "position_seconds": 6.46632562834666
}
ZmqGateway: received command payload: {"cmd":"seek","time":6.51295781168765}
ZmqGateway: dispatching payload to JUCE message thread.
VitHeadlessService: processing queued command on JUCE message thread: {"cmd":"seek","time":6.51295781168765}
Command received: {"cmd":"seek","time":6.51295781168765}
CommandDispatcher::handleSeek: position set to 6.5130s
Command executed: seek, result: {
  "status": "ok",
  "message": "Seek executed",
  "position_seconds": 6.51295781168765
}
VitHeadlessService: command reply (truncated): {
  "status": "ok",
  "message": "Seek executed",
  "position_seconds": 6.51295781168765
}
ZmqGateway: received command payload: {"cmd":"seek","time":6.57513405614229}
ZmqGateway: dispatching payload to JUCE message thread.
VitHeadlessService: processing queued command on JUCE message thread: {"cmd":"seek","time":6.57513405614229}
Command received: {"cmd":"seek","time":6.57513405614229}
CommandDispatcher::handleSeek: position set to 6.5751s
Command executed: seek, result: {
  "status": "ok",
  "message": "Seek executed",
  "position_seconds": 6.57513405614229
}
VitHeadlessService: command reply (truncated): {
  "status": "ok",
  "message": "Seek executed",
  "position_seconds": 6.57513405614229
}
ZmqGateway: received command payload: {"cmd":"seek","time":6.66839842282427}
ZmqGateway: dispatching payload to JUCE message thread.
VitHeadlessService: processing queued command on JUCE message thread: {"cmd":"seek","time":6.66839842282427}
Command received: {"cmd":"seek","time":6.66839842282427}
CommandDispatcher::handleSeek: position set to 6.6684s
Command executed: seek, result: {
  "status": "ok",
  "message": "Seek executed",
  "position_seconds": 6.66839842282427
}
VitHeadlessService: command reply (truncated): {
  "status": "ok",
  "message": "Seek executed",
  "position_seconds": 6.66839842282427
}
ZmqGateway: received command payload: {"cmd":"seek","time":6.7772068506199}
ZmqGateway: dispatching payload to JUCE message thread.
VitHeadlessService: processing queued command on JUCE message thread: {"cmd":"seek","time":6.7772068506199}
Command received: {"cmd":"seek","time":6.7772068506199}
CommandDispatcher::handleSeek: position set to 6.7772s
Command executed: seek, result: {
  "status": "ok",
  "message": "Seek executed",
  "position_seconds": 6.7772068506199
}
VitHeadlessService: command reply (truncated): {
  "status": "ok",
  "message": "Seek executed",
  "position_seconds": 6.7772068506199
}
ZmqGateway: received command payload: {"cmd":"seek","time":6.9015593395292}
ZmqGateway: dispatching payload to JUCE message thread.
VitHeadlessService: processing queued command on JUCE message thread: {"cmd":"seek","time":6.9015593395292}
Command received: {"cmd":"seek","time":6.9015593395292}
CommandDispatcher::handleSeek: position set to 6.9016s
Command executed: seek, result: {
  "status": "ok",
  "message": "Seek executed",
  "position_seconds": 6.9015593395292
}
VitHeadlessService: command reply (truncated): {
  "status": "ok",
  "message": "Seek executed",
  "position_seconds": 6.9015593395292
}
ZmqGateway: received command payload: {"cmd":"seek","time":7.0259118284385}
ZmqGateway: dispatching payload to JUCE message thread.
VitHeadlessService: processing queued command on JUCE message thread: {"cmd":"seek","time":7.0259118284385}
Command received: {"cmd":"seek","time":7.0259118284385}
CommandDispatcher::handleSeek: position set to 7.0259s
Command executed: seek, result: {
  "status": "ok",
  "message": "Seek executed",
  "position_seconds": 7.0259118284385
}
VitHeadlessService: command reply (truncated): {
  "status": "ok",
  "message": "Seek executed",
  "position_seconds": 7.0259118284385
}
ZmqGateway: received command payload: {"cmd":"seek","time":7.15026431734779}
ZmqGateway: dispatching payload to JUCE message thread.
VitHeadlessService: processing queued command on JUCE message thread: {"cmd":"seek","time":7.15026431734779}
Command received: {"cmd":"seek","time":7.15026431734779}
CommandDispatcher::handleSeek: position set to 7.1503s
Command executed: seek, result: {
  "status": "ok",
  "message": "Seek executed",
  "position_seconds": 7.15026431734779
}
VitHeadlessService: command reply (truncated): {
  "status": "ok",
  "message": "Seek executed",
  "position_seconds": 7.15026431734779
}
ZmqGateway: received command payload: {"cmd":"seek","time":7.29016086737075}
ZmqGateway: dispatching payload to JUCE message thread.
VitHeadlessService: processing queued command on JUCE message thread: {"cmd":"seek","time":7.29016086737075}
Command received: {"cmd":"seek","time":7.29016086737075}
CommandDispatcher::handleSeek: position set to 7.2902s
Command executed: seek, result: {
  "status": "ok",
  "message": "Seek executed",
  "position_seconds": 7.29016086737075
}
VitHeadlessService: command reply (truncated): {
  "status": "ok",
  "message": "Seek executed",
  "position_seconds": 7.29016086737075
}
ZmqGateway: received command payload: {"cmd":"seek","time":7.41451335628005}
ZmqGateway: dispatching payload to JUCE message thread.
VitHeadlessService: processing queued command on JUCE message thread: {"cmd":"seek","time":7.41451335628005}
Command received: {"cmd":"seek","time":7.41451335628005}
CommandDispatcher::handleSeek: position set to 7.4145s
Command executed: seek, result: {
  "status": "ok",
  "message": "Seek executed",
  "position_seconds": 7.41451335628005
}
VitHeadlessService: command reply (truncated): {
  "status": "ok",
  "message": "Seek executed",
  "position_seconds": 7.41451335628005
}
ZmqGateway: received command payload: {"cmd":"seek","time":7.55440990630301}
ZmqGateway: dispatching payload to JUCE message thread.
VitHeadlessService: processing queued command on JUCE message thread: {"cmd":"seek","time":7.55440990630301}
Command received: {"cmd":"seek","time":7.55440990630301}
CommandDispatcher::handleSeek: position set to 7.5544s
Command executed: seek, result: {
  "status": "ok",
  "message": "Seek executed",
  "position_seconds": 7.55440990630301
}
VitHeadlessService: command reply (truncated): {
  "status": "ok",
  "message": "Seek executed",
  "position_seconds": 7.55440990630301
}
ZmqGateway: received command payload: {"cmd":"seek","time":7.70985051743963}
ZmqGateway: dispatching payload to JUCE message thread.
VitHeadlessService: processing queued command on JUCE message thread: {"cmd":"seek","time":7.70985051743963}
Command received: {"cmd":"seek","time":7.70985051743963}
CommandDispatcher::handleSeek: position set to 7.7099s
Command executed: seek, result: {
  "status": "ok",
  "message": "Seek executed",
  "position_seconds": 7.70985051743963
}
VitHeadlessService: command reply (truncated): {
  "status": "ok",
  "message": "Seek executed",
  "position_seconds": 7.70985051743963
}
ZmqGateway: received command payload: {"cmd":"seek","time":7.84974706746259}
ZmqGateway: dispatching payload to JUCE message thread.
VitHeadlessService: processing queued command on JUCE message thread: {"cmd":"seek","time":7.84974706746259}
Command received: {"cmd":"seek","time":7.84974706746259}
CommandDispatcher::handleSeek: position set to 7.8497s
Command executed: seek, result: {
  "status": "ok",
  "message": "Seek executed",
  "position_seconds": 7.84974706746259
}
VitHeadlessService: command reply (truncated): {
  "status": "ok",
  "message": "Seek executed",
  "position_seconds": 7.84974706746259
}
ZmqGateway: received command payload: {"cmd":"seek","time":7.97409955637189}
ZmqGateway: dispatching payload to JUCE message thread.
VitHeadlessService: processing queued command on JUCE message thread: {"cmd":"seek","time":7.97409955637189}
Command received: {"cmd":"seek","time":7.97409955637189}
CommandDispatcher::handleSeek: position set to 7.9741s
Command executed: seek, result: {
  "status": "ok",
  "message": "Seek executed",
  "position_seconds": 7.97409955637189
}
VitHeadlessService: command reply (truncated): {
  "status": "ok",
  "message": "Seek executed",
  "position_seconds": 7.97409955637189
}
ZmqGateway: received command payload: {"cmd":"seek","time":8.09845204528119}
ZmqGateway: dispatching payload to JUCE message thread.
VitHeadlessService: processing queued command on JUCE message thread: {"cmd":"seek","time":8.09845204528119}
Command received: {"cmd":"seek","time":8.09845204528119}
CommandDispatcher::handleSeek: position set to 8.0985s
Command executed: seek, result: {
  "status": "ok",
  "message": "Seek executed",
  "position_seconds": 8.09845204528119
}
VitHeadlessService: command reply (truncated): {
  "status": "ok",
  "message": "Seek executed",
  "position_seconds": 8.09845204528119
}
ZmqGateway: received command payload: {"cmd":"seek","time":8.1761723508495}
ZmqGateway: dispatching payload to JUCE message thread.
VitHeadlessService: processing queued command on JUCE message thread: {"cmd":"seek","time":8.1761723508495}
Command received: {"cmd":"seek","time":8.1761723508495}
CommandDispatcher::handleSeek: position set to 8.1762s
Command executed: seek, result: {
  "status": "ok",
  "message": "Seek executed",
  "position_seconds": 8.1761723508495
}
VitHeadlessService: command reply (truncated): {
  "status": "ok",
  "message": "Seek executed",
  "position_seconds": 8.1761723508495
}
ZmqGateway: received command payload: {"cmd":"seek","time":8.23834859530415}
ZmqGateway: dispatching payload to JUCE message thread.
VitHeadlessService: processing queued command on JUCE message thread: {"cmd":"seek","time":8.23834859530415}
Command received: {"cmd":"seek","time":8.23834859530415}
CommandDispatcher::handleSeek: position set to 8.2383s
Command executed: seek, result: {
  "status": "ok",
  "message": "Seek executed",
  "position_seconds": 8.238348595304149
}
VitHeadlessService: command reply (truncated): {
  "status": "ok",
  "message": "Seek executed",
  "position_seconds": 8.238348595304149
}
ZmqGateway: received command payload: {"cmd":"seek","time":8.28498077864513}
ZmqGateway: dispatching payload to JUCE message thread.
VitHeadlessService: processing queued command on JUCE message thread: {"cmd":"seek","time":8.28498077864513}
Command received: {"cmd":"seek","time":8.28498077864513}
CommandDispatcher::handleSeek: position set to 8.2850s
Command executed: seek, result: {
  "status": "ok",
  "message": "Seek executed",
  "position_seconds": 8.28498077864513
}
VitHeadlessService: command reply (truncated): {
  "status": "ok",
  "message": "Seek executed",
  "position_seconds": 8.28498077864513
}
ZmqGateway: received command payload: {"cmd":"seek","time":8.33161296198612}
ZmqGateway: dispatching payload to JUCE message thread.
VitHeadlessService: processing queued command on JUCE message thread: {"cmd":"seek","time":8.33161296198612}
Command received: {"cmd":"seek","time":8.33161296198612}
CommandDispatcher::handleSeek: position set to 8.3316s
Command executed: seek, result: {
  "status": "ok",
  "message": "Seek executed",
  "position_seconds": 8.331612961986121
}
VitHeadlessService: command reply (truncated): {
  "status": "ok",
  "message": "Seek executed",
  "position_seconds": 8.331612961986121
}
ZmqGateway: received command payload: {"cmd":"seek","time":8.36270108421344}
ZmqGateway: dispatching payload to JUCE message thread.
VitHeadlessService: processing queued command on JUCE message thread: {"cmd":"seek","time":8.36270108421344}
Command received: {"cmd":"seek","time":8.36270108421344}
CommandDispatcher::handleSeek: position set to 8.3627s
Command executed: seek, result: {
  "status": "ok",
  "message": "Seek executed",
  "position_seconds": 8.362701084213439
}
VitHeadlessService: command reply (truncated): {
  "status": "ok",
  "message": "Seek executed",
  "position_seconds": 8.362701084213439
}
ZmqGateway: received command payload: {"cmd":"seek","time":8.39378920644077}
ZmqGateway: dispatching payload to JUCE message thread.
VitHeadlessService: processing queued command on JUCE message thread: {"cmd":"seek","time":8.39378920644077}
Command received: {"cmd":"seek","time":8.39378920644077}
CommandDispatcher::handleSeek: position set to 8.3938s
Command executed: seek, result: {
  "status": "ok",
  "message": "Seek executed",
  "position_seconds": 8.39378920644077
}
VitHeadlessService: command reply (truncated): {
  "status": "ok",
  "message": "Seek executed",
  "position_seconds": 8.39378920644077
}
ZmqGateway: received command payload: {"cmd":"seek","time":8.42487732866809}
ZmqGateway: dispatching payload to JUCE message thread.
VitHeadlessService: processing queued command on JUCE message thread: {"cmd":"seek","time":8.42487732866809}
Command received: {"cmd":"seek","time":8.42487732866809}
CommandDispatcher::handleSeek: position set to 8.4249s
Command executed: seek, result: {
  "status": "ok",
  "message": "Seek executed",
  "position_seconds": 8.42487732866809
}
VitHeadlessService: command reply (truncated): {
  "status": "ok",
  "message": "Seek executed",
  "position_seconds": 8.42487732866809
}
ZmqGateway: received command payload: {"cmd":"seek","time":8.45596545089542}
ZmqGateway: dispatching payload to JUCE message thread.
VitHeadlessService: processing queued command on JUCE message thread: {"cmd":"seek","time":8.45596545089542}
Command received: {"cmd":"seek","time":8.45596545089542}
CommandDispatcher::handleSeek: position set to 8.4560s
Command executed: seek, result: {
  "status": "ok",
  "message": "Seek executed",
  "position_seconds": 8.45596545089542
}
VitHeadlessService: command reply (truncated): {
  "status": "ok",
  "message": "Seek executed",
  "position_seconds": 8.45596545089542
}
ZmqGateway: received command payload: {"cmd":"seek","time":8.48705357312274}
ZmqGateway: dispatching payload to JUCE message thread.
VitHeadlessService: processing queued command on JUCE message thread: {"cmd":"seek","time":8.48705357312274}
Command received: {"cmd":"seek","time":8.48705357312274}
CommandDispatcher::handleSeek: position set to 8.4871s
Command executed: seek, result: {
  "status": "ok",
  "message": "Seek executed",
  "position_seconds": 8.48705357312274
}
VitHeadlessService: command reply (truncated): {
  "status": "ok",
  "message": "Seek executed",
  "position_seconds": 8.48705357312274
}
ZmqGateway: received command payload: {"cmd":"seek","time":8.51814169535006}
ZmqGateway: dispatching payload to JUCE message thread.
VitHeadlessService: processing queued command on JUCE message thread: {"cmd":"seek","time":8.51814169535006}
Command received: {"cmd":"seek","time":8.51814169535006}
CommandDispatcher::handleSeek: position set to 8.5181s
Command executed: seek, result: {
  "status": "ok",
  "message": "Seek executed",
  "position_seconds": 8.51814169535006
}
VitHeadlessService: command reply (truncated): {
  "status": "ok",
  "message": "Seek executed",
  "position_seconds": 8.51814169535006
}
ZmqGateway: received command payload: {"cmd":"seek","time":8.56477387869105}
ZmqGateway: dispatching payload to JUCE message thread.
VitHeadlessService: processing queued command on JUCE message thread: {"cmd":"seek","time":8.56477387869105}
Command received: {"cmd":"seek","time":8.56477387869105}
CommandDispatcher::handleSeek: position set to 8.5648s
Command executed: seek, result: {
  "status": "ok",
  "message": "Seek executed",
  "position_seconds": 8.564773878691049
}
VitHeadlessService: command reply (truncated): {
  "status": "ok",
  "message": "Seek executed",
  "position_seconds": 8.564773878691049
}
ZmqGateway: received command payload: {"cmd":"seek","time":8.61140606203204}
ZmqGateway: dispatching payload to JUCE message thread.
VitHeadlessService: processing queued command on JUCE message thread: {"cmd":"seek","time":8.61140606203204}
Command received: {"cmd":"seek","time":8.61140606203204}
CommandDispatcher::handleSeek: position set to 8.6114s
Command executed: seek, result: {
  "status": "ok",
  "message": "Seek executed",
  "position_seconds": 8.611406062032041
}
VitHeadlessService: command reply (truncated): {
  "status": "ok",
  "message": "Seek executed",
  "position_seconds": 8.611406062032041
}
ZmqGateway: received command payload: {"cmd":"seek","time":8.65803824537302}
ZmqGateway: dispatching payload to JUCE message thread.
VitHeadlessService: processing queued command on JUCE message thread: {"cmd":"seek","time":8.65803824537302}
Command received: {"cmd":"seek","time":8.65803824537302}
CommandDispatcher::handleSeek: position set to 8.6580s
Command executed: seek, result: {
  "status": "ok",
  "message": "Seek executed",
  "position_seconds": 8.658038245373019
}
VitHeadlessService: command reply (truncated): {
  "status": "ok",
  "message": "Seek executed",
  "position_seconds": 8.658038245373019
}
ZmqGateway: received command payload: {"cmd":"seek","time":8.70467042871401}
ZmqGateway: dispatching payload to JUCE message thread.
VitHeadlessService: processing queued command on JUCE message thread: {"cmd":"seek","time":8.70467042871401}
Command received: {"cmd":"seek","time":8.70467042871401}
CommandDispatcher::handleSeek: position set to 8.7047s
Command executed: seek, result: {
  "status": "ok",
  "message": "Seek executed",
  "position_seconds": 8.70467042871401
}
VitHeadlessService: command reply (truncated): {
  "status": "ok",
  "message": "Seek executed",
  "position_seconds": 8.70467042871401
}
ZmqGateway: received command payload: {"cmd":"seek","time":8.751302612055}
ZmqGateway: dispatching payload to JUCE message thread.
VitHeadlessService: processing queued command on JUCE message thread: {"cmd":"seek","time":8.751302612055}
Command received: {"cmd":"seek","time":8.751302612055}
CommandDispatcher::handleSeek: position set to 8.7513s
Command executed: seek, result: {
  "status": "ok",
  "message": "Seek executed",
  "position_seconds": 8.751302612054999
}
VitHeadlessService: command reply (truncated): {
  "status": "ok",
  "message": "Seek executed",
  "position_seconds": 8.751302612054999
}
ZmqGateway: received command payload: {"cmd":"seek","time":8.79793479539598}
ZmqGateway: dispatching payload to JUCE message thread.
VitHeadlessService: processing queued command on JUCE message thread: {"cmd":"seek","time":8.79793479539598}
Command received: {"cmd":"seek","time":8.79793479539598}
CommandDispatcher::handleSeek: position set to 8.7979s
Command executed: seek, result: {
  "status": "ok",
  "message": "Seek executed",
  "position_seconds": 8.79793479539598
}
VitHeadlessService: command reply (truncated): {
  "status": "ok",
  "message": "Seek executed",
  "position_seconds": 8.79793479539598
}
ZmqGateway: received command payload: {"cmd":"seek","time":8.84456697873697}
ZmqGateway: dispatching payload to JUCE message thread.
VitHeadlessService: processing queued command on JUCE message thread: {"cmd":"seek","time":8.84456697873697}
Command received: {"cmd":"seek","time":8.84456697873697}
CommandDispatcher::handleSeek: position set to 8.8446s
Command executed: seek, result: {
  "status": "ok",
  "message": "Seek executed",
  "position_seconds": 8.844566978736969
}
VitHeadlessService: command reply (truncated): {
  "status": "ok",
  "message": "Seek executed",
  "position_seconds": 8.844566978736969
}
ZmqGateway: received command payload: {"cmd":"seek","time":8.89119916207795}
ZmqGateway: dispatching payload to JUCE message thread.
VitHeadlessService: processing queued command on JUCE message thread: {"cmd":"seek","time":8.89119916207795}
Command received: {"cmd":"seek","time":8.89119916207795}
CommandDispatcher::handleSeek: position set to 8.8912s
Command executed: seek, result: {
  "status": "ok",
  "message": "Seek executed",
  "position_seconds": 8.89119916207795
}
VitHeadlessService: command reply (truncated): {
  "status": "ok",
  "message": "Seek executed",
  "position_seconds": 8.89119916207795
}
ZmqGateway: received command payload: {"cmd":"seek","time":8.93783134541894}
ZmqGateway: dispatching payload to JUCE message thread.
VitHeadlessService: processing queued command on JUCE message thread: {"cmd":"seek","time":8.93783134541894}
Command received: {"cmd":"seek","time":8.93783134541894}
CommandDispatcher::handleSeek: position set to 8.9378s
Command executed: seek, result: {
  "status": "ok",
  "message": "Seek executed",
  "position_seconds": 8.937831345418941
}
VitHeadlessService: command reply (truncated): {
  "status": "ok",
  "message": "Seek executed",
  "position_seconds": 8.937831345418941
}
ZmqGateway: received command payload: {"cmd":"seek","time":8.98446352875993}
ZmqGateway: dispatching payload to JUCE message thread.
VitHeadlessService: processing queued command on JUCE message thread: {"cmd":"seek","time":8.98446352875993}
Command received: {"cmd":"seek","time":8.98446352875993}
CommandDispatcher::handleSeek: position set to 8.9845s
Command executed: seek, result: {
  "status": "ok",
  "message": "Seek executed",
  "position_seconds": 8.98446352875993
}
VitHeadlessService: command reply (truncated): {
  "status": "ok",
  "message": "Seek executed",
  "position_seconds": 8.98446352875993
}
ZmqGateway: received command payload: {"cmd":"seek","time":9.03109571210092}
ZmqGateway: dispatching payload to JUCE message thread.
VitHeadlessService: processing queued command on JUCE message thread: {"cmd":"seek","time":9.03109571210092}
Command received: {"cmd":"seek","time":9.03109571210092}
CommandDispatcher::handleSeek: position set to 9.0311s
Command executed: seek, result: {
  "status": "ok",
  "message": "Seek executed",
  "position_seconds": 9.031095712100919
}
VitHeadlessService: command reply (truncated): {
  "status": "ok",
  "message": "Seek executed",
  "position_seconds": 9.031095712100919
}
ZmqGateway: received command payload: {"cmd":"seek","time":9.04663977321458}
ZmqGateway: dispatching payload to JUCE message thread.
VitHeadlessService: processing queued command on JUCE message thread: {"cmd":"seek","time":9.04663977321458}
Command received: {"cmd":"seek","time":9.04663977321458}
CommandDispatcher::handleSeek: position set to 9.0466s
Command executed: seek, result: {
  "status": "ok",
  "message": "Seek executed",
  "position_seconds": 9.046639773214579
}
VitHeadlessService: command reply (truncated): {
  "status": "ok",
  "message": "Seek executed",
  "position_seconds": 9.046639773214579
}
ZmqGateway: received command payload: {"cmd":"seek","time":9.0777278954419}
ZmqGateway: dispatching payload to JUCE message thread.
VitHeadlessService: processing queued command on JUCE message thread: {"cmd":"seek","time":9.0777278954419}
Command received: {"cmd":"seek","time":9.0777278954419}
CommandDispatcher::handleSeek: position set to 9.0777s
Command executed: seek, result: {
  "status": "ok",
  "message": "Seek executed",
  "position_seconds": 9.0777278954419
}
VitHeadlessService: command reply (truncated): {
  "status": "ok",
  "message": "Seek executed",
  "position_seconds": 9.0777278954419
}
ZmqGateway: received command payload: {"cmd":"seek","time":9.10881601766923}
ZmqGateway: dispatching payload to JUCE message thread.
VitHeadlessService: processing queued command on JUCE message thread: {"cmd":"seek","time":9.10881601766923}
Command received: {"cmd":"seek","time":9.10881601766923}
CommandDispatcher::handleSeek: position set to 9.1088s
Command executed: seek, result: {
  "status": "ok",
  "message": "Seek executed",
  "position_seconds": 9.108816017669231
}
VitHeadlessService: command reply (truncated): {
  "status": "ok",
  "message": "Seek executed",
  "position_seconds": 9.108816017669231
}
ZmqGateway: received command payload: {"cmd":"seek","time":9.12436007878289}
ZmqGateway: dispatching payload to JUCE message thread.
VitHeadlessService: processing queued command on JUCE message thread: {"cmd":"seek","time":9.12436007878289}
Command received: {"cmd":"seek","time":9.12436007878289}
CommandDispatcher::handleSeek: position set to 9.1244s
Command executed: seek, result: {
  "status": "ok",
  "message": "Seek executed",
  "position_seconds": 9.124360078782891
}
VitHeadlessService: command reply (truncated): {
  "status": "ok",
  "message": "Seek executed",
  "position_seconds": 9.124360078782891
}
ZmqGateway: received command payload: {"cmd":"seek","time":9.13990413989655}
ZmqGateway: dispatching payload to JUCE message thread.
VitHeadlessService: processing queued command on JUCE message thread: {"cmd":"seek","time":9.13990413989655}
Command received: {"cmd":"seek","time":9.13990413989655}
CommandDispatcher::handleSeek: position set to 9.1399s
Command executed: seek, result: {
  "status": "ok",
  "message": "Seek executed",
  "position_seconds": 9.139904139896551
}
VitHeadlessService: command reply (truncated): {
  "status": "ok",
  "message": "Seek executed",
  "position_seconds": 9.139904139896551
}
ZmqGateway: received command payload: {"cmd":"seek","time":9.15544820101021}
ZmqGateway: dispatching payload to JUCE message thread.
VitHeadlessService: processing queued command on JUCE message thread: {"cmd":"seek","time":9.15544820101021}
Command received: {"cmd":"seek","time":9.15544820101021}
CommandDispatcher::handleSeek: position set to 9.1554s
Command executed: seek, result: {
  "status": "ok",
  "message": "Seek executed",
  "position_seconds": 9.155448201010209
}
VitHeadlessService: command reply (truncated): {
  "status": "ok",
  "message": "Seek executed",
  "position_seconds": 9.155448201010209
}
ZmqGateway: received command payload: {"cmd":"seek","time":9.17099226212387}
ZmqGateway: dispatching payload to JUCE message thread.
VitHeadlessService: processing queued command on JUCE message thread: {"cmd":"seek","time":9.17099226212387}
Command received: {"cmd":"seek","time":9.17099226212387}
CommandDispatcher::handleSeek: position set to 9.1710s
Command executed: seek, result: {
  "status": "ok",
  "message": "Seek executed",
  "position_seconds": 9.170992262123869
}
VitHeadlessService: command reply (truncated): {
  "status": "ok",
  "message": "Seek executed",
  "position_seconds": 9.170992262123869
}
ZmqGateway: received command payload: {"cmd":"seek","time":9.18653632323754}
ZmqGateway: dispatching payload to JUCE message thread.
VitHeadlessService: processing queued command on JUCE message thread: {"cmd":"seek","time":9.18653632323754}
Command received: {"cmd":"seek","time":9.18653632323754}
CommandDispatcher::handleSeek: position set to 9.1865s
Command executed: seek, result: {
  "status": "ok",
  "message": "Seek executed",
  "position_seconds": 9.18653632323754
}
VitHeadlessService: command reply (truncated): {
  "status": "ok",
  "message": "Seek executed",
  "position_seconds": 9.18653632323754
}
ZmqGateway: received command payload: {"cmd":"seek","time":9.21762444546486}
ZmqGateway: dispatching payload to JUCE message thread.
VitHeadlessService: processing queued command on JUCE message thread: {"cmd":"seek","time":9.21762444546486}
Command received: {"cmd":"seek","time":9.21762444546486}
CommandDispatcher::handleSeek: position set to 9.2176s
Command executed: seek, result: {
  "status": "ok",
  "message": "Seek executed",
  "position_seconds": 9.21762444546486
}
VitHeadlessService: command reply (truncated): {
  "status": "ok",
  "message": "Seek executed",
  "position_seconds": 9.21762444546486
}
ZmqGateway: received command payload: {"cmd":"seek","time":9.26425662880585}
ZmqGateway: dispatching payload to JUCE message thread.
VitHeadlessService: processing queued command on JUCE message thread: {"cmd":"seek","time":9.26425662880585}
Command received: {"cmd":"seek","time":9.26425662880585}
CommandDispatcher::handleSeek: position set to 9.2643s
Command executed: seek, result: {
  "status": "ok",
  "message": "Seek executed",
  "position_seconds": 9.26425662880585
}
VitHeadlessService: command reply (truncated): {
  "status": "ok",
  "message": "Seek executed",
  "position_seconds": 9.26425662880585
}
ZmqGateway: received command payload: {"cmd":"seek","time":9.29534475103317}
ZmqGateway: dispatching payload to JUCE message thread.
VitHeadlessService: processing queued command on JUCE message thread: {"cmd":"seek","time":9.29534475103317}
Command received: {"cmd":"seek","time":9.29534475103317}
CommandDispatcher::handleSeek: position set to 9.2953s
Command executed: seek, result: {
  "status": "ok",
  "message": "Seek executed",
  "position_seconds": 9.29534475103317
}
VitHeadlessService: command reply (truncated): {
  "status": "ok",
  "message": "Seek executed",
  "position_seconds": 9.29534475103317
}
ZmqGateway: received command payload: {"cmd":"seek","time":9.34197693437416}
ZmqGateway: dispatching payload to JUCE message thread.
VitHeadlessService: processing queued command on JUCE message thread: {"cmd":"seek","time":9.34197693437416}
Command received: {"cmd":"seek","time":9.34197693437416}
CommandDispatcher::handleSeek: position set to 9.3420s
Command executed: seek, result: {
  "status": "ok",
  "message": "Seek executed",
  "position_seconds": 9.341976934374159
}
VitHeadlessService: command reply (truncated): {
  "status": "ok",
  "message": "Seek executed",
  "position_seconds": 9.341976934374159
}
ZmqGateway: received command payload: {"cmd":"seek","time":9.37306505660148}
ZmqGateway: dispatching payload to JUCE message thread.
VitHeadlessService: processing queued command on JUCE message thread: {"cmd":"seek","time":9.37306505660148}
Command received: {"cmd":"seek","time":9.37306505660148}
CommandDispatcher::handleSeek: position set to 9.3731s
Command executed: seek, result: {
  "status": "ok",
  "message": "Seek executed",
  "position_seconds": 9.373065056601479
}
VitHeadlessService: command reply (truncated): {
  "status": "ok",
  "message": "Seek executed",
  "position_seconds": 9.373065056601479
}
ZmqGateway: received command payload: {"cmd":"seek","time":9.41969723994247}
ZmqGateway: dispatching payload to JUCE message thread.
VitHeadlessService: processing queued command on JUCE message thread: {"cmd":"seek","time":9.41969723994247}
Command received: {"cmd":"seek","time":9.41969723994247}
CommandDispatcher::handleSeek: position set to 9.4197s
Command executed: seek, result: {
  "status": "ok",
  "message": "Seek executed",
  "position_seconds": 9.419697239942471
}
VitHeadlessService: command reply (truncated): {
  "status": "ok",
  "message": "Seek executed",
  "position_seconds": 9.419697239942471
}
ZmqGateway: received command payload: {"cmd":"seek","time":9.45078536216979}
ZmqGateway: dispatching payload to JUCE message thread.
VitHeadlessService: processing queued command on JUCE message thread: {"cmd":"seek","time":9.45078536216979}
Command received: {"cmd":"seek","time":9.45078536216979}
CommandDispatcher::handleSeek: position set to 9.4508s
Command executed: seek, result: {
  "status": "ok",
  "message": "Seek executed",
  "position_seconds": 9.450785362169791
}
VitHeadlessService: command reply (truncated): {
  "status": "ok",
  "message": "Seek executed",
  "position_seconds": 9.450785362169791
}
ZmqGateway: received command payload: {"cmd":"seek","time":9.51296160662444}
ZmqGateway: dispatching payload to JUCE message thread.
VitHeadlessService: processing queued command on JUCE message thread: {"cmd":"seek","time":9.51296160662444}
Command received: {"cmd":"seek","time":9.51296160662444}
CommandDispatcher::handleSeek: position set to 9.5130s
Command executed: seek, result: {
  "status": "ok",
  "message": "Seek executed",
  "position_seconds": 9.51296160662444
}
VitHeadlessService: command reply (truncated): {
  "status": "ok",
  "message": "Seek executed",
  "position_seconds": 9.51296160662444
}
ZmqGateway: received command payload: {"cmd":"seek","time":9.60622597330642}
ZmqGateway: dispatching payload to JUCE message thread.
VitHeadlessService: processing queued command on JUCE message thread: {"cmd":"seek","time":9.60622597330642}
Command received: {"cmd":"seek","time":9.60622597330642}
CommandDispatcher::handleSeek: position set to 9.6062s
Command executed: seek, result: {
  "status": "ok",
  "message": "Seek executed",
  "position_seconds": 9.606225973306421
}
VitHeadlessService: command reply (truncated): {
  "status": "ok",
  "message": "Seek executed",
  "position_seconds": 9.606225973306421
}
ZmqGateway: received command payload: {"cmd":"seek","time":9.73057846221571}
ZmqGateway: dispatching payload to JUCE message thread.
VitHeadlessService: processing queued command on JUCE message thread: {"cmd":"seek","time":9.73057846221571}
Command received: {"cmd":"seek","time":9.73057846221571}
CommandDispatcher::handleSeek: position set to 9.7306s
Command executed: seek, result: {
  "status": "ok",
  "message": "Seek executed",
  "position_seconds": 9.730578462215711
}
VitHeadlessService: command reply (truncated): {
  "status": "ok",
  "message": "Seek executed",
  "position_seconds": 9.730578462215711
}
ZmqGateway: received command payload: {"cmd":"seek","time":9.87047501223867}
ZmqGateway: dispatching payload to JUCE message thread.
VitHeadlessService: processing queued command on JUCE message thread: {"cmd":"seek","time":9.87047501223867}
Command received: {"cmd":"seek","time":9.87047501223867}
CommandDispatcher::handleSeek: position set to 9.8705s
Command executed: seek, result: {
  "status": "ok",
  "message": "Seek executed",
  "position_seconds": 9.87047501223867
}
VitHeadlessService: command reply (truncated): {
  "status": "ok",
  "message": "Seek executed",
  "position_seconds": 9.87047501223867
}
ZmqGateway: received command payload: {"cmd":"seek","time":10.0259156233753}
ZmqGateway: dispatching payload to JUCE message thread.
VitHeadlessService: processing queued command on JUCE message thread: {"cmd":"seek","time":10.0259156233753}
Command received: {"cmd":"seek","time":10.0259156233753}
CommandDispatcher::handleSeek: position set to 10.0259s
Command executed: seek, result: {
  "status": "ok",
  "message": "Seek executed",
  "position_seconds": 10.025915623375299
}
VitHeadlessService: command reply (truncated): {
  "status": "ok",
  "message": "Seek executed",
  "position_seconds": 10.025915623375299
}
ZmqGateway: received command payload: {"cmd":"seek","time":10.1969002956256}
ZmqGateway: dispatching payload to JUCE message thread.
VitHeadlessService: processing queued command on JUCE message thread: {"cmd":"seek","time":10.1969002956256}
Command received: {"cmd":"seek","time":10.1969002956256}
CommandDispatcher::handleSeek: position set to 10.1969s
Command executed: seek, result: {
  "status": "ok",
  "message": "Seek executed",
  "position_seconds": 10.1969002956256
}
VitHeadlessService: command reply (truncated): {
  "status": "ok",
  "message": "Seek executed",
  "position_seconds": 10.1969002956256
}
ZmqGateway: received command payload: {"cmd":"seek","time":10.3523409067622}
ZmqGateway: dispatching payload to JUCE message thread.
VitHeadlessService: processing queued command on JUCE message thread: {"cmd":"seek","time":10.3523409067622}
Command received: {"cmd":"seek","time":10.3523409067622}
CommandDispatcher::handleSeek: position set to 10.3523s
Command executed: seek, result: {
  "status": "ok",
  "message": "Seek executed",
  "position_seconds": 10.352340906762199
}
VitHeadlessService: command reply (truncated): {
  "status": "ok",
  "message": "Seek executed",
  "position_seconds": 10.352340906762199
}
ZmqGateway: received command payload: {"cmd":"seek","time":10.4922374567852}
ZmqGateway: dispatching payload to JUCE message thread.
VitHeadlessService: processing queued command on JUCE message thread: {"cmd":"seek","time":10.4922374567852}
Command received: {"cmd":"seek","time":10.4922374567852}
CommandDispatcher::handleSeek: position set to 10.4922s
Command executed: seek, result: {
  "status": "ok",
  "message": "Seek executed",
  "position_seconds": 10.492237456785199
}
VitHeadlessService: command reply (truncated): {
  "status": "ok",
  "message": "Seek executed",
  "position_seconds": 10.492237456785199
}
ZmqGateway: received command payload: {"cmd":"seek","time":10.6165899456945}
ZmqGateway: dispatching payload to JUCE message thread.
VitHeadlessService: processing queued command on JUCE message thread: {"cmd":"seek","time":10.6165899456945}
Command received: {"cmd":"seek","time":10.6165899456945}
CommandDispatcher::handleSeek: position set to 10.6166s
Command executed: seek, result: {
  "status": "ok",
  "message": "Seek executed",
  "position_seconds": 10.6165899456945
}
VitHeadlessService: command reply (truncated): {
  "status": "ok",
  "message": "Seek executed",
  "position_seconds": 10.6165899456945
}
ZmqGateway: received command payload: {"cmd":"seek","time":10.7098543123764}
ZmqGateway: dispatching payload to JUCE message thread.
VitHeadlessService: processing queued command on JUCE message thread: {"cmd":"seek","time":10.7098543123764}
Command received: {"cmd":"seek","time":10.7098543123764}
CommandDispatcher::handleSeek: position set to 10.7099s
Command executed: seek, result: {
  "status": "ok",
  "message": "Seek executed",
  "position_seconds": 10.7098543123764
}
VitHeadlessService: command reply (truncated): {
  "status": "ok",
  "message": "Seek executed",
  "position_seconds": 10.7098543123764
}
ZmqGateway: received command payload: {"cmd":"seek","time":10.7720305568311}
ZmqGateway: dispatching payload to JUCE message thread.
VitHeadlessService: processing queued command on JUCE message thread: {"cmd":"seek","time":10.7720305568311}
Command received: {"cmd":"seek","time":10.7720305568311}
CommandDispatcher::handleSeek: position set to 10.7720s
Command executed: seek, result: {
  "status": "ok",
  "message": "Seek executed",
  "position_seconds": 10.772030556831099
}
VitHeadlessService: command reply (truncated): {
  "status": "ok",
  "message": "Seek executed",
  "position_seconds": 10.772030556831099
}
ZmqGateway: received command payload: {"cmd":"seek","time":10.8031186790584}
ZmqGateway: dispatching payload to JUCE message thread.
VitHeadlessService: processing queued command on JUCE message thread: {"cmd":"seek","time":10.8031186790584}
Command received: {"cmd":"seek","time":10.8031186790584}
CommandDispatcher::handleSeek: position set to 10.8031s
Command executed: seek, result: {
  "status": "ok",
  "message": "Seek executed",
  "position_seconds": 10.8031186790584
}
VitHeadlessService: command reply (truncated): {
  "status": "ok",
  "message": "Seek executed",
  "position_seconds": 10.8031186790584
}
ZmqGateway: received command payload: {"cmd":"seek","time":10.8186627401721}
ZmqGateway: dispatching payload to JUCE message thread.
VitHeadlessService: processing queued command on JUCE message thread: {"cmd":"seek","time":10.8186627401721}
Command received: {"cmd":"seek","time":10.8186627401721}
CommandDispatcher::handleSeek: position set to 10.8187s
Command executed: seek, result: {
  "status": "ok",
  "message": "Seek executed",
  "position_seconds": 10.818662740172099
}
VitHeadlessService: command reply (truncated): {
  "status": "ok",
  "message": "Seek executed",
  "position_seconds": 10.818662740172099
}
ZmqGateway: received command payload: {"cmd":"seek","time":10.8342068012857}
ZmqGateway: dispatching payload to JUCE message thread.
VitHeadlessService: processing queued command on JUCE message thread: {"cmd":"seek","time":10.8342068012857}
Command received: {"cmd":"seek","time":10.8342068012857}
CommandDispatcher::handleSeek: position set to 10.8342s
Command executed: seek, result: {
  "status": "ok",
  "message": "Seek executed",
  "position_seconds": 10.834206801285699
}
VitHeadlessService: command reply (truncated): {
  "status": "ok",
  "message": "Seek executed",
  "position_seconds": 10.834206801285699
}
ZmqGateway: received command payload: {"cmd":"seek","time":10.8497508623994}
ZmqGateway: dispatching payload to JUCE message thread.
VitHeadlessService: processing queued command on JUCE message thread: {"cmd":"seek","time":10.8497508623994}
Command received: {"cmd":"seek","time":10.8497508623994}
CommandDispatcher::handleSeek: position set to 10.8498s
Command executed: seek, result: {
  "status": "ok",
  "message": "Seek executed",
  "position_seconds": 10.8497508623994
}
VitHeadlessService: command reply (truncated): {
  "status": "ok",
  "message": "Seek executed",
  "position_seconds": 10.8497508623994
}
ZmqGateway: received command payload: {"cmd":"seek","time":10.8963830457404}
ZmqGateway: dispatching payload to JUCE message thread.
VitHeadlessService: processing queued command on JUCE message thread: {"cmd":"seek","time":10.8963830457404}
Command received: {"cmd":"seek","time":10.8963830457404}
CommandDispatcher::handleSeek: position set to 10.8964s
Command executed: seek, result: {
  "status": "ok",
  "message": "Seek executed",
  "position_seconds": 10.8963830457404
}
VitHeadlessService: command reply (truncated): {
  "status": "ok",
  "message": "Seek executed",
  "position_seconds": 10.8963830457404
}
ZmqGateway: received command payload: {"cmd":"seek","time":10.9274711679677}
ZmqGateway: dispatching payload to JUCE message thread.
VitHeadlessService: processing queued command on JUCE message thread: {"cmd":"seek","time":10.9274711679677}
Command received: {"cmd":"seek","time":10.9274711679677}
CommandDispatcher::handleSeek: position set to 10.9275s
Command executed: seek, result: {
  "status": "ok",
  "message": "Seek executed",
  "position_seconds": 10.927471167967701
}
VitHeadlessService: command reply (truncated): {
  "status": "ok",
  "message": "Seek executed",
  "position_seconds": 10.927471167967701
}
ZmqGateway: received command payload: {"cmd":"seek","time":10.958559290195}
ZmqGateway: dispatching payload to JUCE message thread.
VitHeadlessService: processing queued command on JUCE message thread: {"cmd":"seek","time":10.958559290195}
Command received: {"cmd":"seek","time":10.958559290195}
CommandDispatcher::handleSeek: position set to 10.9586s
Command executed: seek, result: {
  "status": "ok",
  "message": "Seek executed",
  "position_seconds": 10.958559290195
}
VitHeadlessService: command reply (truncated): {
  "status": "ok",
  "message": "Seek executed",
  "position_seconds": 10.958559290195
}
ZmqGateway: received command payload: {"cmd":"seek","time":11.005191473536}
ZmqGateway: dispatching payload to JUCE message thread.
VitHeadlessService: processing queued command on JUCE message thread: {"cmd":"seek","time":11.005191473536}
Command received: {"cmd":"seek","time":11.005191473536}
CommandDispatcher::handleSeek: position set to 11.0052s
Command executed: seek, result: {
  "status": "ok",
  "message": "Seek executed",
  "position_seconds": 11.005191473536
}
VitHeadlessService: command reply (truncated): {
  "status": "ok",
  "message": "Seek executed",
  "position_seconds": 11.005191473536
}
ZmqGateway: received command payload: {"cmd":"seek","time":11.0673677179907}
ZmqGateway: dispatching payload to JUCE message thread.
VitHeadlessService: processing queued command on JUCE message thread: {"cmd":"seek","time":11.0673677179907}
Command received: {"cmd":"seek","time":11.0673677179907}
CommandDispatcher::handleSeek: position set to 11.0674s
Command executed: seek, result: {
  "status": "ok",
  "message": "Seek executed",
  "position_seconds": 11.067367717990701
}
VitHeadlessService: command reply (truncated): {
  "status": "ok",
  "message": "Seek executed",
  "position_seconds": 11.067367717990701
}
ZmqGateway: received command payload: {"cmd":"seek","time":11.098455840218}
ZmqGateway: dispatching payload to JUCE message thread.
VitHeadlessService: processing queued command on JUCE message thread: {"cmd":"seek","time":11.098455840218}
Command received: {"cmd":"seek","time":11.098455840218}
CommandDispatcher::handleSeek: position set to 11.0985s
Command executed: seek, result: {
  "status": "ok",
  "message": "Seek executed",
  "position_seconds": 11.098455840218
}
VitHeadlessService: command reply (truncated): {
  "status": "ok",
  "message": "Seek executed",
  "position_seconds": 11.098455840218
}
ZmqGateway: received command payload: {"cmd":"seek","time":11.1139999013316}
ZmqGateway: dispatching payload to JUCE message thread.
VitHeadlessService: processing queued command on JUCE message thread: {"cmd":"seek","time":11.1139999013316}
Command received: {"cmd":"seek","time":11.1139999013316}
CommandDispatcher::handleSeek: position set to 11.1140s
Command executed: seek, result: {
  "status": "ok",
  "message": "Seek executed",
  "position_seconds": 11.113999901331599
}
VitHeadlessService: command reply (truncated): {
  "status": "ok",
  "message": "Seek executed",
  "position_seconds": 11.113999901331599
}
ZmqGateway: received command payload: {"cmd":"seek","time":11.1295439624453}
ZmqGateway: dispatching payload to JUCE message thread.
VitHeadlessService: processing queued command on JUCE message thread: {"cmd":"seek","time":11.1295439624453}
Command received: {"cmd":"seek","time":11.1295439624453}
CommandDispatcher::handleSeek: position set to 11.1295s
Command executed: seek, result: {
  "status": "ok",
  "message": "Seek executed",
  "position_seconds": 11.1295439624453
}
VitHeadlessService: command reply (truncated): {
  "status": "ok",
  "message": "Seek executed",
  "position_seconds": 11.1295439624453
}
ZmqGateway: received command payload: {"cmd":"seek","time":11.145088023559}
ZmqGateway: dispatching payload to JUCE message thread.
VitHeadlessService: processing queued command on JUCE message thread: {"cmd":"seek","time":11.145088023559}
Command received: {"cmd":"seek","time":11.145088023559}
CommandDispatcher::handleSeek: position set to 11.1451s
Command executed: seek, result: {
  "status": "ok",
  "message": "Seek executed",
  "position_seconds": 11.145088023559
}
VitHeadlessService: command reply (truncated): {
  "status": "ok",
  "message": "Seek executed",
  "position_seconds": 11.145088023559
}
ZmqGateway: received command payload: {"cmd":"seek","time":11.1606320846726}
ZmqGateway: dispatching payload to JUCE message thread.
VitHeadlessService: processing queued command on JUCE message thread: {"cmd":"seek","time":11.1606320846726}
Command received: {"cmd":"seek","time":11.1606320846726}
CommandDispatcher::handleSeek: position set to 11.1606s
Command executed: seek, result: {
  "status": "ok",
  "message": "Seek executed",
  "position_seconds": 11.160632084672599
}
VitHeadlessService: command reply (truncated): {
  "status": "ok",
  "message": "Seek executed",
  "position_seconds": 11.160632084672599
}
ZmqGateway: received command payload: {"cmd":"seek","time":11.1761761457863}
ZmqGateway: dispatching payload to JUCE message thread.
VitHeadlessService: processing queued command on JUCE message thread: {"cmd":"seek","time":11.1761761457863}
Command received: {"cmd":"seek","time":11.1761761457863}
CommandDispatcher::handleSeek: position set to 11.1762s
Command executed: seek, result: {
  "status": "ok",
  "message": "Seek executed",
  "position_seconds": 11.1761761457863
}
VitHeadlessService: command reply (truncated): {
  "status": "ok",
  "message": "Seek executed",
  "position_seconds": 11.1761761457863
}
ZmqGateway: received command payload: {"cmd":"seek","time":11.1917202069}
ZmqGateway: dispatching payload to JUCE message thread.
VitHeadlessService: processing queued command on JUCE message thread: {"cmd":"seek","time":11.1917202069}
Command received: {"cmd":"seek","time":11.1917202069}
CommandDispatcher::handleSeek: position set to 11.1917s
Command executed: seek, result: {
  "status": "ok",
  "message": "Seek executed",
  "position_seconds": 11.191720206899999
}
VitHeadlessService: command reply (truncated): {
  "status": "ok",
  "message": "Seek executed",
  "position_seconds": 11.191720206899999
}
ZmqGateway: received command payload: {"cmd":"seek","time":11.2228083291273}
ZmqGateway: dispatching payload to JUCE message thread.
VitHeadlessService: processing queued command on JUCE message thread: {"cmd":"seek","time":11.2228083291273}
Command received: {"cmd":"seek","time":11.2228083291273}
CommandDispatcher::handleSeek: position set to 11.2228s
Command executed: seek, result: {
  "status": "ok",
  "message": "Seek executed",
  "position_seconds": 11.2228083291273
}
VitHeadlessService: command reply (truncated): {
  "status": "ok",
  "message": "Seek executed",
  "position_seconds": 11.2228083291273
}
ZmqGateway: received command payload: {"cmd":"seek","time":11.2694405124683}
ZmqGateway: dispatching payload to JUCE message thread.
VitHeadlessService: processing queued command on JUCE message thread: {"cmd":"seek","time":11.2694405124683}
Command received: {"cmd":"seek","time":11.2694405124683}
CommandDispatcher::handleSeek: position set to 11.2694s
Command executed: seek, result: {
  "status": "ok",
  "message": "Seek executed",
  "position_seconds": 11.2694405124683
}
VitHeadlessService: command reply (truncated): {
  "status": "ok",
  "message": "Seek executed",
  "position_seconds": 11.2694405124683
}
ZmqGateway: received command payload: {"cmd":"seek","time":11.3160726958093}
ZmqGateway: dispatching payload to JUCE message thread.
VitHeadlessService: processing queued command on JUCE message thread: {"cmd":"seek","time":11.3160726958093}
Command received: {"cmd":"seek","time":11.3160726958093}
CommandDispatcher::handleSeek: position set to 11.3161s
Command executed: seek, result: {
  "status": "ok",
  "message": "Seek executed",
  "position_seconds": 11.3160726958093
}
VitHeadlessService: command reply (truncated): {
  "status": "ok",
  "message": "Seek executed",
  "position_seconds": 11.3160726958093
}
ZmqGateway: received command payload: {"cmd":"seek","time":11.3627048791502}
ZmqGateway: dispatching payload to JUCE message thread.
VitHeadlessService: processing queued command on JUCE message thread: {"cmd":"seek","time":11.3627048791502}
Command received: {"cmd":"seek","time":11.3627048791502}
CommandDispatcher::handleSeek: position set to 11.3627s
Command executed: seek, result: {
  "status": "ok",
  "message": "Seek executed",
  "position_seconds": 11.362704879150201
}
VitHeadlessService: command reply (truncated): {
  "status": "ok",
  "message": "Seek executed",
  "position_seconds": 11.362704879150201
}
ZmqGateway: received command payload: {"cmd":"seek","time":11.4248811236049}
ZmqGateway: dispatching payload to JUCE message thread.
VitHeadlessService: processing queued command on JUCE message thread: {"cmd":"seek","time":11.4248811236049}
Command received: {"cmd":"seek","time":11.4248811236049}
CommandDispatcher::handleSeek: position set to 11.4249s
Command executed: seek, result: {
  "status": "ok",
  "message": "Seek executed",
  "position_seconds": 11.4248811236049
}
VitHeadlessService: command reply (truncated): {
  "status": "ok",
  "message": "Seek executed",
  "position_seconds": 11.4248811236049
}
ZmqGateway: received command payload: {"cmd":"seek","time":11.4715133069459}
ZmqGateway: dispatching payload to JUCE message thread.
VitHeadlessService: processing queued command on JUCE message thread: {"cmd":"seek","time":11.4715133069459}
Command received: {"cmd":"seek","time":11.4715133069459}
CommandDispatcher::handleSeek: position set to 11.4715s
Command executed: seek, result: {
  "status": "ok",
  "message": "Seek executed",
  "position_seconds": 11.4715133069459
}
VitHeadlessService: command reply (truncated): {
  "status": "ok",
  "message": "Seek executed",
  "position_seconds": 11.4715133069459
}
ZmqGateway: received command payload: {"cmd":"seek","time":11.5181454902869}
ZmqGateway: dispatching payload to JUCE message thread.
VitHeadlessService: processing queued command on JUCE message thread: {"cmd":"seek","time":11.5181454902869}
Command received: {"cmd":"seek","time":11.5181454902869}
CommandDispatcher::handleSeek: position set to 11.5181s
Command executed: seek, result: {
  "status": "ok",
  "message": "Seek executed",
  "position_seconds": 11.5181454902869
}
VitHeadlessService: command reply (truncated): {
  "status": "ok",
  "message": "Seek executed",
  "position_seconds": 11.5181454902869
}
ZmqGateway: received command payload: {"cmd":"seek","time":11.5336895514005}
ZmqGateway: dispatching payload to JUCE message thread.
VitHeadlessService: processing queued command on JUCE message thread: {"cmd":"seek","time":11.5336895514005}
Command received: {"cmd":"seek","time":11.5336895514005}
CommandDispatcher::handleSeek: position set to 11.5337s
Command executed: seek, result: {
  "status": "ok",
  "message": "Seek executed",
  "position_seconds": 11.533689551400499
}
VitHeadlessService: command reply (truncated): {
  "status": "ok",
  "message": "Seek executed",
  "position_seconds": 11.533689551400499
}
ZmqGateway: received command payload: {"cmd":"seek","time":11.5492336125142}
ZmqGateway: dispatching payload to JUCE message thread.
VitHeadlessService: processing queued command on JUCE message thread: {"cmd":"seek","time":11.5492336125142}
Command received: {"cmd":"seek","time":11.5492336125142}
CommandDispatcher::handleSeek: position set to 11.5492s
Command executed: seek, result: {
  "status": "ok",
  "message": "Seek executed",
  "position_seconds": 11.5492336125142
}
VitHeadlessService: command reply (truncated): {
  "status": "ok",
  "message": "Seek executed",
  "position_seconds": 11.5492336125142
}
ZmqGateway: received command payload: {"cmd":"seek","time":11.5336895514005}
ZmqGateway: dispatching payload to JUCE message thread.
VitHeadlessService: processing queued command on JUCE message thread: {"cmd":"seek","time":11.5336895514005}
Command received: {"cmd":"seek","time":11.5336895514005}
CommandDispatcher::handleSeek: position set to 11.5337s
Command executed: seek, result: {
  "status": "ok",
  "message": "Seek executed",
  "position_seconds": 11.533689551400499
}
VitHeadlessService: command reply (truncated): {
  "status": "ok",
  "message": "Seek executed",
  "position_seconds": 11.533689551400499
}
ZmqGateway: received command payload: {"cmd":"seek","time":11.5181454902869}
ZmqGateway: dispatching payload to JUCE message thread.
VitHeadlessService: processing queued command on JUCE message thread: {"cmd":"seek","time":11.5181454902869}
Command received: {"cmd":"seek","time":11.5181454902869}
CommandDispatcher::handleSeek: position set to 11.5181s
Command executed: seek, result: {
  "status": "ok",
  "message": "Seek executed",
  "position_seconds": 11.5181454902869
}
VitHeadlessService: command reply (truncated): {
  "status": "ok",
  "message": "Seek executed",
  "position_seconds": 11.5181454902869
}
ZmqGateway: received command payload: {"cmd":"seek","time":11.5026014291732}
ZmqGateway: dispatching payload to JUCE message thread.
VitHeadlessService: processing queued command on JUCE message thread: {"cmd":"seek","time":11.5026014291732}
Command received: {"cmd":"seek","time":11.5026014291732}
CommandDispatcher::handleSeek: position set to 11.5026s
Command executed: seek, result: {
  "status": "ok",
  "message": "Seek executed",
  "position_seconds": 11.5026014291732
}
VitHeadlessService: command reply (truncated): {
  "status": "ok",
  "message": "Seek executed",
  "position_seconds": 11.5026014291732
}
ZmqGateway: received command payload: {"cmd":"seek","time":11.4715133069459}
ZmqGateway: dispatching payload to JUCE message thread.
VitHeadlessService: processing queued command on JUCE message thread: {"cmd":"seek","time":11.4715133069459}
Command received: {"cmd":"seek","time":11.4715133069459}
CommandDispatcher::handleSeek: position set to 11.4715s
Command executed: seek, result: {
  "status": "ok",
  "message": "Seek executed",
  "position_seconds": 11.4715133069459
}
VitHeadlessService: command reply (truncated): {
  "status": "ok",
  "message": "Seek executed",
  "position_seconds": 11.4715133069459
}
ZmqGateway: received command payload: {"cmd":"seek","time":11.4093370624912}
ZmqGateway: dispatching payload to JUCE message thread.
VitHeadlessService: processing queued command on JUCE message thread: {"cmd":"seek","time":11.4093370624912}
Command received: {"cmd":"seek","time":11.4093370624912}
CommandDispatcher::handleSeek: position set to 11.4093s
Command executed: seek, result: {
  "status": "ok",
  "message": "Seek executed",
  "position_seconds": 11.4093370624912
}
VitHeadlessService: command reply (truncated): {
  "status": "ok",
  "message": "Seek executed",
  "position_seconds": 11.4093370624912
}
ZmqGateway: received command payload: {"cmd":"seek","time":11.3160726958093}
ZmqGateway: dispatching payload to JUCE message thread.
VitHeadlessService: processing queued command on JUCE message thread: {"cmd":"seek","time":11.3160726958093}
Command received: {"cmd":"seek","time":11.3160726958093}
CommandDispatcher::handleSeek: position set to 11.3161s
Command executed: seek, result: {
  "status": "ok",
  "message": "Seek executed",
  "position_seconds": 11.3160726958093
}
VitHeadlessService: command reply (truncated): {
  "status": "ok",
  "message": "Seek executed",
  "position_seconds": 11.3160726958093
}
ZmqGateway: received command payload: {"cmd":"seek","time":11.1917202069}
ZmqGateway: dispatching payload to JUCE message thread.
VitHeadlessService: processing queued command on JUCE message thread: {"cmd":"seek","time":11.1917202069}
Command received: {"cmd":"seek","time":11.1917202069}
CommandDispatcher::handleSeek: position set to 11.1917s
Command executed: seek, result: {
  "status": "ok",
  "message": "Seek executed",
  "position_seconds": 11.191720206899999
}
VitHeadlessService: command reply (truncated): {
  "status": "ok",
  "message": "Seek executed",
  "position_seconds": 11.191720206899999
}
ZmqGateway: received command payload: {"cmd":"seek","time":11.0673677179907}
ZmqGateway: dispatching payload to JUCE message thread.
VitHeadlessService: processing queued command on JUCE message thread: {"cmd":"seek","time":11.0673677179907}
Command received: {"cmd":"seek","time":11.0673677179907}
CommandDispatcher::handleSeek: position set to 11.0674s
Command executed: seek, result: {
  "status": "ok",
  "message": "Seek executed",
  "position_seconds": 11.067367717990701
}
VitHeadlessService: command reply (truncated): {
  "status": "ok",
  "message": "Seek executed",
  "position_seconds": 11.067367717990701
}
ZmqGateway: received command payload: {"cmd":"seek","time":10.9274711679677}
ZmqGateway: dispatching payload to JUCE message thread.
VitHeadlessService: processing queued command on JUCE message thread: {"cmd":"seek","time":10.9274711679677}
Command received: {"cmd":"seek","time":10.9274711679677}
CommandDispatcher::handleSeek: position set to 10.9275s
Command executed: seek, result: {
  "status": "ok",
  "message": "Seek executed",
  "position_seconds": 10.927471167967701
}
VitHeadlessService: command reply (truncated): {
  "status": "ok",
  "message": "Seek executed",
  "position_seconds": 10.927471167967701
}
ZmqGateway: received command payload: {"cmd":"seek","time":10.7720305568311}
ZmqGateway: dispatching payload to JUCE message thread.
VitHeadlessService: processing queued command on JUCE message thread: {"cmd":"seek","time":10.7720305568311}
Command received: {"cmd":"seek","time":10.7720305568311}
CommandDispatcher::handleSeek: position set to 10.7720s
Command executed: seek, result: {
  "status": "ok",
  "message": "Seek executed",
  "position_seconds": 10.772030556831099
}
VitHeadlessService: command reply (truncated): {
  "status": "ok",
  "message": "Seek executed",
  "position_seconds": 10.772030556831099
}
ZmqGateway: received command payload: {"cmd":"seek","time":10.6165899456945}
ZmqGateway: dispatching payload to JUCE message thread.
VitHeadlessService: processing queued command on JUCE message thread: {"cmd":"seek","time":10.6165899456945}
Command received: {"cmd":"seek","time":10.6165899456945}
CommandDispatcher::handleSeek: position set to 10.6166s
Command executed: seek, result: {
  "status": "ok",
  "message": "Seek executed",
  "position_seconds": 10.6165899456945
}
VitHeadlessService: command reply (truncated): {
  "status": "ok",
  "message": "Seek executed",
  "position_seconds": 10.6165899456945
}
ZmqGateway: received command payload: {"cmd":"seek","time":10.4766933956715}
ZmqGateway: dispatching payload to JUCE message thread.
VitHeadlessService: processing queued command on JUCE message thread: {"cmd":"seek","time":10.4766933956715}
Command received: {"cmd":"seek","time":10.4766933956715}
CommandDispatcher::handleSeek: position set to 10.4767s
Command executed: seek, result: {
  "status": "ok",
  "message": "Seek executed",
  "position_seconds": 10.4766933956715
}
VitHeadlessService: command reply (truncated): {
  "status": "ok",
  "message": "Seek executed",
  "position_seconds": 10.4766933956715
}
ZmqGateway: received command payload: {"cmd":"seek","time":10.3212527845349}
ZmqGateway: dispatching payload to JUCE message thread.
VitHeadlessService: processing queued command on JUCE message thread: {"cmd":"seek","time":10.3212527845349}
Command received: {"cmd":"seek","time":10.3212527845349}
CommandDispatcher::handleSeek: position set to 10.3213s
Command executed: seek, result: {
  "status": "ok",
  "message": "Seek executed",
  "position_seconds": 10.3212527845349
}
VitHeadlessService: command reply (truncated): {
  "status": "ok",
  "message": "Seek executed",
  "position_seconds": 10.3212527845349
}
ZmqGateway: received command payload: {"cmd":"seek","time":10.1658121733983}
ZmqGateway: dispatching payload to JUCE message thread.
VitHeadlessService: processing queued command on JUCE message thread: {"cmd":"seek","time":10.1658121733983}
Command received: {"cmd":"seek","time":10.1658121733983}
CommandDispatcher::handleSeek: position set to 10.1658s
Command executed: seek, result: {
  "status": "ok",
  "message": "Seek executed",
  "position_seconds": 10.165812173398299
}
VitHeadlessService: command reply (truncated): {
  "status": "ok",
  "message": "Seek executed",
  "position_seconds": 10.165812173398299
}
ZmqGateway: received command payload: {"cmd":"seek","time":10.0103715622616}
ZmqGateway: dispatching payload to JUCE message thread.
VitHeadlessService: processing queued command on JUCE message thread: {"cmd":"seek","time":10.0103715622616}
Command received: {"cmd":"seek","time":10.0103715622616}
CommandDispatcher::handleSeek: position set to 10.0104s
Command executed: seek, result: {
  "status": "ok",
  "message": "Seek executed",
  "position_seconds": 10.0103715622616
}
VitHeadlessService: command reply (truncated): {
  "status": "ok",
  "message": "Seek executed",
  "position_seconds": 10.0103715622616
}
ZmqGateway: received command payload: {"cmd":"seek","time":9.85493095112501}
ZmqGateway: dispatching payload to JUCE message thread.
VitHeadlessService: processing queued command on JUCE message thread: {"cmd":"seek","time":9.85493095112501}
Command received: {"cmd":"seek","time":9.85493095112501}
CommandDispatcher::handleSeek: position set to 9.8549s
Command executed: seek, result: {
  "status": "ok",
  "message": "Seek executed",
  "position_seconds": 9.854930951125009
}
VitHeadlessService: command reply (truncated): {
  "status": "ok",
  "message": "Seek executed",
  "position_seconds": 9.854930951125009
}
ZmqGateway: received command payload: {"cmd":"seek","time":9.71503440110205}
ZmqGateway: dispatching payload to JUCE message thread.
VitHeadlessService: processing queued command on JUCE message thread: {"cmd":"seek","time":9.71503440110205}
Command received: {"cmd":"seek","time":9.71503440110205}
CommandDispatcher::handleSeek: position set to 9.7150s
Command executed: seek, result: {
  "status": "ok",
  "message": "Seek executed",
  "position_seconds": 9.71503440110205
}
VitHeadlessService: command reply (truncated): {
  "status": "ok",
  "message": "Seek executed",
  "position_seconds": 9.71503440110205
}
ZmqGateway: received command payload: {"cmd":"seek","time":9.55959378996543}
ZmqGateway: dispatching payload to JUCE message thread.
VitHeadlessService: processing queued command on JUCE message thread: {"cmd":"seek","time":9.55959378996543}
Command received: {"cmd":"seek","time":9.55959378996543}
CommandDispatcher::handleSeek: position set to 9.5596s
Command executed: seek, result: {
  "status": "ok",
  "message": "Seek executed",
  "position_seconds": 9.55959378996543
}
VitHeadlessService: command reply (truncated): {
  "status": "ok",
  "message": "Seek executed",
  "position_seconds": 9.55959378996543
}
ZmqGateway: received command payload: {"cmd":"seek","time":9.41969723994247}
ZmqGateway: dispatching payload to JUCE message thread.
VitHeadlessService: processing queued command on JUCE message thread: {"cmd":"seek","time":9.41969723994247}
Command received: {"cmd":"seek","time":9.41969723994247}
CommandDispatcher::handleSeek: position set to 9.4197s
Command executed: seek, result: {
  "status": "ok",
  "message": "Seek executed",
  "position_seconds": 9.419697239942471
}
VitHeadlessService: command reply (truncated): {
  "status": "ok",
  "message": "Seek executed",
  "position_seconds": 9.419697239942471
}
ZmqGateway: received command payload: {"cmd":"seek","time":9.24871256769219}
ZmqGateway: dispatching payload to JUCE message thread.
VitHeadlessService: processing queued command on JUCE message thread: {"cmd":"seek","time":9.24871256769219}
Command received: {"cmd":"seek","time":9.24871256769219}
CommandDispatcher::handleSeek: position set to 9.2487s
Command executed: seek, result: {
  "status": "ok",
  "message": "Seek executed",
  "position_seconds": 9.24871256769219
}
VitHeadlessService: command reply (truncated): {
  "status": "ok",
  "message": "Seek executed",
  "position_seconds": 9.24871256769219
}
ZmqGateway: received command payload: {"cmd":"seek","time":9.10881601766923}
ZmqGateway: dispatching payload to JUCE message thread.
VitHeadlessService: processing queued command on JUCE message thread: {"cmd":"seek","time":9.10881601766923}
Command received: {"cmd":"seek","time":9.10881601766923}
CommandDispatcher::handleSeek: position set to 9.1088s
Command executed: seek, result: {
  "status": "ok",
  "message": "Seek executed",
  "position_seconds": 9.108816017669231
}
VitHeadlessService: command reply (truncated): {
  "status": "ok",
  "message": "Seek executed",
  "position_seconds": 9.108816017669231
}
ZmqGateway: received command payload: {"cmd":"seek","time":8.9533754065326}
ZmqGateway: dispatching payload to JUCE message thread.
VitHeadlessService: processing queued command on JUCE message thread: {"cmd":"seek","time":8.9533754065326}
Command received: {"cmd":"seek","time":8.9533754065326}
CommandDispatcher::handleSeek: position set to 8.9534s
Command executed: seek, result: {
  "status": "ok",
  "message": "Seek executed",
  "position_seconds": 8.953375406532601
}
VitHeadlessService: command reply (truncated): {
  "status": "ok",
  "message": "Seek executed",
  "position_seconds": 8.953375406532601
}
ZmqGateway: received command payload: {"cmd":"seek","time":8.79793479539598}
ZmqGateway: dispatching payload to JUCE message thread.
VitHeadlessService: processing queued command on JUCE message thread: {"cmd":"seek","time":8.79793479539598}
Command received: {"cmd":"seek","time":8.79793479539598}
CommandDispatcher::handleSeek: position set to 8.7979s
Command executed: seek, result: {
  "status": "ok",
  "message": "Seek executed",
  "position_seconds": 8.79793479539598
}
VitHeadlessService: command reply (truncated): {
  "status": "ok",
  "message": "Seek executed",
  "position_seconds": 8.79793479539598
}
ZmqGateway: received command payload: {"cmd":"seek","time":8.64249418425936}
ZmqGateway: dispatching payload to JUCE message thread.
VitHeadlessService: processing queued command on JUCE message thread: {"cmd":"seek","time":8.64249418425936}
Command received: {"cmd":"seek","time":8.64249418425936}
CommandDispatcher::handleSeek: position set to 8.6425s
Command executed: seek, result: {
  "status": "ok",
  "message": "Seek executed",
  "position_seconds": 8.642494184259361
}
VitHeadlessService: command reply (truncated): {
  "status": "ok",
  "message": "Seek executed",
  "position_seconds": 8.642494184259361
}
ZmqGateway: received command payload: {"cmd":"seek","time":8.48705357312274}
ZmqGateway: dispatching payload to JUCE message thread.
VitHeadlessService: processing queued command on JUCE message thread: {"cmd":"seek","time":8.48705357312274}
Command received: {"cmd":"seek","time":8.48705357312274}
CommandDispatcher::handleSeek: position set to 8.4871s
Command executed: seek, result: {
  "status": "ok",
  "message": "Seek executed",
  "position_seconds": 8.48705357312274
}
VitHeadlessService: command reply (truncated): {
  "status": "ok",
  "message": "Seek executed",
  "position_seconds": 8.48705357312274
}
ZmqGateway: received command payload: {"cmd":"seek","time":8.33161296198612}
ZmqGateway: dispatching payload to JUCE message thread.
VitHeadlessService: processing queued command on JUCE message thread: {"cmd":"seek","time":8.33161296198612}
Command received: {"cmd":"seek","time":8.33161296198612}
CommandDispatcher::handleSeek: position set to 8.3316s
Command executed: seek, result: {
  "status": "ok",
  "message": "Seek executed",
  "position_seconds": 8.331612961986121
}
VitHeadlessService: command reply (truncated): {
  "status": "ok",
  "message": "Seek executed",
  "position_seconds": 8.331612961986121
}
ZmqGateway: received command payload: {"cmd":"seek","time":8.1761723508495}
ZmqGateway: dispatching payload to JUCE message thread.
VitHeadlessService: processing queued command on JUCE message thread: {"cmd":"seek","time":8.1761723508495}
Command received: {"cmd":"seek","time":8.1761723508495}
CommandDispatcher::handleSeek: position set to 8.1762s
Command executed: seek, result: {
  "status": "ok",
  "message": "Seek executed",
  "position_seconds": 8.1761723508495
}
VitHeadlessService: command reply (truncated): {
  "status": "ok",
  "message": "Seek executed",
  "position_seconds": 8.1761723508495
}
ZmqGateway: received command payload: {"cmd":"seek","time":8.03627580082654}
ZmqGateway: dispatching payload to JUCE message thread.
VitHeadlessService: processing queued command on JUCE message thread: {"cmd":"seek","time":8.03627580082654}
Command received: {"cmd":"seek","time":8.03627580082654}
CommandDispatcher::handleSeek: position set to 8.0363s
Command executed: seek, result: {
  "status": "ok",
  "message": "Seek executed",
  "position_seconds": 8.036275800826539
}
VitHeadlessService: command reply (truncated): {
  "status": "ok",
  "message": "Seek executed",
  "position_seconds": 8.036275800826539
}
ZmqGateway: received command payload: {"cmd":"seek","time":7.89637925080358}
ZmqGateway: dispatching payload to JUCE message thread.
VitHeadlessService: processing queued command on JUCE message thread: {"cmd":"seek","time":7.89637925080358}
Command received: {"cmd":"seek","time":7.89637925080358}
CommandDispatcher::handleSeek: position set to 7.8964s
Command executed: seek, result: {
  "status": "ok",
  "message": "Seek executed",
  "position_seconds": 7.89637925080358
}
VitHeadlessService: command reply (truncated): {
  "status": "ok",
  "message": "Seek executed",
  "position_seconds": 7.89637925080358
}
ZmqGateway: received command payload: {"cmd":"seek","time":7.77202676189428}
ZmqGateway: dispatching payload to JUCE message thread.
VitHeadlessService: processing queued command on JUCE message thread: {"cmd":"seek","time":7.77202676189428}
Command received: {"cmd":"seek","time":7.77202676189428}
CommandDispatcher::handleSeek: position set to 7.7720s
Command executed: seek, result: {
  "status": "ok",
  "message": "Seek executed",
  "position_seconds": 7.77202676189428
}
VitHeadlessService: command reply (truncated): {
  "status": "ok",
  "message": "Seek executed",
  "position_seconds": 7.77202676189428
}
ZmqGateway: received command payload: {"cmd":"seek","time":7.66321833409865}
ZmqGateway: dispatching payload to JUCE message thread.
VitHeadlessService: processing queued command on JUCE message thread: {"cmd":"seek","time":7.66321833409865}
Command received: {"cmd":"seek","time":7.66321833409865}
CommandDispatcher::handleSeek: position set to 7.6632s
Command executed: seek, result: {
  "status": "ok",
  "message": "Seek executed",
  "position_seconds": 7.66321833409865
}
VitHeadlessService: command reply (truncated): {
  "status": "ok",
  "message": "Seek executed",
  "position_seconds": 7.66321833409865
}
ZmqGateway: received command payload: {"cmd":"seek","time":7.53886584518935}
ZmqGateway: dispatching payload to JUCE message thread.
VitHeadlessService: processing queued command on JUCE message thread: {"cmd":"seek","time":7.53886584518935}
Command received: {"cmd":"seek","time":7.53886584518935}
CommandDispatcher::handleSeek: position set to 7.5389s
Command executed: seek, result: {
  "status": "ok",
  "message": "Seek executed",
  "position_seconds": 7.53886584518935
}
VitHeadlessService: command reply (truncated): {
  "status": "ok",
  "message": "Seek executed",
  "position_seconds": 7.53886584518935
}
ZmqGateway: received command payload: {"cmd":"seek","time":7.43005741739371}
ZmqGateway: dispatching payload to JUCE message thread.
VitHeadlessService: processing queued command on JUCE message thread: {"cmd":"seek","time":7.43005741739371}
Command received: {"cmd":"seek","time":7.43005741739371}
CommandDispatcher::handleSeek: position set to 7.4301s
Command executed: seek, result: {
  "status": "ok",
  "message": "Seek executed",
  "position_seconds": 7.43005741739371
}
VitHeadlessService: command reply (truncated): {
  "status": "ok",
  "message": "Seek executed",
  "position_seconds": 7.43005741739371
}
ZmqGateway: received command payload: {"cmd":"seek","time":7.30570492848442}
ZmqGateway: dispatching payload to JUCE message thread.
VitHeadlessService: processing queued command on JUCE message thread: {"cmd":"seek","time":7.30570492848442}
Command received: {"cmd":"seek","time":7.30570492848442}
CommandDispatcher::handleSeek: position set to 7.3057s
Command executed: seek, result: {
  "status": "ok",
  "message": "Seek executed",
  "position_seconds": 7.30570492848442
}
VitHeadlessService: command reply (truncated): {
  "status": "ok",
  "message": "Seek executed",
  "position_seconds": 7.30570492848442
}
ZmqGateway: received command payload: {"cmd":"seek","time":7.18135243957512}
ZmqGateway: dispatching payload to JUCE message thread.
VitHeadlessService: processing queued command on JUCE message thread: {"cmd":"seek","time":7.18135243957512}
Command received: {"cmd":"seek","time":7.18135243957512}
CommandDispatcher::handleSeek: position set to 7.1814s
Command executed: seek, result: {
  "status": "ok",
  "message": "Seek executed",
  "position_seconds": 7.18135243957512
}
VitHeadlessService: command reply (truncated): {
  "status": "ok",
  "message": "Seek executed",
  "position_seconds": 7.18135243957512
}
ZmqGateway: received command payload: {"cmd":"seek","time":7.04145588955216}
ZmqGateway: dispatching payload to JUCE message thread.
VitHeadlessService: processing queued command on JUCE message thread: {"cmd":"seek","time":7.04145588955216}
Command received: {"cmd":"seek","time":7.04145588955216}
CommandDispatcher::handleSeek: position set to 7.0415s
Command executed: seek, result: {
  "status": "ok",
  "message": "Seek executed",
  "position_seconds": 7.04145588955216
}
VitHeadlessService: command reply (truncated): {
  "status": "ok",
  "message": "Seek executed",
  "position_seconds": 7.04145588955216
}
ZmqGateway: received command payload: {"cmd":"seek","time":6.9015593395292}
ZmqGateway: dispatching payload to JUCE message thread.
VitHeadlessService: processing queued command on JUCE message thread: {"cmd":"seek","time":6.9015593395292}
Command received: {"cmd":"seek","time":6.9015593395292}
CommandDispatcher::handleSeek: position set to 6.9016s
Command executed: seek, result: {
  "status": "ok",
  "message": "Seek executed",
  "position_seconds": 6.9015593395292
}
VitHeadlessService: command reply (truncated): {
  "status": "ok",
  "message": "Seek executed",
  "position_seconds": 6.9015593395292
}
ZmqGateway: received command payload: {"cmd":"seek","time":6.76166278950624}
ZmqGateway: dispatching payload to JUCE message thread.
VitHeadlessService: processing queued command on JUCE message thread: {"cmd":"seek","time":6.76166278950624}
Command received: {"cmd":"seek","time":6.76166278950624}
CommandDispatcher::handleSeek: position set to 6.7617s
Command executed: seek, result: {
  "status": "ok",
  "message": "Seek executed",
  "position_seconds": 6.76166278950624
}
VitHeadlessService: command reply (truncated): {
  "status": "ok",
  "message": "Seek executed",
  "position_seconds": 6.76166278950624
}
ZmqGateway: received command payload: {"cmd":"seek","time":6.62176623948328}
ZmqGateway: dispatching payload to JUCE message thread.
VitHeadlessService: processing queued command on JUCE message thread: {"cmd":"seek","time":6.62176623948328}
Command received: {"cmd":"seek","time":6.62176623948328}
CommandDispatcher::handleSeek: position set to 6.6218s
Command executed: seek, result: {
  "status": "ok",
  "message": "Seek executed",
  "position_seconds": 6.62176623948328
}
VitHeadlessService: command reply (truncated): {
  "status": "ok",
  "message": "Seek executed",
  "position_seconds": 6.62176623948328
}
ZmqGateway: received command payload: {"cmd":"seek","time":6.48186968946032}
ZmqGateway: dispatching payload to JUCE message thread.
VitHeadlessService: processing queued command on JUCE message thread: {"cmd":"seek","time":6.48186968946032}
Command received: {"cmd":"seek","time":6.48186968946032}
CommandDispatcher::handleSeek: position set to 6.4819s
Command executed: seek, result: {
  "status": "ok",
  "message": "Seek executed",
  "position_seconds": 6.48186968946032
}
VitHeadlessService: command reply (truncated): {
  "status": "ok",
  "message": "Seek executed",
  "position_seconds": 6.48186968946032
}
ZmqGateway: received command payload: {"cmd":"seek","time":6.34197313943736}
ZmqGateway: dispatching payload to JUCE message thread.
VitHeadlessService: processing queued command on JUCE message thread: {"cmd":"seek","time":6.34197313943736}
Command received: {"cmd":"seek","time":6.34197313943736}
CommandDispatcher::handleSeek: position set to 6.3420s
Command executed: seek, result: {
  "status": "ok",
  "message": "Seek executed",
  "position_seconds": 6.34197313943736
}
VitHeadlessService: command reply (truncated): {
  "status": "ok",
  "message": "Seek executed",
  "position_seconds": 6.34197313943736
}
ZmqGateway: received command payload: {"cmd":"seek","time":6.23316471164173}
ZmqGateway: dispatching payload to JUCE message thread.
VitHeadlessService: processing queued command on JUCE message thread: {"cmd":"seek","time":6.23316471164173}
Command received: {"cmd":"seek","time":6.23316471164173}
CommandDispatcher::handleSeek: position set to 6.2332s
Command executed: seek, result: {
  "status": "ok",
  "message": "Seek executed",
  "position_seconds": 6.23316471164173
}
VitHeadlessService: command reply (truncated): {
  "status": "ok",
  "message": "Seek executed",
  "position_seconds": 6.23316471164173
}
ZmqGateway: received command payload: {"cmd":"seek","time":6.10881222273243}
ZmqGateway: dispatching payload to JUCE message thread.
VitHeadlessService: processing queued command on JUCE message thread: {"cmd":"seek","time":6.10881222273243}
Command received: {"cmd":"seek","time":6.10881222273243}
CommandDispatcher::handleSeek: position set to 6.1088s
Command executed: seek, result: {
  "status": "ok",
  "message": "Seek executed",
  "position_seconds": 6.10881222273243
}
VitHeadlessService: command reply (truncated): {
  "status": "ok",
  "message": "Seek executed",
  "position_seconds": 6.10881222273243
}
ZmqGateway: received command payload: {"cmd":"seek","time":6.0000037949368}
ZmqGateway: dispatching payload to JUCE message thread.
VitHeadlessService: processing queued command on JUCE message thread: {"cmd":"seek","time":6.0000037949368}
Command received: {"cmd":"seek","time":6.0000037949368}
CommandDispatcher::handleSeek: position set to 6.0000s
Command executed: seek, result: {
  "status": "ok",
  "message": "Seek executed",
  "position_seconds": 6.0000037949368
}
VitHeadlessService: command reply (truncated): {
  "status": "ok",
  "message": "Seek executed",
  "position_seconds": 6.0000037949368
}
ZmqGateway: received command payload: {"cmd":"seek","time":5.90673942825482}
ZmqGateway: dispatching payload to JUCE message thread.
VitHeadlessService: processing queued command on JUCE message thread: {"cmd":"seek","time":5.90673942825482}
Command received: {"cmd":"seek","time":5.90673942825482}
CommandDispatcher::handleSeek: position set to 5.9067s
Command executed: seek, result: {
  "status": "ok",
  "message": "Seek executed",
  "position_seconds": 5.90673942825482
}
VitHeadlessService: command reply (truncated): {
  "status": "ok",
  "message": "Seek executed",
  "position_seconds": 5.90673942825482
}
ZmqGateway: received command payload: {"cmd":"seek","time":5.81347506157285}
ZmqGateway: dispatching payload to JUCE message thread.
VitHeadlessService: processing queued command on JUCE message thread: {"cmd":"seek","time":5.81347506157285}
Command received: {"cmd":"seek","time":5.81347506157285}
CommandDispatcher::handleSeek: position set to 5.8135s
Command executed: seek, result: {
  "status": "ok",
  "message": "Seek executed",
  "position_seconds": 5.81347506157285
}
VitHeadlessService: command reply (truncated): {
  "status": "ok",
  "message": "Seek executed",
  "position_seconds": 5.81347506157285
}
ZmqGateway: received command payload: {"cmd":"seek","time":5.72021069489088}
ZmqGateway: dispatching payload to JUCE message thread.
VitHeadlessService: processing queued command on JUCE message thread: {"cmd":"seek","time":5.72021069489088}
Command received: {"cmd":"seek","time":5.72021069489088}
CommandDispatcher::handleSeek: position set to 5.7202s
Command executed: seek, result: {
  "status": "ok",
  "message": "Seek executed",
  "position_seconds": 5.72021069489088
}
VitHeadlessService: command reply (truncated): {
  "status": "ok",
  "message": "Seek executed",
  "position_seconds": 5.72021069489088
}
ZmqGateway: received command payload: {"cmd":"seek","time":5.64249038932257}
ZmqGateway: dispatching payload to JUCE message thread.
VitHeadlessService: processing queued command on JUCE message thread: {"cmd":"seek","time":5.64249038932257}
Command received: {"cmd":"seek","time":5.64249038932257}
CommandDispatcher::handleSeek: position set to 5.6425s
Command executed: seek, result: {
  "status": "ok",
  "message": "Seek executed",
  "position_seconds": 5.64249038932257
}
VitHeadlessService: command reply (truncated): {
  "status": "ok",
  "message": "Seek executed",
  "position_seconds": 5.64249038932257
}
ZmqGateway: received command payload: {"cmd":"seek","time":5.58031414486792}
ZmqGateway: dispatching payload to JUCE message thread.
VitHeadlessService: processing queued command on JUCE message thread: {"cmd":"seek","time":5.58031414486792}
Command received: {"cmd":"seek","time":5.58031414486792}
CommandDispatcher::handleSeek: position set to 5.5803s
Command executed: seek, result: {
  "status": "ok",
  "message": "Seek executed",
  "position_seconds": 5.58031414486792
}
VitHeadlessService: command reply (truncated): {
  "status": "ok",
  "message": "Seek executed",
  "position_seconds": 5.58031414486792
}
ZmqGateway: received command payload: {"cmd":"seek","time":5.50259383929961}
ZmqGateway: dispatching payload to JUCE message thread.
VitHeadlessService: processing queued command on JUCE message thread: {"cmd":"seek","time":5.50259383929961}
Command received: {"cmd":"seek","time":5.50259383929961}
CommandDispatcher::handleSeek: position set to 5.5026s
Command executed: seek, result: {
  "status": "ok",
  "message": "Seek executed",
  "position_seconds": 5.50259383929961
}
VitHeadlessService: command reply (truncated): {
  "status": "ok",
  "message": "Seek executed",
  "position_seconds": 5.50259383929961
}
ZmqGateway: received command payload: {"cmd":"seek","time":5.4248735337313}
ZmqGateway: dispatching payload to JUCE message thread.
VitHeadlessService: processing queued command on JUCE message thread: {"cmd":"seek","time":5.4248735337313}
Command received: {"cmd":"seek","time":5.4248735337313}
CommandDispatcher::handleSeek: position set to 5.4249s
Command executed: seek, result: {
  "status": "ok",
  "message": "Seek executed",
  "position_seconds": 5.4248735337313
}
VitHeadlessService: command reply (truncated): {
  "status": "ok",
  "message": "Seek executed",
  "position_seconds": 5.4248735337313
}
ZmqGateway: received command payload: {"cmd":"seek","time":5.34715322816299}
ZmqGateway: dispatching payload to JUCE message thread.
VitHeadlessService: processing queued command on JUCE message thread: {"cmd":"seek","time":5.34715322816299}
Command received: {"cmd":"seek","time":5.34715322816299}
CommandDispatcher::handleSeek: position set to 5.3472s
Command executed: seek, result: {
  "status": "ok",
  "message": "Seek executed",
  "position_seconds": 5.34715322816299
}
VitHeadlessService: command reply (truncated): {
  "status": "ok",
  "message": "Seek executed",
  "position_seconds": 5.34715322816299
}
ZmqGateway: received command payload: {"cmd":"seek","time":5.23834480036735}
ZmqGateway: dispatching payload to JUCE message thread.
VitHeadlessService: processing queued command on JUCE message thread: {"cmd":"seek","time":5.23834480036735}
Command received: {"cmd":"seek","time":5.23834480036735}
CommandDispatcher::handleSeek: position set to 5.2383s
Command executed: seek, result: {
  "status": "ok",
  "message": "Seek executed",
  "position_seconds": 5.23834480036735
}
VitHeadlessService: command reply (truncated): {
  "status": "ok",
  "message": "Seek executed",
  "position_seconds": 5.23834480036735
}
ZmqGateway: received command payload: {"cmd":"seek","time":5.14508043368538}
ZmqGateway: dispatching payload to JUCE message thread.
VitHeadlessService: processing queued command on JUCE message thread: {"cmd":"seek","time":5.14508043368538}
Command received: {"cmd":"seek","time":5.14508043368538}
CommandDispatcher::handleSeek: position set to 5.1451s
Command executed: seek, result: {
  "status": "ok",
  "message": "Seek executed",
  "position_seconds": 5.14508043368538
}
VitHeadlessService: command reply (truncated): {
  "status": "ok",
  "message": "Seek executed",
  "position_seconds": 5.14508043368538
}
ZmqGateway: received command payload: {"cmd":"seek","time":5.02072794477608}
ZmqGateway: dispatching payload to JUCE message thread.
VitHeadlessService: processing queued command on JUCE message thread: {"cmd":"seek","time":5.02072794477608}
Command received: {"cmd":"seek","time":5.02072794477608}
CommandDispatcher::handleSeek: position set to 5.0207s
Command executed: seek, result: {
  "status": "ok",
  "message": "Seek executed",
  "position_seconds": 5.02072794477608
}
VitHeadlessService: command reply (truncated): {
  "status": "ok",
  "message": "Seek executed",
  "position_seconds": 5.02072794477608
}
ZmqGateway: received command payload: {"cmd":"seek","time":4.91191951698044}
ZmqGateway: dispatching payload to JUCE message thread.
VitHeadlessService: processing queued command on JUCE message thread: {"cmd":"seek","time":4.91191951698044}
Command received: {"cmd":"seek","time":4.91191951698044}
CommandDispatcher::handleSeek: position set to 4.9119s
Command executed: seek, result: {
  "status": "ok",
  "message": "Seek executed",
  "position_seconds": 4.91191951698044
}
VitHeadlessService: command reply (truncated): {
  "status": "ok",
  "message": "Seek executed",
  "position_seconds": 4.91191951698044
}
ZmqGateway: received command payload: {"cmd":"seek","time":4.78756702807115}
ZmqGateway: dispatching payload to JUCE message thread.
VitHeadlessService: processing queued command on JUCE message thread: {"cmd":"seek","time":4.78756702807115}
Command received: {"cmd":"seek","time":4.78756702807115}
CommandDispatcher::handleSeek: position set to 4.7876s
Command executed: seek, result: {
  "status": "ok",
  "message": "Seek executed",
  "position_seconds": 4.78756702807115
}
VitHeadlessService: command reply (truncated): {
  "status": "ok",
  "message": "Seek executed",
  "position_seconds": 4.78756702807115
}
ZmqGateway: received command payload: {"cmd":"seek","time":4.66321453916185}
ZmqGateway: dispatching payload to JUCE message thread.
VitHeadlessService: processing queued command on JUCE message thread: {"cmd":"seek","time":4.66321453916185}
Command received: {"cmd":"seek","time":4.66321453916185}
CommandDispatcher::handleSeek: position set to 4.6632s
Command executed: seek, result: {
  "status": "ok",
  "message": "Seek executed",
  "position_seconds": 4.66321453916185
}
VitHeadlessService: command reply (truncated): {
  "status": "ok",
  "message": "Seek executed",
  "position_seconds": 4.66321453916185
}
ZmqGateway: received command payload: {"cmd":"seek","time":4.53886205025255}
ZmqGateway: dispatching payload to JUCE message thread.
VitHeadlessService: processing queued command on JUCE message thread: {"cmd":"seek","time":4.53886205025255}
Command received: {"cmd":"seek","time":4.53886205025255}
CommandDispatcher::handleSeek: position set to 4.5389s
Command executed: seek, result: {
  "status": "ok",
  "message": "Seek executed",
  "position_seconds": 4.53886205025255
}
VitHeadlessService: command reply (truncated): {
  "status": "ok",
  "message": "Seek executed",
  "position_seconds": 4.53886205025255
}
ZmqGateway: received command payload: {"cmd":"seek","time":4.43005362245692}
ZmqGateway: dispatching payload to JUCE message thread.
VitHeadlessService: processing queued command on JUCE message thread: {"cmd":"seek","time":4.43005362245692}
Command received: {"cmd":"seek","time":4.43005362245692}
CommandDispatcher::handleSeek: position set to 4.4301s
Command executed: seek, result: {
  "status": "ok",
  "message": "Seek executed",
  "position_seconds": 4.43005362245692
}
VitHeadlessService: command reply (truncated): {
  "status": "ok",
  "message": "Seek executed",
  "position_seconds": 4.43005362245692
}
ZmqGateway: received command payload: {"cmd":"seek","time":4.30570113354762}
ZmqGateway: dispatching payload to JUCE message thread.
VitHeadlessService: processing queued command on JUCE message thread: {"cmd":"seek","time":4.30570113354762}
Command received: {"cmd":"seek","time":4.30570113354762}
CommandDispatcher::handleSeek: position set to 4.3057s
Command executed: seek, result: {
  "status": "ok",
  "message": "Seek executed",
  "position_seconds": 4.30570113354762
}
VitHeadlessService: command reply (truncated): {
  "status": "ok",
  "message": "Seek executed",
  "position_seconds": 4.30570113354762
}
ZmqGateway: received command payload: {"cmd":"seek","time":4.21243676686565}
ZmqGateway: dispatching payload to JUCE message thread.
VitHeadlessService: processing queued command on JUCE message thread: {"cmd":"seek","time":4.21243676686565}
Command received: {"cmd":"seek","time":4.21243676686565}
CommandDispatcher::handleSeek: position set to 4.2124s
Command executed: seek, result: {
  "status": "ok",
  "message": "Seek executed",
  "position_seconds": 4.21243676686565
}
VitHeadlessService: command reply (truncated): {
  "status": "ok",
  "message": "Seek executed",
  "position_seconds": 4.21243676686565
}
ZmqGateway: received command payload: {"cmd":"seek","time":4.10362833907001}
ZmqGateway: dispatching payload to JUCE message thread.
VitHeadlessService: processing queued command on JUCE message thread: {"cmd":"seek","time":4.10362833907001}
Command received: {"cmd":"seek","time":4.10362833907001}
CommandDispatcher::handleSeek: position set to 4.1036s
Command executed: seek, result: {
  "status": "ok",
  "message": "Seek executed",
  "position_seconds": 4.10362833907001
}
VitHeadlessService: command reply (truncated): {
  "status": "ok",
  "message": "Seek executed",
  "position_seconds": 4.10362833907001
}
ZmqGateway: received command payload: {"cmd":"seek","time":4.0259080335017}
ZmqGateway: dispatching payload to JUCE message thread.
VitHeadlessService: processing queued command on JUCE message thread: {"cmd":"seek","time":4.0259080335017}
Command received: {"cmd":"seek","time":4.0259080335017}
CommandDispatcher::handleSeek: position set to 4.0259s
Command executed: seek, result: {
  "status": "ok",
  "message": "Seek executed",
  "position_seconds": 4.0259080335017
}
VitHeadlessService: command reply (truncated): {
  "status": "ok",
  "message": "Seek executed",
  "position_seconds": 4.0259080335017
}
ZmqGateway: received command payload: {"cmd":"seek","time":3.96373178904705}
ZmqGateway: dispatching payload to JUCE message thread.
VitHeadlessService: processing queued command on JUCE message thread: {"cmd":"seek","time":3.96373178904705}
Command received: {"cmd":"seek","time":3.96373178904705}
CommandDispatcher::handleSeek: position set to 3.9637s
Command executed: seek, result: {
  "status": "ok",
  "message": "Seek executed",
  "position_seconds": 3.96373178904705
}
VitHeadlessService: command reply (truncated): {
  "status": "ok",
  "message": "Seek executed",
  "position_seconds": 3.96373178904705
}
ZmqGateway: received command payload: {"cmd":"seek","time":3.88601148347874}
ZmqGateway: dispatching payload to JUCE message thread.
VitHeadlessService: processing queued command on JUCE message thread: {"cmd":"seek","time":3.88601148347874}
Command received: {"cmd":"seek","time":3.88601148347874}
CommandDispatcher::handleSeek: position set to 3.8860s
Command executed: seek, result: {
  "status": "ok",
  "message": "Seek executed",
  "position_seconds": 3.88601148347874
}
VitHeadlessService: command reply (truncated): {
  "status": "ok",
  "message": "Seek executed",
  "position_seconds": 3.88601148347874
}
ZmqGateway: received command payload: {"cmd":"seek","time":3.85492336125142}
ZmqGateway: dispatching payload to JUCE message thread.
VitHeadlessService: processing queued command on JUCE message thread: {"cmd":"seek","time":3.85492336125142}
Command received: {"cmd":"seek","time":3.85492336125142}
CommandDispatcher::handleSeek: position set to 3.8549s
Command executed: seek, result: {
  "status": "ok",
  "message": "Seek executed",
  "position_seconds": 3.85492336125142
}
VitHeadlessService: command reply (truncated): {
  "status": "ok",
  "message": "Seek executed",
  "position_seconds": 3.85492336125142
}
ZmqGateway: received command payload: {"cmd":"seek","time":3.80829117791043}
ZmqGateway: dispatching payload to JUCE message thread.
VitHeadlessService: processing queued command on JUCE message thread: {"cmd":"seek","time":3.80829117791043}
Command received: {"cmd":"seek","time":3.80829117791043}
CommandDispatcher::handleSeek: position set to 3.8083s
Command executed: seek, result: {
  "status": "ok",
  "message": "Seek executed",
  "position_seconds": 3.80829117791043
}
VitHeadlessService: command reply (truncated): {
  "status": "ok",
  "message": "Seek executed",
  "position_seconds": 3.80829117791043
}
ZmqGateway: received command payload: {"cmd":"seek","time":3.79274711679677}
ZmqGateway: dispatching payload to JUCE message thread.
VitHeadlessService: processing queued command on JUCE message thread: {"cmd":"seek","time":3.79274711679677}
Command received: {"cmd":"seek","time":3.79274711679677}
CommandDispatcher::handleSeek: position set to 3.7927s
Command executed: seek, result: {
  "status": "ok",
  "message": "Seek executed",
  "position_seconds": 3.79274711679677
}
VitHeadlessService: command reply (truncated): {
  "status": "ok",
  "message": "Seek executed",
  "position_seconds": 3.79274711679677
}
ZmqGateway: received command payload: {"cmd":"seek","time":3.77720305568311}
ZmqGateway: dispatching payload to JUCE message thread.
VitHeadlessService: processing queued command on JUCE message thread: {"cmd":"seek","time":3.77720305568311}
Command received: {"cmd":"seek","time":3.77720305568311}
CommandDispatcher::handleSeek: position set to 3.7772s
Command executed: seek, result: {
  "status": "ok",
  "message": "Seek executed",
  "position_seconds": 3.77720305568311
}
VitHeadlessService: command reply (truncated): {
  "status": "ok",
  "message": "Seek executed",
  "position_seconds": 3.77720305568311
}
ZmqGateway: received command payload: {"cmd":"get_recent_projects"}
ZmqGateway: dispatching payload to JUCE message thread.
VitHeadlessService: processing queued command on JUCE message thread: {"cmd":"get_recent_projects"}
Command received: {"cmd":"get_recent_projects"}
Command executed: get_recent_projects, result: {
  "status": "ok",
  "recent_projects": [
    "D:\\Godot\\project\\vit-daw-frontend\\4.4.3.vit",
    "D:\\Godot\\project\\vit-daw-frontend\\4.4.2.vit",
    "D:\\Godot\\project\\vit-daw-frontend\\4.4.1.vit",
    "D:\\Godot\\project\\vit-daw-frontend\\4.4.vit",
    "D:\\4.1.tracktionedit"
  ]
}
VitHeadlessService: command reply (truncated): {
  "status": "ok",
  "recent_projects": [
    "D:\\Godot\\project\\vit-daw-frontend\\4.4.3.vit",
    "D:\\Godot\\project\\vit-daw-frontend\\4.4.2.vit",
    "D:\\Godot\\project\\vit-daw-frontend\\4.4.1.vit",
    "D
ZmqGateway: received command payload: {"cmd":"new_project"}
ZmqGateway: dispatching payload to JUCE message thread.
VitHeadlessService: processing queued command on JUCE message thread: {"cmd":"new_project"}
Command received: {"cmd":"new_project"}
VitEngineDevice: audio IO ready for playback graph: "扬声器 (USB AUDIO  CODEC)" 48000.00 Hz, block 480 samples
Command executed: new_project, result: {
  "status": "ok",
  "message": "Blank project created"
}
VitHeadlessService: command reply (truncated): {
  "status": "ok",
  "message": "Blank project created"
}
ZmqGateway: received command payload: {"cmd":"ping"}
ZmqGateway: dispatching payload to JUCE message thread.
VitHeadlessService: processing queued command on JUCE message thread: {"cmd":"ping"}
Command received: {"cmd":"ping"}
CommandDispatcher: handled ping command.
Command executed: ping, result: {
  "status": "ok",
  "message": "pong"
}
VitHeadlessService: command reply (truncated): {
  "status": "ok",
  "message": "pong"
}
ZmqGateway: received command payload: {"cmd":"get_project_state"}
ZmqGateway: dispatching payload to JUCE message thread.
VitHeadlessService: processing queued command on JUCE message thread: {"cmd":"get_project_state"}
Command received: {"cmd":"get_project_state"}
Command executed: get_project_state, result: {
  "status": "ok",
  "project_path": "",
  "tracks": [
    {
      "track_id": "1002",
      "track_name": "Arranger",
      "track_type": "track",
      "is_audio_track": false,
      "is_audio": false,
      "plugins": [],
      "clips": []
    },
    {
      "track_id": "1003",
      "track_name": "Chord",
      "track_type": "track",
      "is_audio_track": false,
      "is_audio": false,
      "plugins": [],
      "clips": []
    },
    {
      "track_id": "1004",
      "track_name": "Marker",
      "track_type": "track",
      "is_audio_track": false,
      "is_audio": false,
      "plugins": [],
      "clips": []
    },
    {
      "track_id": "1005",
      "track_name": "Tempo",
      "track_type": "track",
      "is_audio_track": false,
      "is_audio": false,
      "plugins": [],
      "clips": []
    },
    {
      "track_id": "1006",
      "track_name": "Master",
      "track_type": "master",
      "is_audio_track": false,
      "is_audio": false,
      "plugins": [],
      "clips": []
    }
  ]
}
VitHeadlessService: command reply (truncated): {
  "status": "ok",
  "project_path": "",
  "tracks": [
    {
      "track_id": "1002",
      "track_name": "Arranger",
      "track_type": "track",
      "is_audio_track": false,
      "is_audio": false,
     
ZmqGateway: received command payload: {"cmd":"list_tracks"}
ZmqGateway: dispatching payload to JUCE message thread.
VitHeadlessService: processing queued command on JUCE message thread: {"cmd":"list_tracks"}
Command received: {"cmd":"list_tracks"}
Command executed: list_tracks, result: {
  "status": "ok",
  "message": "Track list fetched",
  "tracks": [
    {
      "track_id": "1002",
      "name": "Arranger",
      "track_type": "track",
      "is_audio": false,
      "is_audio_track": false,
      "vit_type": "",
      "vit_intent": "",
      "plugin_count": 0,
      "plugins": []
    },
    {
      "track_id": "1003",
      "name": "Chord",
      "track_type": "track",
      "is_audio": false,
      "is_audio_track": false,
      "vit_type": "",
      "vit_intent": "",
      "plugin_count": 0,
      "plugins": []
    },
    {
      "track_id": "1004",
      "name": "Marker",
      "track_type": "track",
      "is_audio": false,
      "is_audio_track": false,
      "vit_type": "",
      "vit_intent": "",
      "plugin_count": 0,
      "plugins": []
    },
    {
      "track_id": "1005",
      "name": "Tempo",
      "track_type": "track",
      "is_audio": false,
      "is_audio_track": false,
      "vit_type": "",
      "vit_intent": "",
      "plugin_count": 0,
      "plugins": []
    },
    {
      "track_id": "1006",
      "name": "Master",
      "track_type": "master",
      "is_audio": false,
      "is_audio_track": false,
      "vit_type": "",
      "vit_intent": "",
      "plugin_count": 0,
      "plugins": []
    }
  ]
}
VitHeadlessService: command reply (truncated): {
  "status": "ok",
  "message": "Track list fetched",
  "tracks": [
    {
      "track_id": "1002",
      "name": "Arranger",
      "track_type": "track",
      "is_audio": false,
      "is_audio_track": false,
ZmqGateway: received command payload: {"cmd":"list_tracks"}
ZmqGateway: dispatching payload to JUCE message thread.
VitHeadlessService: processing queued command on JUCE message thread: {"cmd":"list_tracks"}
Command received: {"cmd":"list_tracks"}
Command executed: list_tracks, result: {
  "status": "ok",
  "message": "Track list fetched",
  "tracks": [
    {
      "track_id": "1002",
      "name": "Arranger",
      "track_type": "track",
      "is_audio": false,
      "is_audio_track": false,
      "vit_type": "",
      "vit_intent": "",
      "plugin_count": 0,
      "plugins": []
    },
    {
      "track_id": "1003",
      "name": "Chord",
      "track_type": "track",
      "is_audio": false,
      "is_audio_track": false,
      "vit_type": "",
      "vit_intent": "",
      "plugin_count": 0,
      "plugins": []
    },
    {
      "track_id": "1004",
      "name": "Marker",
      "track_type": "track",
      "is_audio": false,
      "is_audio_track": false,
      "vit_type": "",
      "vit_intent": "",
      "plugin_count": 0,
      "plugins": []
    },
    {
      "track_id": "1005",
      "name": "Tempo",
      "track_type": "track",
      "is_audio": false,
      "is_audio_track": false,
      "vit_type": "",
      "vit_intent": "",
      "plugin_count": 0,
      "plugins": []
    },
    {
      "track_id": "1006",
      "name": "Master",
      "track_type": "master",
      "is_audio": false,
      "is_audio_track": false,
      "vit_type": "",
      "vit_intent": "",
      "plugin_count": 0,
      "plugins": []
    }
  ]
}
VitHeadlessService: command reply (truncated): {
  "status": "ok",
  "message": "Track list fetched",
  "tracks": [
    {
      "track_id": "1002",
      "name": "Arranger",
      "track_type": "track",
      "is_audio": false,
      "is_audio_track": false,
ZmqGateway: received command payload: {"cmd":"add_track","type":"hybrid"}
ZmqGateway: dispatching payload to JUCE message thread.
VitHeadlessService: processing queued command on JUCE message thread: {"cmd":"add_track","type":"hybrid"}
Command received: {"cmd":"add_track","type":"hybrid"}
VitHeadlessService: project saved to D:\Vit_DAW\VitApp\Workspace\default_project.xml
Command executed: add_track, result: {
  "status": "ok",
  "message": "Track added",
  "track_id": "1007",
  "track_name": "Track 1"
}
VitHeadlessService: command reply (truncated): {
  "status": "ok",
  "message": "Track added",
  "track_id": "1007",
  "track_name": "Track 1"
}
ZmqGateway: received command payload: {"cmd":"list_tracks"}
ZmqGateway: dispatching payload to JUCE message thread.
VitHeadlessService: processing queued command on JUCE message thread: {"cmd":"list_tracks"}
Command received: {"cmd":"list_tracks"}
Command executed: list_tracks, result: {
  "status": "ok",
  "message": "Track list fetched",
  "tracks": [
    {
      "track_id": "1002",
      "name": "Arranger",
      "track_type": "track",
      "is_audio": false,
      "is_audio_track": false,
      "vit_type": "",
      "vit_intent": "",
      "plugin_count": 0,
      "plugins": []
    },
    {
      "track_id": "1003",
      "name": "Chord",
      "track_type": "track",
      "is_audio": false,
      "is_audio_track": false,
      "vit_type": "",
      "vit_intent": "",
      "plugin_count": 0,
      "plugins": []
    },
    {
      "track_id": "1004",
      "name": "Marker",
      "track_type": "track",
      "is_audio": false,
      "is_audio_track": false,
      "vit_type": "",
      "vit_intent": "",
      "plugin_count": 0,
      "plugins": []
    },
    {
      "track_id": "1005",
      "name": "Tempo",
      "track_type": "track",
      "is_audio": false,
      "is_audio_track": false,
      "vit_type": "",
      "vit_intent": "",
      "plugin_count": 0,
      "plugins": []
    },
    {
      "track_id": "1006",
      "name": "Master",
      "track_type": "master",
      "is_audio": false,
      "is_audio_track": false,
      "vit_type": "",
      "vit_intent": "",
      "plugin_count": 0,
      "plugins": []
    },
    {
      "track_id": "1007",
      "name": "Track 1",
      "track_type": "hybrid",
      "is_audio": true,
      "is_audio_track": true,
      "vit_type": "",
      "vit_intent": "",
      "plugin_count": 2,
      "plugins": [
        {
          "name": "Volume & Pan Plugin",
          "type": "volume",
          "enabled": true
        },
        {
          "name": "Level Meter",
          "type": "level",
          "enabled": true
        }
      ]
    }
  ]
}
VitHeadlessService: command reply (truncated): {
  "status": "ok",
  "message": "Track list fetched",
  "tracks": [
    {
      "track_id": "1002",
      "name": "Arranger",
      "track_type": "track",
      "is_audio": false,
      "is_audio_track": false,
ZmqGateway: received command payload: {"cmd":"get_project_state"}
ZmqGateway: dispatching payload to JUCE message thread.
VitHeadlessService: processing queued command on JUCE message thread: {"cmd":"get_project_state"}
Command received: {"cmd":"get_project_state"}
Command executed: get_project_state, result: {
  "status": "ok",
  "project_path": "",
  "tracks": [
    {
      "track_id": "1002",
      "track_name": "Arranger",
      "track_type": "track",
      "is_audio_track": false,
      "is_audio": false,
      "plugins": [],
      "clips": []
    },
    {
      "track_id": "1003",
      "track_name": "Chord",
      "track_type": "track",
      "is_audio_track": false,
      "is_audio": false,
      "plugins": [],
      "clips": []
    },
    {
      "track_id": "1004",
      "track_name": "Marker",
      "track_type": "track",
      "is_audio_track": false,
      "is_audio": false,
      "plugins": [],
      "clips": []
    },
    {
      "track_id": "1005",
      "track_name": "Tempo",
      "track_type": "track",
      "is_audio_track": false,
      "is_audio": false,
      "plugins": [],
      "clips": []
    },
    {
      "track_id": "1006",
      "track_name": "Master",
      "track_type": "master",
      "is_audio_track": false,
      "is_audio": false,
      "plugins": [],
      "clips": []
    },
    {
      "track_id": "1007",
      "track_name": "Track 1",
      "track_type": "hybrid",
      "is_audio_track": true,
      "is_audio": true,
      "plugins": [
        {
          "id": "1008",
          "item_id": "1008",
          "name": "Volume & Pan Plugin",
          "type": "volume",
          "enabled": true
        },
        {
          "id": "1009",
          "item_id": "1009",
          "name": "Level Meter",
          "type": "level",
          "enabled": true
        }
      ],
      "clips": [],
      "output_to_device_resolved": true,
      "output_device_enabled": true,
      "output_device_id": "out_b7a4b4c1",
      "output_routing_name": "(default audio output)"
    }
  ]
}
VitHeadlessService: command reply (truncated): {
  "status": "ok",
  "project_path": "",
  "tracks": [
    {
      "track_id": "1002",
      "track_name": "Arranger",
      "track_type": "track",
      "is_audio_track": false,
      "is_audio": false,
     
ZmqGateway: received command payload: {"cmd":"list_tracks"}
ZmqGateway: dispatching payload to JUCE message thread.
VitHeadlessService: processing queued command on JUCE message thread: {"cmd":"list_tracks"}
Command received: {"cmd":"list_tracks"}
Command executed: list_tracks, result: {
  "status": "ok",
  "message": "Track list fetched",
  "tracks": [
    {
      "track_id": "1002",
      "name": "Arranger",
      "track_type": "track",
      "is_audio": false,
      "is_audio_track": false,
      "vit_type": "",
      "vit_intent": "",
      "plugin_count": 0,
      "plugins": []
    },
    {
      "track_id": "1003",
      "name": "Chord",
      "track_type": "track",
      "is_audio": false,
      "is_audio_track": false,
      "vit_type": "",
      "vit_intent": "",
      "plugin_count": 0,
      "plugins": []
    },
    {
      "track_id": "1004",
      "name": "Marker",
      "track_type": "track",
      "is_audio": false,
      "is_audio_track": false,
      "vit_type": "",
      "vit_intent": "",
      "plugin_count": 0,
      "plugins": []
    },
    {
      "track_id": "1005",
      "name": "Tempo",
      "track_type": "track",
      "is_audio": false,
      "is_audio_track": false,
      "vit_type": "",
      "vit_intent": "",
      "plugin_count": 0,
      "plugins": []
    },
    {
      "track_id": "1006",
      "name": "Master",
      "track_type": "master",
      "is_audio": false,
      "is_audio_track": false,
      "vit_type": "",
      "vit_intent": "",
      "plugin_count": 0,
      "plugins": []
    },
    {
      "track_id": "1007",
      "name": "Track 1",
      "track_type": "hybrid",
      "is_audio": true,
      "is_audio_track": true,
      "vit_type": "",
      "vit_intent": "",
      "plugin_count": 2,
      "plugins": [
        {
          "name": "Volume & Pan Plugin",
          "type": "volume",
          "enabled": true
        },
        {
          "name": "Level Meter",
          "type": "level",
          "enabled": true
        }
      ]
    }
  ]
}
VitHeadlessService: command reply (truncated): {
  "status": "ok",
  "message": "Track list fetched",
  "tracks": [
    {
      "track_id": "1002",
      "name": "Arranger",
      "track_type": "track",
      "is_audio": false,
      "is_audio_track": false,
ZmqGateway: received command payload: {"action":"import_media_to_track","cmd":"import_media_to_track","file_path":"D:/Vit_DAW/test_100hz_10s.wav","media_type":"audio","start_time":1.21242904663086,"track_id":"1007"}
ZmqGateway: dispatching payload to JUCE message thread.
VitHeadlessService: processing queued command on JUCE message thread: {"action":"import_media_to_track","cmd":"import_media_to_track","file_path":"D:/Vit_DAW/test_100hz_10s.wav","media_type":"audio","start_time":1.21242904663086,"track_id":"1007"}
Command received: {"action":"import_media_to_track","cmd":"import_media_to_track","file_path":"D:/Vit_DAW/test_100hz_10s.wav","media_type":"audio","start_time":1.21242904663086,"track_id":"1007"}
VitHeadlessService: project saved to D:\Vit_DAW\VitApp\Workspace\default_project.xml
CommandDispatcher::handleImportMediaToTrack: clipId="1011" clip="test_100hz_10s" trackId="1007" source="D:\Vit_DAW\test_100hz_10s.wav" lengthSec=10.000 isPlaying=false isRecording=false playContextActive=true positionSeconds=0.000 editLengthSeconds=11.212
Command executed: import_media_to_track, result: {
  "status": "success",
  "action": "import_media_to_track",
  "clip_id": "1011",
  "track_id": "1007",
  "start_time": 1.21242904663086,
  "resolved_start_time": 1.21242904663086,
  "length": 10.0,
  "applied_mode": "destructive",
  "clip_name": "test_100hz_10s",
  "file_path": "D:\\Vit_DAW\\test_100hz_10s.wav",
  "edit_length_seconds": 11.212429046630859,
  "baking_status": "baking_started"
}
VitHeadlessService: command reply (truncated): {
  "status": "success",
  "action": "import_media_to_track",
  "clip_id": "1011",
  "track_id": "1007",
  "start_time": 1.21242904663086,
  "resolved_start_time": 1.21242904663086,
  "length": 10.0,
  "applied_m
ZmqGateway: received command payload: {"cmd":"get_project_state"}
ZmqGateway: dispatching payload to JUCE message thread.
VitHeadlessService: processing queued command on JUCE message thread: {"cmd":"get_project_state"}
Command received: {"cmd":"get_project_state"}
Command executed: get_project_state, result: {
  "status": "ok",
  "project_path": "",
  "tracks": [
    {
      "track_id": "1002",
      "track_name": "Arranger",
      "track_type": "track",
      "is_audio_track": false,
      "is_audio": false,
      "plugins": [],
      "clips": []
    },
    {
      "track_id": "1003",
      "track_name": "Chord",
      "track_type": "track",
      "is_audio_track": false,
      "is_audio": false,
      "plugins": [],
      "clips": []
    },
    {
      "track_id": "1004",
      "track_name": "Marker",
      "track_type": "track",
      "is_audio_track": false,
      "is_audio": false,
      "plugins": [],
      "clips": []
    },
    {
      "track_id": "1005",
      "track_name": "Tempo",
      "track_type": "track",
      "is_audio_track": false,
      "is_audio": false,
      "plugins": [],
      "clips": []
    },
    {
      "track_id": "1006",
      "track_name": "Master",
      "track_type": "master",
      "is_audio_track": false,
      "is_audio": false,
      "plugins": [],
      "clips": []
    },
    {
      "track_id": "1007",
      "track_name": "Track 1",
      "track_type": "hybrid",
      "is_audio_track": true,
      "is_audio": true,
      "plugins": [
        {
          "id": "1008",
          "item_id": "1008",
          "name": "Volume & Pan Plugin",
          "type": "volume",
          "enabled": true
        },
        {
          "id": "1009",
          "item_id": "1009",
          "name": "Level Meter",
          "type": "level",
          "enabled": true
        }
      ],
      "clips": [
        {
          "id": "1011",
          "name": "test_100hz_10s",
          "clip_type": "wave",
          "start_seconds": 1.21242904663086,
          "end_seconds": 11.212429046630859,
          "length_seconds": 10.0,
          "offset_in_source_seconds": 0.0,
          "file_path": "D:\\Vit_DAW\\test_100hz_10s.wav",
          "current_source_path": "D:\\Vit_DAW\\test_100hz_10s.wav",
          "playback_source_valid": true
        }
      ],
      "output_to_device_resolved": true,
      "output_device_enabled": true,
      "output_device_id": "out_b7a4b4c1",
      "output_routing_name": "(default audio output)"
    }
  ]
}
VitHeadlessService: command reply (truncated): {
  "status": "ok",
  "project_path": "",
  "tracks": [
    {
      "track_id": "1002",
      "track_name": "Arranger",
      "track_type": "track",
      "is_audio_track": false,
      "is_audio": false,
     
ZmqGateway: received command payload: {"cmd":"list_tracks"}
ZmqGateway: dispatching payload to JUCE message thread.
VitHeadlessService: processing queued command on JUCE message thread: {"cmd":"list_tracks"}
Command received: {"cmd":"list_tracks"}
Command executed: list_tracks, result: {
  "status": "ok",
  "message": "Track list fetched",
  "tracks": [
    {
      "track_id": "1002",
      "name": "Arranger",
      "track_type": "track",
      "is_audio": false,
      "is_audio_track": false,
      "vit_type": "",
      "vit_intent": "",
      "plugin_count": 0,
      "plugins": []
    },
    {
      "track_id": "1003",
      "name": "Chord",
      "track_type": "track",
      "is_audio": false,
      "is_audio_track": false,
      "vit_type": "",
      "vit_intent": "",
      "plugin_count": 0,
      "plugins": []
    },
    {
      "track_id": "1004",
      "name": "Marker",
      "track_type": "track",
      "is_audio": false,
      "is_audio_track": false,
      "vit_type": "",
      "vit_intent": "",
      "plugin_count": 0,
      "plugins": []
    },
    {
      "track_id": "1005",
      "name": "Tempo",
      "track_type": "track",
      "is_audio": false,
      "is_audio_track": false,
      "vit_type": "",
      "vit_intent": "",
      "plugin_count": 0,
      "plugins": []
    },
    {
      "track_id": "1006",
      "name": "Master",
      "track_type": "master",
      "is_audio": false,
      "is_audio_track": false,
      "vit_type": "",
      "vit_intent": "",
      "plugin_count": 0,
      "plugins": []
    },
    {
      "track_id": "1007",
      "name": "Track 1",
      "track_type": "hybrid",
      "is_audio": true,
      "is_audio_track": true,
      "vit_type": "",
      "vit_intent": "",
      "plugin_count": 2,
      "plugins": [
        {
          "name": "Volume & Pan Plugin",
          "type": "volume",
          "enabled": true
        },
        {
          "name": "Level Meter",
          "type": "level",
          "enabled": true
        }
      ]
    }
  ]
}
VitHeadlessService: command reply (truncated): {
  "status": "ok",
  "message": "Track list fetched",
  "tracks": [
    {
      "track_id": "1002",
      "name": "Arranger",
      "track_type": "track",
      "is_audio": false,
      "is_audio_track": false,
ZmqGateway: received command payload: {"clip_id":"1011","cmd":"move_clip","new_start":2.26941680908203,"new_start_seconds":1.13470840454102,"overlap_mode":"cut","source_track_id":"1007","target_track_id":"1007","time_unit":"beats"}
ZmqGateway: dispatching payload to JUCE message thread.
VitHeadlessService: processing queued command on JUCE message thread: {"clip_id":"1011","cmd":"move_clip","new_start":2.26941680908203,"new_start_seconds":1.13470840454102,"overlap_mode":"cut","source_track_id":"1007","target_track_id":"1007","time_unit":"beats"}
Command received: {"clip_id":"1011","cmd":"move_clip","new_start":2.26941680908203,"new_start_seconds":1.13470840454102,"overlap_mode":"cut","source_track_id":"1007","target_track_id":"1007","time_unit":"beats"}
Command executed: move_clip, result: {
  "status": "ok",
  "message": "Clip moved",
  "clip_id": "1011",
  "source_track_id": "1007",
  "target_track_id": "1007",
  "affected_track_id": "1007",
  "new_start_seconds": 1.134708404541015,
  "overlap_mode": "cut",
  "created_clip_ids": [],
  "removed_clip_ids": [],
  "affected_clip_ids": []
}
VitHeadlessService: command reply (truncated): {
  "status": "ok",
  "message": "Clip moved",
  "clip_id": "1011",
  "source_track_id": "1007",
  "target_track_id": "1007",
  "affected_track_id": "1007",
  "new_start_seconds": 1.134708404541015,
  "overlap_mo
ZmqGateway: received command payload: {"cmd":"get_project_state"}
ZmqGateway: dispatching payload to JUCE message thread.
VitHeadlessService: processing queued command on JUCE message thread: {"cmd":"get_project_state"}
Command received: {"cmd":"get_project_state"}
Command executed: get_project_state, result: {
  "status": "ok",
  "project_path": "",
  "tracks": [
    {
      "track_id": "1002",
      "track_name": "Arranger",
      "track_type": "track",
      "is_audio_track": false,
      "is_audio": false,
      "plugins": [],
      "clips": []
    },
    {
      "track_id": "1003",
      "track_name": "Chord",
      "track_type": "track",
      "is_audio_track": false,
      "is_audio": false,
      "plugins": [],
      "clips": []
    },
    {
      "track_id": "1004",
      "track_name": "Marker",
      "track_type": "track",
      "is_audio_track": false,
      "is_audio": false,
      "plugins": [],
      "clips": []
    },
    {
      "track_id": "1005",
      "track_name": "Tempo",
      "track_type": "track",
      "is_audio_track": false,
      "is_audio": false,
      "plugins": [],
      "clips": []
    },
    {
      "track_id": "1006",
      "track_name": "Master",
      "track_type": "master",
      "is_audio_track": false,
      "is_audio": false,
      "plugins": [],
      "clips": []
    },
    {
      "track_id": "1007",
      "track_name": "Track 1",
      "track_type": "hybrid",
      "is_audio_track": true,
      "is_audio": true,
      "plugins": [
        {
          "id": "1008",
          "item_id": "1008",
          "name": "Volume & Pan Plugin",
          "type": "volume",
          "enabled": true
        },
        {
          "id": "1009",
          "item_id": "1009",
          "name": "Level Meter",
          "type": "level",
          "enabled": true
        }
      ],
      "clips": [
        {
          "id": "1011",
          "name": "test_100hz_10s",
          "clip_type": "wave",
          "start_seconds": 1.134708404541015,
          "end_seconds": 11.134708404541014,
          "length_seconds": 9.999999999999998,
          "offset_in_source_seconds": 0.0,
          "file_path": "D:\\Vit_DAW\\test_100hz_10s.wav",
          "current_source_path": "D:\\Vit_DAW\\test_100hz_10s.wav",
          "playback_source_valid": true
        }
      ],
      "output_to_device_resolved": true,
      "output_device_enabled": true,
      "output_device_id": "out_b7a4b4c1",
      "output_routing_name": "(default audio output)"
    }
  ]
}
VitHeadlessService: command reply (truncated): {
  "status": "ok",
  "project_path": "",
  "tracks": [
    {
      "track_id": "1002",
      "track_name": "Arranger",
      "track_type": "track",
      "is_audio_track": false,
      "is_audio": false,
     
ZmqGateway: received command payload: {"cmd":"list_tracks"}
ZmqGateway: dispatching payload to JUCE message thread.
VitHeadlessService: processing queued command on JUCE message thread: {"cmd":"list_tracks"}
Command received: {"cmd":"list_tracks"}
Command executed: list_tracks, result: {
  "status": "ok",
  "message": "Track list fetched",
  "tracks": [
    {
      "track_id": "1002",
      "name": "Arranger",
      "track_type": "track",
      "is_audio": false,
      "is_audio_track": false,
      "vit_type": "",
      "vit_intent": "",
      "plugin_count": 0,
      "plugins": []
    },
    {
      "track_id": "1003",
      "name": "Chord",
      "track_type": "track",
      "is_audio": false,
      "is_audio_track": false,
      "vit_type": "",
      "vit_intent": "",
      "plugin_count": 0,
      "plugins": []
    },
    {
      "track_id": "1004",
      "name": "Marker",
      "track_type": "track",
      "is_audio": false,
      "is_audio_track": false,
      "vit_type": "",
      "vit_intent": "",
      "plugin_count": 0,
      "plugins": []
    },
    {
      "track_id": "1005",
      "name": "Tempo",
      "track_type": "track",
      "is_audio": false,
      "is_audio_track": false,
      "vit_type": "",
      "vit_intent": "",
      "plugin_count": 0,
      "plugins": []
    },
    {
      "track_id": "1006",
      "name": "Master",
      "track_type": "master",
      "is_audio": false,
      "is_audio_track": false,
      "vit_type": "",
      "vit_intent": "",
      "plugin_count": 0,
      "plugins": []
    },
    {
      "track_id": "1007",
      "name": "Track 1",
      "track_type": "hybrid",
      "is_audio": true,
      "is_audio_track": true,
      "vit_type": "",
      "vit_intent": "",
      "plugin_count": 2,
      "plugins": [
        {
          "name": "Volume & Pan Plugin",
          "type": "volume",
          "enabled": true
        },
        {
          "name": "Level Meter",
          "type": "level",
          "enabled": true
        }
      ]
    }
  ]
}
VitHeadlessService: command reply (truncated): {
  "status": "ok",
  "message": "Track list fetched",
  "tracks": [
    {
      "track_id": "1002",
      "name": "Arranger",
      "track_type": "track",
      "is_audio": false,
      "is_audio_track": false,
ZmqGateway: received command payload: {"cmd":"seek","time":2.56476628881746}
ZmqGateway: dispatching payload to JUCE message thread.
VitHeadlessService: processing queued command on JUCE message thread: {"cmd":"seek","time":2.56476628881746}
Command received: {"cmd":"seek","time":2.56476628881746}
CommandDispatcher::handleSeek: position set to 2.5648s
Command executed: seek, result: {
  "status": "ok",
  "message": "Seek executed",
  "position_seconds": 2.56476628881746
}
VitHeadlessService: command reply (truncated): {
  "status": "ok",
  "message": "Seek executed",
  "position_seconds": 2.56476628881746
}
ZmqGateway: received command payload: {"cmd":"seek","time":2.62694253327211}
ZmqGateway: dispatching payload to JUCE message thread.
VitHeadlessService: processing queued command on JUCE message thread: {"cmd":"seek","time":2.62694253327211}
Command received: {"cmd":"seek","time":2.62694253327211}
CommandDispatcher::handleSeek: position set to 2.6269s
Command executed: seek, result: {
  "status": "ok",
  "message": "Seek executed",
  "position_seconds": 2.62694253327211
}
VitHeadlessService: command reply (truncated): {
  "status": "ok",
  "message": "Seek executed",
  "position_seconds": 2.62694253327211
}
ZmqGateway: received command payload: {"cmd":"seek","time":2.64248659438577}
ZmqGateway: dispatching payload to JUCE message thread.
VitHeadlessService: processing queued command on JUCE message thread: {"cmd":"seek","time":2.64248659438577}
Command received: {"cmd":"seek","time":2.64248659438577}
CommandDispatcher::handleSeek: position set to 2.6425s
Command executed: seek, result: {
  "status": "ok",
  "message": "Seek executed",
  "position_seconds": 2.64248659438577
}
VitHeadlessService: command reply (truncated): {
  "status": "ok",
  "message": "Seek executed",
  "position_seconds": 2.64248659438577
}
ZmqGateway: received command payload: {"cmd":"seek","time":2.68911877772676}
ZmqGateway: dispatching payload to JUCE message thread.
VitHeadlessService: processing queued command on JUCE message thread: {"cmd":"seek","time":2.68911877772676}
Command received: {"cmd":"seek","time":2.68911877772676}
CommandDispatcher::handleSeek: position set to 2.6891s
Command executed: seek, result: {
  "status": "ok",
  "message": "Seek executed",
  "position_seconds": 2.68911877772676
}
VitHeadlessService: command reply (truncated): {
  "status": "ok",
  "message": "Seek executed",
  "position_seconds": 2.68911877772676
}
ZmqGateway: received command payload: {"cmd":"seek","time":2.73575096106774}
ZmqGateway: dispatching payload to JUCE message thread.
VitHeadlessService: processing queued command on JUCE message thread: {"cmd":"seek","time":2.73575096106774}
Command received: {"cmd":"seek","time":2.73575096106774}
CommandDispatcher::handleSeek: position set to 2.7358s
Command executed: seek, result: {
  "status": "ok",
  "message": "Seek executed",
  "position_seconds": 2.73575096106774
}
VitHeadlessService: command reply (truncated): {
  "status": "ok",
  "message": "Seek executed",
  "position_seconds": 2.73575096106774
}
ZmqGateway: received command payload: {"cmd":"seek","time":2.81347126663605}
ZmqGateway: dispatching payload to JUCE message thread.
VitHeadlessService: processing queued command on JUCE message thread: {"cmd":"seek","time":2.81347126663605}
Command received: {"cmd":"seek","time":2.81347126663605}
CommandDispatcher::handleSeek: position set to 2.8135s
Command executed: seek, result: {
  "status": "ok",
  "message": "Seek executed",
  "position_seconds": 2.81347126663605
}
VitHeadlessService: command reply (truncated): {
  "status": "ok",
  "message": "Seek executed",
  "position_seconds": 2.81347126663605
}
ZmqGateway: received command payload: {"cmd":"seek","time":2.8756475110907}
ZmqGateway: dispatching payload to JUCE message thread.
VitHeadlessService: processing queued command on JUCE message thread: {"cmd":"seek","time":2.8756475110907}
Command received: {"cmd":"seek","time":2.8756475110907}
CommandDispatcher::handleSeek: position set to 2.8756s
Command executed: seek, result: {
  "status": "ok",
  "message": "Seek executed",
  "position_seconds": 2.8756475110907
}
VitHeadlessService: command reply (truncated): {
  "status": "ok",
  "message": "Seek executed",
  "position_seconds": 2.8756475110907
}
ZmqGateway: received command payload: {"cmd":"seek","time":2.93782375554535}
ZmqGateway: dispatching payload to JUCE message thread.
VitHeadlessService: processing queued command on JUCE message thread: {"cmd":"seek","time":2.93782375554535}
Command received: {"cmd":"seek","time":2.93782375554535}
CommandDispatcher::handleSeek: position set to 2.9378s
Command executed: seek, result: {
  "status": "ok",
  "message": "Seek executed",
  "position_seconds": 2.93782375554535
}
VitHeadlessService: command reply (truncated): {
  "status": "ok",
  "message": "Seek executed",
  "position_seconds": 2.93782375554535
}
ZmqGateway: received command payload: {"cmd":"seek","time":3.0}
ZmqGateway: dispatching payload to JUCE message thread.
VitHeadlessService: processing queued command on JUCE message thread: {"cmd":"seek","time":3.0}
Command received: {"cmd":"seek","time":3.0}
CommandDispatcher::handleSeek: position set to 3.0000s
Command executed: seek, result: {
  "status": "ok",
  "message": "Seek executed",
  "position_seconds": 3.0
}
VitHeadlessService: command reply (truncated): {
  "status": "ok",
  "message": "Seek executed",
  "position_seconds": 3.0
}
ZmqGateway: received command payload: {"cmd":"seek","time":3.04663218334099}
ZmqGateway: dispatching payload to JUCE message thread.
VitHeadlessService: processing queued command on JUCE message thread: {"cmd":"seek","time":3.04663218334099}
Command received: {"cmd":"seek","time":3.04663218334099}
CommandDispatcher::handleSeek: position set to 3.0466s
Command executed: seek, result: {
  "status": "ok",
  "message": "Seek executed",
  "position_seconds": 3.04663218334099
}
VitHeadlessService: command reply (truncated): {
  "status": "ok",
  "message": "Seek executed",
  "position_seconds": 3.04663218334099
}
ZmqGateway: received command payload: {"cmd":"seek","time":3.07772030556831}
ZmqGateway: dispatching payload to JUCE message thread.
VitHeadlessService: processing queued command on JUCE message thread: {"cmd":"seek","time":3.07772030556831}
Command received: {"cmd":"seek","time":3.07772030556831}
CommandDispatcher::handleSeek: position set to 3.0777s
Command executed: seek, result: {
  "status": "ok",
  "message": "Seek executed",
  "position_seconds": 3.07772030556831
}
VitHeadlessService: command reply (truncated): {
  "status": "ok",
  "message": "Seek executed",
  "position_seconds": 3.07772030556831
}
ZmqGateway: received command payload: {"cmd":"seek","time":3.10880842779564}
ZmqGateway: dispatching payload to JUCE message thread.
VitHeadlessService: processing queued command on JUCE message thread: {"cmd":"seek","time":3.10880842779564}
Command received: {"cmd":"seek","time":3.10880842779564}
CommandDispatcher::handleSeek: position set to 3.1088s
Command executed: seek, result: {
  "status": "ok",
  "message": "Seek executed",
  "position_seconds": 3.10880842779564
}
VitHeadlessService: command reply (truncated): {
  "status": "ok",
  "message": "Seek executed",
  "position_seconds": 3.10880842779564
}
ZmqGateway: received command payload: {"cmd":"seek","time":3.1243524889093}
ZmqGateway: dispatching payload to JUCE message thread.
VitHeadlessService: processing queued command on JUCE message thread: {"cmd":"seek","time":3.1243524889093}
Command received: {"cmd":"seek","time":3.1243524889093}
CommandDispatcher::handleSeek: position set to 3.1244s
Command executed: seek, result: {
  "status": "ok",
  "message": "Seek executed",
  "position_seconds": 3.1243524889093
}
VitHeadlessService: command reply (truncated): {
  "status": "ok",
  "message": "Seek executed",
  "position_seconds": 3.1243524889093
}
ZmqGateway: received command payload: {"cmd":"seek","time":3.17098467225028}
ZmqGateway: dispatching payload to JUCE message thread.
VitHeadlessService: processing queued command on JUCE message thread: {"cmd":"seek","time":3.17098467225028}
Command received: {"cmd":"seek","time":3.17098467225028}
CommandDispatcher::handleSeek: position set to 3.1710s
Command executed: seek, result: {
  "status": "ok",
  "message": "Seek executed",
  "position_seconds": 3.17098467225028
}
VitHeadlessService: command reply (truncated): {
  "status": "ok",
  "message": "Seek executed",
  "position_seconds": 3.17098467225028
}
ZmqGateway: received command payload: {"cmd":"seek","time":3.21761685559127}
ZmqGateway: dispatching payload to JUCE message thread.
VitHeadlessService: processing queued command on JUCE message thread: {"cmd":"seek","time":3.21761685559127}
Command received: {"cmd":"seek","time":3.21761685559127}
CommandDispatcher::handleSeek: position set to 3.2176s
Command executed: seek, result: {
  "status": "ok",
  "message": "Seek executed",
  "position_seconds": 3.21761685559127
}
VitHeadlessService: command reply (truncated): {
  "status": "ok",
  "message": "Seek executed",
  "position_seconds": 3.21761685559127
}
ZmqGateway: received command payload: {"cmd":"seek","time":3.26424903893226}
ZmqGateway: dispatching payload to JUCE message thread.
VitHeadlessService: processing queued command on JUCE message thread: {"cmd":"seek","time":3.26424903893226}
Command received: {"cmd":"seek","time":3.26424903893226}
CommandDispatcher::handleSeek: position set to 3.2642s
Command executed: seek, result: {
  "status": "ok",
  "message": "Seek executed",
  "position_seconds": 3.26424903893226
}
VitHeadlessService: command reply (truncated): {
  "status": "ok",
  "message": "Seek executed",
  "position_seconds": 3.26424903893226
}
ZmqGateway: received command payload: {"cmd":"seek","time":3.32642528338691}
ZmqGateway: dispatching payload to JUCE message thread.
VitHeadlessService: processing queued command on JUCE message thread: {"cmd":"seek","time":3.32642528338691}
Command received: {"cmd":"seek","time":3.32642528338691}
CommandDispatcher::handleSeek: position set to 3.3264s
Command executed: seek, result: {
  "status": "ok",
  "message": "Seek executed",
  "position_seconds": 3.32642528338691
}
VitHeadlessService: command reply (truncated): {
  "status": "ok",
  "message": "Seek executed",
  "position_seconds": 3.32642528338691
}
ZmqGateway: received command payload: {"cmd":"seek","time":3.40414558895522}
ZmqGateway: dispatching payload to JUCE message thread.
VitHeadlessService: processing queued command on JUCE message thread: {"cmd":"seek","time":3.40414558895522}
Command received: {"cmd":"seek","time":3.40414558895522}
CommandDispatcher::handleSeek: position set to 3.4041s
Command executed: seek, result: {
  "status": "ok",
  "message": "Seek executed",
  "position_seconds": 3.40414558895522
}
VitHeadlessService: command reply (truncated): {
  "status": "ok",
  "message": "Seek executed",
  "position_seconds": 3.40414558895522
}
ZmqGateway: received command payload: {"cmd":"seek","time":3.49740995563719}
ZmqGateway: dispatching payload to JUCE message thread.
VitHeadlessService: processing queued command on JUCE message thread: {"cmd":"seek","time":3.49740995563719}
Command received: {"cmd":"seek","time":3.49740995563719}
CommandDispatcher::handleSeek: position set to 3.4974s
Command executed: seek, result: {
  "status": "ok",
  "message": "Seek executed",
  "position_seconds": 3.49740995563719
}
VitHeadlessService: command reply (truncated): {
  "status": "ok",
  "message": "Seek executed",
  "position_seconds": 3.49740995563719
}
ZmqGateway: received command payload: {"cmd":"seek","time":3.63730650566015}
ZmqGateway: dispatching payload to JUCE message thread.
VitHeadlessService: processing queued command on JUCE message thread: {"cmd":"seek","time":3.63730650566015}
Command received: {"cmd":"seek","time":3.63730650566015}
CommandDispatcher::handleSeek: position set to 3.6373s
Command executed: seek, result: {
  "status": "ok",
  "message": "Seek executed",
  "position_seconds": 3.63730650566015
}
VitHeadlessService: command reply (truncated): {
  "status": "ok",
  "message": "Seek executed",
  "position_seconds": 3.63730650566015
}
ZmqGateway: received command payload: {"cmd":"seek","time":3.79274711679677}
ZmqGateway: dispatching payload to JUCE message thread.
VitHeadlessService: processing queued command on JUCE message thread: {"cmd":"seek","time":3.79274711679677}
Command received: {"cmd":"seek","time":3.79274711679677}
CommandDispatcher::handleSeek: position set to 3.7927s
Command executed: seek, result: {
  "status": "ok",
  "message": "Seek executed",
  "position_seconds": 3.79274711679677
}
VitHeadlessService: command reply (truncated): {
  "status": "ok",
  "message": "Seek executed",
  "position_seconds": 3.79274711679677
}
ZmqGateway: received command payload: {"cmd":"seek","time":3.96373178904705}
ZmqGateway: dispatching payload to JUCE message thread.
VitHeadlessService: processing queued command on JUCE message thread: {"cmd":"seek","time":3.96373178904705}
Command received: {"cmd":"seek","time":3.96373178904705}
CommandDispatcher::handleSeek: position set to 3.9637s
Command executed: seek, result: {
  "status": "ok",
  "message": "Seek executed",
  "position_seconds": 3.96373178904705
}
VitHeadlessService: command reply (truncated): {
  "status": "ok",
  "message": "Seek executed",
  "position_seconds": 3.96373178904705
}
ZmqGateway: received command payload: {"cmd":"seek","time":4.11917240018368}
ZmqGateway: dispatching payload to JUCE message thread.
VitHeadlessService: processing queued command on JUCE message thread: {"cmd":"seek","time":4.11917240018368}
Command received: {"cmd":"seek","time":4.11917240018368}
CommandDispatcher::handleSeek: position set to 4.1192s
Command executed: seek, result: {
  "status": "ok",
  "message": "Seek executed",
  "position_seconds": 4.11917240018368
}
VitHeadlessService: command reply (truncated): {
  "status": "ok",
  "message": "Seek executed",
  "position_seconds": 4.11917240018368
}
ZmqGateway: received command payload: {"cmd":"seek","time":4.2746130113203}
ZmqGateway: dispatching payload to JUCE message thread.
VitHeadlessService: processing queued command on JUCE message thread: {"cmd":"seek","time":4.2746130113203}
Command received: {"cmd":"seek","time":4.2746130113203}
CommandDispatcher::handleSeek: position set to 4.2746s
Command executed: seek, result: {
  "status": "ok",
  "message": "Seek executed",
  "position_seconds": 4.2746130113203
}
VitHeadlessService: command reply (truncated): {
  "status": "ok",
  "message": "Seek executed",
  "position_seconds": 4.2746130113203
}
ZmqGateway: received command payload: {"cmd":"seek","time":4.39896550022959}
ZmqGateway: dispatching payload to JUCE message thread.
VitHeadlessService: processing queued command on JUCE message thread: {"cmd":"seek","time":4.39896550022959}
Command received: {"cmd":"seek","time":4.39896550022959}
CommandDispatcher::handleSeek: position set to 4.3990s
Command executed: seek, result: {
  "status": "ok",
  "message": "Seek executed",
  "position_seconds": 4.39896550022959
}
VitHeadlessService: command reply (truncated): {
  "status": "ok",
  "message": "Seek executed",
  "position_seconds": 4.39896550022959
}
ZmqGateway: received command payload: {"cmd":"seek","time":4.49222986691157}
ZmqGateway: dispatching payload to JUCE message thread.
VitHeadlessService: processing queued command on JUCE message thread: {"cmd":"seek","time":4.49222986691157}
Command received: {"cmd":"seek","time":4.49222986691157}
CommandDispatcher::handleSeek: position set to 4.4922s
Command executed: seek, result: {
  "status": "ok",
  "message": "Seek executed",
  "position_seconds": 4.49222986691157
}
VitHeadlessService: command reply (truncated): {
  "status": "ok",
  "message": "Seek executed",
  "position_seconds": 4.49222986691157
}
ZmqGateway: received command payload: {"cmd":"seek","time":4.58549423359354}
ZmqGateway: dispatching payload to JUCE message thread.
VitHeadlessService: processing queued command on JUCE message thread: {"cmd":"seek","time":4.58549423359354}
Command received: {"cmd":"seek","time":4.58549423359354}
CommandDispatcher::handleSeek: position set to 4.5855s
Command executed: seek, result: {
  "status": "ok",
  "message": "Seek executed",
  "position_seconds": 4.58549423359354
}
VitHeadlessService: command reply (truncated): {
  "status": "ok",
  "message": "Seek executed",
  "position_seconds": 4.58549423359354
}
ZmqGateway: received command payload: {"cmd":"seek","time":4.63212641693453}
ZmqGateway: dispatching payload to JUCE message thread.
VitHeadlessService: processing queued command on JUCE message thread: {"cmd":"seek","time":4.63212641693453}
Command received: {"cmd":"seek","time":4.63212641693453}
CommandDispatcher::handleSeek: position set to 4.6321s
Command executed: seek, result: {
  "status": "ok",
  "message": "Seek executed",
  "position_seconds": 4.63212641693453
}
VitHeadlessService: command reply (truncated): {
  "status": "ok",
  "message": "Seek executed",
  "position_seconds": 4.63212641693453
}
ZmqGateway: received command payload: {"cmd":"seek","time":4.66321453916185}
ZmqGateway: dispatching payload to JUCE message thread.
VitHeadlessService: processing queued command on JUCE message thread: {"cmd":"seek","time":4.66321453916185}
Command received: {"cmd":"seek","time":4.66321453916185}
CommandDispatcher::handleSeek: position set to 4.6632s
Command executed: seek, result: {
  "status": "ok",
  "message": "Seek executed",
  "position_seconds": 4.66321453916185
}
VitHeadlessService: command reply (truncated): {
  "status": "ok",
  "message": "Seek executed",
  "position_seconds": 4.66321453916185
}
ZmqGateway: received command payload: {"cmd":"seek","time":4.67875860027551}
ZmqGateway: dispatching payload to JUCE message thread.
VitHeadlessService: processing queued command on JUCE message thread: {"cmd":"seek","time":4.67875860027551}
Command received: {"cmd":"seek","time":4.67875860027551}
CommandDispatcher::handleSeek: position set to 4.6788s
Command executed: seek, result: {
  "status": "ok",
  "message": "Seek executed",
  "position_seconds": 4.67875860027551
}
VitHeadlessService: command reply (truncated): {
  "status": "ok",
  "message": "Seek executed",
  "position_seconds": 4.67875860027551
}
ZmqGateway: received command payload: {"cmd":"seek","time":4.64767047804819}
ZmqGateway: dispatching payload to JUCE message thread.
VitHeadlessService: processing queued command on JUCE message thread: {"cmd":"seek","time":4.64767047804819}
Command received: {"cmd":"seek","time":4.64767047804819}
CommandDispatcher::handleSeek: position set to 4.6477s
Command executed: seek, result: {
  "status": "ok",
  "message": "Seek executed",
  "position_seconds": 4.64767047804819
}
VitHeadlessService: command reply (truncated): {
  "status": "ok",
  "message": "Seek executed",
  "position_seconds": 4.64767047804819
}
ZmqGateway: received command payload: {"cmd":"seek","time":4.6010382947072}
ZmqGateway: dispatching payload to JUCE message thread.
VitHeadlessService: processing queued command on JUCE message thread: {"cmd":"seek","time":4.6010382947072}
Command received: {"cmd":"seek","time":4.6010382947072}
CommandDispatcher::handleSeek: position set to 4.6010s
Command executed: seek, result: {
  "status": "ok",
  "message": "Seek executed",
  "position_seconds": 4.6010382947072
}
VitHeadlessService: command reply (truncated): {
  "status": "ok",
  "message": "Seek executed",
  "position_seconds": 4.6010382947072
}
ZmqGateway: received command payload: {"cmd":"seek","time":4.52331798913889}
ZmqGateway: dispatching payload to JUCE message thread.
VitHeadlessService: processing queued command on JUCE message thread: {"cmd":"seek","time":4.52331798913889}
Command received: {"cmd":"seek","time":4.52331798913889}
CommandDispatcher::handleSeek: position set to 4.5233s
Command executed: seek, result: {
  "status": "ok",
  "message": "Seek executed",
  "position_seconds": 4.52331798913889
}
VitHeadlessService: command reply (truncated): {
  "status": "ok",
  "message": "Seek executed",
  "position_seconds": 4.52331798913889
}
ZmqGateway: received command payload: {"cmd":"seek","time":4.44559768357058}
ZmqGateway: dispatching payload to JUCE message thread.
VitHeadlessService: processing queued command on JUCE message thread: {"cmd":"seek","time":4.44559768357058}
Command received: {"cmd":"seek","time":4.44559768357058}
CommandDispatcher::handleSeek: position set to 4.4456s
Command executed: seek, result: {
  "status": "ok",
  "message": "Seek executed",
  "position_seconds": 4.44559768357058
}
VitHeadlessService: command reply (truncated): {
  "status": "ok",
  "message": "Seek executed",
  "position_seconds": 4.44559768357058
}
ZmqGateway: received command payload: {"cmd":"seek","time":4.36787737800227}
ZmqGateway: dispatching payload to JUCE message thread.
VitHeadlessService: processing queued command on JUCE message thread: {"cmd":"seek","time":4.36787737800227}
Command received: {"cmd":"seek","time":4.36787737800227}
CommandDispatcher::handleSeek: position set to 4.3679s
Command executed: seek, result: {
  "status": "ok",
  "message": "Seek executed",
  "position_seconds": 4.36787737800227
}
VitHeadlessService: command reply (truncated): {
  "status": "ok",
  "message": "Seek executed",
  "position_seconds": 4.36787737800227
}
ZmqGateway: received command payload: {"cmd":"seek","time":4.2746130113203}
ZmqGateway: dispatching payload to JUCE message thread.
VitHeadlessService: processing queued command on JUCE message thread: {"cmd":"seek","time":4.2746130113203}
Command received: {"cmd":"seek","time":4.2746130113203}
CommandDispatcher::handleSeek: position set to 4.2746s
Command executed: seek, result: {
  "status": "ok",
  "message": "Seek executed",
  "position_seconds": 4.2746130113203
}
VitHeadlessService: command reply (truncated): {
  "status": "ok",
  "message": "Seek executed",
  "position_seconds": 4.2746130113203
}
ZmqGateway: received command payload: {"cmd":"seek","time":4.16580458352466}
ZmqGateway: dispatching payload to JUCE message thread.
VitHeadlessService: processing queued command on JUCE message thread: {"cmd":"seek","time":4.16580458352466}
Command received: {"cmd":"seek","time":4.16580458352466}
CommandDispatcher::handleSeek: position set to 4.1658s
Command executed: seek, result: {
  "status": "ok",
  "message": "Seek executed",
  "position_seconds": 4.16580458352466
}
VitHeadlessService: command reply (truncated): {
  "status": "ok",
  "message": "Seek executed",
  "position_seconds": 4.16580458352466
}
ZmqGateway: received command payload: {"cmd":"seek","time":4.05699615572903}
ZmqGateway: dispatching payload to JUCE message thread.
VitHeadlessService: processing queued command on JUCE message thread: {"cmd":"seek","time":4.05699615572903}
Command received: {"cmd":"seek","time":4.05699615572903}
CommandDispatcher::handleSeek: position set to 4.0570s
Command executed: seek, result: {
  "status": "ok",
  "message": "Seek executed",
  "position_seconds": 4.05699615572903
}
VitHeadlessService: command reply (truncated): {
  "status": "ok",
  "message": "Seek executed",
  "position_seconds": 4.05699615572903
}
ZmqGateway: received command payload: {"cmd":"seek","time":3.93264366681973}
ZmqGateway: dispatching payload to JUCE message thread.
VitHeadlessService: processing queued command on JUCE message thread: {"cmd":"seek","time":3.93264366681973}
Command received: {"cmd":"seek","time":3.93264366681973}
CommandDispatcher::handleSeek: position set to 3.9326s
Command executed: seek, result: {
  "status": "ok",
  "message": "Seek executed",
  "position_seconds": 3.93264366681973
}
VitHeadlessService: command reply (truncated): {
  "status": "ok",
  "message": "Seek executed",
  "position_seconds": 3.93264366681973
}
ZmqGateway: received command payload: {"cmd":"seek","time":3.79274711679677}
ZmqGateway: dispatching payload to JUCE message thread.
VitHeadlessService: processing queued command on JUCE message thread: {"cmd":"seek","time":3.79274711679677}
Command received: {"cmd":"seek","time":3.79274711679677}
CommandDispatcher::handleSeek: position set to 3.7927s
Command executed: seek, result: {
  "status": "ok",
  "message": "Seek executed",
  "position_seconds": 3.79274711679677
}
VitHeadlessService: command reply (truncated): {
  "status": "ok",
  "message": "Seek executed",
  "position_seconds": 3.79274711679677
}
ZmqGateway: received command payload: {"cmd":"seek","time":3.63730650566015}
ZmqGateway: dispatching payload to JUCE message thread.
VitHeadlessService: processing queued command on JUCE message thread: {"cmd":"seek","time":3.63730650566015}
Command received: {"cmd":"seek","time":3.63730650566015}
CommandDispatcher::handleSeek: position set to 3.6373s
Command executed: seek, result: {
  "status": "ok",
  "message": "Seek executed",
  "position_seconds": 3.63730650566015
}
VitHeadlessService: command reply (truncated): {
  "status": "ok",
  "message": "Seek executed",
  "position_seconds": 3.63730650566015
}
ZmqGateway: received command payload: {"cmd":"seek","time":3.4507777722962}
ZmqGateway: dispatching payload to JUCE message thread.
VitHeadlessService: processing queued command on JUCE message thread: {"cmd":"seek","time":3.4507777722962}
Command received: {"cmd":"seek","time":3.4507777722962}
CommandDispatcher::handleSeek: position set to 3.4508s
Command executed: seek, result: {
  "status": "ok",
  "message": "Seek executed",
  "position_seconds": 3.4507777722962
}
VitHeadlessService: command reply (truncated): {
  "status": "ok",
  "message": "Seek executed",
  "position_seconds": 3.4507777722962
}
ZmqGateway: received command payload: {"cmd":"seek","time":3.24870497781859}
ZmqGateway: dispatching payload to JUCE message thread.
VitHeadlessService: processing queued command on JUCE message thread: {"cmd":"seek","time":3.24870497781859}
Command received: {"cmd":"seek","time":3.24870497781859}
CommandDispatcher::handleSeek: position set to 3.2487s
Command executed: seek, result: {
  "status": "ok",
  "message": "Seek executed",
  "position_seconds": 3.24870497781859
}
VitHeadlessService: command reply (truncated): {
  "status": "ok",
  "message": "Seek executed",
  "position_seconds": 3.24870497781859
}
ZmqGateway: received command payload: {"cmd":"seek","time":3.06217624445465}
ZmqGateway: dispatching payload to JUCE message thread.
VitHeadlessService: processing queued command on JUCE message thread: {"cmd":"seek","time":3.06217624445465}
Command received: {"cmd":"seek","time":3.06217624445465}
CommandDispatcher::handleSeek: position set to 3.0622s
Command executed: seek, result: {
  "status": "ok",
  "message": "Seek executed",
  "position_seconds": 3.06217624445465
}
VitHeadlessService: command reply (truncated): {
  "status": "ok",
  "message": "Seek executed",
  "position_seconds": 3.06217624445465
}
ZmqGateway: received command payload: {"cmd":"seek","time":2.86010344997704}
ZmqGateway: dispatching payload to JUCE message thread.
VitHeadlessService: processing queued command on JUCE message thread: {"cmd":"seek","time":2.86010344997704}
Command received: {"cmd":"seek","time":2.86010344997704}
CommandDispatcher::handleSeek: position set to 2.8601s
Command executed: seek, result: {
  "status": "ok",
  "message": "Seek executed",
  "position_seconds": 2.86010344997704
}
VitHeadlessService: command reply (truncated): {
  "status": "ok",
  "message": "Seek executed",
  "position_seconds": 2.86010344997704
}
ZmqGateway: received command payload: {"cmd":"seek","time":2.68911877772676}
ZmqGateway: dispatching payload to JUCE message thread.
VitHeadlessService: processing queued command on JUCE message thread: {"cmd":"seek","time":2.68911877772676}
Command received: {"cmd":"seek","time":2.68911877772676}
CommandDispatcher::handleSeek: position set to 2.6891s
Command executed: seek, result: {
  "status": "ok",
  "message": "Seek executed",
  "position_seconds": 2.68911877772676
}
VitHeadlessService: command reply (truncated): {
  "status": "ok",
  "message": "Seek executed",
  "position_seconds": 2.68911877772676
}
ZmqGateway: received command payload: {"cmd":"seek","time":2.53367816659014}
ZmqGateway: dispatching payload to JUCE message thread.
VitHeadlessService: processing queued command on JUCE message thread: {"cmd":"seek","time":2.53367816659014}
Command received: {"cmd":"seek","time":2.53367816659014}
CommandDispatcher::handleSeek: position set to 2.5337s
Command executed: seek, result: {
  "status": "ok",
  "message": "Seek executed",
  "position_seconds": 2.53367816659014
}
VitHeadlessService: command reply (truncated): {
  "status": "ok",
  "message": "Seek executed",
  "position_seconds": 2.53367816659014
}
ZmqGateway: received command payload: {"cmd":"seek","time":2.40932567768084}
ZmqGateway: dispatching payload to JUCE message thread.
VitHeadlessService: processing queued command on JUCE message thread: {"cmd":"seek","time":2.40932567768084}
Command received: {"cmd":"seek","time":2.40932567768084}
CommandDispatcher::handleSeek: position set to 2.4093s
Command executed: seek, result: {
  "status": "ok",
  "message": "Seek executed",
  "position_seconds": 2.40932567768084
}
VitHeadlessService: command reply (truncated): {
  "status": "ok",
  "message": "Seek executed",
  "position_seconds": 2.40932567768084
}
ZmqGateway: received command payload: {"cmd":"seek","time":2.3005172498852}
ZmqGateway: dispatching payload to JUCE message thread.
VitHeadlessService: processing queued command on JUCE message thread: {"cmd":"seek","time":2.3005172498852}
Command received: {"cmd":"seek","time":2.3005172498852}
CommandDispatcher::handleSeek: position set to 2.3005s
Command executed: seek, result: {
  "status": "ok",
  "message": "Seek executed",
  "position_seconds": 2.3005172498852
}
VitHeadlessService: command reply (truncated): {
  "status": "ok",
  "message": "Seek executed",
  "position_seconds": 2.3005172498852
}
ZmqGateway: received command payload: {"cmd":"seek","time":2.20725288320323}
ZmqGateway: dispatching payload to JUCE message thread.
VitHeadlessService: processing queued command on JUCE message thread: {"cmd":"seek","time":2.20725288320323}
Command received: {"cmd":"seek","time":2.20725288320323}
CommandDispatcher::handleSeek: position set to 2.2073s
Command executed: seek, result: {
  "status": "ok",
  "message": "Seek executed",
  "position_seconds": 2.20725288320323
}
VitHeadlessService: command reply (truncated): {
  "status": "ok",
  "message": "Seek executed",
  "position_seconds": 2.20725288320323
}
ZmqGateway: received command payload: {"cmd":"seek","time":2.14507663874858}
ZmqGateway: dispatching payload to JUCE message thread.
VitHeadlessService: processing queued command on JUCE message thread: {"cmd":"seek","time":2.14507663874858}
Command received: {"cmd":"seek","time":2.14507663874858}
CommandDispatcher::handleSeek: position set to 2.1451s
Command executed: seek, result: {
  "status": "ok",
  "message": "Seek executed",
  "position_seconds": 2.14507663874858
}
VitHeadlessService: command reply (truncated): {
  "status": "ok",
  "message": "Seek executed",
  "position_seconds": 2.14507663874858
}
ZmqGateway: received command payload: {"cmd":"seek","time":2.11398851652126}
ZmqGateway: dispatching payload to JUCE message thread.
VitHeadlessService: processing queued command on JUCE message thread: {"cmd":"seek","time":2.11398851652126}
Command received: {"cmd":"seek","time":2.11398851652126}
CommandDispatcher::handleSeek: position set to 2.1140s
Command executed: seek, result: {
  "status": "ok",
  "message": "Seek executed",
  "position_seconds": 2.11398851652126
}
VitHeadlessService: command reply (truncated): {
  "status": "ok",
  "message": "Seek executed",
  "position_seconds": 2.11398851652126
}
ZmqGateway: received command payload: {"cmd":"seek","time":2.08290039429393}
ZmqGateway: dispatching payload to JUCE message thread.
VitHeadlessService: processing queued command on JUCE message thread: {"cmd":"seek","time":2.08290039429393}
Command received: {"cmd":"seek","time":2.08290039429393}
CommandDispatcher::handleSeek: position set to 2.0829s
Command executed: seek, result: {
  "status": "ok",
  "message": "Seek executed",
  "position_seconds": 2.08290039429393
}
VitHeadlessService: command reply (truncated): {
  "status": "ok",
  "message": "Seek executed",
  "position_seconds": 2.08290039429393
}
ZmqGateway: received command payload: {"cmd":"seek","time":2.05181227206661}
ZmqGateway: dispatching payload to JUCE message thread.
VitHeadlessService: processing queued command on JUCE message thread: {"cmd":"seek","time":2.05181227206661}
Command received: {"cmd":"seek","time":2.05181227206661}
CommandDispatcher::handleSeek: position set to 2.0518s
Command executed: seek, result: {
  "status": "ok",
  "message": "Seek executed",
  "position_seconds": 2.05181227206661
}
VitHeadlessService: command reply (truncated): {
  "status": "ok",
  "message": "Seek executed",
  "position_seconds": 2.05181227206661
}
ZmqGateway: received command payload: {"cmd":"seek","time":2.03626821095295}
ZmqGateway: dispatching payload to JUCE message thread.
VitHeadlessService: processing queued command on JUCE message thread: {"cmd":"seek","time":2.03626821095295}
Command received: {"cmd":"seek","time":2.03626821095295}
CommandDispatcher::handleSeek: position set to 2.0363s
Command executed: seek, result: {
  "status": "ok",
  "message": "Seek executed",
  "position_seconds": 2.03626821095295
}
VitHeadlessService: command reply (truncated): {
  "status": "ok",
  "message": "Seek executed",
  "position_seconds": 2.03626821095295
}
ZmqGateway: received command payload: {"cmd":"seek","time":2.02072414983928}
ZmqGateway: dispatching payload to JUCE message thread.
VitHeadlessService: processing queued command on JUCE message thread: {"cmd":"seek","time":2.02072414983928}
Command received: {"cmd":"seek","time":2.02072414983928}
CommandDispatcher::handleSeek: position set to 2.0207s
Command executed: seek, result: {
  "status": "ok",
  "message": "Seek executed",
  "position_seconds": 2.02072414983928
}
VitHeadlessService: command reply (truncated): {
  "status": "ok",
  "message": "Seek executed",
  "position_seconds": 2.02072414983928
}
ZmqGateway: received command payload: {"cmd":"seek","time":1.98963602761196}
ZmqGateway: dispatching payload to JUCE message thread.
VitHeadlessService: processing queued command on JUCE message thread: {"cmd":"seek","time":1.98963602761196}
Command received: {"cmd":"seek","time":1.98963602761196}
CommandDispatcher::handleSeek: position set to 1.9896s
Command executed: seek, result: {
  "status": "ok",
  "message": "Seek executed",
  "position_seconds": 1.98963602761196
}
VitHeadlessService: command reply (truncated): {
  "status": "ok",
  "message": "Seek executed",
  "position_seconds": 1.98963602761196
}
ZmqGateway: received command payload: {"cmd":"seek","time":1.95854790538464}
ZmqGateway: dispatching payload to JUCE message thread.
VitHeadlessService: processing queued command on JUCE message thread: {"cmd":"seek","time":1.95854790538464}
Command received: {"cmd":"seek","time":1.95854790538464}
CommandDispatcher::handleSeek: position set to 1.9585s
Command executed: seek, result: {
  "status": "ok",
  "message": "Seek executed",
  "position_seconds": 1.95854790538464
}
VitHeadlessService: command reply (truncated): {
  "status": "ok",
  "message": "Seek executed",
  "position_seconds": 1.95854790538464
}
ZmqGateway: received command payload: {"cmd":"seek","time":1.92745978315731}
ZmqGateway: dispatching payload to JUCE message thread.
VitHeadlessService: processing queued command on JUCE message thread: {"cmd":"seek","time":1.92745978315731}
Command received: {"cmd":"seek","time":1.92745978315731}
CommandDispatcher::handleSeek: position set to 1.9275s
Command executed: seek, result: {
  "status": "ok",
  "message": "Seek executed",
  "position_seconds": 1.92745978315731
}
VitHeadlessService: command reply (truncated): {
  "status": "ok",
  "message": "Seek executed",
  "position_seconds": 1.92745978315731
}
ZmqGateway: received command payload: {"cmd":"seek","time":1.88082759981633}
ZmqGateway: dispatching payload to JUCE message thread.
VitHeadlessService: processing queued command on JUCE message thread: {"cmd":"seek","time":1.88082759981633}
Command received: {"cmd":"seek","time":1.88082759981633}
CommandDispatcher::handleSeek: position set to 1.8808s
Command executed: seek, result: {
  "status": "ok",
  "message": "Seek executed",
  "position_seconds": 1.88082759981633
}
VitHeadlessService: command reply (truncated): {
  "status": "ok",
  "message": "Seek executed",
  "position_seconds": 1.88082759981633
}
ZmqGateway: received command payload: {"cmd":"seek","time":1.81865135536168}
ZmqGateway: dispatching payload to JUCE message thread.
VitHeadlessService: processing queued command on JUCE message thread: {"cmd":"seek","time":1.81865135536168}
Command received: {"cmd":"seek","time":1.81865135536168}
CommandDispatcher::handleSeek: position set to 1.8187s
Command executed: seek, result: {
  "status": "ok",
  "message": "Seek executed",
  "position_seconds": 1.81865135536168
}
VitHeadlessService: command reply (truncated): {
  "status": "ok",
  "message": "Seek executed",
  "position_seconds": 1.81865135536168
}
ZmqGateway: received command payload: {"cmd":"seek","time":1.74093104979337}
ZmqGateway: dispatching payload to JUCE message thread.
VitHeadlessService: processing queued command on JUCE message thread: {"cmd":"seek","time":1.74093104979337}
Command received: {"cmd":"seek","time":1.74093104979337}
CommandDispatcher::handleSeek: position set to 1.7409s
Command executed: seek, result: {
  "status": "ok",
  "message": "Seek executed",
  "position_seconds": 1.74093104979337
}
VitHeadlessService: command reply (truncated): {
  "status": "ok",
  "message": "Seek executed",
  "position_seconds": 1.74093104979337
}
ZmqGateway: received command payload: {"cmd":"seek","time":1.66321074422506}
ZmqGateway: dispatching payload to JUCE message thread.
VitHeadlessService: processing queued command on JUCE message thread: {"cmd":"seek","time":1.66321074422506}
Command received: {"cmd":"seek","time":1.66321074422506}
CommandDispatcher::handleSeek: position set to 1.6632s
Command executed: seek, result: {
  "status": "ok",
  "message": "Seek executed",
  "position_seconds": 1.66321074422506
}
VitHeadlessService: command reply (truncated): {
  "status": "ok",
  "message": "Seek executed",
  "position_seconds": 1.66321074422506
}
ZmqGateway: received command payload: {"cmd":"seek","time":1.55440231642942}
ZmqGateway: dispatching payload to JUCE message thread.
VitHeadlessService: processing queued command on JUCE message thread: {"cmd":"seek","time":1.55440231642942}
Command received: {"cmd":"seek","time":1.55440231642942}
CommandDispatcher::handleSeek: position set to 1.5544s
Command executed: seek, result: {
  "status": "ok",
  "message": "Seek executed",
  "position_seconds": 1.55440231642942
}
VitHeadlessService: command reply (truncated): {
  "status": "ok",
  "message": "Seek executed",
  "position_seconds": 1.55440231642942
}
ZmqGateway: received command payload: {"cmd":"seek","time":1.46113794974745}
ZmqGateway: dispatching payload to JUCE message thread.
VitHeadlessService: processing queued command on JUCE message thread: {"cmd":"seek","time":1.46113794974745}
Command received: {"cmd":"seek","time":1.46113794974745}
CommandDispatcher::handleSeek: position set to 1.4611s
Command executed: seek, result: {
  "status": "ok",
  "message": "Seek executed",
  "position_seconds": 1.46113794974745
}
VitHeadlessService: command reply (truncated): {
  "status": "ok",
  "message": "Seek executed",
  "position_seconds": 1.46113794974745
}
ZmqGateway: received command payload: {"cmd":"seek","time":1.38341764417914}
ZmqGateway: dispatching payload to JUCE message thread.
VitHeadlessService: processing queued command on JUCE message thread: {"cmd":"seek","time":1.38341764417914}
Command received: {"cmd":"seek","time":1.38341764417914}
CommandDispatcher::handleSeek: position set to 1.3834s
Command executed: seek, result: {
  "status": "ok",
  "message": "Seek executed",
  "position_seconds": 1.38341764417914
}
VitHeadlessService: command reply (truncated): {
  "status": "ok",
  "message": "Seek executed",
  "position_seconds": 1.38341764417914
}
ZmqGateway: received command payload: {"cmd":"seek","time":1.29015327749716}
ZmqGateway: dispatching payload to JUCE message thread.
VitHeadlessService: processing queued command on JUCE message thread: {"cmd":"seek","time":1.29015327749716}
Command received: {"cmd":"seek","time":1.29015327749716}
CommandDispatcher::handleSeek: position set to 1.2902s
Command executed: seek, result: {
  "status": "ok",
  "message": "Seek executed",
  "position_seconds": 1.29015327749716
}
VitHeadlessService: command reply (truncated): {
  "status": "ok",
  "message": "Seek executed",
  "position_seconds": 1.29015327749716
}
ZmqGateway: received command payload: {"cmd":"seek","time":1.21243297192885}
ZmqGateway: dispatching payload to JUCE message thread.
VitHeadlessService: processing queued command on JUCE message thread: {"cmd":"seek","time":1.21243297192885}
Command received: {"cmd":"seek","time":1.21243297192885}
CommandDispatcher::handleSeek: position set to 1.2124s
Command executed: seek, result: {
  "status": "ok",
  "message": "Seek executed",
  "position_seconds": 1.21243297192885
}
VitHeadlessService: command reply (truncated): {
  "status": "ok",
  "message": "Seek executed",
  "position_seconds": 1.21243297192885
}
ZmqGateway: received command payload: {"cmd":"seek","time":1.16580078858787}
ZmqGateway: dispatching payload to JUCE message thread.
VitHeadlessService: processing queued command on JUCE message thread: {"cmd":"seek","time":1.16580078858787}
Command received: {"cmd":"seek","time":1.16580078858787}
CommandDispatcher::handleSeek: position set to 1.1658s
Command executed: seek, result: {
  "status": "ok",
  "message": "Seek executed",
  "position_seconds": 1.16580078858787
}
VitHeadlessService: command reply (truncated): {
  "status": "ok",
  "message": "Seek executed",
  "position_seconds": 1.16580078858787
}
ZmqGateway: received command payload: {"cmd":"seek","time":1.13471266636054}
ZmqGateway: dispatching payload to JUCE message thread.
VitHeadlessService: processing queued command on JUCE message thread: {"cmd":"seek","time":1.13471266636054}
Command received: {"cmd":"seek","time":1.13471266636054}
CommandDispatcher::handleSeek: position set to 1.1347s
Command executed: seek, result: {
  "status": "ok",
  "message": "Seek executed",
  "position_seconds": 1.13471266636054
}
VitHeadlessService: command reply (truncated): {
  "status": "ok",
  "message": "Seek executed",
  "position_seconds": 1.13471266636054
}
ZmqGateway: received command payload: {"cmd":"seek","time":1.11916860524688}
ZmqGateway: dispatching payload to JUCE message thread.
VitHeadlessService: processing queued command on JUCE message thread: {"cmd":"seek","time":1.11916860524688}
Command received: {"cmd":"seek","time":1.11916860524688}
CommandDispatcher::handleSeek: position set to 1.1192s
Command executed: seek, result: {
  "status": "ok",
  "message": "Seek executed",
  "position_seconds": 1.11916860524688
}
VitHeadlessService: command reply (truncated): {
  "status": "ok",
  "message": "Seek executed",
  "position_seconds": 1.11916860524688
}
ZmqGateway: received command payload: {"cmd":"seek","time":1.18134484970153}
ZmqGateway: dispatching payload to JUCE message thread.
VitHeadlessService: processing queued command on JUCE message thread: {"cmd":"seek","time":1.18134484970153}
Command received: {"cmd":"seek","time":1.18134484970153}
CommandDispatcher::handleSeek: position set to 1.1813s
Command executed: seek, result: {
  "status": "ok",
  "message": "Seek executed",
  "position_seconds": 1.18134484970153
}
VitHeadlessService: command reply (truncated): {
  "status": "ok",
  "message": "Seek executed",
  "position_seconds": 1.18134484970153
}
ZmqGateway: received command payload: {"cmd":"seek","time":1.25906515526984}
ZmqGateway: dispatching payload to JUCE message thread.
VitHeadlessService: processing queued command on JUCE message thread: {"cmd":"seek","time":1.25906515526984}
Command received: {"cmd":"seek","time":1.25906515526984}
CommandDispatcher::handleSeek: position set to 1.2591s
Command executed: seek, result: {
  "status": "ok",
  "message": "Seek executed",
  "position_seconds": 1.25906515526984
}
VitHeadlessService: command reply (truncated): {
  "status": "ok",
  "message": "Seek executed",
  "position_seconds": 1.25906515526984
}
ZmqGateway: received command payload: {"cmd":"seek","time":1.36787358306547}
ZmqGateway: dispatching payload to JUCE message thread.
VitHeadlessService: processing queued command on JUCE message thread: {"cmd":"seek","time":1.36787358306547}
Command received: {"cmd":"seek","time":1.36787358306547}
CommandDispatcher::handleSeek: position set to 1.3679s
Command executed: seek, result: {
  "status": "ok",
  "message": "Seek executed",
  "position_seconds": 1.36787358306547
}
VitHeadlessService: command reply (truncated): {
  "status": "ok",
  "message": "Seek executed",
  "position_seconds": 1.36787358306547
}
ZmqGateway: received command payload: {"cmd":"seek","time":1.46113794974745}
ZmqGateway: dispatching payload to JUCE message thread.
VitHeadlessService: processing queued command on JUCE message thread: {"cmd":"seek","time":1.46113794974745}
Command received: {"cmd":"seek","time":1.46113794974745}
CommandDispatcher::handleSeek: position set to 1.4611s
Command executed: seek, result: {
  "status": "ok",
  "message": "Seek executed",
  "position_seconds": 1.46113794974745
}
VitHeadlessService: command reply (truncated): {
  "status": "ok",
  "message": "Seek executed",
  "position_seconds": 1.46113794974745
}
ZmqGateway: received command payload: {"cmd":"seek","time":1.60103449977041}
ZmqGateway: dispatching payload to JUCE message thread.
VitHeadlessService: processing queued command on JUCE message thread: {"cmd":"seek","time":1.60103449977041}
Command received: {"cmd":"seek","time":1.60103449977041}
CommandDispatcher::handleSeek: position set to 1.6010s
Command executed: seek, result: {
  "status": "ok",
  "message": "Seek executed",
  "position_seconds": 1.60103449977041
}
VitHeadlessService: command reply (truncated): {
  "status": "ok",
  "message": "Seek executed",
  "position_seconds": 1.60103449977041
}
ZmqGateway: received command payload: {"cmd":"seek","time":1.7253869886797}
ZmqGateway: dispatching payload to JUCE message thread.
VitHeadlessService: processing queued command on JUCE message thread: {"cmd":"seek","time":1.7253869886797}
Command received: {"cmd":"seek","time":1.7253869886797}
CommandDispatcher::handleSeek: position set to 1.7254s
Command executed: seek, result: {
  "status": "ok",
  "message": "Seek executed",
  "position_seconds": 1.7253869886797
}
VitHeadlessService: command reply (truncated): {
  "status": "ok",
  "message": "Seek executed",
  "position_seconds": 1.7253869886797
}
ZmqGateway: received command payload: {"cmd":"seek","time":1.86528353870266}
ZmqGateway: dispatching payload to JUCE message thread.
VitHeadlessService: processing queued command on JUCE message thread: {"cmd":"seek","time":1.86528353870266}
Command received: {"cmd":"seek","time":1.86528353870266}
CommandDispatcher::handleSeek: position set to 1.8653s
Command executed: seek, result: {
  "status": "ok",
  "message": "Seek executed",
  "position_seconds": 1.86528353870266
}
VitHeadlessService: command reply (truncated): {
  "status": "ok",
  "message": "Seek executed",
  "position_seconds": 1.86528353870266
}
ZmqGateway: received command payload: {"cmd":"seek","time":2.02072414983928}
ZmqGateway: dispatching payload to JUCE message thread.
VitHeadlessService: processing queued command on JUCE message thread: {"cmd":"seek","time":2.02072414983928}
Command received: {"cmd":"seek","time":2.02072414983928}
CommandDispatcher::handleSeek: position set to 2.0207s
Command executed: seek, result: {
  "status": "ok",
  "message": "Seek executed",
  "position_seconds": 2.02072414983928
}
VitHeadlessService: command reply (truncated): {
  "status": "ok",
  "message": "Seek executed",
  "position_seconds": 2.02072414983928
}
ZmqGateway: received command payload: {"cmd":"seek","time":2.19170882208957}
ZmqGateway: dispatching payload to JUCE message thread.
VitHeadlessService: processing queued command on JUCE message thread: {"cmd":"seek","time":2.19170882208957}
Command received: {"cmd":"seek","time":2.19170882208957}
CommandDispatcher::handleSeek: position set to 2.1917s
Command executed: seek, result: {
  "status": "ok",
  "message": "Seek executed",
  "position_seconds": 2.19170882208957
}
VitHeadlessService: command reply (truncated): {
  "status": "ok",
  "message": "Seek executed",
  "position_seconds": 2.19170882208957
}
ZmqGateway: received command payload: {"cmd":"seek","time":2.36269349433985}
ZmqGateway: dispatching payload to JUCE message thread.
VitHeadlessService: processing queued command on JUCE message thread: {"cmd":"seek","time":2.36269349433985}
Command received: {"cmd":"seek","time":2.36269349433985}
CommandDispatcher::handleSeek: position set to 2.3627s
Command executed: seek, result: {
  "status": "ok",
  "message": "Seek executed",
  "position_seconds": 2.36269349433985
}
VitHeadlessService: command reply (truncated): {
  "status": "ok",
  "message": "Seek executed",
  "position_seconds": 2.36269349433985
}
ZmqGateway: received command payload: {"cmd":"seek","time":2.50259004436281}
ZmqGateway: dispatching payload to JUCE message thread.
VitHeadlessService: processing queued command on JUCE message thread: {"cmd":"seek","time":2.50259004436281}
Command received: {"cmd":"seek","time":2.50259004436281}
CommandDispatcher::handleSeek: position set to 2.5026s
Command executed: seek, result: {
  "status": "ok",
  "message": "Seek executed",
  "position_seconds": 2.50259004436281
}
VitHeadlessService: command reply (truncated): {
  "status": "ok",
  "message": "Seek executed",
  "position_seconds": 2.50259004436281
}
ZmqGateway: received command payload: {"cmd":"seek","time":2.58031034993112}
ZmqGateway: dispatching payload to JUCE message thread.
VitHeadlessService: processing queued command on JUCE message thread: {"cmd":"seek","time":2.58031034993112}
Command received: {"cmd":"seek","time":2.58031034993112}
CommandDispatcher::handleSeek: position set to 2.5803s
Command executed: seek, result: {
  "status": "ok",
  "message": "Seek executed",
  "position_seconds": 2.58031034993112
}
VitHeadlessService: command reply (truncated): {
  "status": "ok",
  "message": "Seek executed",
  "position_seconds": 2.58031034993112
}
ZmqGateway: received command payload: {"cmd":"seek","time":2.70466283884042}
ZmqGateway: dispatching payload to JUCE message thread.
VitHeadlessService: processing queued command on JUCE message thread: {"cmd":"seek","time":2.70466283884042}
Command received: {"cmd":"seek","time":2.70466283884042}
CommandDispatcher::handleSeek: position set to 2.7047s
Command executed: seek, result: {
  "status": "ok",
  "message": "Seek executed",
  "position_seconds": 2.70466283884042
}
VitHeadlessService: command reply (truncated): {
  "status": "ok",
  "message": "Seek executed",
  "position_seconds": 2.70466283884042
}
ZmqGateway: received command payload: {"cmd":"seek","time":2.82901532774972}
ZmqGateway: dispatching payload to JUCE message thread.
VitHeadlessService: processing queued command on JUCE message thread: {"cmd":"seek","time":2.82901532774972}
Command received: {"cmd":"seek","time":2.82901532774972}
CommandDispatcher::handleSeek: position set to 2.8290s
Command executed: seek, result: {
  "status": "ok",
  "message": "Seek executed",
  "position_seconds": 2.82901532774972
}
VitHeadlessService: command reply (truncated): {
  "status": "ok",
  "message": "Seek executed",
  "position_seconds": 2.82901532774972
}
ZmqGateway: received command payload: {"cmd":"seek","time":2.93782375554535}
ZmqGateway: dispatching payload to JUCE message thread.
VitHeadlessService: processing queued command on JUCE message thread: {"cmd":"seek","time":2.93782375554535}
Command received: {"cmd":"seek","time":2.93782375554535}
CommandDispatcher::handleSeek: position set to 2.9378s
Command executed: seek, result: {
  "status": "ok",
  "message": "Seek executed",
  "position_seconds": 2.93782375554535
}
VitHeadlessService: command reply (truncated): {
  "status": "ok",
  "message": "Seek executed",
  "position_seconds": 2.93782375554535
}
ZmqGateway: received command payload: {"cmd":"seek","time":3.06217624445465}
ZmqGateway: dispatching payload to JUCE message thread.
VitHeadlessService: processing queued command on JUCE message thread: {"cmd":"seek","time":3.06217624445465}
Command received: {"cmd":"seek","time":3.06217624445465}
CommandDispatcher::handleSeek: position set to 3.0622s
Command executed: seek, result: {
  "status": "ok",
  "message": "Seek executed",
  "position_seconds": 3.06217624445465
}
VitHeadlessService: command reply (truncated): {
  "status": "ok",
  "message": "Seek executed",
  "position_seconds": 3.06217624445465
}
ZmqGateway: received command payload: {"cmd":"seek","time":3.17098467225028}
ZmqGateway: dispatching payload to JUCE message thread.
VitHeadlessService: processing queued command on JUCE message thread: {"cmd":"seek","time":3.17098467225028}
Command received: {"cmd":"seek","time":3.17098467225028}
CommandDispatcher::handleSeek: position set to 3.1710s
Command executed: seek, result: {
  "status": "ok",
  "message": "Seek executed",
  "position_seconds": 3.17098467225028
}
VitHeadlessService: command reply (truncated): {
  "status": "ok",
  "message": "Seek executed",
  "position_seconds": 3.17098467225028
}
ZmqGateway: received command payload: {"cmd":"seek","time":3.27979310004592}
ZmqGateway: dispatching payload to JUCE message thread.
VitHeadlessService: processing queued command on JUCE message thread: {"cmd":"seek","time":3.27979310004592}
Command received: {"cmd":"seek","time":3.27979310004592}
CommandDispatcher::handleSeek: position set to 3.2798s
Command executed: seek, result: {
  "status": "ok",
  "message": "Seek executed",
  "position_seconds": 3.27979310004592
}
VitHeadlessService: command reply (truncated): {
  "status": "ok",
  "message": "Seek executed",
  "position_seconds": 3.27979310004592
}
ZmqGateway: received command payload: {"cmd":"seek","time":3.38860152784155}
ZmqGateway: dispatching payload to JUCE message thread.
VitHeadlessService: processing queued command on JUCE message thread: {"cmd":"seek","time":3.38860152784155}
Command received: {"cmd":"seek","time":3.38860152784155}
CommandDispatcher::handleSeek: position set to 3.3886s
Command executed: seek, result: {
  "status": "ok",
  "message": "Seek executed",
  "position_seconds": 3.38860152784155
}
VitHeadlessService: command reply (truncated): {
  "status": "ok",
  "message": "Seek executed",
  "position_seconds": 3.38860152784155
}
ZmqGateway: received command payload: {"cmd":"seek","time":3.46632183340986}
ZmqGateway: dispatching payload to JUCE message thread.
VitHeadlessService: processing queued command on JUCE message thread: {"cmd":"seek","time":3.46632183340986}
Command received: {"cmd":"seek","time":3.46632183340986}
CommandDispatcher::handleSeek: position set to 3.4663s
Command executed: seek, result: {
  "status": "ok",
  "message": "Seek executed",
  "position_seconds": 3.46632183340986
}
VitHeadlessService: command reply (truncated): {
  "status": "ok",
  "message": "Seek executed",
  "position_seconds": 3.46632183340986
}
ZmqGateway: received command payload: {"cmd":"seek","time":3.55958620009184}
ZmqGateway: dispatching payload to JUCE message thread.
VitHeadlessService: processing queued command on JUCE message thread: {"cmd":"seek","time":3.55958620009184}
Command received: {"cmd":"seek","time":3.55958620009184}
CommandDispatcher::handleSeek: position set to 3.5596s
Command executed: seek, result: {
  "status": "ok",
  "message": "Seek executed",
  "position_seconds": 3.55958620009184
}
VitHeadlessService: command reply (truncated): {
  "status": "ok",
  "message": "Seek executed",
  "position_seconds": 3.55958620009184
}
ZmqGateway: received command payload: {"cmd":"seek","time":3.63730650566015}
ZmqGateway: dispatching payload to JUCE message thread.
VitHeadlessService: processing queued command on JUCE message thread: {"cmd":"seek","time":3.63730650566015}
Command received: {"cmd":"seek","time":3.63730650566015}
CommandDispatcher::handleSeek: position set to 3.6373s
Command executed: seek, result: {
  "status": "ok",
  "message": "Seek executed",
  "position_seconds": 3.63730650566015
}
VitHeadlessService: command reply (truncated): {
  "status": "ok",
  "message": "Seek executed",
  "position_seconds": 3.63730650566015
}
ZmqGateway: received command payload: {"cmd":"seek","time":3.6994827501148}
ZmqGateway: dispatching payload to JUCE message thread.
VitHeadlessService: processing queued command on JUCE message thread: {"cmd":"seek","time":3.6994827501148}
Command received: {"cmd":"seek","time":3.6994827501148}
CommandDispatcher::handleSeek: position set to 3.6995s
Command executed: seek, result: {
  "status": "ok",
  "message": "Seek executed",
  "position_seconds": 3.6994827501148
}
VitHeadlessService: command reply (truncated): {
  "status": "ok",
  "message": "Seek executed",
  "position_seconds": 3.6994827501148
}
ZmqGateway: received command payload: {"cmd":"seek","time":3.76165899456945}
ZmqGateway: dispatching payload to JUCE message thread.
VitHeadlessService: processing queued command on JUCE message thread: {"cmd":"seek","time":3.76165899456945}
Command received: {"cmd":"seek","time":3.76165899456945}
CommandDispatcher::handleSeek: position set to 3.7617s
Command executed: seek, result: {
  "status": "ok",
  "message": "Seek executed",
  "position_seconds": 3.76165899456945
}
VitHeadlessService: command reply (truncated): {
  "status": "ok",
  "message": "Seek executed",
  "position_seconds": 3.76165899456945
}
ZmqGateway: received command payload: {"cmd":"seek","time":3.80829117791043}
ZmqGateway: dispatching payload to JUCE message thread.
VitHeadlessService: processing queued command on JUCE message thread: {"cmd":"seek","time":3.80829117791043}
Command received: {"cmd":"seek","time":3.80829117791043}
CommandDispatcher::handleSeek: position set to 3.8083s
Command executed: seek, result: {
  "status": "ok",
  "message": "Seek executed",
  "position_seconds": 3.80829117791043
}
VitHeadlessService: command reply (truncated): {
  "status": "ok",
  "message": "Seek executed",
  "position_seconds": 3.80829117791043
}
ZmqGateway: received command payload: {"cmd":"seek","time":3.83937930013776}
ZmqGateway: dispatching payload to JUCE message thread.
VitHeadlessService: processing queued command on JUCE message thread: {"cmd":"seek","time":3.83937930013776}
Command received: {"cmd":"seek","time":3.83937930013776}
CommandDispatcher::handleSeek: position set to 3.8394s
Command executed: seek, result: {
  "status": "ok",
  "message": "Seek executed",
  "position_seconds": 3.83937930013776
}
VitHeadlessService: command reply (truncated): {
  "status": "ok",
  "message": "Seek executed",
  "position_seconds": 3.83937930013776
}
ZmqGateway: received command payload: {"cmd":"seek","time":3.88601148347874}
ZmqGateway: dispatching payload to JUCE message thread.
VitHeadlessService: processing queued command on JUCE message thread: {"cmd":"seek","time":3.88601148347874}
Command received: {"cmd":"seek","time":3.88601148347874}
CommandDispatcher::handleSeek: position set to 3.8860s
Command executed: seek, result: {
  "status": "ok",
  "message": "Seek executed",
  "position_seconds": 3.88601148347874
}
VitHeadlessService: command reply (truncated): {
  "status": "ok",
  "message": "Seek executed",
  "position_seconds": 3.88601148347874
}
ZmqGateway: received command payload: {"cmd":"seek","time":3.9015555445924}
ZmqGateway: dispatching payload to JUCE message thread.
VitHeadlessService: processing queued command on JUCE message thread: {"cmd":"seek","time":3.9015555445924}
Command received: {"cmd":"seek","time":3.9015555445924}
CommandDispatcher::handleSeek: position set to 3.9016s
Command executed: seek, result: {
  "status": "ok",
  "message": "Seek executed",
  "position_seconds": 3.9015555445924
}
VitHeadlessService: command reply (truncated): {
  "status": "ok",
  "message": "Seek executed",
  "position_seconds": 3.9015555445924
}
ZmqGateway: received command payload: {"cmd":"seek","time":3.93264366681973}
ZmqGateway: dispatching payload to JUCE message thread.
VitHeadlessService: processing queued command on JUCE message thread: {"cmd":"seek","time":3.93264366681973}
Command received: {"cmd":"seek","time":3.93264366681973}
CommandDispatcher::handleSeek: position set to 3.9326s
Command executed: seek, result: {
  "status": "ok",
  "message": "Seek executed",
  "position_seconds": 3.93264366681973
}
VitHeadlessService: command reply (truncated): {
  "status": "ok",
  "message": "Seek executed",
  "position_seconds": 3.93264366681973
}
ZmqGateway: received command payload: {"cmd":"seek","time":3.96373178904705}
ZmqGateway: dispatching payload to JUCE message thread.
VitHeadlessService: processing queued command on JUCE message thread: {"cmd":"seek","time":3.96373178904705}
Command received: {"cmd":"seek","time":3.96373178904705}
CommandDispatcher::handleSeek: position set to 3.9637s
Command executed: seek, result: {
  "status": "ok",
  "message": "Seek executed",
  "position_seconds": 3.96373178904705
}
VitHeadlessService: command reply (truncated): {
  "status": "ok",
  "message": "Seek executed",
  "position_seconds": 3.96373178904705
}
ZmqGateway: received command payload: {"cmd":"seek","time":3.99481991127438}
ZmqGateway: dispatching payload to JUCE message thread.
VitHeadlessService: processing queued command on JUCE message thread: {"cmd":"seek","time":3.99481991127438}
Command received: {"cmd":"seek","time":3.99481991127438}
CommandDispatcher::handleSeek: position set to 3.9948s
Command executed: seek, result: {
  "status": "ok",
  "message": "Seek executed",
  "position_seconds": 3.99481991127438
}
VitHeadlessService: command reply (truncated): {
  "status": "ok",
  "message": "Seek executed",
  "position_seconds": 3.99481991127438
}
ZmqGateway: received command payload: {"cmd":"seek","time":4.0259080335017}
ZmqGateway: dispatching payload to JUCE message thread.
VitHeadlessService: processing queued command on JUCE message thread: {"cmd":"seek","time":4.0259080335017}
Command received: {"cmd":"seek","time":4.0259080335017}
CommandDispatcher::handleSeek: position set to 4.0259s
Command executed: seek, result: {
  "status": "ok",
  "message": "Seek executed",
  "position_seconds": 4.0259080335017
}
VitHeadlessService: command reply (truncated): {
  "status": "ok",
  "message": "Seek executed",
  "position_seconds": 4.0259080335017
}
ZmqGateway: received command payload: {"cmd":"seek","time":4.07254021684269}
ZmqGateway: dispatching payload to JUCE message thread.
VitHeadlessService: processing queued command on JUCE message thread: {"cmd":"seek","time":4.07254021684269}
Command received: {"cmd":"seek","time":4.07254021684269}
CommandDispatcher::handleSeek: position set to 4.0725s
Command executed: seek, result: {
  "status": "ok",
  "message": "Seek executed",
  "position_seconds": 4.07254021684269
}
VitHeadlessService: command reply (truncated): {
  "status": "ok",
  "message": "Seek executed",
  "position_seconds": 4.07254021684269
}
ZmqGateway: received command payload: {"cmd":"seek","time":4.11917240018368}
ZmqGateway: dispatching payload to JUCE message thread.
VitHeadlessService: processing queued command on JUCE message thread: {"cmd":"seek","time":4.11917240018368}
Command received: {"cmd":"seek","time":4.11917240018368}
CommandDispatcher::handleSeek: position set to 4.1192s
Command executed: seek, result: {
  "status": "ok",
  "message": "Seek executed",
  "position_seconds": 4.11917240018368
}
VitHeadlessService: command reply (truncated): {
  "status": "ok",
  "message": "Seek executed",
  "position_seconds": 4.11917240018368
}
ZmqGateway: received command payload: {"cmd":"seek","time":4.16580458352466}
ZmqGateway: dispatching payload to JUCE message thread.
VitHeadlessService: processing queued command on JUCE message thread: {"cmd":"seek","time":4.16580458352466}
Command received: {"cmd":"seek","time":4.16580458352466}
CommandDispatcher::handleSeek: position set to 4.1658s
Command executed: seek, result: {
  "status": "ok",
  "message": "Seek executed",
  "position_seconds": 4.16580458352466
}
VitHeadlessService: command reply (truncated): {
  "status": "ok",
  "message": "Seek executed",
  "position_seconds": 4.16580458352466
}
ZmqGateway: received command payload: {"cmd":"seek","time":4.22798082797931}
ZmqGateway: dispatching payload to JUCE message thread.
VitHeadlessService: processing queued command on JUCE message thread: {"cmd":"seek","time":4.22798082797931}
Command received: {"cmd":"seek","time":4.22798082797931}
CommandDispatcher::handleSeek: position set to 4.2280s
Command executed: seek, result: {
  "status": "ok",
  "message": "Seek executed",
  "position_seconds": 4.22798082797931
}
VitHeadlessService: command reply (truncated): {
  "status": "ok",
  "message": "Seek executed",
  "position_seconds": 4.22798082797931
}
ZmqGateway: received command payload: {"cmd":"seek","time":4.30570113354762}
ZmqGateway: dispatching payload to JUCE message thread.
VitHeadlessService: processing queued command on JUCE message thread: {"cmd":"seek","time":4.30570113354762}
Command received: {"cmd":"seek","time":4.30570113354762}
CommandDispatcher::handleSeek: position set to 4.3057s
Command executed: seek, result: {
  "status": "ok",
  "message": "Seek executed",
  "position_seconds": 4.30570113354762
}
VitHeadlessService: command reply (truncated): {
  "status": "ok",
  "message": "Seek executed",
  "position_seconds": 4.30570113354762
}
ZmqGateway: received command payload: {"cmd":"seek","time":4.38342143911593}
ZmqGateway: dispatching payload to JUCE message thread.
VitHeadlessService: processing queued command on JUCE message thread: {"cmd":"seek","time":4.38342143911593}
Command received: {"cmd":"seek","time":4.38342143911593}
CommandDispatcher::handleSeek: position set to 4.3834s
Command executed: seek, result: {
  "status": "ok",
  "message": "Seek executed",
  "position_seconds": 4.38342143911593
}
VitHeadlessService: command reply (truncated): {
  "status": "ok",
  "message": "Seek executed",
  "position_seconds": 4.38342143911593
}
ZmqGateway: received command payload: {"cmd":"seek","time":4.4766858057979}
ZmqGateway: dispatching payload to JUCE message thread.
VitHeadlessService: processing queued command on JUCE message thread: {"cmd":"seek","time":4.4766858057979}
Command received: {"cmd":"seek","time":4.4766858057979}
CommandDispatcher::handleSeek: position set to 4.4767s
Command executed: seek, result: {
  "status": "ok",
  "message": "Seek executed",
  "position_seconds": 4.4766858057979
}
VitHeadlessService: command reply (truncated): {
  "status": "ok",
  "message": "Seek executed",
  "position_seconds": 4.4766858057979
}
ZmqGateway: received command payload: {"cmd":"seek","time":4.56995017247988}
ZmqGateway: dispatching payload to JUCE message thread.
VitHeadlessService: processing queued command on JUCE message thread: {"cmd":"seek","time":4.56995017247988}
Command received: {"cmd":"seek","time":4.56995017247988}
CommandDispatcher::handleSeek: position set to 4.5700s
Command executed: seek, result: {
  "status": "ok",
  "message": "Seek executed",
  "position_seconds": 4.56995017247988
}
VitHeadlessService: command reply (truncated): {
  "status": "ok",
  "message": "Seek executed",
  "position_seconds": 4.56995017247988
}
ZmqGateway: received command payload: {"cmd":"seek","time":4.67875860027551}
ZmqGateway: dispatching payload to JUCE message thread.
VitHeadlessService: processing queued command on JUCE message thread: {"cmd":"seek","time":4.67875860027551}
Command received: {"cmd":"seek","time":4.67875860027551}
CommandDispatcher::handleSeek: position set to 4.6788s
Command executed: seek, result: {
  "status": "ok",
  "message": "Seek executed",
  "position_seconds": 4.67875860027551
}
VitHeadlessService: command reply (truncated): {
  "status": "ok",
  "message": "Seek executed",
  "position_seconds": 4.67875860027551
}
ZmqGateway: received command payload: {"cmd":"seek","time":4.77202296695749}
ZmqGateway: dispatching payload to JUCE message thread.
VitHeadlessService: processing queued command on JUCE message thread: {"cmd":"seek","time":4.77202296695749}
Command received: {"cmd":"seek","time":4.77202296695749}
CommandDispatcher::handleSeek: position set to 4.7720s
Command executed: seek, result: {
  "status": "ok",
  "message": "Seek executed",
  "position_seconds": 4.77202296695749
}
VitHeadlessService: command reply (truncated): {
  "status": "ok",
  "message": "Seek executed",
  "position_seconds": 4.77202296695749
}
ZmqGateway: received command payload: {"cmd":"seek","time":4.8497432725258}
ZmqGateway: dispatching payload to JUCE message thread.
VitHeadlessService: processing queued command on JUCE message thread: {"cmd":"seek","time":4.8497432725258}
Command received: {"cmd":"seek","time":4.8497432725258}
CommandDispatcher::handleSeek: position set to 4.8497s
Command executed: seek, result: {
  "status": "ok",
  "message": "Seek executed",
  "position_seconds": 4.8497432725258
}
VitHeadlessService: command reply (truncated): {
  "status": "ok",
  "message": "Seek executed",
  "position_seconds": 4.8497432725258
}
ZmqGateway: received command payload: {"cmd":"seek","time":4.89637545586678}
ZmqGateway: dispatching payload to JUCE message thread.
VitHeadlessService: processing queued command on JUCE message thread: {"cmd":"seek","time":4.89637545586678}
Command received: {"cmd":"seek","time":4.89637545586678}
CommandDispatcher::handleSeek: position set to 4.8964s
Command executed: seek, result: {
  "status": "ok",
  "message": "Seek executed",
  "position_seconds": 4.89637545586678
}
VitHeadlessService: command reply (truncated): {
  "status": "ok",
  "message": "Seek executed",
  "position_seconds": 4.89637545586678
}
ZmqGateway: received command payload: {"cmd":"seek","time":4.92746357809411}
ZmqGateway: dispatching payload to JUCE message thread.
VitHeadlessService: processing queued command on JUCE message thread: {"cmd":"seek","time":4.92746357809411}
Command received: {"cmd":"seek","time":4.92746357809411}
CommandDispatcher::handleSeek: position set to 4.9275s
Command executed: seek, result: {
  "status": "ok",
  "message": "Seek executed",
  "position_seconds": 4.92746357809411
}
VitHeadlessService: command reply (truncated): {
  "status": "ok",
  "message": "Seek executed",
  "position_seconds": 4.92746357809411
}
ZmqGateway: received command payload: {"cmd":"seek","time":4.94300763920777}
ZmqGateway: dispatching payload to JUCE message thread.
VitHeadlessService: processing queued command on JUCE message thread: {"cmd":"seek","time":4.94300763920777}
Command received: {"cmd":"seek","time":4.94300763920777}
CommandDispatcher::handleSeek: position set to 4.9430s
Command executed: seek, result: {
  "status": "ok",
  "message": "Seek executed",
  "position_seconds": 4.94300763920777
}
VitHeadlessService: command reply (truncated): {
  "status": "ok",
  "message": "Seek executed",
  "position_seconds": 4.94300763920777
}
ZmqGateway: received command payload: {"cmd":"seek","time":4.97409576143509}
ZmqGateway: dispatching payload to JUCE message thread.
VitHeadlessService: processing queued command on JUCE message thread: {"cmd":"seek","time":4.97409576143509}
Command received: {"cmd":"seek","time":4.97409576143509}
CommandDispatcher::handleSeek: position set to 4.9741s
Command executed: seek, result: {
  "status": "ok",
  "message": "Seek executed",
  "position_seconds": 4.97409576143509
}
VitHeadlessService: command reply (truncated): {
  "status": "ok",
  "message": "Seek executed",
  "position_seconds": 4.97409576143509
}
ZmqGateway: received command payload: {"cmd":"seek","time":5.0518160670034}
ZmqGateway: dispatching payload to JUCE message thread.
VitHeadlessService: processing queued command on JUCE message thread: {"cmd":"seek","time":5.0518160670034}
Command received: {"cmd":"seek","time":5.0518160670034}
CommandDispatcher::handleSeek: position set to 5.0518s
Command executed: seek, result: {
  "status": "ok",
  "message": "Seek executed",
  "position_seconds": 5.0518160670034
}
VitHeadlessService: command reply (truncated): {
  "status": "ok",
  "message": "Seek executed",
  "position_seconds": 5.0518160670034
}
ZmqGateway: received command payload: {"cmd":"seek","time":5.1761685559127}
ZmqGateway: dispatching payload to JUCE message thread.
VitHeadlessService: processing queued command on JUCE message thread: {"cmd":"seek","time":5.1761685559127}
Command received: {"cmd":"seek","time":5.1761685559127}
CommandDispatcher::handleSeek: position set to 5.1762s
Command executed: seek, result: {
  "status": "ok",
  "message": "Seek executed",
  "position_seconds": 5.1761685559127
}
VitHeadlessService: command reply (truncated): {
  "status": "ok",
  "message": "Seek executed",
  "position_seconds": 5.1761685559127
}
ZmqGateway: received command payload: {"cmd":"seek","time":5.34715322816299}
ZmqGateway: dispatching payload to JUCE message thread.
VitHeadlessService: processing queued command on JUCE message thread: {"cmd":"seek","time":5.34715322816299}
Command received: {"cmd":"seek","time":5.34715322816299}
CommandDispatcher::handleSeek: position set to 5.3472s
Command executed: seek, result: {
  "status": "ok",
  "message": "Seek executed",
  "position_seconds": 5.34715322816299
}
VitHeadlessService: command reply (truncated): {
  "status": "ok",
  "message": "Seek executed",
  "position_seconds": 5.34715322816299
}
ZmqGateway: received command payload: {"cmd":"seek","time":5.53368196152693}
ZmqGateway: dispatching payload to JUCE message thread.
VitHeadlessService: processing queued command on JUCE message thread: {"cmd":"seek","time":5.53368196152693}
Command received: {"cmd":"seek","time":5.53368196152693}
CommandDispatcher::handleSeek: position set to 5.5337s
Command executed: seek, result: {
  "status": "ok",
  "message": "Seek executed",
  "position_seconds": 5.53368196152693
}
VitHeadlessService: command reply (truncated): {
  "status": "ok",
  "message": "Seek executed",
  "position_seconds": 5.53368196152693
}
ZmqGateway: received command payload: {"cmd":"seek","time":5.73575475600454}
ZmqGateway: dispatching payload to JUCE message thread.
VitHeadlessService: processing queued command on JUCE message thread: {"cmd":"seek","time":5.73575475600454}
Command received: {"cmd":"seek","time":5.73575475600454}
CommandDispatcher::handleSeek: position set to 5.7358s
Command executed: seek, result: {
  "status": "ok",
  "message": "Seek executed",
  "position_seconds": 5.73575475600454
}
VitHeadlessService: command reply (truncated): {
  "status": "ok",
  "message": "Seek executed",
  "position_seconds": 5.73575475600454
}
ZmqGateway: received command payload: {"cmd":"seek","time":5.90673942825482}
ZmqGateway: dispatching payload to JUCE message thread.
VitHeadlessService: processing queued command on JUCE message thread: {"cmd":"seek","time":5.90673942825482}
Command received: {"cmd":"seek","time":5.90673942825482}
CommandDispatcher::handleSeek: position set to 5.9067s
Command executed: seek, result: {
  "status": "ok",
  "message": "Seek executed",
  "position_seconds": 5.90673942825482
}
VitHeadlessService: command reply (truncated): {
  "status": "ok",
  "message": "Seek executed",
  "position_seconds": 5.90673942825482
}
ZmqGateway: received command payload: {"cmd":"seek","time":6.07772410050511}
ZmqGateway: dispatching payload to JUCE message thread.
VitHeadlessService: processing queued command on JUCE message thread: {"cmd":"seek","time":6.07772410050511}
Command received: {"cmd":"seek","time":6.07772410050511}
CommandDispatcher::handleSeek: position set to 6.0777s
Command executed: seek, result: {
  "status": "ok",
  "message": "Seek executed",
  "position_seconds": 6.07772410050511
}
VitHeadlessService: command reply (truncated): {
  "status": "ok",
  "message": "Seek executed",
  "position_seconds": 6.07772410050511
}
ZmqGateway: received command payload: {"cmd":"seek","time":6.23316471164173}
ZmqGateway: dispatching payload to JUCE message thread.
VitHeadlessService: processing queued command on JUCE message thread: {"cmd":"seek","time":6.23316471164173}
Command received: {"cmd":"seek","time":6.23316471164173}
CommandDispatcher::handleSeek: position set to 6.2332s
Command executed: seek, result: {
  "status": "ok",
  "message": "Seek executed",
  "position_seconds": 6.23316471164173
}
VitHeadlessService: command reply (truncated): {
  "status": "ok",
  "message": "Seek executed",
  "position_seconds": 6.23316471164173
}
ZmqGateway: received command payload: {"cmd":"seek","time":6.40414938389201}
ZmqGateway: dispatching payload to JUCE message thread.
VitHeadlessService: processing queued command on JUCE message thread: {"cmd":"seek","time":6.40414938389201}
Command received: {"cmd":"seek","time":6.40414938389201}
CommandDispatcher::handleSeek: position set to 6.4041s
Command executed: seek, result: {
  "status": "ok",
  "message": "Seek executed",
  "position_seconds": 6.40414938389201
}
VitHeadlessService: command reply (truncated): {
  "status": "ok",
  "message": "Seek executed",
  "position_seconds": 6.40414938389201
}
ZmqGateway: received command payload: {"cmd":"seek","time":6.55958999502863}
ZmqGateway: dispatching payload to JUCE message thread.
VitHeadlessService: processing queued command on JUCE message thread: {"cmd":"seek","time":6.55958999502863}
Command received: {"cmd":"seek","time":6.55958999502863}
CommandDispatcher::handleSeek: position set to 6.5596s
Command executed: seek, result: {
  "status": "ok",
  "message": "Seek executed",
  "position_seconds": 6.55958999502863
}
VitHeadlessService: command reply (truncated): {
  "status": "ok",
  "message": "Seek executed",
  "position_seconds": 6.55958999502863
}
ZmqGateway: received command payload: {"cmd":"seek","time":6.71503060616525}
ZmqGateway: dispatching payload to JUCE message thread.
VitHeadlessService: processing queued command on JUCE message thread: {"cmd":"seek","time":6.71503060616525}
Command received: {"cmd":"seek","time":6.71503060616525}
CommandDispatcher::handleSeek: position set to 6.7150s
Command executed: seek, result: {
  "status": "ok",
  "message": "Seek executed",
  "position_seconds": 6.71503060616525
}
VitHeadlessService: command reply (truncated): {
  "status": "ok",
  "message": "Seek executed",
  "position_seconds": 6.71503060616525
}
ZmqGateway: received command payload: {"cmd":"seek","time":6.87047121730188}
ZmqGateway: dispatching payload to JUCE message thread.
VitHeadlessService: processing queued command on JUCE message thread: {"cmd":"seek","time":6.87047121730188}
Command received: {"cmd":"seek","time":6.87047121730188}
CommandDispatcher::handleSeek: position set to 6.8705s
Command executed: seek, result: {
  "status": "ok",
  "message": "Seek executed",
  "position_seconds": 6.87047121730188
}
VitHeadlessService: command reply (truncated): {
  "status": "ok",
  "message": "Seek executed",
  "position_seconds": 6.87047121730188
}
ZmqGateway: received command payload: {"cmd":"seek","time":7.04145588955216}
ZmqGateway: dispatching payload to JUCE message thread.
VitHeadlessService: processing queued command on JUCE message thread: {"cmd":"seek","time":7.04145588955216}
Command received: {"cmd":"seek","time":7.04145588955216}
CommandDispatcher::handleSeek: position set to 7.0415s
Command executed: seek, result: {
  "status": "ok",
  "message": "Seek executed",
  "position_seconds": 7.04145588955216
}
VitHeadlessService: command reply (truncated): {
  "status": "ok",
  "message": "Seek executed",
  "position_seconds": 7.04145588955216
}
ZmqGateway: received command payload: {"cmd":"seek","time":7.22798462291611}
ZmqGateway: dispatching payload to JUCE message thread.
VitHeadlessService: processing queued command on JUCE message thread: {"cmd":"seek","time":7.22798462291611}
Command received: {"cmd":"seek","time":7.22798462291611}
CommandDispatcher::handleSeek: position set to 7.2280s
Command executed: seek, result: {
  "status": "ok",
  "message": "Seek executed",
  "position_seconds": 7.22798462291611
}
VitHeadlessService: command reply (truncated): {
  "status": "ok",
  "message": "Seek executed",
  "position_seconds": 7.22798462291611
}
ZmqGateway: received command payload: {"cmd":"seek","time":7.43005741739371}
ZmqGateway: dispatching payload to JUCE message thread.
VitHeadlessService: processing queued command on JUCE message thread: {"cmd":"seek","time":7.43005741739371}
Command received: {"cmd":"seek","time":7.43005741739371}
CommandDispatcher::handleSeek: position set to 7.4301s
Command executed: seek, result: {
  "status": "ok",
  "message": "Seek executed",
  "position_seconds": 7.43005741739371
}
VitHeadlessService: command reply (truncated): {
  "status": "ok",
  "message": "Seek executed",
  "position_seconds": 7.43005741739371
}
ZmqGateway: received command payload: {"cmd":"seek","time":7.64767427298498}
ZmqGateway: dispatching payload to JUCE message thread.
VitHeadlessService: processing queued command on JUCE message thread: {"cmd":"seek","time":7.64767427298498}
Command received: {"cmd":"seek","time":7.64767427298498}
CommandDispatcher::handleSeek: position set to 7.6477s
Command executed: seek, result: {
  "status": "ok",
  "message": "Seek executed",
  "position_seconds": 7.64767427298498
}
VitHeadlessService: command reply (truncated): {
  "status": "ok",
  "message": "Seek executed",
  "position_seconds": 7.64767427298498
}
ZmqGateway: received command payload: {"cmd":"seek","time":7.89637925080358}
ZmqGateway: dispatching payload to JUCE message thread.
VitHeadlessService: processing queued command on JUCE message thread: {"cmd":"seek","time":7.89637925080358}
Command received: {"cmd":"seek","time":7.89637925080358}
CommandDispatcher::handleSeek: position set to 7.8964s
Command executed: seek, result: {
  "status": "ok",
  "message": "Seek executed",
  "position_seconds": 7.89637925080358
}
VitHeadlessService: command reply (truncated): {
  "status": "ok",
  "message": "Seek executed",
  "position_seconds": 7.89637925080358
}
ZmqGateway: received command payload: {"cmd":"seek","time":8.11399610639485}
ZmqGateway: dispatching payload to JUCE message thread.
VitHeadlessService: processing queued command on JUCE message thread: {"cmd":"seek","time":8.11399610639485}
Command received: {"cmd":"seek","time":8.11399610639485}
CommandDispatcher::handleSeek: position set to 8.1140s
Command executed: seek, result: {
  "status": "ok",
  "message": "Seek executed",
  "position_seconds": 8.11399610639485
}
VitHeadlessService: command reply (truncated): {
  "status": "ok",
  "message": "Seek executed",
  "position_seconds": 8.11399610639485
}
ZmqGateway: received command payload: {"cmd":"seek","time":8.34715702309978}
ZmqGateway: dispatching payload to JUCE message thread.
VitHeadlessService: processing queued command on JUCE message thread: {"cmd":"seek","time":8.34715702309978}
Command received: {"cmd":"seek","time":8.34715702309978}
CommandDispatcher::handleSeek: position set to 8.3472s
Command executed: seek, result: {
  "status": "ok",
  "message": "Seek executed",
  "position_seconds": 8.347157023099779
}
VitHeadlessService: command reply (truncated): {
  "status": "ok",
  "message": "Seek executed",
  "position_seconds": 8.347157023099779
}
ZmqGateway: received command payload: {"cmd":"seek","time":8.58031793980471}
ZmqGateway: dispatching payload to JUCE message thread.
VitHeadlessService: processing queued command on JUCE message thread: {"cmd":"seek","time":8.58031793980471}
Command received: {"cmd":"seek","time":8.58031793980471}
CommandDispatcher::handleSeek: position set to 8.5803s
Command executed: seek, result: {
  "status": "ok",
  "message": "Seek executed",
  "position_seconds": 8.58031793980471
}
VitHeadlessService: command reply (truncated): {
  "status": "ok",
  "message": "Seek executed",
  "position_seconds": 8.58031793980471
}
ZmqGateway: received command payload: {"cmd":"seek","time":8.78239073428232}
ZmqGateway: dispatching payload to JUCE message thread.
VitHeadlessService: processing queued command on JUCE message thread: {"cmd":"seek","time":8.78239073428232}
Command received: {"cmd":"seek","time":8.78239073428232}
CommandDispatcher::handleSeek: position set to 8.7824s
Command executed: seek, result: {
  "status": "ok",
  "message": "Seek executed",
  "position_seconds": 8.78239073428232
}
VitHeadlessService: command reply (truncated): {
  "status": "ok",
  "message": "Seek executed",
  "position_seconds": 8.78239073428232
}
ZmqGateway: received command payload: {"cmd":"seek","time":8.96891946764627}
ZmqGateway: dispatching payload to JUCE message thread.
VitHeadlessService: processing queued command on JUCE message thread: {"cmd":"seek","time":8.96891946764627}
Command received: {"cmd":"seek","time":8.96891946764627}
CommandDispatcher::handleSeek: position set to 8.9689s
Command executed: seek, result: {
  "status": "ok",
  "message": "Seek executed",
  "position_seconds": 8.96891946764627
}
VitHeadlessService: command reply (truncated): {
  "status": "ok",
  "message": "Seek executed",
  "position_seconds": 8.96891946764627
}
ZmqGateway: received command payload: {"cmd":"seek","time":9.10881601766923}
ZmqGateway: dispatching payload to JUCE message thread.
VitHeadlessService: processing queued command on JUCE message thread: {"cmd":"seek","time":9.10881601766923}
Command received: {"cmd":"seek","time":9.10881601766923}
CommandDispatcher::handleSeek: position set to 9.1088s
Command executed: seek, result: {
  "status": "ok",
  "message": "Seek executed",
  "position_seconds": 9.108816017669231
}
VitHeadlessService: command reply (truncated): {
  "status": "ok",
  "message": "Seek executed",
  "position_seconds": 9.108816017669231
}
ZmqGateway: received command payload: {"cmd":"seek","time":9.21762444546486}
ZmqGateway: dispatching payload to JUCE message thread.
VitHeadlessService: processing queued command on JUCE message thread: {"cmd":"seek","time":9.21762444546486}
Command received: {"cmd":"seek","time":9.21762444546486}
CommandDispatcher::handleSeek: position set to 9.2176s
Command executed: seek, result: {
  "status": "ok",
  "message": "Seek executed",
  "position_seconds": 9.21762444546486
}
VitHeadlessService: command reply (truncated): {
  "status": "ok",
  "message": "Seek executed",
  "position_seconds": 9.21762444546486
}
ZmqGateway: received command payload: {"cmd":"seek","time":9.29534475103317}
ZmqGateway: dispatching payload to JUCE message thread.
VitHeadlessService: processing queued command on JUCE message thread: {"cmd":"seek","time":9.29534475103317}
Command received: {"cmd":"seek","time":9.29534475103317}
CommandDispatcher::handleSeek: position set to 9.2953s
Command executed: seek, result: {
  "status": "ok",
  "message": "Seek executed",
  "position_seconds": 9.29534475103317
}
VitHeadlessService: command reply (truncated): {
  "status": "ok",
  "message": "Seek executed",
  "position_seconds": 9.29534475103317
}
ZmqGateway: received command payload: {"cmd":"seek","time":9.3264328732605}
ZmqGateway: dispatching payload to JUCE message thread.
VitHeadlessService: processing queued command on JUCE message thread: {"cmd":"seek","time":9.3264328732605}
Command received: {"cmd":"seek","time":9.3264328732605}
CommandDispatcher::handleSeek: position set to 9.3264s
Command executed: seek, result: {
  "status": "ok",
  "message": "Seek executed",
  "position_seconds": 9.326432873260501
}
VitHeadlessService: command reply (truncated): {
  "status": "ok",
  "message": "Seek executed",
  "position_seconds": 9.326432873260501
}
ZmqGateway: received command payload: {"cmd":"seek","time":9.34197693437416}
ZmqGateway: dispatching payload to JUCE message thread.
VitHeadlessService: processing queued command on JUCE message thread: {"cmd":"seek","time":9.34197693437416}
Command received: {"cmd":"seek","time":9.34197693437416}
CommandDispatcher::handleSeek: position set to 9.3420s
Command executed: seek, result: {
  "status": "ok",
  "message": "Seek executed",
  "position_seconds": 9.341976934374159
}
VitHeadlessService: command reply (truncated): {
  "status": "ok",
  "message": "Seek executed",
  "position_seconds": 9.341976934374159
}
ZmqGateway: received command payload: {"cmd":"seek","time":9.29534475103317}
ZmqGateway: dispatching payload to JUCE message thread.
VitHeadlessService: processing queued command on JUCE message thread: {"cmd":"seek","time":9.29534475103317}
Command received: {"cmd":"seek","time":9.29534475103317}
CommandDispatcher::handleSeek: position set to 9.2953s
Command executed: seek, result: {
  "status": "ok",
  "message": "Seek executed",
  "position_seconds": 9.29534475103317
}
VitHeadlessService: command reply (truncated): {
  "status": "ok",
  "message": "Seek executed",
  "position_seconds": 9.29534475103317
}
ZmqGateway: received command payload: {"cmd":"seek","time":9.2020803843512}
ZmqGateway: dispatching payload to JUCE message thread.
VitHeadlessService: processing queued command on JUCE message thread: {"cmd":"seek","time":9.2020803843512}
Command received: {"cmd":"seek","time":9.2020803843512}
CommandDispatcher::handleSeek: position set to 9.2021s
Command executed: seek, result: {
  "status": "ok",
  "message": "Seek executed",
  "position_seconds": 9.2020803843512
}
VitHeadlessService: command reply (truncated): {
  "status": "ok",
  "message": "Seek executed",
  "position_seconds": 9.2020803843512
}
ZmqGateway: received command payload: {"cmd":"seek","time":9.04663977321458}
ZmqGateway: dispatching payload to JUCE message thread.
VitHeadlessService: processing queued command on JUCE message thread: {"cmd":"seek","time":9.04663977321458}
Command received: {"cmd":"seek","time":9.04663977321458}
CommandDispatcher::handleSeek: position set to 9.0466s
Command executed: seek, result: {
  "status": "ok",
  "message": "Seek executed",
  "position_seconds": 9.046639773214579
}
VitHeadlessService: command reply (truncated): {
  "status": "ok",
  "message": "Seek executed",
  "position_seconds": 9.046639773214579
}
ZmqGateway: received command payload: {"cmd":"seek","time":8.87565510096429}
ZmqGateway: dispatching payload to JUCE message thread.
VitHeadlessService: processing queued command on JUCE message thread: {"cmd":"seek","time":8.87565510096429}
Command received: {"cmd":"seek","time":8.87565510096429}
CommandDispatcher::handleSeek: position set to 8.8757s
Command executed: seek, result: {
  "status": "ok",
  "message": "Seek executed",
  "position_seconds": 8.875655100964289
}
VitHeadlessService: command reply (truncated): {
  "status": "ok",
  "message": "Seek executed",
  "position_seconds": 8.875655100964289
}
ZmqGateway: received command payload: {"cmd":"seek","time":8.65803824537302}
ZmqGateway: dispatching payload to JUCE message thread.
VitHeadlessService: processing queued command on JUCE message thread: {"cmd":"seek","time":8.65803824537302}
Command received: {"cmd":"seek","time":8.65803824537302}
CommandDispatcher::handleSeek: position set to 8.6580s
Command executed: seek, result: {
  "status": "ok",
  "message": "Seek executed",
  "position_seconds": 8.658038245373019
}
VitHeadlessService: command reply (truncated): {
  "status": "ok",
  "message": "Seek executed",
  "position_seconds": 8.658038245373019
}
ZmqGateway: received command payload: {"cmd":"seek","time":8.42487732866809}
ZmqGateway: dispatching payload to JUCE message thread.
VitHeadlessService: processing queued command on JUCE message thread: {"cmd":"seek","time":8.42487732866809}
Command received: {"cmd":"seek","time":8.42487732866809}
CommandDispatcher::handleSeek: position set to 8.4249s
Command executed: seek, result: {
  "status": "ok",
  "message": "Seek executed",
  "position_seconds": 8.42487732866809
}
VitHeadlessService: command reply (truncated): {
  "status": "ok",
  "message": "Seek executed",
  "position_seconds": 8.42487732866809
}
ZmqGateway: received command payload: {"cmd":"seek","time":8.1761723508495}
ZmqGateway: dispatching payload to JUCE message thread.
VitHeadlessService: processing queued command on JUCE message thread: {"cmd":"seek","time":8.1761723508495}
Command received: {"cmd":"seek","time":8.1761723508495}
CommandDispatcher::handleSeek: position set to 8.1762s
Command executed: seek, result: {
  "status": "ok",
  "message": "Seek executed",
  "position_seconds": 8.1761723508495
}
VitHeadlessService: command reply (truncated): {
  "status": "ok",
  "message": "Seek executed",
  "position_seconds": 8.1761723508495
}
ZmqGateway: received command payload: {"cmd":"seek","time":7.89637925080358}
ZmqGateway: dispatching payload to JUCE message thread.
VitHeadlessService: processing queued command on JUCE message thread: {"cmd":"seek","time":7.89637925080358}
Command received: {"cmd":"seek","time":7.89637925080358}
CommandDispatcher::handleSeek: position set to 7.8964s
Command executed: seek, result: {
  "status": "ok",
  "message": "Seek executed",
  "position_seconds": 7.89637925080358
}
VitHeadlessService: command reply (truncated): {
  "status": "ok",
  "message": "Seek executed",
  "position_seconds": 7.89637925080358
}
ZmqGateway: received command payload: {"cmd":"seek","time":7.601042089644}
ZmqGateway: dispatching payload to JUCE message thread.
VitHeadlessService: processing queued command on JUCE message thread: {"cmd":"seek","time":7.601042089644}
Command received: {"cmd":"seek","time":7.601042089644}
CommandDispatcher::handleSeek: position set to 7.6010s
Command executed: seek, result: {
  "status": "ok",
  "message": "Seek executed",
  "position_seconds": 7.601042089644
}
VitHeadlessService: command reply (truncated): {
  "status": "ok",
  "message": "Seek executed",
  "position_seconds": 7.601042089644
}
ZmqGateway: received command payload: {"cmd":"seek","time":7.30570492848442}
ZmqGateway: dispatching payload to JUCE message thread.
VitHeadlessService: processing queued command on JUCE message thread: {"cmd":"seek","time":7.30570492848442}
Command received: {"cmd":"seek","time":7.30570492848442}
CommandDispatcher::handleSeek: position set to 7.3057s
Command executed: seek, result: {
  "status": "ok",
  "message": "Seek executed",
  "position_seconds": 7.30570492848442
}
VitHeadlessService: command reply (truncated): {
  "status": "ok",
  "message": "Seek executed",
  "position_seconds": 7.30570492848442
}
ZmqGateway: received command payload: {"cmd":"seek","time":7.01036776732484}
ZmqGateway: dispatching payload to JUCE message thread.
VitHeadlessService: processing queued command on JUCE message thread: {"cmd":"seek","time":7.01036776732484}
Command received: {"cmd":"seek","time":7.01036776732484}
CommandDispatcher::handleSeek: position set to 7.0104s
Command executed: seek, result: {
  "status": "ok",
  "message": "Seek executed",
  "position_seconds": 7.01036776732484
}
VitHeadlessService: command reply (truncated): {
  "status": "ok",
  "message": "Seek executed",
  "position_seconds": 7.01036776732484
}
ZmqGateway: received command payload: {"cmd":"seek","time":6.69948654505159}
ZmqGateway: dispatching payload to JUCE message thread.
VitHeadlessService: processing queued command on JUCE message thread: {"cmd":"seek","time":6.69948654505159}
Command received: {"cmd":"seek","time":6.69948654505159}
CommandDispatcher::handleSeek: position set to 6.6995s
Command executed: seek, result: {
  "status": "ok",
  "message": "Seek executed",
  "position_seconds": 6.69948654505159
}
VitHeadlessService: command reply (truncated): {
  "status": "ok",
  "message": "Seek executed",
  "position_seconds": 6.69948654505159
}
ZmqGateway: received command payload: {"cmd":"seek","time":6.41969344500567}
ZmqGateway: dispatching payload to JUCE message thread.
VitHeadlessService: processing queued command on JUCE message thread: {"cmd":"seek","time":6.41969344500567}
Command received: {"cmd":"seek","time":6.41969344500567}
CommandDispatcher::handleSeek: position set to 6.4197s
Command executed: seek, result: {
  "status": "ok",
  "message": "Seek executed",
  "position_seconds": 6.41969344500567
}
VitHeadlessService: command reply (truncated): {
  "status": "ok",
  "message": "Seek executed",
  "position_seconds": 6.41969344500567
}
ZmqGateway: received command payload: {"cmd":"seek","time":6.12435628384609}
ZmqGateway: dispatching payload to JUCE message thread.
VitHeadlessService: processing queued command on JUCE message thread: {"cmd":"seek","time":6.12435628384609}
Command received: {"cmd":"seek","time":6.12435628384609}
CommandDispatcher::handleSeek: position set to 6.1244s
Command executed: seek, result: {
  "status": "ok",
  "message": "Seek executed",
  "position_seconds": 6.12435628384609
}
VitHeadlessService: command reply (truncated): {
  "status": "ok",
  "message": "Seek executed",
  "position_seconds": 6.12435628384609
}
ZmqGateway: received command payload: {"cmd":"seek","time":5.81347506157285}
ZmqGateway: dispatching payload to JUCE message thread.
VitHeadlessService: processing queued command on JUCE message thread: {"cmd":"seek","time":5.81347506157285}
Command received: {"cmd":"seek","time":5.81347506157285}
CommandDispatcher::handleSeek: position set to 5.8135s
Command executed: seek, result: {
  "status": "ok",
  "message": "Seek executed",
  "position_seconds": 5.81347506157285
}
VitHeadlessService: command reply (truncated): {
  "status": "ok",
  "message": "Seek executed",
  "position_seconds": 5.81347506157285
}
ZmqGateway: received command payload: {"cmd":"seek","time":5.47150571707228}
ZmqGateway: dispatching payload to JUCE message thread.
VitHeadlessService: processing queued command on JUCE message thread: {"cmd":"seek","time":5.47150571707228}
Command received: {"cmd":"seek","time":5.47150571707228}
CommandDispatcher::handleSeek: position set to 5.4715s
Command executed: seek, result: {
  "status": "ok",
  "message": "Seek executed",
  "position_seconds": 5.47150571707228
}
VitHeadlessService: command reply (truncated): {
  "status": "ok",
  "message": "Seek executed",
  "position_seconds": 5.47150571707228
}
ZmqGateway: received command payload: {"cmd":"seek","time":5.11399231145805}
ZmqGateway: dispatching payload to JUCE message thread.
VitHeadlessService: processing queued command on JUCE message thread: {"cmd":"seek","time":5.11399231145805}
Command received: {"cmd":"seek","time":5.11399231145805}
CommandDispatcher::handleSeek: position set to 5.1140s
Command executed: seek, result: {
  "status": "ok",
  "message": "Seek executed",
  "position_seconds": 5.11399231145805
}
VitHeadlessService: command reply (truncated): {
  "status": "ok",
  "message": "Seek executed",
  "position_seconds": 5.11399231145805
}
ZmqGateway: received command payload: {"cmd":"seek","time":4.74093484473016}
ZmqGateway: dispatching payload to JUCE message thread.
VitHeadlessService: processing queued command on JUCE message thread: {"cmd":"seek","time":4.74093484473016}
Command received: {"cmd":"seek","time":4.74093484473016}
CommandDispatcher::handleSeek: position set to 4.7409s
Command executed: seek, result: {
  "status": "ok",
  "message": "Seek executed",
  "position_seconds": 4.74093484473016
}
VitHeadlessService: command reply (truncated): {
  "status": "ok",
  "message": "Seek executed",
  "position_seconds": 4.74093484473016
}
ZmqGateway: received command payload: {"cmd":"seek","time":4.33678925577494}
ZmqGateway: dispatching payload to JUCE message thread.
VitHeadlessService: processing queued command on JUCE message thread: {"cmd":"seek","time":4.33678925577494}
Command received: {"cmd":"seek","time":4.33678925577494}
CommandDispatcher::handleSeek: position set to 4.3368s
Command executed: seek, result: {
  "status": "ok",
  "message": "Seek executed",
  "position_seconds": 4.33678925577494
}
VitHeadlessService: command reply (truncated): {
  "status": "ok",
  "message": "Seek executed",
  "position_seconds": 4.33678925577494
}
ZmqGateway: received command payload: {"cmd":"seek","time":3.88601148347874}
ZmqGateway: dispatching payload to JUCE message thread.
VitHeadlessService: processing queued command on JUCE message thread: {"cmd":"seek","time":3.88601148347874}
Command received: {"cmd":"seek","time":3.88601148347874}
CommandDispatcher::handleSeek: position set to 3.8860s
Command executed: seek, result: {
  "status": "ok",
  "message": "Seek executed",
  "position_seconds": 3.88601148347874
}
VitHeadlessService: command reply (truncated): {
  "status": "ok",
  "message": "Seek executed",
  "position_seconds": 3.88601148347874
}
ZmqGateway: received command payload: {"cmd":"seek","time":3.43523371118254}
ZmqGateway: dispatching payload to JUCE message thread.
VitHeadlessService: processing queued command on JUCE message thread: {"cmd":"seek","time":3.43523371118254}
Command received: {"cmd":"seek","time":3.43523371118254}
CommandDispatcher::handleSeek: position set to 3.4352s
Command executed: seek, result: {
  "status": "ok",
  "message": "Seek executed",
  "position_seconds": 3.43523371118254
}
VitHeadlessService: command reply (truncated): {
  "status": "ok",
  "message": "Seek executed",
  "position_seconds": 3.43523371118254
}
ZmqGateway: received command payload: {"cmd":"seek","time":2.92227969443169}
ZmqGateway: dispatching payload to JUCE message thread.
VitHeadlessService: processing queued command on JUCE message thread: {"cmd":"seek","time":2.92227969443169}
Command received: {"cmd":"seek","time":2.92227969443169}
CommandDispatcher::handleSeek: position set to 2.9223s
Command executed: seek, result: {
  "status": "ok",
  "message": "Seek executed",
  "position_seconds": 2.92227969443169
}
VitHeadlessService: command reply (truncated): {
  "status": "ok",
  "message": "Seek executed",
  "position_seconds": 2.92227969443169
}
ZmqGateway: received command payload: {"cmd":"seek","time":2.48704598324915}
ZmqGateway: dispatching payload to JUCE message thread.
VitHeadlessService: processing queued command on JUCE message thread: {"cmd":"seek","time":2.48704598324915}
Command received: {"cmd":"seek","time":2.48704598324915}
CommandDispatcher::handleSeek: position set to 2.4870s
Command executed: seek, result: {
  "status": "ok",
  "message": "Seek executed",
  "position_seconds": 2.48704598324915
}
VitHeadlessService: command reply (truncated): {
  "status": "ok",
  "message": "Seek executed",
  "position_seconds": 2.48704598324915
}
ZmqGateway: received command payload: {"cmd":"seek","time":2.06735633318027}
ZmqGateway: dispatching payload to JUCE message thread.
VitHeadlessService: processing queued command on JUCE message thread: {"cmd":"seek","time":2.06735633318027}
Command received: {"cmd":"seek","time":2.06735633318027}
CommandDispatcher::handleSeek: position set to 2.0674s
Command executed: seek, result: {
  "status": "ok",
  "message": "Seek executed",
  "position_seconds": 2.06735633318027
}
VitHeadlessService: command reply (truncated): {
  "status": "ok",
  "message": "Seek executed",
  "position_seconds": 2.06735633318027
}
ZmqGateway: received command payload: {"cmd":"seek","time":1.63212262199773}
ZmqGateway: dispatching payload to JUCE message thread.
VitHeadlessService: processing queued command on JUCE message thread: {"cmd":"seek","time":1.63212262199773}
Command received: {"cmd":"seek","time":1.63212262199773}
CommandDispatcher::handleSeek: position set to 1.6321s
Command executed: seek, result: {
  "status": "ok",
  "message": "Seek executed",
  "position_seconds": 1.63212262199773
}
VitHeadlessService: command reply (truncated): {
  "status": "ok",
  "message": "Seek executed",
  "position_seconds": 1.63212262199773
}
ZmqGateway: received command payload: {"cmd":"seek","time":1.24352109415618}
ZmqGateway: dispatching payload to JUCE message thread.
VitHeadlessService: processing queued command on JUCE message thread: {"cmd":"seek","time":1.24352109415618}
Command received: {"cmd":"seek","time":1.24352109415618}
CommandDispatcher::handleSeek: position set to 1.2435s
Command executed: seek, result: {
  "status": "ok",
  "message": "Seek executed",
  "position_seconds": 1.24352109415618
}
VitHeadlessService: command reply (truncated): {
  "status": "ok",
  "message": "Seek executed",
  "position_seconds": 1.24352109415618
}
ZmqGateway: received command payload: {"cmd":"seek","time":0.886007688541947}
ZmqGateway: dispatching payload to JUCE message thread.
VitHeadlessService: processing queued command on JUCE message thread: {"cmd":"seek","time":0.886007688541947}
Command received: {"cmd":"seek","time":0.886007688541947}
CommandDispatcher::handleSeek: position set to 0.8860s
Command executed: seek, result: {
  "status": "ok",
  "message": "Seek executed",
  "position_seconds": 0.886007688541947
}
VitHeadlessService: command reply (truncated): {
  "status": "ok",
  "message": "Seek executed",
  "position_seconds": 0.886007688541947
}
ZmqGateway: received command payload: {"cmd":"seek","time":0.606214588496029}
ZmqGateway: dispatching payload to JUCE message thread.
VitHeadlessService: processing queued command on JUCE message thread: {"cmd":"seek","time":0.606214588496029}
Command received: {"cmd":"seek","time":0.606214588496029}
CommandDispatcher::handleSeek: position set to 0.6062s
Command executed: seek, result: {
  "status": "ok",
  "message": "Seek executed",
  "position_seconds": 0.606214588496029
}
VitHeadlessService: command reply (truncated): {
  "status": "ok",
  "message": "Seek executed",
  "position_seconds": 0.606214588496029
}
ZmqGateway: received command payload: {"cmd":"seek","time":0.357509610677434}
ZmqGateway: dispatching payload to JUCE message thread.
VitHeadlessService: processing queued command on JUCE message thread: {"cmd":"seek","time":0.357509610677434}
Command received: {"cmd":"seek","time":0.357509610677434}
CommandDispatcher::handleSeek: position set to 0.3575s
Command executed: seek, result: {
  "status": "ok",
  "message": "Seek executed",
  "position_seconds": 0.357509610677434
}
VitHeadlessService: command reply (truncated): {
  "status": "ok",
  "message": "Seek executed",
  "position_seconds": 0.357509610677434
}
ZmqGateway: received command payload: {"cmd":"seek","time":0.155436816199826}
ZmqGateway: dispatching payload to JUCE message thread.
VitHeadlessService: processing queued command on JUCE message thread: {"cmd":"seek","time":0.155436816199826}
Command received: {"cmd":"seek","time":0.155436816199826}
CommandDispatcher::handleSeek: position set to 0.1554s
Command executed: seek, result: {
  "status": "ok",
  "message": "Seek executed",
  "position_seconds": 0.155436816199826
}
VitHeadlessService: command reply (truncated): {
  "status": "ok",
  "message": "Seek executed",
  "position_seconds": 0.155436816199826
}
ZmqGateway: received command payload: {"cmd":"seek","time":0.0}
ZmqGateway: dispatching payload to JUCE message thread.
VitHeadlessService: processing queued command on JUCE message thread: {"cmd":"seek","time":0.0}
Command received: {"cmd":"seek","time":0.0}
CommandDispatcher::handleSeek: position set to 0.0000s
Command executed: seek, result: {
  "status": "ok",
  "message": "Seek executed",
  "position_seconds": 0.0
}
VitHeadlessService: command reply (truncated): {
  "status": "ok",
  "message": "Seek executed",
  "position_seconds": 0.0
}
ZmqGateway: received command payload: {"cmd":"seek","time":0.0}
ZmqGateway: dispatching payload to JUCE message thread.
VitHeadlessService: processing queued command on JUCE message thread: {"cmd":"seek","time":0.0}
Command received: {"cmd":"seek","time":0.0}
CommandDispatcher::handleSeek: position set to 0.0000s
Command executed: seek, result: {
  "status": "ok",
  "message": "Seek executed",
  "position_seconds": 0.0
}
VitHeadlessService: command reply (truncated): {
  "status": "ok",
  "message": "Seek executed",
  "position_seconds": 0.0
}
ZmqGateway: received command payload: {"cmd":"seek","time":0.0}
ZmqGateway: dispatching payload to JUCE message thread.
VitHeadlessService: processing queued command on JUCE message thread: {"cmd":"seek","time":0.0}
Command received: {"cmd":"seek","time":0.0}
CommandDispatcher::handleSeek: position set to 0.0000s
Command executed: seek, result: {
  "status": "ok",
  "message": "Seek executed",
  "position_seconds": 0.0
}
VitHeadlessService: command reply (truncated): {
  "status": "ok",
  "message": "Seek executed",
  "position_seconds": 0.0
}
ZmqGateway: received command payload: {"cmd":"seek","time":0.0}
ZmqGateway: dispatching payload to JUCE message thread.
VitHeadlessService: processing queued command on JUCE message thread: {"cmd":"seek","time":0.0}
Command received: {"cmd":"seek","time":0.0}
CommandDispatcher::handleSeek: position set to 0.0000s
Command executed: seek, result: {
  "status": "ok",
  "message": "Seek executed",
  "position_seconds": 0.0
}
VitHeadlessService: command reply (truncated): {
  "status": "ok",
  "message": "Seek executed",
  "position_seconds": 0.0
}
ZmqGateway: received command payload: {"cmd":"seek","time":0.0}
ZmqGateway: dispatching payload to JUCE message thread.
VitHeadlessService: processing queued command on JUCE message thread: {"cmd":"seek","time":0.0}
Command received: {"cmd":"seek","time":0.0}
CommandDispatcher::handleSeek: position set to 0.0000s
Command executed: seek, result: {
  "status": "ok",
  "message": "Seek executed",
  "position_seconds": 0.0
}
VitHeadlessService: command reply (truncated): {
  "status": "ok",
  "message": "Seek executed",
  "position_seconds": 0.0
}
ZmqGateway: received command payload: {"cmd":"seek","time":0.0}
ZmqGateway: dispatching payload to JUCE message thread.
VitHeadlessService: processing queued command on JUCE message thread: {"cmd":"seek","time":0.0}
Command received: {"cmd":"seek","time":0.0}
CommandDispatcher::handleSeek: position set to 0.0000s
Command executed: seek, result: {
  "status": "ok",
  "message": "Seek executed",
  "position_seconds": 0.0
}
VitHeadlessService: command reply (truncated): {
  "status": "ok",
  "message": "Seek executed",
  "position_seconds": 0.0
}
ZmqGateway: received command payload: {"cmd":"seek","time":0.0}
ZmqGateway: dispatching payload to JUCE message thread.
VitHeadlessService: processing queued command on JUCE message thread: {"cmd":"seek","time":0.0}
Command received: {"cmd":"seek","time":0.0}
CommandDispatcher::handleSeek: position set to 0.0000s
Command executed: seek, result: {
  "status": "ok",
  "message": "Seek executed",
  "position_seconds": 0.0
}
VitHeadlessService: command reply (truncated): {
  "status": "ok",
  "message": "Seek executed",
  "position_seconds": 0.0
}
ZmqGateway: received command payload: {"cmd":"seek","time":0.0}
ZmqGateway: dispatching payload to JUCE message thread.
VitHeadlessService: processing queued command on JUCE message thread: {"cmd":"seek","time":0.0}
Command received: {"cmd":"seek","time":0.0}
CommandDispatcher::handleSeek: position set to 0.0000s
Command executed: seek, result: {
  "status": "ok",
  "message": "Seek executed",
  "position_seconds": 0.0
}
VitHeadlessService: command reply (truncated): {
  "status": "ok",
  "message": "Seek executed",
  "position_seconds": 0.0
}
ZmqGateway: received command payload: {"cmd":"seek","time":0.0}
ZmqGateway: dispatching payload to JUCE message thread.
VitHeadlessService: processing queued command on JUCE message thread: {"cmd":"seek","time":0.0}
Command received: {"cmd":"seek","time":0.0}
CommandDispatcher::handleSeek: position set to 0.0000s
Command executed: seek, result: {
  "status": "ok",
  "message": "Seek executed",
  "position_seconds": 0.0
}
VitHeadlessService: command reply (truncated): {
  "status": "ok",
  "message": "Seek executed",
  "position_seconds": 0.0
}
ZmqGateway: received command payload: {"cmd":"seek","time":0.0}
ZmqGateway: dispatching payload to JUCE message thread.
VitHeadlessService: processing queued command on JUCE message thread: {"cmd":"seek","time":0.0}
Command received: {"cmd":"seek","time":0.0}
CommandDispatcher::handleSeek: position set to 0.0000s
Command executed: seek, result: {
  "status": "ok",
  "message": "Seek executed",
  "position_seconds": 0.0
}
VitHeadlessService: command reply (truncated): {
  "status": "ok",
  "message": "Seek executed",
  "position_seconds": 0.0
}
ZmqGateway: received command payload: {"cmd":"seek","time":0.0}
ZmqGateway: dispatching payload to JUCE message thread.
VitHeadlessService: processing queued command on JUCE message thread: {"cmd":"seek","time":0.0}
Command received: {"cmd":"seek","time":0.0}
CommandDispatcher::handleSeek: position set to 0.0000s
Command executed: seek, result: {
  "status": "ok",
  "message": "Seek executed",
  "position_seconds": 0.0
}
VitHeadlessService: command reply (truncated): {
  "status": "ok",
  "message": "Seek executed",
  "position_seconds": 0.0
}
ZmqGateway: received command payload: {"cmd":"seek","time":0.0}
ZmqGateway: dispatching payload to JUCE message thread.
VitHeadlessService: processing queued command on JUCE message thread: {"cmd":"seek","time":0.0}
Command received: {"cmd":"seek","time":0.0}
CommandDispatcher::handleSeek: position set to 0.0000s
Command executed: seek, result: {
  "status": "ok",
  "message": "Seek executed",
  "position_seconds": 0.0
}
VitHeadlessService: command reply (truncated): {
  "status": "ok",
  "message": "Seek executed",
  "position_seconds": 0.0
}
ZmqGateway: received command payload: {"cmd":"seek","time":0.0}
ZmqGateway: dispatching payload to JUCE message thread.
VitHeadlessService: processing queued command on JUCE message thread: {"cmd":"seek","time":0.0}
Command received: {"cmd":"seek","time":0.0}
CommandDispatcher::handleSeek: position set to 0.0000s
Command executed: seek, result: {
  "status": "ok",
  "message": "Seek executed",
  "position_seconds": 0.0
}
VitHeadlessService: command reply (truncated): {
  "status": "ok",
  "message": "Seek executed",
  "position_seconds": 0.0
}
ZmqGateway: received command payload: {"cmd":"seek","time":0.0}
ZmqGateway: dispatching payload to JUCE message thread.
VitHeadlessService: processing queued command on JUCE message thread: {"cmd":"seek","time":0.0}
Command received: {"cmd":"seek","time":0.0}
CommandDispatcher::handleSeek: position set to 0.0000s
Command executed: seek, result: {
  "status": "ok",
  "message": "Seek executed",
  "position_seconds": 0.0
}
VitHeadlessService: command reply (truncated): {
  "status": "ok",
  "message": "Seek executed",
  "position_seconds": 0.0
}
ZmqGateway: received command payload: {"cmd":"seek","time":0.0}
ZmqGateway: dispatching payload to JUCE message thread.
VitHeadlessService: processing queued command on JUCE message thread: {"cmd":"seek","time":0.0}
Command received: {"cmd":"seek","time":0.0}
CommandDispatcher::handleSeek: position set to 0.0000s
Command executed: seek, result: {
  "status": "ok",
  "message": "Seek executed",
  "position_seconds": 0.0
}
VitHeadlessService: command reply (truncated): {
  "status": "ok",
  "message": "Seek executed",
  "position_seconds": 0.0
}
ZmqGateway: received command payload: {"cmd":"seek","time":0.0}
ZmqGateway: dispatching payload to JUCE message thread.
VitHeadlessService: processing queued command on JUCE message thread: {"cmd":"seek","time":0.0}
Command received: {"cmd":"seek","time":0.0}
CommandDispatcher::handleSeek: position set to 0.0000s
Command executed: seek, result: {
  "status": "ok",
  "message": "Seek executed",
  "position_seconds": 0.0
}
VitHeadlessService: command reply (truncated): {
  "status": "ok",
  "message": "Seek executed",
  "position_seconds": 0.0
}
ZmqGateway: received command payload: {"cmd":"seek","time":0.0}
ZmqGateway: dispatching payload to JUCE message thread.
VitHeadlessService: processing queued command on JUCE message thread: {"cmd":"seek","time":0.0}
Command received: {"cmd":"seek","time":0.0}
CommandDispatcher::handleSeek: position set to 0.0000s
Command executed: seek, result: {
  "status": "ok",
  "message": "Seek executed",
  "position_seconds": 0.0
}
VitHeadlessService: command reply (truncated): {
  "status": "ok",
  "message": "Seek executed",
  "position_seconds": 0.0
}
ZmqGateway: received command payload: {"cmd":"seek","time":0.0621724495178533}
ZmqGateway: dispatching payload to JUCE message thread.
VitHeadlessService: processing queued command on JUCE message thread: {"cmd":"seek","time":0.0621724495178533}
Command received: {"cmd":"seek","time":0.0621724495178533}
CommandDispatcher::handleSeek: position set to 0.0622s
Command executed: seek, result: {
  "status": "ok",
  "message": "Seek executed",
  "position_seconds": 0.062172449517853
}
VitHeadlessService: command reply (truncated): {
  "status": "ok",
  "message": "Seek executed",
  "position_seconds": 0.062172449517853
}
ZmqGateway: received command payload: {"cmd":"seek","time":0.170980877313488}
ZmqGateway: dispatching payload to JUCE message thread.
VitHeadlessService: processing queued command on JUCE message thread: {"cmd":"seek","time":0.170980877313488}
Command received: {"cmd":"seek","time":0.170980877313488}
CommandDispatcher::handleSeek: position set to 0.1710s
Command executed: seek, result: {
  "status": "ok",
  "message": "Seek executed",
  "position_seconds": 0.170980877313488
}
VitHeadlessService: command reply (truncated): {
  "status": "ok",
  "message": "Seek executed",
  "position_seconds": 0.170980877313488
}
ZmqGateway: received command payload: {"cmd":"seek","time":0.279789305109123}
ZmqGateway: dispatching payload to JUCE message thread.
VitHeadlessService: processing queued command on JUCE message thread: {"cmd":"seek","time":0.279789305109123}
Command received: {"cmd":"seek","time":0.279789305109123}
CommandDispatcher::handleSeek: position set to 0.2798s
Command executed: seek, result: {
  "status": "ok",
  "message": "Seek executed",
  "position_seconds": 0.279789305109123
}
VitHeadlessService: command reply (truncated): {
  "status": "ok",
  "message": "Seek executed",
  "position_seconds": 0.279789305109123
}
ZmqGateway: received command payload: {"cmd":"seek","time":0.404141794018421}
ZmqGateway: dispatching payload to JUCE message thread.
VitHeadlessService: processing queued command on JUCE message thread: {"cmd":"seek","time":0.404141794018421}
Command received: {"cmd":"seek","time":0.404141794018421}
CommandDispatcher::handleSeek: position set to 0.4041s
Command executed: seek, result: {
  "status": "ok",
  "message": "Seek executed",
  "position_seconds": 0.404141794018421
}
VitHeadlessService: command reply (truncated): {
  "status": "ok",
  "message": "Seek executed",
  "position_seconds": 0.404141794018421
}
ZmqGateway: received command payload: {"cmd":"seek","time":0.512950221814056}
ZmqGateway: dispatching payload to JUCE message thread.
VitHeadlessService: processing queued command on JUCE message thread: {"cmd":"seek","time":0.512950221814056}
Command received: {"cmd":"seek","time":0.512950221814056}
CommandDispatcher::handleSeek: position set to 0.5130s
Command executed: seek, result: {
  "status": "ok",
  "message": "Seek executed",
  "position_seconds": 0.512950221814056
}
VitHeadlessService: command reply (truncated): {
  "status": "ok",
  "message": "Seek executed",
  "position_seconds": 0.512950221814056
}
ZmqGateway: received command payload: {"cmd":"seek","time":0.637302710723353}
ZmqGateway: dispatching payload to JUCE message thread.
VitHeadlessService: processing queued command on JUCE message thread: {"cmd":"seek","time":0.637302710723353}
Command received: {"cmd":"seek","time":0.637302710723353}
CommandDispatcher::handleSeek: position set to 0.6373s
Command executed: seek, result: {
  "status": "ok",
  "message": "Seek executed",
  "position_seconds": 0.637302710723353
}
VitHeadlessService: command reply (truncated): {
  "status": "ok",
  "message": "Seek executed",
  "position_seconds": 0.637302710723353
}
ZmqGateway: received command payload: {"cmd":"seek","time":0.777199260746312}
ZmqGateway: dispatching payload to JUCE message thread.
VitHeadlessService: processing queued command on JUCE message thread: {"cmd":"seek","time":0.777199260746312}
Command received: {"cmd":"seek","time":0.777199260746312}
CommandDispatcher::handleSeek: position set to 0.7772s
Command executed: seek, result: {
  "status": "ok",
  "message": "Seek executed",
  "position_seconds": 0.777199260746312
}
VitHeadlessService: command reply (truncated): {
  "status": "ok",
  "message": "Seek executed",
  "position_seconds": 0.777199260746312
}
ZmqGateway: received command payload: {"cmd":"seek","time":0.917095810769272}
ZmqGateway: dispatching payload to JUCE message thread.
VitHeadlessService: processing queued command on JUCE message thread: {"cmd":"seek","time":0.917095810769272}
Command received: {"cmd":"seek","time":0.917095810769272}
CommandDispatcher::handleSeek: position set to 0.9171s
Command executed: seek, result: {
  "status": "ok",
  "message": "Seek executed",
  "position_seconds": 0.917095810769272
}
VitHeadlessService: command reply (truncated): {
  "status": "ok",
  "message": "Seek executed",
  "position_seconds": 0.917095810769272
}
ZmqGateway: received command payload: {"cmd":"seek","time":1.05699236079223}
ZmqGateway: dispatching payload to JUCE message thread.
VitHeadlessService: processing queued command on JUCE message thread: {"cmd":"seek","time":1.05699236079223}
Command received: {"cmd":"seek","time":1.05699236079223}
CommandDispatcher::handleSeek: position set to 1.0570s
Command executed: seek, result: {
  "status": "ok",
  "message": "Seek executed",
  "position_seconds": 1.05699236079223
}
VitHeadlessService: command reply (truncated): {
  "status": "ok",
  "message": "Seek executed",
  "position_seconds": 1.05699236079223
}
ZmqGateway: received command payload: {"cmd":"seek","time":1.19688891081519}
ZmqGateway: dispatching payload to JUCE message thread.
VitHeadlessService: processing queued command on JUCE message thread: {"cmd":"seek","time":1.19688891081519}
Command received: {"cmd":"seek","time":1.19688891081519}
CommandDispatcher::handleSeek: position set to 1.1969s
Command executed: seek, result: {
  "status": "ok",
  "message": "Seek executed",
  "position_seconds": 1.19688891081519
}
VitHeadlessService: command reply (truncated): {
  "status": "ok",
  "message": "Seek executed",
  "position_seconds": 1.19688891081519
}
ZmqGateway: received command payload: {"cmd":"seek","time":1.32124139972449}
ZmqGateway: dispatching payload to JUCE message thread.
VitHeadlessService: processing queued command on JUCE message thread: {"cmd":"seek","time":1.32124139972449}
Command received: {"cmd":"seek","time":1.32124139972449}
CommandDispatcher::handleSeek: position set to 1.3212s
Command executed: seek, result: {
  "status": "ok",
  "message": "Seek executed",
  "position_seconds": 1.32124139972449
}
VitHeadlessService: command reply (truncated): {
  "status": "ok",
  "message": "Seek executed",
  "position_seconds": 1.32124139972449
}
ZmqGateway: received command payload: {"cmd":"seek","time":1.43004982752012}
ZmqGateway: dispatching payload to JUCE message thread.
VitHeadlessService: processing queued command on JUCE message thread: {"cmd":"seek","time":1.43004982752012}
Command received: {"cmd":"seek","time":1.43004982752012}
CommandDispatcher::handleSeek: position set to 1.4300s
Command executed: seek, result: {
  "status": "ok",
  "message": "Seek executed",
  "position_seconds": 1.43004982752012
}
VitHeadlessService: command reply (truncated): {
  "status": "ok",
  "message": "Seek executed",
  "position_seconds": 1.43004982752012
}
ZmqGateway: received command payload: {"cmd":"seek","time":1.5233141942021}
ZmqGateway: dispatching payload to JUCE message thread.
VitHeadlessService: processing queued command on JUCE message thread: {"cmd":"seek","time":1.5233141942021}
Command received: {"cmd":"seek","time":1.5233141942021}
CommandDispatcher::handleSeek: position set to 1.5233s
Command executed: seek, result: {
  "status": "ok",
  "message": "Seek executed",
  "position_seconds": 1.5233141942021
}
VitHeadlessService: command reply (truncated): {
  "status": "ok",
  "message": "Seek executed",
  "position_seconds": 1.5233141942021
}
ZmqGateway: received command payload: {"cmd":"seek","time":1.61657856088407}
ZmqGateway: dispatching payload to JUCE message thread.
VitHeadlessService: processing queued command on JUCE message thread: {"cmd":"seek","time":1.61657856088407}
Command received: {"cmd":"seek","time":1.61657856088407}
CommandDispatcher::handleSeek: position set to 1.6166s
Command executed: seek, result: {
  "status": "ok",
  "message": "Seek executed",
  "position_seconds": 1.61657856088407
}
VitHeadlessService: command reply (truncated): {
  "status": "ok",
  "message": "Seek executed",
  "position_seconds": 1.61657856088407
}
ZmqGateway: received command payload: {"cmd":"seek","time":1.7253869886797}
ZmqGateway: dispatching payload to JUCE message thread.
VitHeadlessService: processing queued command on JUCE message thread: {"cmd":"seek","time":1.7253869886797}
Command received: {"cmd":"seek","time":1.7253869886797}
CommandDispatcher::handleSeek: position set to 1.7254s
Command executed: seek, result: {
  "status": "ok",
  "message": "Seek executed",
  "position_seconds": 1.7253869886797
}
VitHeadlessService: command reply (truncated): {
  "status": "ok",
  "message": "Seek executed",
  "position_seconds": 1.7253869886797
}
ZmqGateway: received command payload: {"cmd":"seek","time":1.849739477589}
ZmqGateway: dispatching payload to JUCE message thread.
VitHeadlessService: processing queued command on JUCE message thread: {"cmd":"seek","time":1.849739477589}
Command received: {"cmd":"seek","time":1.849739477589}
CommandDispatcher::handleSeek: position set to 1.8497s
Command executed: seek, result: {
  "status": "ok",
  "message": "Seek executed",
  "position_seconds": 1.849739477589
}
VitHeadlessService: command reply (truncated): {
  "status": "ok",
  "message": "Seek executed",
  "position_seconds": 1.849739477589
}
ZmqGateway: received command payload: {"cmd":"seek","time":1.95854790538464}
ZmqGateway: dispatching payload to JUCE message thread.
VitHeadlessService: processing queued command on JUCE message thread: {"cmd":"seek","time":1.95854790538464}
Command received: {"cmd":"seek","time":1.95854790538464}
CommandDispatcher::handleSeek: position set to 1.9585s
Command executed: seek, result: {
  "status": "ok",
  "message": "Seek executed",
  "position_seconds": 1.95854790538464
}
VitHeadlessService: command reply (truncated): {
  "status": "ok",
  "message": "Seek executed",
  "position_seconds": 1.95854790538464
}
ZmqGateway: received command payload: {"cmd":"seek","time":2.0984444554076}
ZmqGateway: dispatching payload to JUCE message thread.
VitHeadlessService: processing queued command on JUCE message thread: {"cmd":"seek","time":2.0984444554076}
Command received: {"cmd":"seek","time":2.0984444554076}
CommandDispatcher::handleSeek: position set to 2.0984s
Command executed: seek, result: {
  "status": "ok",
  "message": "Seek executed",
  "position_seconds": 2.0984444554076
}
VitHeadlessService: command reply (truncated): {
  "status": "ok",
  "message": "Seek executed",
  "position_seconds": 2.0984444554076
}
ZmqGateway: received command payload: {"cmd":"seek","time":2.22279694431689}
ZmqGateway: dispatching payload to JUCE message thread.
VitHeadlessService: processing queued command on JUCE message thread: {"cmd":"seek","time":2.22279694431689}
Command received: {"cmd":"seek","time":2.22279694431689}
CommandDispatcher::handleSeek: position set to 2.2228s
Command executed: seek, result: {
  "status": "ok",
  "message": "Seek executed",
  "position_seconds": 2.22279694431689
}
VitHeadlessService: command reply (truncated): {
  "status": "ok",
  "message": "Seek executed",
  "position_seconds": 2.22279694431689
}
ZmqGateway: received command payload: {"cmd":"seek","time":2.33160537211253}
ZmqGateway: dispatching payload to JUCE message thread.
VitHeadlessService: processing queued command on JUCE message thread: {"cmd":"seek","time":2.33160537211253}
Command received: {"cmd":"seek","time":2.33160537211253}
CommandDispatcher::handleSeek: position set to 2.3316s
Command executed: seek, result: {
  "status": "ok",
  "message": "Seek executed",
  "position_seconds": 2.33160537211253
}
VitHeadlessService: command reply (truncated): {
  "status": "ok",
  "message": "Seek executed",
  "position_seconds": 2.33160537211253
}
ZmqGateway: received command payload: {"cmd":"seek","time":2.40932567768084}
ZmqGateway: dispatching payload to JUCE message thread.
VitHeadlessService: processing queued command on JUCE message thread: {"cmd":"seek","time":2.40932567768084}
Command received: {"cmd":"seek","time":2.40932567768084}
CommandDispatcher::handleSeek: position set to 2.4093s
Command executed: seek, result: {
  "status": "ok",
  "message": "Seek executed",
  "position_seconds": 2.40932567768084
}
VitHeadlessService: command reply (truncated): {
  "status": "ok",
  "message": "Seek executed",
  "position_seconds": 2.40932567768084
}
ZmqGateway: received command payload: {"cmd":"seek","time":2.47150192213549}
ZmqGateway: dispatching payload to JUCE message thread.
VitHeadlessService: processing queued command on JUCE message thread: {"cmd":"seek","time":2.47150192213549}
Command received: {"cmd":"seek","time":2.47150192213549}
CommandDispatcher::handleSeek: position set to 2.4715s
Command executed: seek, result: {
  "status": "ok",
  "message": "Seek executed",
  "position_seconds": 2.47150192213549
}
VitHeadlessService: command reply (truncated): {
  "status": "ok",
  "message": "Seek executed",
  "position_seconds": 2.47150192213549
}
ZmqGateway: received command payload: {"cmd":"seek","time":2.50259004436281}
ZmqGateway: dispatching payload to JUCE message thread.
VitHeadlessService: processing queued command on JUCE message thread: {"cmd":"seek","time":2.50259004436281}
Command received: {"cmd":"seek","time":2.50259004436281}
CommandDispatcher::handleSeek: position set to 2.5026s
Command executed: seek, result: {
  "status": "ok",
  "message": "Seek executed",
  "position_seconds": 2.50259004436281
}
VitHeadlessService: command reply (truncated): {
  "status": "ok",
  "message": "Seek executed",
  "position_seconds": 2.50259004436281
}
ZmqGateway: received command payload: {"cmd":"seek","time":2.51813410547647}
ZmqGateway: dispatching payload to JUCE message thread.
VitHeadlessService: processing queued command on JUCE message thread: {"cmd":"seek","time":2.51813410547647}
Command received: {"cmd":"seek","time":2.51813410547647}
CommandDispatcher::handleSeek: position set to 2.5181s
Command executed: seek, result: {
  "status": "ok",
  "message": "Seek executed",
  "position_seconds": 2.51813410547647
}
VitHeadlessService: command reply (truncated): {
  "status": "ok",
  "message": "Seek executed",
  "position_seconds": 2.51813410547647
}
