
**********************************************************
VitHeadlessServer session log
Log started: 18 Apr 2026 6:34:41pm

VitHeadlessServer: application startup.
Settings file: D:\Vit_DAW\VitApp\Workspace\Settings\Settings.xml
Audio block size: 480  Rate: 48000
Creating Default Controllers...
VitEngineDevice: initialising Tracktion Engine device manager.
Audio block size: 480  Rate: 48000
Rebuilding Wave Device List...
Wave In: Input 1 (enabled): 0 (L)
Wave In: Input 2 (enabled): 1 (L)
Wave Out: Output 1 + 2 (enabled): 0 (L), 1 (R)
Default Wave Out: Output 1 + 2
Default MIDI Out: 
Default Wave In: Input 1
Default MIDI In: 
VitEngineDevice: audio IO ready for playback graph: "扬声器 (USB AUDIO  CODEC)" 48000.00 Hz, block 480 samples
VitEngineDevice: audio setup outputDevice="扬声器 (USB AUDIO  CODEC)" inputDevice="麦克风 (Sonic Studio Virtual Mixer)" sampleRate=48000.00 bufferSize=480 inputChannels=11 outputChannels=11
VitEngineDevice: current audio device name="扬声器 (USB AUDIO  CODEC)" type="Windows Audio" activeOutputChannels=Output channel 1, Output channel 2" activeInputChannels=Input channel 1, Input channel 2"
VitHeadlessService: edit loaded from D:\Vit_DAW\VitApp\Workspace\default_project.xml
VitHeadlessService: failed to create rack instance for track 1007
VitEngineDevice: audio IO ready for playback graph: "扬声器 (USB AUDIO  CODEC)" 48000.00 Hz, block 480 samples
VitHeadlessService: project reload complete.
ZmqGateway: bound command endpoint to tcp://127.0.0.1:5555
ZmqGateway: bound publish endpoint to tcp://127.0.0.1:5556
ZmqGateway: bound log endpoint to tcp://127.0.0.1:5557
ZmqGateway: started network thread.
VitHeadlessService: service started successfully.
VitHeadlessServer: startup complete, entering background message loop.
ZmqGateway: received command payload: {"cmd":"get_recent_projects"}
ZmqGateway: dispatching payload to JUCE message thread.
VitHeadlessService: processing queued command on JUCE message thread: {"cmd":"get_recent_projects"}
Command received: {"cmd":"get_recent_projects"}
Command executed: get_recent_projects, result: {
  "status": "ok",
  "recent_projects": [
    "D:\\Godot\\project\\vit-daw-frontend\\4.18.vit",
    "D:\\Godot\\project\\vit-daw-frontend\\Vit4.18.vit",
    "D:\\Godot\\project\\vit-daw-frontend\\4.4.3.vit",
    "D:\\Godot\\project\\vit-daw-frontend\\4.4.2.vit",
    "D:\\Godot\\project\\vit-daw-frontend\\4.4.1.vit",
    "D:\\Godot\\project\\vit-daw-frontend\\4.4.vit",
    "D:\\4.1.tracktionedit"
  ]
}
VitHeadlessService: command reply (truncated): {
  "status": "ok",
  "recent_projects": [
    "D:\\Godot\\project\\vit-daw-frontend\\4.18.vit",
    "D:\\Godot\\project\\vit-daw-frontend\\Vit4.18.vit",
    "D:\\Godot\\project\\vit-daw-frontend\\4.4.3.vit",
    "
MIDI Input devices scanned in: 0
Updating MIDI I/O devices
Found MIDI in: all_midi_in ("All MIDI Ins") (enabled)
Found MIDI out: out_81b0d7ef ("Microsoft GS Wavetable Synth") (enabled)
opening MIDI out device: out_81b0d7ef (Microsoft GS Wavetable Synth)
ZmqGateway: received command payload: {"cmd":"new_project"}
ZmqGateway: dispatching payload to JUCE message thread.
VitHeadlessService: processing queued command on JUCE message thread: {"cmd":"new_project"}
Command received: {"cmd":"new_project"}
VitEngineDevice: audio IO ready for playback graph: "扬声器 (USB AUDIO  CODEC)" 48000.00 Hz, block 480 samples
Command executed: new_project, result: {
  "status": "ok",
  "message": "Blank project created"
}
VitHeadlessService: command reply (truncated): {
  "status": "ok",
  "message": "Blank project created"
}
ZmqGateway: received command payload: {"cmd":"ping"}
ZmqGateway: dispatching payload to JUCE message thread.
VitHeadlessService: processing queued command on JUCE message thread: {"cmd":"ping"}
Command received: {"cmd":"ping"}
CommandDispatcher: handled ping command.
Command executed: ping, result: {
  "status": "ok",
  "message": "pong"
}
VitHeadlessService: command reply (truncated): {
  "status": "ok",
  "message": "pong"
}
ZmqGateway: received command payload: {"cmd":"get_project_state"}
ZmqGateway: dispatching payload to JUCE message thread.
VitHeadlessService: processing queued command on JUCE message thread: {"cmd":"get_project_state"}
Command received: {"cmd":"get_project_state"}
Command executed: get_project_state, result: {
  "status": "ok",
  "project_path": "",
  "tracks": [
    {
      "track_id": "1002",
      "track_name": "Arranger",
      "track_type": "track",
      "is_audio_track": false,
      "is_audio": false,
      "plugins": [],
      "clips": []
    },
    {
      "track_id": "1003",
      "track_name": "Chord",
      "track_type": "track",
      "is_audio_track": false,
      "is_audio": false,
      "plugins": [],
      "clips": []
    },
    {
      "track_id": "1004",
      "track_name": "Marker",
      "track_type": "track",
      "is_audio_track": false,
      "is_audio": false,
      "plugins": [],
      "clips": []
    },
    {
      "track_id": "1005",
      "track_name": "Tempo",
      "track_type": "track",
      "is_audio_track": false,
      "is_audio": false,
      "plugins": [],
      "clips": []
    },
    {
      "track_id": "1006",
      "track_name": "Master",
      "track_type": "master",
      "is_audio_track": false,
      "is_audio": false,
      "plugins": [],
      "clips": []
    }
  ]
}
VitHeadlessService: command reply (truncated): {
  "status": "ok",
  "project_path": "",
  "tracks": [
    {
      "track_id": "1002",
      "track_name": "Arranger",
      "track_type": "track",
      "is_audio_track": false,
      "is_audio": false,
     
ZmqGateway: received command payload: {"cmd":"list_tracks"}
ZmqGateway: dispatching payload to JUCE message thread.
VitHeadlessService: processing queued command on JUCE message thread: {"cmd":"list_tracks"}
Command received: {"cmd":"list_tracks"}
Command executed: list_tracks, result: {
  "status": "ok",
  "message": "Track list fetched",
  "tracks": [
    {
      "track_id": "1002",
      "name": "Arranger",
      "track_type": "track",
      "is_audio": false,
      "is_audio_track": false,
      "vit_type": "",
      "vit_intent": "",
      "plugin_count": 0,
      "plugins": []
    },
    {
      "track_id": "1003",
      "name": "Chord",
      "track_type": "track",
      "is_audio": false,
      "is_audio_track": false,
      "vit_type": "",
      "vit_intent": "",
      "plugin_count": 0,
      "plugins": []
    },
    {
      "track_id": "1004",
      "name": "Marker",
      "track_type": "track",
      "is_audio": false,
      "is_audio_track": false,
      "vit_type": "",
      "vit_intent": "",
      "plugin_count": 0,
      "plugins": []
    },
    {
      "track_id": "1005",
      "name": "Tempo",
      "track_type": "track",
      "is_audio": false,
      "is_audio_track": false,
      "vit_type": "",
      "vit_intent": "",
      "plugin_count": 0,
      "plugins": []
    },
    {
      "track_id": "1006",
      "name": "Master",
      "track_type": "master",
      "is_audio": false,
      "is_audio_track": false,
      "vit_type": "",
      "vit_intent": "",
      "plugin_count": 0,
      "plugins": []
    }
  ]
}
VitHeadlessService: command reply (truncated): {
  "status": "ok",
  "message": "Track list fetched",
  "tracks": [
    {
      "track_id": "1002",
      "name": "Arranger",
      "track_type": "track",
      "is_audio": false,
      "is_audio_track": false,
ZmqGateway: received command payload: {"cmd":"list_tracks"}
ZmqGateway: dispatching payload to JUCE message thread.
VitHeadlessService: processing queued command on JUCE message thread: {"cmd":"list_tracks"}
Command received: {"cmd":"list_tracks"}
Command executed: list_tracks, result: {
  "status": "ok",
  "message": "Track list fetched",
  "tracks": [
    {
      "track_id": "1002",
      "name": "Arranger",
      "track_type": "track",
      "is_audio": false,
      "is_audio_track": false,
      "vit_type": "",
      "vit_intent": "",
      "plugin_count": 0,
      "plugins": []
    },
    {
      "track_id": "1003",
      "name": "Chord",
      "track_type": "track",
      "is_audio": false,
      "is_audio_track": false,
      "vit_type": "",
      "vit_intent": "",
      "plugin_count": 0,
      "plugins": []
    },
    {
      "track_id": "1004",
      "name": "Marker",
      "track_type": "track",
      "is_audio": false,
      "is_audio_track": false,
      "vit_type": "",
      "vit_intent": "",
      "plugin_count": 0,
      "plugins": []
    },
    {
      "track_id": "1005",
      "name": "Tempo",
      "track_type": "track",
      "is_audio": false,
      "is_audio_track": false,
      "vit_type": "",
      "vit_intent": "",
      "plugin_count": 0,
      "plugins": []
    },
    {
      "track_id": "1006",
      "name": "Master",
      "track_type": "master",
      "is_audio": false,
      "is_audio_track": false,
      "vit_type": "",
      "vit_intent": "",
      "plugin_count": 0,
      "plugins": []
    }
  ]
}
VitHeadlessService: command reply (truncated): {
  "status": "ok",
  "message": "Track list fetched",
  "tracks": [
    {
      "track_id": "1002",
      "name": "Arranger",
      "track_type": "track",
      "is_audio": false,
      "is_audio_track": false,
ZmqGateway: received command payload: {"cmd":"add_track","type":"hybrid"}
ZmqGateway: dispatching payload to JUCE message thread.
VitHeadlessService: processing queued command on JUCE message thread: {"cmd":"add_track","type":"hybrid"}
Command received: {"cmd":"add_track","type":"hybrid"}
VitHeadlessService: project saved to D:\Vit_DAW\VitApp\Workspace\default_project.xml
Command executed: add_track, result: {
  "status": "ok",
  "message": "Track added",
  "track_id": "1007",
  "track_name": "Track 1"
}
VitHeadlessService: command reply (truncated): {
  "status": "ok",
  "message": "Track added",
  "track_id": "1007",
  "track_name": "Track 1"
}
ZmqGateway: received command payload: {"cmd":"list_tracks"}
ZmqGateway: dispatching payload to JUCE message thread.
VitHeadlessService: processing queued command on JUCE message thread: {"cmd":"list_tracks"}
Command received: {"cmd":"list_tracks"}
Command executed: list_tracks, result: {
  "status": "ok",
  "message": "Track list fetched",
  "tracks": [
    {
      "track_id": "1002",
      "name": "Arranger",
      "track_type": "track",
      "is_audio": false,
      "is_audio_track": false,
      "vit_type": "",
      "vit_intent": "",
      "plugin_count": 0,
      "plugins": []
    },
    {
      "track_id": "1003",
      "name": "Chord",
      "track_type": "track",
      "is_audio": false,
      "is_audio_track": false,
      "vit_type": "",
      "vit_intent": "",
      "plugin_count": 0,
      "plugins": []
    },
    {
      "track_id": "1004",
      "name": "Marker",
      "track_type": "track",
      "is_audio": false,
      "is_audio_track": false,
      "vit_type": "",
      "vit_intent": "",
      "plugin_count": 0,
      "plugins": []
    },
    {
      "track_id": "1005",
      "name": "Tempo",
      "track_type": "track",
      "is_audio": false,
      "is_audio_track": false,
      "vit_type": "",
      "vit_intent": "",
      "plugin_count": 0,
      "plugins": []
    },
    {
      "track_id": "1006",
      "name": "Master",
      "track_type": "master",
      "is_audio": false,
      "is_audio_track": false,
      "vit_type": "",
      "vit_intent": "",
      "plugin_count": 0,
      "plugins": []
    },
    {
      "track_id": "1007",
      "name": "Track 1",
      "track_type": "hybrid",
      "is_audio": true,
      "is_audio_track": true,
      "vit_type": "",
      "vit_intent": "",
      "plugin_count": 2,
      "plugins": [
        {
          "id": "1008",
          "plugin_item_id": "1008",
          "name": "Volume & Pan Plugin",
          "type": "volume",
          "enabled": true
        },
        {
          "id": "1009",
          "plugin_item_id": "1009",
          "name": "Level Meter",
          "type": "level",
          "enabled": true
        }
      ]
    }
  ]
}
VitHeadlessService: command reply (truncated): {
  "status": "ok",
  "message": "Track list fetched",
  "tracks": [
    {
      "track_id": "1002",
      "name": "Arranger",
      "track_type": "track",
      "is_audio": false,
      "is_audio_track": false,
ZmqGateway: received command payload: {"cmd":"get_project_state"}
ZmqGateway: dispatching payload to JUCE message thread.
VitHeadlessService: processing queued command on JUCE message thread: {"cmd":"get_project_state"}
Command received: {"cmd":"get_project_state"}
Command executed: get_project_state, result: {
  "status": "ok",
  "project_path": "",
  "tracks": [
    {
      "track_id": "1002",
      "track_name": "Arranger",
      "track_type": "track",
      "is_audio_track": false,
      "is_audio": false,
      "plugins": [],
      "clips": []
    },
    {
      "track_id": "1003",
      "track_name": "Chord",
      "track_type": "track",
      "is_audio_track": false,
      "is_audio": false,
      "plugins": [],
      "clips": []
    },
    {
      "track_id": "1004",
      "track_name": "Marker",
      "track_type": "track",
      "is_audio_track": false,
      "is_audio": false,
      "plugins": [],
      "clips": []
    },
    {
      "track_id": "1005",
      "track_name": "Tempo",
      "track_type": "track",
      "is_audio_track": false,
      "is_audio": false,
      "plugins": [],
      "clips": []
    },
    {
      "track_id": "1006",
      "track_name": "Master",
      "track_type": "master",
      "is_audio_track": false,
      "is_audio": false,
      "plugins": [],
      "clips": []
    },
    {
      "track_id": "1007",
      "track_name": "Track 1",
      "track_type": "hybrid",
      "is_audio_track": true,
      "is_audio": true,
      "plugins": [
        {
          "id": "1008",
          "item_id": "1008",
          "plugin_item_id": "1008",
          "name": "Volume & Pan Plugin",
          "type": "volume",
          "enabled": true
        },
        {
          "id": "1009",
          "item_id": "1009",
          "plugin_item_id": "1009",
          "name": "Level Meter",
          "type": "level",
          "enabled": true
        }
      ],
      "clips": [],
      "output_to_device_resolved": true,
      "output_device_enabled": true,
      "output_device_id": "out_b7a4b4c1",
      "output_routing_name": "(default audio output)"
    }
  ]
}
VitHeadlessService: command reply (truncated): {
  "status": "ok",
  "project_path": "",
  "tracks": [
    {
      "track_id": "1002",
      "track_name": "Arranger",
      "track_type": "track",
      "is_audio_track": false,
      "is_audio": false,
     
ZmqGateway: received command payload: {"cmd":"list_tracks"}
ZmqGateway: dispatching payload to JUCE message thread.
VitHeadlessService: processing queued command on JUCE message thread: {"cmd":"list_tracks"}
Command received: {"cmd":"list_tracks"}
Command executed: list_tracks, result: {
  "status": "ok",
  "message": "Track list fetched",
  "tracks": [
    {
      "track_id": "1002",
      "name": "Arranger",
      "track_type": "track",
      "is_audio": false,
      "is_audio_track": false,
      "vit_type": "",
      "vit_intent": "",
      "plugin_count": 0,
      "plugins": []
    },
    {
      "track_id": "1003",
      "name": "Chord",
      "track_type": "track",
      "is_audio": false,
      "is_audio_track": false,
      "vit_type": "",
      "vit_intent": "",
      "plugin_count": 0,
      "plugins": []
    },
    {
      "track_id": "1004",
      "name": "Marker",
      "track_type": "track",
      "is_audio": false,
      "is_audio_track": false,
      "vit_type": "",
      "vit_intent": "",
      "plugin_count": 0,
      "plugins": []
    },
    {
      "track_id": "1005",
      "name": "Tempo",
      "track_type": "track",
      "is_audio": false,
      "is_audio_track": false,
      "vit_type": "",
      "vit_intent": "",
      "plugin_count": 0,
      "plugins": []
    },
    {
      "track_id": "1006",
      "name": "Master",
      "track_type": "master",
      "is_audio": false,
      "is_audio_track": false,
      "vit_type": "",
      "vit_intent": "",
      "plugin_count": 0,
      "plugins": []
    },
    {
      "track_id": "1007",
      "name": "Track 1",
      "track_type": "hybrid",
      "is_audio": true,
      "is_audio_track": true,
      "vit_type": "",
      "vit_intent": "",
      "plugin_count": 2,
      "plugins": [
        {
          "id": "1008",
          "plugin_item_id": "1008",
          "name": "Volume & Pan Plugin",
          "type": "volume",
          "enabled": true
        },
        {
          "id": "1009",
          "plugin_item_id": "1009",
          "name": "Level Meter",
          "type": "level",
          "enabled": true
        }
      ]
    }
  ]
}
VitHeadlessService: command reply (truncated): {
  "status": "ok",
  "message": "Track list fetched",
  "tracks": [
    {
      "track_id": "1002",
      "name": "Arranger",
      "track_type": "track",
      "is_audio": false,
      "is_audio_track": false,
ZmqGateway: received command payload: {"action":"import_media_to_track","cmd":"import_media_to_track","file_path":"D:/Vit_DAW/test_100hz_10s.wav","media_type":"audio","start_time":2.44754791259766,"track_id":"1007"}
ZmqGateway: dispatching payload to JUCE message thread.
VitHeadlessService: processing queued command on JUCE message thread: {"action":"import_media_to_track","cmd":"import_media_to_track","file_path":"D:/Vit_DAW/test_100hz_10s.wav","media_type":"audio","start_time":2.44754791259766,"track_id":"1007"}
Command received: {"action":"import_media_to_track","cmd":"import_media_to_track","file_path":"D:/Vit_DAW/test_100hz_10s.wav","media_type":"audio","start_time":2.44754791259766,"track_id":"1007"}
VitHeadlessService: project saved to D:\Vit_DAW\VitApp\Workspace\default_project.xml
CommandDispatcher::handleImportMediaToTrack: clipId="1011" clip="test_100hz_10s" trackId="1007" source="D:\Vit_DAW\test_100hz_10s.wav" lengthSec=10.000 isPlaying=false isRecording=false playContextActive=true positionSeconds=0.000 editLengthSeconds=12.448
Command executed: import_media_to_track, result: {
  "status": "success",
  "action": "import_media_to_track",
  "clip_id": "1011",
  "track_id": "1007",
  "start_time": 2.44754791259766,
  "resolved_start_time": 2.44754791259766,
  "length": 10.0,
  "applied_mode": "destructive",
  "clip_name": "test_100hz_10s",
  "file_path": "D:\\Vit_DAW\\test_100hz_10s.wav",
  "edit_length_seconds": 12.44754791259766,
  "baking_status": "baking_started"
}
VitHeadlessService: command reply (truncated): {
  "status": "success",
  "action": "import_media_to_track",
  "clip_id": "1011",
  "track_id": "1007",
  "start_time": 2.44754791259766,
  "resolved_start_time": 2.44754791259766,
  "length": 10.0,
  "applied_m
ZmqGateway: received command payload: {"cmd":"get_project_state"}
ZmqGateway: dispatching payload to JUCE message thread.
VitHeadlessService: processing queued command on JUCE message thread: {"cmd":"get_project_state"}
Command received: {"cmd":"get_project_state"}
Command executed: get_project_state, result: {
  "status": "ok",
  "project_path": "",
  "tracks": [
    {
      "track_id": "1002",
      "track_name": "Arranger",
      "track_type": "track",
      "is_audio_track": false,
      "is_audio": false,
      "plugins": [],
      "clips": []
    },
    {
      "track_id": "1003",
      "track_name": "Chord",
      "track_type": "track",
      "is_audio_track": false,
      "is_audio": false,
      "plugins": [],
      "clips": []
    },
    {
      "track_id": "1004",
      "track_name": "Marker",
      "track_type": "track",
      "is_audio_track": false,
      "is_audio": false,
      "plugins": [],
      "clips": []
    },
    {
      "track_id": "1005",
      "track_name": "Tempo",
      "track_type": "track",
      "is_audio_track": false,
      "is_audio": false,
      "plugins": [],
      "clips": []
    },
    {
      "track_id": "1006",
      "track_name": "Master",
      "track_type": "master",
      "is_audio_track": false,
      "is_audio": false,
      "plugins": [],
      "clips": []
    },
    {
      "track_id": "1007",
      "track_name": "Track 1",
      "track_type": "hybrid",
      "is_audio_track": true,
      "is_audio": true,
      "plugins": [
        {
          "id": "1008",
          "item_id": "1008",
          "plugin_item_id": "1008",
          "name": "Volume & Pan Plugin",
          "type": "volume",
          "enabled": true
        },
        {
          "id": "1009",
          "item_id": "1009",
          "plugin_item_id": "1009",
          "name": "Level Meter",
          "type": "level",
          "enabled": true
        }
      ],
      "clips": [
        {
          "id": "1011",
          "name": "test_100hz_10s",
          "clip_type": "wave",
          "start_seconds": 2.44754791259766,
          "end_seconds": 12.44754791259766,
          "length_seconds": 10.0,
          "offset_in_source_seconds": 0.0,
          "file_path": "D:\\Vit_DAW\\test_100hz_10s.wav",
          "current_source_path": "D:\\Vit_DAW\\test_100hz_10s.wav",
          "playback_source_valid": true
        }
      ],
      "output_to_device_resolved": true,
      "output_device_enabled": true,
      "output_device_id": "out_b7a4b4c1",
      "output_routing_name": "(default audio output)"
    }
  ]
}
VitHeadlessService: command reply (truncated): {
  "status": "ok",
  "project_path": "",
  "tracks": [
    {
      "track_id": "1002",
      "track_name": "Arranger",
      "track_type": "track",
      "is_audio_track": false,
      "is_audio": false,
     
ZmqGateway: received command payload: {"cmd":"list_tracks"}
ZmqGateway: dispatching payload to JUCE message thread.
VitHeadlessService: processing queued command on JUCE message thread: {"cmd":"list_tracks"}
Command received: {"cmd":"list_tracks"}
Command executed: list_tracks, result: {
  "status": "ok",
  "message": "Track list fetched",
  "tracks": [
    {
      "track_id": "1002",
      "name": "Arranger",
      "track_type": "track",
      "is_audio": false,
      "is_audio_track": false,
      "vit_type": "",
      "vit_intent": "",
      "plugin_count": 0,
      "plugins": []
    },
    {
      "track_id": "1003",
      "name": "Chord",
      "track_type": "track",
      "is_audio": false,
      "is_audio_track": false,
      "vit_type": "",
      "vit_intent": "",
      "plugin_count": 0,
      "plugins": []
    },
    {
      "track_id": "1004",
      "name": "Marker",
      "track_type": "track",
      "is_audio": false,
      "is_audio_track": false,
      "vit_type": "",
      "vit_intent": "",
      "plugin_count": 0,
      "plugins": []
    },
    {
      "track_id": "1005",
      "name": "Tempo",
      "track_type": "track",
      "is_audio": false,
      "is_audio_track": false,
      "vit_type": "",
      "vit_intent": "",
      "plugin_count": 0,
      "plugins": []
    },
    {
      "track_id": "1006",
      "name": "Master",
      "track_type": "master",
      "is_audio": false,
      "is_audio_track": false,
      "vit_type": "",
      "vit_intent": "",
      "plugin_count": 0,
      "plugins": []
    },
    {
      "track_id": "1007",
      "name": "Track 1",
      "track_type": "hybrid",
      "is_audio": true,
      "is_audio_track": true,
      "vit_type": "",
      "vit_intent": "",
      "plugin_count": 2,
      "plugins": [
        {
          "id": "1008",
          "plugin_item_id": "1008",
          "name": "Volume & Pan Plugin",
          "type": "volume",
          "enabled": true
        },
        {
          "id": "1009",
          "plugin_item_id": "1009",
          "name": "Level Meter",
          "type": "level",
          "enabled": true
        }
      ]
    }
  ]
}
VitHeadlessService: command reply (truncated): {
  "status": "ok",
  "message": "Track list fetched",
  "tracks": [
    {
      "track_id": "1002",
      "name": "Arranger",
      "track_type": "track",
      "is_audio": false,
      "is_audio_track": false,
ZmqGateway: received command payload: {"action":"play"}
ZmqGateway: dispatching payload to JUCE message thread.
VitHeadlessService: processing queued command on JUCE message thread: {"action":"play"}
Command received: {"action":"play"}
CommandDispatcher::handlePlay: before isPlaying=false isRecording=false playContextActive=true positionSeconds=0.000 editLengthSeconds=12.448
CommandDispatcher::handlePlay: after isPlaying=true isRecording=false playContextActive=true positionSeconds=0.000 editLengthSeconds=12.448
Command executed: play, result: {
  "status": "ok",
  "message": "Transport playing",
  "is_playing": true,
  "is_recording": false,
  "position_seconds": 0.0,
  "click_track_enabled": false
}
VitHeadlessService: command reply (truncated): {
  "status": "ok",
  "message": "Transport playing",
  "is_playing": true,
  "is_recording": false,
  "position_seconds": 0.0,
  "click_track_enabled": false
}
ZmqGateway: received command payload: {"action":"stop"}
ZmqGateway: dispatching payload to JUCE message thread.
VitHeadlessService: processing queued command on JUCE message thread: {"action":"stop"}
Command received: {"action":"stop"}
CommandDispatcher::handleStop: before isPlaying=true isRecording=false playContextActive=true positionSeconds=4.740 editLengthSeconds=12.448
CommandDispatcher::handleStop: after isPlaying=false isRecording=false playContextActive=true positionSeconds=4.740 editLengthSeconds=12.448
Command executed: stop, result: {
  "status": "ok",
  "message": "Transport stopped",
  "is_playing": false,
  "is_recording": false,
  "position_seconds": 4.74,
  "click_track_enabled": false
}
VitHeadlessService: command reply (truncated): {
  "status": "ok",
  "message": "Transport stopped",
  "is_playing": false,
  "is_recording": false,
  "position_seconds": 4.74,
  "click_track_enabled": false
}
ZmqGateway: received command payload: {"clip_ids":["1011"],"cmd":"remove_clips"}
ZmqGateway: dispatching payload to JUCE message thread.
VitHeadlessService: processing queued command on JUCE message thread: {"clip_ids":["1011"],"cmd":"remove_clips"}
Command received: {"clip_ids":["1011"],"cmd":"remove_clips"}
Command executed: remove_clips, result: {
  "status": "ok",
  "message": "Clips removed",
  "removed_count": 1,
  "missing_ids": []
}
VitHeadlessService: command reply (truncated): {
  "status": "ok",
  "message": "Clips removed",
  "removed_count": 1,
  "missing_ids": []
}
ZmqGateway: received command payload: {"cmd":"get_project_state"}
ZmqGateway: dispatching payload to JUCE message thread.
VitHeadlessService: processing queued command on JUCE message thread: {"cmd":"get_project_state"}
Command received: {"cmd":"get_project_state"}
Command executed: get_project_state, result: {
  "status": "ok",
  "project_path": "",
  "tracks": [
    {
      "track_id": "1002",
      "track_name": "Arranger",
      "track_type": "track",
      "is_audio_track": false,
      "is_audio": false,
      "plugins": [],
      "clips": []
    },
    {
      "track_id": "1003",
      "track_name": "Chord",
      "track_type": "track",
      "is_audio_track": false,
      "is_audio": false,
      "plugins": [],
      "clips": []
    },
    {
      "track_id": "1004",
      "track_name": "Marker",
      "track_type": "track",
      "is_audio_track": false,
      "is_audio": false,
      "plugins": [],
      "clips": []
    },
    {
      "track_id": "1005",
      "track_name": "Tempo",
      "track_type": "track",
      "is_audio_track": false,
      "is_audio": false,
      "plugins": [],
      "clips": []
    },
    {
      "track_id": "1006",
      "track_name": "Master",
      "track_type": "master",
      "is_audio_track": false,
      "is_audio": false,
      "plugins": [],
      "clips": []
    },
    {
      "track_id": "1007",
      "track_name": "Track 1",
      "track_type": "hybrid",
      "is_audio_track": true,
      "is_audio": true,
      "plugins": [
        {
          "id": "1008",
          "item_id": "1008",
          "plugin_item_id": "1008",
          "name": "Volume & Pan Plugin",
          "type": "volume",
          "enabled": true
        },
        {
          "id": "1009",
          "item_id": "1009",
          "plugin_item_id": "1009",
          "name": "Level Meter",
          "type": "level",
          "enabled": true
        }
      ],
      "clips": [],
      "output_to_device_resolved": true,
      "output_device_enabled": true,
      "output_device_id": "out_b7a4b4c1",
      "output_routing_name": "(default audio output)"
    }
  ]
}
VitHeadlessService: command reply (truncated): {
  "status": "ok",
  "project_path": "",
  "tracks": [
    {
      "track_id": "1002",
      "track_name": "Arranger",
      "track_type": "track",
      "is_audio_track": false,
      "is_audio": false,
     
ZmqGateway: received command payload: {"cmd":"list_tracks"}
ZmqGateway: dispatching payload to JUCE message thread.
VitHeadlessService: processing queued command on JUCE message thread: {"cmd":"list_tracks"}
Command received: {"cmd":"list_tracks"}
Command executed: list_tracks, result: {
  "status": "ok",
  "message": "Track list fetched",
  "tracks": [
    {
      "track_id": "1002",
      "name": "Arranger",
      "track_type": "track",
      "is_audio": false,
      "is_audio_track": false,
      "vit_type": "",
      "vit_intent": "",
      "plugin_count": 0,
      "plugins": []
    },
    {
      "track_id": "1003",
      "name": "Chord",
      "track_type": "track",
      "is_audio": false,
      "is_audio_track": false,
      "vit_type": "",
      "vit_intent": "",
      "plugin_count": 0,
      "plugins": []
    },
    {
      "track_id": "1004",
      "name": "Marker",
      "track_type": "track",
      "is_audio": false,
      "is_audio_track": false,
      "vit_type": "",
      "vit_intent": "",
      "plugin_count": 0,
      "plugins": []
    },
    {
      "track_id": "1005",
      "name": "Tempo",
      "track_type": "track",
      "is_audio": false,
      "is_audio_track": false,
      "vit_type": "",
      "vit_intent": "",
      "plugin_count": 0,
      "plugins": []
    },
    {
      "track_id": "1006",
      "name": "Master",
      "track_type": "master",
      "is_audio": false,
      "is_audio_track": false,
      "vit_type": "",
      "vit_intent": "",
      "plugin_count": 0,
      "plugins": []
    },
    {
      "track_id": "1007",
      "name": "Track 1",
      "track_type": "hybrid",
      "is_audio": true,
      "is_audio_track": true,
      "vit_type": "",
      "vit_intent": "",
      "plugin_count": 2,
      "plugins": [
        {
          "id": "1008",
          "plugin_item_id": "1008",
          "name": "Volume & Pan Plugin",
          "type": "volume",
          "enabled": true
        },
        {
          "id": "1009",
          "plugin_item_id": "1009",
          "name": "Level Meter",
          "type": "level",
          "enabled": true
        }
      ]
    }
  ]
}
VitHeadlessService: command reply (truncated): {
  "status": "ok",
  "message": "Track list fetched",
  "tracks": [
    {
      "track_id": "1002",
      "name": "Arranger",
      "track_type": "track",
      "is_audio": false,
      "is_audio_track": false,
ZmqGateway: received command payload: {"action":"import_media_to_track","cmd":"import_media_to_track","file_path":"D:/Vit_DAW/test_target_3s.wav","media_type":"audio","start_time":2.19580268859863,"track_id":"1007"}
ZmqGateway: dispatching payload to JUCE message thread.
VitHeadlessService: processing queued command on JUCE message thread: {"action":"import_media_to_track","cmd":"import_media_to_track","file_path":"D:/Vit_DAW/test_target_3s.wav","media_type":"audio","start_time":2.19580268859863,"track_id":"1007"}
Command received: {"action":"import_media_to_track","cmd":"import_media_to_track","file_path":"D:/Vit_DAW/test_target_3s.wav","media_type":"audio","start_time":2.19580268859863,"track_id":"1007"}
VitHeadlessService: project saved to D:\Vit_DAW\VitApp\Workspace\default_project.xml
CommandDispatcher::handleImportMediaToTrack: clipId="1013" clip="test_target_3s" trackId="1007" source="D:\Vit_DAW\test_target_3s.wav" lengthSec=3.000 isPlaying=false isRecording=false playContextActive=true positionSeconds=4.750 editLengthSeconds=5.196
Command executed: import_media_to_track, result: {
  "status": "success",
  "action": "import_media_to_track",
  "clip_id": "1013",
  "track_id": "1007",
  "start_time": 2.19580268859863,
  "resolved_start_time": 2.19580268859863,
  "length": 3.0,
  "applied_mode": "destructive",
  "clip_name": "test_target_3s",
  "file_path": "D:\\Vit_DAW\\test_target_3s.wav",
  "edit_length_seconds": 5.19580268859863,
  "baking_status": "baking_started"
}
VitHeadlessService: command reply (truncated): {
  "status": "success",
  "action": "import_media_to_track",
  "clip_id": "1013",
  "track_id": "1007",
  "start_time": 2.19580268859863,
  "resolved_start_time": 2.19580268859863,
  "length": 3.0,
  "applied_mo
ZmqGateway: received command payload: {"cmd":"get_project_state"}
ZmqGateway: dispatching payload to JUCE message thread.
VitHeadlessService: processing queued command on JUCE message thread: {"cmd":"get_project_state"}
Command received: {"cmd":"get_project_state"}
Command executed: get_project_state, result: {
  "status": "ok",
  "project_path": "",
  "tracks": [
    {
      "track_id": "1002",
      "track_name": "Arranger",
      "track_type": "track",
      "is_audio_track": false,
      "is_audio": false,
      "plugins": [],
      "clips": []
    },
    {
      "track_id": "1003",
      "track_name": "Chord",
      "track_type": "track",
      "is_audio_track": false,
      "is_audio": false,
      "plugins": [],
      "clips": []
    },
    {
      "track_id": "1004",
      "track_name": "Marker",
      "track_type": "track",
      "is_audio_track": false,
      "is_audio": false,
      "plugins": [],
      "clips": []
    },
    {
      "track_id": "1005",
      "track_name": "Tempo",
      "track_type": "track",
      "is_audio_track": false,
      "is_audio": false,
      "plugins": [],
      "clips": []
    },
    {
      "track_id": "1006",
      "track_name": "Master",
      "track_type": "master",
      "is_audio_track": false,
      "is_audio": false,
      "plugins": [],
      "clips": []
    },
    {
      "track_id": "1007",
      "track_name": "Track 1",
      "track_type": "hybrid",
      "is_audio_track": true,
      "is_audio": true,
      "plugins": [
        {
          "id": "1008",
          "item_id": "1008",
          "plugin_item_id": "1008",
          "name": "Volume & Pan Plugin",
          "type": "volume",
          "enabled": true
        },
        {
          "id": "1009",
          "item_id": "1009",
          "plugin_item_id": "1009",
          "name": "Level Meter",
          "type": "level",
          "enabled": true
        }
      ],
      "clips": [
        {
          "id": "1013",
          "name": "test_target_3s",
          "clip_type": "wave",
          "start_seconds": 2.19580268859863,
          "end_seconds": 5.19580268859863,
          "length_seconds": 3.0,
          "offset_in_source_seconds": 0.0,
          "file_path": "D:\\Vit_DAW\\test_target_3s.wav",
          "current_source_path": "D:\\Vit_DAW\\test_target_3s.wav",
          "playback_source_valid": true
        }
      ],
      "output_to_device_resolved": true,
      "output_device_enabled": true,
      "output_device_id": "out_b7a4b4c1",
      "output_routing_name": "(default audio output)"
    }
  ]
}
VitHeadlessService: command reply (truncated): {
  "status": "ok",
  "project_path": "",
  "tracks": [
    {
      "track_id": "1002",
      "track_name": "Arranger",
      "track_type": "track",
      "is_audio_track": false,
      "is_audio": false,
     
ZmqGateway: received command payload: {"cmd":"list_tracks"}
ZmqGateway: dispatching payload to JUCE message thread.
VitHeadlessService: processing queued command on JUCE message thread: {"cmd":"list_tracks"}
Command received: {"cmd":"list_tracks"}
Command executed: list_tracks, result: {
  "status": "ok",
  "message": "Track list fetched",
  "tracks": [
    {
      "track_id": "1002",
      "name": "Arranger",
      "track_type": "track",
      "is_audio": false,
      "is_audio_track": false,
      "vit_type": "",
      "vit_intent": "",
      "plugin_count": 0,
      "plugins": []
    },
    {
      "track_id": "1003",
      "name": "Chord",
      "track_type": "track",
      "is_audio": false,
      "is_audio_track": false,
      "vit_type": "",
      "vit_intent": "",
      "plugin_count": 0,
      "plugins": []
    },
    {
      "track_id": "1004",
      "name": "Marker",
      "track_type": "track",
      "is_audio": false,
      "is_audio_track": false,
      "vit_type": "",
      "vit_intent": "",
      "plugin_count": 0,
      "plugins": []
    },
    {
      "track_id": "1005",
      "name": "Tempo",
      "track_type": "track",
      "is_audio": false,
      "is_audio_track": false,
      "vit_type": "",
      "vit_intent": "",
      "plugin_count": 0,
      "plugins": []
    },
    {
      "track_id": "1006",
      "name": "Master",
      "track_type": "master",
      "is_audio": false,
      "is_audio_track": false,
      "vit_type": "",
      "vit_intent": "",
      "plugin_count": 0,
      "plugins": []
    },
    {
      "track_id": "1007",
      "name": "Track 1",
      "track_type": "hybrid",
      "is_audio": true,
      "is_audio_track": true,
      "vit_type": "",
      "vit_intent": "",
      "plugin_count": 2,
      "plugins": [
        {
          "id": "1008",
          "plugin_item_id": "1008",
          "name": "Volume & Pan Plugin",
          "type": "volume",
          "enabled": true
        },
        {
          "id": "1009",
          "plugin_item_id": "1009",
          "name": "Level Meter",
          "type": "level",
          "enabled": true
        }
      ]
    }
  ]
}
VitHeadlessService: command reply (truncated): {
  "status": "ok",
  "message": "Track list fetched",
  "tracks": [
    {
      "track_id": "1002",
      "name": "Arranger",
      "track_type": "track",
      "is_audio": false,
      "is_audio_track": false,
ZmqGateway: received command payload: {"cmd":"seek","time":2.12587261199951}
ZmqGateway: dispatching payload to JUCE message thread.
VitHeadlessService: processing queued command on JUCE message thread: {"cmd":"seek","time":2.12587261199951}
Command received: {"cmd":"seek","time":2.12587261199951}
CommandDispatcher::handleSeek: position set to 2.1259s
Command executed: seek, result: {
  "status": "ok",
  "message": "Seek executed",
  "position_seconds": 2.12587261199951
}
VitHeadlessService: command reply (truncated): {
  "status": "ok",
  "message": "Seek executed",
  "position_seconds": 2.12587261199951
}
ZmqGateway: received command payload: {"cmd":"seek","time":2.12587261199951}
ZmqGateway: dispatching payload to JUCE message thread.
VitHeadlessService: processing queued command on JUCE message thread: {"cmd":"seek","time":2.12587261199951}
Command received: {"cmd":"seek","time":2.12587261199951}
CommandDispatcher::handleSeek: position set to 2.1259s
Command executed: seek, result: {
  "status": "ok",
  "message": "Seek executed",
  "position_seconds": 2.12587261199951
}
VitHeadlessService: command reply (truncated): {
  "status": "ok",
  "message": "Seek executed",
  "position_seconds": 2.12587261199951
}
ZmqGateway: received command payload: {"cmd":"seek","time":2.12587261199951}
ZmqGateway: dispatching payload to JUCE message thread.
VitHeadlessService: processing queued command on JUCE message thread: {"cmd":"seek","time":2.12587261199951}
Command received: {"cmd":"seek","time":2.12587261199951}
CommandDispatcher::handleSeek: position set to 2.1259s
Command executed: seek, result: {
  "status": "ok",
  "message": "Seek executed",
  "position_seconds": 2.12587261199951
}
VitHeadlessService: command reply (truncated): {
  "status": "ok",
  "message": "Seek executed",
  "position_seconds": 2.12587261199951
}
ZmqGateway: received command payload: {"cmd":"seek","time":2.12587261199951}
ZmqGateway: dispatching payload to JUCE message thread.
VitHeadlessService: processing queued command on JUCE message thread: {"cmd":"seek","time":2.12587261199951}
Command received: {"cmd":"seek","time":2.12587261199951}
CommandDispatcher::handleSeek: position set to 2.1259s
Command executed: seek, result: {
  "status": "ok",
  "message": "Seek executed",
  "position_seconds": 2.12587261199951
}
VitHeadlessService: command reply (truncated): {
  "status": "ok",
  "message": "Seek executed",
  "position_seconds": 2.12587261199951
}
ZmqGateway: received command payload: {"cmd":"seek","time":2.12587261199951}
ZmqGateway: dispatching payload to JUCE message thread.
VitHeadlessService: processing queued command on JUCE message thread: {"cmd":"seek","time":2.12587261199951}
Command received: {"cmd":"seek","time":2.12587261199951}
CommandDispatcher::handleSeek: position set to 2.1259s
Command executed: seek, result: {
  "status": "ok",
  "message": "Seek executed",
  "position_seconds": 2.12587261199951
}
VitHeadlessService: command reply (truncated): {
  "status": "ok",
  "message": "Seek executed",
  "position_seconds": 2.12587261199951
}
ZmqGateway: received command payload: {"cmd":"seek","time":2.12587261199951}
ZmqGateway: dispatching payload to JUCE message thread.
VitHeadlessService: processing queued command on JUCE message thread: {"cmd":"seek","time":2.12587261199951}
Command received: {"cmd":"seek","time":2.12587261199951}
CommandDispatcher::handleSeek: position set to 2.1259s
Command executed: seek, result: {
  "status": "ok",
  "message": "Seek executed",
  "position_seconds": 2.12587261199951
}
VitHeadlessService: command reply (truncated): {
  "status": "ok",
  "message": "Seek executed",
  "position_seconds": 2.12587261199951
}
ZmqGateway: received command payload: {"cmd":"seek","time":2.12587261199951}
ZmqGateway: dispatching payload to JUCE message thread.
VitHeadlessService: processing queued command on JUCE message thread: {"cmd":"seek","time":2.12587261199951}
Command received: {"cmd":"seek","time":2.12587261199951}
CommandDispatcher::handleSeek: position set to 2.1259s
Command executed: seek, result: {
  "status": "ok",
  "message": "Seek executed",
  "position_seconds": 2.12587261199951
}
VitHeadlessService: command reply (truncated): {
  "status": "ok",
  "message": "Seek executed",
  "position_seconds": 2.12587261199951
}
ZmqGateway: received command payload: {"cmd":"seek","time":2.12587261199951}
ZmqGateway: dispatching payload to JUCE message thread.
VitHeadlessService: processing queued command on JUCE message thread: {"cmd":"seek","time":2.12587261199951}
Command received: {"cmd":"seek","time":2.12587261199951}
CommandDispatcher::handleSeek: position set to 2.1259s
Command executed: seek, result: {
  "status": "ok",
  "message": "Seek executed",
  "position_seconds": 2.12587261199951
}
VitHeadlessService: command reply (truncated): {
  "status": "ok",
  "message": "Seek executed",
  "position_seconds": 2.12587261199951
}
ZmqGateway: received command payload: {"cmd":"seek","time":2.12587261199951}
ZmqGateway: dispatching payload to JUCE message thread.
VitHeadlessService: processing queued command on JUCE message thread: {"cmd":"seek","time":2.12587261199951}
Command received: {"cmd":"seek","time":2.12587261199951}
CommandDispatcher::handleSeek: position set to 2.1259s
Command executed: seek, result: {
  "status": "ok",
  "message": "Seek executed",
  "position_seconds": 2.12587261199951
}
VitHeadlessService: command reply (truncated): {
  "status": "ok",
  "message": "Seek executed",
  "position_seconds": 2.12587261199951
}
ZmqGateway: received command payload: {"cmd":"seek","time":2.12587261199951}
ZmqGateway: dispatching payload to JUCE message thread.
VitHeadlessService: processing queued command on JUCE message thread: {"cmd":"seek","time":2.12587261199951}
Command received: {"cmd":"seek","time":2.12587261199951}
CommandDispatcher::handleSeek: position set to 2.1259s
Command executed: seek, result: {
  "status": "ok",
  "message": "Seek executed",
  "position_seconds": 2.12587261199951
}
VitHeadlessService: command reply (truncated): {
  "status": "ok",
  "message": "Seek executed",
  "position_seconds": 2.12587261199951
}
ZmqGateway: received command payload: {"cmd":"seek","time":2.12587261199951}
ZmqGateway: dispatching payload to JUCE message thread.
VitHeadlessService: processing queued command on JUCE message thread: {"cmd":"seek","time":2.12587261199951}
Command received: {"cmd":"seek","time":2.12587261199951}
CommandDispatcher::handleSeek: position set to 2.1259s
Command executed: seek, result: {
  "status": "ok",
  "message": "Seek executed",
  "position_seconds": 2.12587261199951
}
VitHeadlessService: command reply (truncated): {
  "status": "ok",
  "message": "Seek executed",
  "position_seconds": 2.12587261199951
}
ZmqGateway: received command payload: {"cmd":"seek","time":2.12587261199951}
ZmqGateway: dispatching payload to JUCE message thread.
VitHeadlessService: processing queued command on JUCE message thread: {"cmd":"seek","time":2.12587261199951}
Command received: {"cmd":"seek","time":2.12587261199951}
CommandDispatcher::handleSeek: position set to 2.1259s
Command executed: seek, result: {
  "status": "ok",
  "message": "Seek executed",
  "position_seconds": 2.12587261199951
}
VitHeadlessService: command reply (truncated): {
  "status": "ok",
  "message": "Seek executed",
  "position_seconds": 2.12587261199951
}
ZmqGateway: received command payload: {"cmd":"seek","time":2.12587261199951}
ZmqGateway: dispatching payload to JUCE message thread.
VitHeadlessService: processing queued command on JUCE message thread: {"cmd":"seek","time":2.12587261199951}
Command received: {"cmd":"seek","time":2.12587261199951}
CommandDispatcher::handleSeek: position set to 2.1259s
Command executed: seek, result: {
  "status": "ok",
  "message": "Seek executed",
  "position_seconds": 2.12587261199951
}
VitHeadlessService: command reply (truncated): {
  "status": "ok",
  "message": "Seek executed",
  "position_seconds": 2.12587261199951
}
ZmqGateway: received command payload: {"cmd":"seek","time":2.12587261199951}
ZmqGateway: dispatching payload to JUCE message thread.
VitHeadlessService: processing queued command on JUCE message thread: {"cmd":"seek","time":2.12587261199951}
Command received: {"cmd":"seek","time":2.12587261199951}
CommandDispatcher::handleSeek: position set to 2.1259s
Command executed: seek, result: {
  "status": "ok",
  "message": "Seek executed",
  "position_seconds": 2.12587261199951
}
VitHeadlessService: command reply (truncated): {
  "status": "ok",
  "message": "Seek executed",
  "position_seconds": 2.12587261199951
}
ZmqGateway: received command payload: {"cmd":"seek","time":2.12587261199951}
ZmqGateway: dispatching payload to JUCE message thread.
VitHeadlessService: processing queued command on JUCE message thread: {"cmd":"seek","time":2.12587261199951}
Command received: {"cmd":"seek","time":2.12587261199951}
CommandDispatcher::handleSeek: position set to 2.1259s
Command executed: seek, result: {
  "status": "ok",
  "message": "Seek executed",
  "position_seconds": 2.12587261199951
}
VitHeadlessService: command reply (truncated): {
  "status": "ok",
  "message": "Seek executed",
  "position_seconds": 2.12587261199951
}
ZmqGateway: received command payload: {"cmd":"seek","time":2.12587261199951}
ZmqGateway: dispatching payload to JUCE message thread.
VitHeadlessService: processing queued command on JUCE message thread: {"cmd":"seek","time":2.12587261199951}
Command received: {"cmd":"seek","time":2.12587261199951}
CommandDispatcher::handleSeek: position set to 2.1259s
Command executed: seek, result: {
  "status": "ok",
  "message": "Seek executed",
  "position_seconds": 2.12587261199951
}
VitHeadlessService: command reply (truncated): {
  "status": "ok",
  "message": "Seek executed",
  "position_seconds": 2.12587261199951
}
ZmqGateway: received command payload: {"cmd":"seek","time":2.12587261199951}
ZmqGateway: dispatching payload to JUCE message thread.
VitHeadlessService: processing queued command on JUCE message thread: {"cmd":"seek","time":2.12587261199951}
Command received: {"cmd":"seek","time":2.12587261199951}
CommandDispatcher::handleSeek: position set to 2.1259s
Command executed: seek, result: {
  "status": "ok",
  "message": "Seek executed",
  "position_seconds": 2.12587261199951
}
VitHeadlessService: command reply (truncated): {
  "status": "ok",
  "message": "Seek executed",
  "position_seconds": 2.12587261199951
}
ZmqGateway: received command payload: {"cmd":"seek","time":2.12587261199951}
ZmqGateway: dispatching payload to JUCE message thread.
VitHeadlessService: processing queued command on JUCE message thread: {"cmd":"seek","time":2.12587261199951}
Command received: {"cmd":"seek","time":2.12587261199951}
CommandDispatcher::handleSeek: position set to 2.1259s
Command executed: seek, result: {
  "status": "ok",
  "message": "Seek executed",
  "position_seconds": 2.12587261199951
}
VitHeadlessService: command reply (truncated): {
  "status": "ok",
  "message": "Seek executed",
  "position_seconds": 2.12587261199951
}
ZmqGateway: received command payload: {"cmd":"seek","time":2.12587261199951}
ZmqGateway: dispatching payload to JUCE message thread.
VitHeadlessService: processing queued command on JUCE message thread: {"cmd":"seek","time":2.12587261199951}
Command received: {"cmd":"seek","time":2.12587261199951}
CommandDispatcher::handleSeek: position set to 2.1259s
Command executed: seek, result: {
  "status": "ok",
  "message": "Seek executed",
  "position_seconds": 2.12587261199951
}
VitHeadlessService: command reply (truncated): {
  "status": "ok",
  "message": "Seek executed",
  "position_seconds": 2.12587261199951
}
ZmqGateway: received command payload: {"cmd":"seek","time":2.12587261199951}
ZmqGateway: dispatching payload to JUCE message thread.
VitHeadlessService: processing queued command on JUCE message thread: {"cmd":"seek","time":2.12587261199951}
Command received: {"cmd":"seek","time":2.12587261199951}
CommandDispatcher::handleSeek: position set to 2.1259s
Command executed: seek, result: {
  "status": "ok",
  "message": "Seek executed",
  "position_seconds": 2.12587261199951
}
VitHeadlessService: command reply (truncated): {
  "status": "ok",
  "message": "Seek executed",
  "position_seconds": 2.12587261199951
}
ZmqGateway: received command payload: {"cmd":"seek","time":2.12587261199951}
ZmqGateway: dispatching payload to JUCE message thread.
VitHeadlessService: processing queued command on JUCE message thread: {"cmd":"seek","time":2.12587261199951}
Command received: {"cmd":"seek","time":2.12587261199951}
CommandDispatcher::handleSeek: position set to 2.1259s
Command executed: seek, result: {
  "status": "ok",
  "message": "Seek executed",
  "position_seconds": 2.12587261199951
}
VitHeadlessService: command reply (truncated): {
  "status": "ok",
  "message": "Seek executed",
  "position_seconds": 2.12587261199951
}
ZmqGateway: received command payload: {"cmd":"seek","time":2.12587261199951}
ZmqGateway: dispatching payload to JUCE message thread.
VitHeadlessService: processing queued command on JUCE message thread: {"cmd":"seek","time":2.12587261199951}
Command received: {"cmd":"seek","time":2.12587261199951}
CommandDispatcher::handleSeek: position set to 2.1259s
Command executed: seek, result: {
  "status": "ok",
  "message": "Seek executed",
  "position_seconds": 2.12587261199951
}
VitHeadlessService: command reply (truncated): {
  "status": "ok",
  "message": "Seek executed",
  "position_seconds": 2.12587261199951
}
ZmqGateway: received command payload: {"cmd":"seek","time":2.12587261199951}
ZmqGateway: dispatching payload to JUCE message thread.
VitHeadlessService: processing queued command on JUCE message thread: {"cmd":"seek","time":2.12587261199951}
Command received: {"cmd":"seek","time":2.12587261199951}
CommandDispatcher::handleSeek: position set to 2.1259s
Command executed: seek, result: {
  "status": "ok",
  "message": "Seek executed",
  "position_seconds": 2.12587261199951
}
VitHeadlessService: command reply (truncated): {
  "status": "ok",
  "message": "Seek executed",
  "position_seconds": 2.12587261199951
}
ZmqGateway: received command payload: {"cmd":"seek","time":2.12587261199951}
ZmqGateway: dispatching payload to JUCE message thread.
VitHeadlessService: processing queued command on JUCE message thread: {"cmd":"seek","time":2.12587261199951}
Command received: {"cmd":"seek","time":2.12587261199951}
CommandDispatcher::handleSeek: position set to 2.1259s
Command executed: seek, result: {
  "status": "ok",
  "message": "Seek executed",
  "position_seconds": 2.12587261199951
}
VitHeadlessService: command reply (truncated): {
  "status": "ok",
  "message": "Seek executed",
  "position_seconds": 2.12587261199951
}
ZmqGateway: received command payload: {"cmd":"seek","time":2.12587261199951}
ZmqGateway: dispatching payload to JUCE message thread.
VitHeadlessService: processing queued command on JUCE message thread: {"cmd":"seek","time":2.12587261199951}
Command received: {"cmd":"seek","time":2.12587261199951}
CommandDispatcher::handleSeek: position set to 2.1259s
Command executed: seek, result: {
  "status": "ok",
  "message": "Seek executed",
  "position_seconds": 2.12587261199951
}
VitHeadlessService: command reply (truncated): {
  "status": "ok",
  "message": "Seek executed",
  "position_seconds": 2.12587261199951
}
ZmqGateway: received command payload: {"cmd":"seek","time":2.12587261199951}
ZmqGateway: dispatching payload to JUCE message thread.
VitHeadlessService: processing queued command on JUCE message thread: {"cmd":"seek","time":2.12587261199951}
Command received: {"cmd":"seek","time":2.12587261199951}
CommandDispatcher::handleSeek: position set to 2.1259s
Command executed: seek, result: {
  "status": "ok",
  "message": "Seek executed",
  "position_seconds": 2.12587261199951
}
VitHeadlessService: command reply (truncated): {
  "status": "ok",
  "message": "Seek executed",
  "position_seconds": 2.12587261199951
}
ZmqGateway: received command payload: {"cmd":"seek","time":2.12587261199951}
ZmqGateway: dispatching payload to JUCE message thread.
VitHeadlessService: processing queued command on JUCE message thread: {"cmd":"seek","time":2.12587261199951}
Command received: {"cmd":"seek","time":2.12587261199951}
CommandDispatcher::handleSeek: position set to 2.1259s
Command executed: seek, result: {
  "status": "ok",
  "message": "Seek executed",
  "position_seconds": 2.12587261199951
}
VitHeadlessService: command reply (truncated): {
  "status": "ok",
  "message": "Seek executed",
  "position_seconds": 2.12587261199951
}
ZmqGateway: received command payload: {"cmd":"seek","time":2.12587261199951}
ZmqGateway: dispatching payload to JUCE message thread.
VitHeadlessService: processing queued command on JUCE message thread: {"cmd":"seek","time":2.12587261199951}
Command received: {"cmd":"seek","time":2.12587261199951}
CommandDispatcher::handleSeek: position set to 2.1259s
Command executed: seek, result: {
  "status": "ok",
  "message": "Seek executed",
  "position_seconds": 2.12587261199951
}
VitHeadlessService: command reply (truncated): {
  "status": "ok",
  "message": "Seek executed",
  "position_seconds": 2.12587261199951
}
ZmqGateway: received command payload: {"cmd":"seek","time":2.12587261199951}
ZmqGateway: dispatching payload to JUCE message thread.
VitHeadlessService: processing queued command on JUCE message thread: {"cmd":"seek","time":2.12587261199951}
Command received: {"cmd":"seek","time":2.12587261199951}
CommandDispatcher::handleSeek: position set to 2.1259s
Command executed: seek, result: {
  "status": "ok",
  "message": "Seek executed",
  "position_seconds": 2.12587261199951
}
VitHeadlessService: command reply (truncated): {
  "status": "ok",
  "message": "Seek executed",
  "position_seconds": 2.12587261199951
}
ZmqGateway: received command payload: {"cmd":"seek","time":2.12587261199951}
ZmqGateway: dispatching payload to JUCE message thread.
VitHeadlessService: processing queued command on JUCE message thread: {"cmd":"seek","time":2.12587261199951}
Command received: {"cmd":"seek","time":2.12587261199951}
CommandDispatcher::handleSeek: position set to 2.1259s
Command executed: seek, result: {
  "status": "ok",
  "message": "Seek executed",
  "position_seconds": 2.12587261199951
}
VitHeadlessService: command reply (truncated): {
  "status": "ok",
  "message": "Seek executed",
  "position_seconds": 2.12587261199951
}
ZmqGateway: received command payload: {"cmd":"seek","time":2.12587261199951}
ZmqGateway: dispatching payload to JUCE message thread.
VitHeadlessService: processing queued command on JUCE message thread: {"cmd":"seek","time":2.12587261199951}
Command received: {"cmd":"seek","time":2.12587261199951}
CommandDispatcher::handleSeek: position set to 2.1259s
Command executed: seek, result: {
  "status": "ok",
  "message": "Seek executed",
  "position_seconds": 2.12587261199951
}
VitHeadlessService: command reply (truncated): {
  "status": "ok",
  "message": "Seek executed",
  "position_seconds": 2.12587261199951
}
ZmqGateway: received command payload: {"cmd":"seek","time":2.12587261199951}
ZmqGateway: dispatching payload to JUCE message thread.
VitHeadlessService: processing queued command on JUCE message thread: {"cmd":"seek","time":2.12587261199951}
Command received: {"cmd":"seek","time":2.12587261199951}
CommandDispatcher::handleSeek: position set to 2.1259s
Command executed: seek, result: {
  "status": "ok",
  "message": "Seek executed",
  "position_seconds": 2.12587261199951
}
VitHeadlessService: command reply (truncated): {
  "status": "ok",
  "message": "Seek executed",
  "position_seconds": 2.12587261199951
}
ZmqGateway: received command payload: {"cmd":"seek","time":2.12587261199951}
ZmqGateway: dispatching payload to JUCE message thread.
VitHeadlessService: processing queued command on JUCE message thread: {"cmd":"seek","time":2.12587261199951}
Command received: {"cmd":"seek","time":2.12587261199951}
CommandDispatcher::handleSeek: position set to 2.1259s
Command executed: seek, result: {
  "status": "ok",
  "message": "Seek executed",
  "position_seconds": 2.12587261199951
}
VitHeadlessService: command reply (truncated): {
  "status": "ok",
  "message": "Seek executed",
  "position_seconds": 2.12587261199951
}
ZmqGateway: received command payload: {"cmd":"seek","time":2.12587261199951}
ZmqGateway: dispatching payload to JUCE message thread.
VitHeadlessService: processing queued command on JUCE message thread: {"cmd":"seek","time":2.12587261199951}
Command received: {"cmd":"seek","time":2.12587261199951}
CommandDispatcher::handleSeek: position set to 2.1259s
Command executed: seek, result: {
  "status": "ok",
  "message": "Seek executed",
  "position_seconds": 2.12587261199951
}
VitHeadlessService: command reply (truncated): {
  "status": "ok",
  "message": "Seek executed",
  "position_seconds": 2.12587261199951
}
ZmqGateway: received command payload: {"cmd":"seek","time":2.12587261199951}
ZmqGateway: dispatching payload to JUCE message thread.
VitHeadlessService: processing queued command on JUCE message thread: {"cmd":"seek","time":2.12587261199951}
Command received: {"cmd":"seek","time":2.12587261199951}
CommandDispatcher::handleSeek: position set to 2.1259s
Command executed: seek, result: {
  "status": "ok",
  "message": "Seek executed",
  "position_seconds": 2.12587261199951
}
VitHeadlessService: command reply (truncated): {
  "status": "ok",
  "message": "Seek executed",
  "position_seconds": 2.12587261199951
}
ZmqGateway: received command payload: {"cmd":"seek","time":2.12587261199951}
ZmqGateway: dispatching payload to JUCE message thread.
VitHeadlessService: processing queued command on JUCE message thread: {"cmd":"seek","time":2.12587261199951}
Command received: {"cmd":"seek","time":2.12587261199951}
CommandDispatcher::handleSeek: position set to 2.1259s
Command executed: seek, result: {
  "status": "ok",
  "message": "Seek executed",
  "position_seconds": 2.12587261199951
}
VitHeadlessService: command reply (truncated): {
  "status": "ok",
  "message": "Seek executed",
  "position_seconds": 2.12587261199951
}
ZmqGateway: received command payload: {"cmd":"seek","time":2.12587261199951}
ZmqGateway: dispatching payload to JUCE message thread.
VitHeadlessService: processing queued command on JUCE message thread: {"cmd":"seek","time":2.12587261199951}
Command received: {"cmd":"seek","time":2.12587261199951}
CommandDispatcher::handleSeek: position set to 2.1259s
Command executed: seek, result: {
  "status": "ok",
  "message": "Seek executed",
  "position_seconds": 2.12587261199951
}
VitHeadlessService: command reply (truncated): {
  "status": "ok",
  "message": "Seek executed",
  "position_seconds": 2.12587261199951
}
ZmqGateway: received command payload: {"cmd":"seek","time":2.12587261199951}
ZmqGateway: dispatching payload to JUCE message thread.
VitHeadlessService: processing queued command on JUCE message thread: {"cmd":"seek","time":2.12587261199951}
Command received: {"cmd":"seek","time":2.12587261199951}
CommandDispatcher::handleSeek: position set to 2.1259s
Command executed: seek, result: {
  "status": "ok",
  "message": "Seek executed",
  "position_seconds": 2.12587261199951
}
VitHeadlessService: command reply (truncated): {
  "status": "ok",
  "message": "Seek executed",
  "position_seconds": 2.12587261199951
}
ZmqGateway: received command payload: {"cmd":"seek","time":2.12587261199951}
ZmqGateway: dispatching payload to JUCE message thread.
VitHeadlessService: processing queued command on JUCE message thread: {"cmd":"seek","time":2.12587261199951}
Command received: {"cmd":"seek","time":2.12587261199951}
CommandDispatcher::handleSeek: position set to 2.1259s
Command executed: seek, result: {
  "status": "ok",
  "message": "Seek executed",
  "position_seconds": 2.12587261199951
}
VitHeadlessService: command reply (truncated): {
  "status": "ok",
  "message": "Seek executed",
  "position_seconds": 2.12587261199951
}
ZmqGateway: received command payload: {"cmd":"seek","time":2.12587261199951}
ZmqGateway: dispatching payload to JUCE message thread.
VitHeadlessService: processing queued command on JUCE message thread: {"cmd":"seek","time":2.12587261199951}
Command received: {"cmd":"seek","time":2.12587261199951}
CommandDispatcher::handleSeek: position set to 2.1259s
Command executed: seek, result: {
  "status": "ok",
  "message": "Seek executed",
  "position_seconds": 2.12587261199951
}
VitHeadlessService: command reply (truncated): {
  "status": "ok",
  "message": "Seek executed",
  "position_seconds": 2.12587261199951
}
ZmqGateway: received command payload: {"cmd":"seek","time":2.12587261199951}
ZmqGateway: dispatching payload to JUCE message thread.
VitHeadlessService: processing queued command on JUCE message thread: {"cmd":"seek","time":2.12587261199951}
Command received: {"cmd":"seek","time":2.12587261199951}
CommandDispatcher::handleSeek: position set to 2.1259s
Command executed: seek, result: {
  "status": "ok",
  "message": "Seek executed",
  "position_seconds": 2.12587261199951
}
VitHeadlessService: command reply (truncated): {
  "status": "ok",
  "message": "Seek executed",
  "position_seconds": 2.12587261199951
}
ZmqGateway: received command payload: {"action":"play"}
ZmqGateway: dispatching payload to JUCE message thread.
VitHeadlessService: processing queued command on JUCE message thread: {"action":"play"}
Command received: {"action":"play"}
CommandDispatcher::handlePlay: before isPlaying=false isRecording=false playContextActive=true positionSeconds=2.126 editLengthSeconds=5.196
CommandDispatcher::handlePlay: after isPlaying=true isRecording=false playContextActive=true positionSeconds=2.126 editLengthSeconds=5.196
Command executed: play, result: {
  "status": "ok",
  "message": "Transport playing",
  "is_playing": true,
  "is_recording": false,
  "position_seconds": 2.12587261199951,
  "click_track_enabled": false
}
VitHeadlessService: command reply (truncated): {
  "status": "ok",
  "message": "Transport playing",
  "is_playing": true,
  "is_recording": false,
  "position_seconds": 2.12587261199951,
  "click_track_enabled": false
}
ZmqGateway: received command payload: {"action":"stop"}
ZmqGateway: dispatching payload to JUCE message thread.
VitHeadlessService: processing queued command on JUCE message thread: {"action":"stop"}
Command received: {"action":"stop"}
CommandDispatcher::handleStop: before isPlaying=true isRecording=false playContextActive=true positionSeconds=5.206 editLengthSeconds=5.196
CommandDispatcher::handleStop: after isPlaying=false isRecording=false playContextActive=true positionSeconds=5.206 editLengthSeconds=5.196
Command executed: stop, result: {
  "status": "ok",
  "message": "Transport stopped",
  "is_playing": false,
  "is_recording": false,
  "position_seconds": 5.205875,
  "click_track_enabled": false
}
VitHeadlessService: command reply (truncated): {
  "status": "ok",
  "message": "Transport stopped",
  "is_playing": false,
  "is_recording": false,
  "position_seconds": 5.205875,
  "click_track_enabled": false
}
ZmqGateway: received command payload: {"action":"import_media_to_track","cmd":"import_media_to_track","file_path":"D:/Vit_DAW/test_100hz_10s.wav","media_type":"audio","start_time":8.43356513977051,"track_id":"1007"}
ZmqGateway: dispatching payload to JUCE message thread.
VitHeadlessService: processing queued command on JUCE message thread: {"action":"import_media_to_track","cmd":"import_media_to_track","file_path":"D:/Vit_DAW/test_100hz_10s.wav","media_type":"audio","start_time":8.43356513977051,"track_id":"1007"}
Command received: {"action":"import_media_to_track","cmd":"import_media_to_track","file_path":"D:/Vit_DAW/test_100hz_10s.wav","media_type":"audio","start_time":8.43356513977051,"track_id":"1007"}
VitHeadlessService: project saved to D:\Vit_DAW\VitApp\Workspace\default_project.xml
CommandDispatcher::handleImportMediaToTrack: clipId="1015" clip="test_100hz_10s" trackId="1007" source="D:\Vit_DAW\test_100hz_10s.wav" lengthSec=10.000 isPlaying=false isRecording=false playContextActive=true positionSeconds=5.216 editLengthSeconds=18.434
Command executed: import_media_to_track, result: {
  "status": "success",
  "action": "import_media_to_track",
  "clip_id": "1015",
  "track_id": "1007",
  "start_time": 8.43356513977051,
  "resolved_start_time": 8.43356513977051,
  "length": 10.0,
  "applied_mode": "destructive",
  "clip_name": "test_100hz_10s",
  "file_path": "D:\\Vit_DAW\\test_100hz_10s.wav",
  "edit_length_seconds": 18.433565139770508,
  "baking_status": "baking_started"
}
VitHeadlessService: command reply (truncated): {
  "status": "success",
  "action": "import_media_to_track",
  "clip_id": "1015",
  "track_id": "1007",
  "start_time": 8.43356513977051,
  "resolved_start_time": 8.43356513977051,
  "length": 10.0,
  "applied_m
ZmqGateway: received command payload: {"cmd":"get_project_state"}
ZmqGateway: dispatching payload to JUCE message thread.
VitHeadlessService: processing queued command on JUCE message thread: {"cmd":"get_project_state"}
Command received: {"cmd":"get_project_state"}
Command executed: get_project_state, result: {
  "status": "ok",
  "project_path": "",
  "tracks": [
    {
      "track_id": "1002",
      "track_name": "Arranger",
      "track_type": "track",
      "is_audio_track": false,
      "is_audio": false,
      "plugins": [],
      "clips": []
    },
    {
      "track_id": "1003",
      "track_name": "Chord",
      "track_type": "track",
      "is_audio_track": false,
      "is_audio": false,
      "plugins": [],
      "clips": []
    },
    {
      "track_id": "1004",
      "track_name": "Marker",
      "track_type": "track",
      "is_audio_track": false,
      "is_audio": false,
      "plugins": [],
      "clips": []
    },
    {
      "track_id": "1005",
      "track_name": "Tempo",
      "track_type": "track",
      "is_audio_track": false,
      "is_audio": false,
      "plugins": [],
      "clips": []
    },
    {
      "track_id": "1006",
      "track_name": "Master",
      "track_type": "master",
      "is_audio_track": false,
      "is_audio": false,
      "plugins": [],
      "clips": []
    },
    {
      "track_id": "1007",
      "track_name": "Track 1",
      "track_type": "hybrid",
      "is_audio_track": true,
      "is_audio": true,
      "plugins": [
        {
          "id": "1008",
          "item_id": "1008",
          "plugin_item_id": "1008",
          "name": "Volume & Pan Plugin",
          "type": "volume",
          "enabled": true
        },
        {
          "id": "1009",
          "item_id": "1009",
          "plugin_item_id": "1009",
          "name": "Level Meter",
          "type": "level",
          "enabled": true
        }
      ],
      "clips": [
        {
          "id": "1013",
          "name": "test_target_3s",
          "clip_type": "wave",
          "start_seconds": 2.19580268859863,
          "end_seconds": 5.19580268859863,
          "length_seconds": 3.0,
          "offset_in_source_seconds": 0.0,
          "file_path": "D:\\Vit_DAW\\test_target_3s.wav",
          "current_source_path": "D:\\Vit_DAW\\test_target_3s.wav",
          "playback_source_valid": true
        },
        {
          "id": "1015",
          "name": "test_100hz_10s",
          "clip_type": "wave",
          "start_seconds": 8.43356513977051,
          "end_seconds": 18.433565139770508,
          "length_seconds": 9.999999999999998,
          "offset_in_source_seconds": 0.0,
          "file_path": "D:\\Vit_DAW\\test_100hz_10s.wav",
          "current_source_path": "D:\\Vit_DAW\\test_100hz_10s.wav",
          "playback_source_valid": true
        }
      ],
      "output_to_device_resolved": true,
      "output_device_enabled": true,
      "output_device_id": "out_b7a4b4c1",
      "output_routing_name": "(default audio output)"
    }
  ]
}
VitHeadlessService: command reply (truncated): {
  "status": "ok",
  "project_path": "",
  "tracks": [
    {
      "track_id": "1002",
      "track_name": "Arranger",
      "track_type": "track",
      "is_audio_track": false,
      "is_audio": false,
     
ZmqGateway: received command payload: {"cmd":"list_tracks"}
ZmqGateway: dispatching payload to JUCE message thread.
VitHeadlessService: processing queued command on JUCE message thread: {"cmd":"list_tracks"}
Command received: {"cmd":"list_tracks"}
Command executed: list_tracks, result: {
  "status": "ok",
  "message": "Track list fetched",
  "tracks": [
    {
      "track_id": "1002",
      "name": "Arranger",
      "track_type": "track",
      "is_audio": false,
      "is_audio_track": false,
      "vit_type": "",
      "vit_intent": "",
      "plugin_count": 0,
      "plugins": []
    },
    {
      "track_id": "1003",
      "name": "Chord",
      "track_type": "track",
      "is_audio": false,
      "is_audio_track": false,
      "vit_type": "",
      "vit_intent": "",
      "plugin_count": 0,
      "plugins": []
    },
    {
      "track_id": "1004",
      "name": "Marker",
      "track_type": "track",
      "is_audio": false,
      "is_audio_track": false,
      "vit_type": "",
      "vit_intent": "",
      "plugin_count": 0,
      "plugins": []
    },
    {
      "track_id": "1005",
      "name": "Tempo",
      "track_type": "track",
      "is_audio": false,
      "is_audio_track": false,
      "vit_type": "",
      "vit_intent": "",
      "plugin_count": 0,
      "plugins": []
    },
    {
      "track_id": "1006",
      "name": "Master",
      "track_type": "master",
      "is_audio": false,
      "is_audio_track": false,
      "vit_type": "",
      "vit_intent": "",
      "plugin_count": 0,
      "plugins": []
    },
    {
      "track_id": "1007",
      "name": "Track 1",
      "track_type": "hybrid",
      "is_audio": true,
      "is_audio_track": true,
      "vit_type": "",
      "vit_intent": "",
      "plugin_count": 2,
      "plugins": [
        {
          "id": "1008",
          "plugin_item_id": "1008",
          "name": "Volume & Pan Plugin",
          "type": "volume",
          "enabled": true
        },
        {
          "id": "1009",
          "plugin_item_id": "1009",
          "name": "Level Meter",
          "type": "level",
          "enabled": true
        }
      ]
    }
  ]
}
VitHeadlessService: command reply (truncated): {
  "status": "ok",
  "message": "Track list fetched",
  "tracks": [
    {
      "track_id": "1002",
      "name": "Arranger",
      "track_type": "track",
      "is_audio": false,
      "is_audio_track": false,
ZmqGateway: received command payload: {"cmd":"seek","time":8.4615364074707}
ZmqGateway: dispatching payload to JUCE message thread.
VitHeadlessService: processing queued command on JUCE message thread: {"cmd":"seek","time":8.4615364074707}
Command received: {"cmd":"seek","time":8.4615364074707}
CommandDispatcher::handleSeek: position set to 8.4615s
Command executed: seek, result: {
  "status": "ok",
  "message": "Seek executed",
  "position_seconds": 8.4615364074707
}
VitHeadlessService: command reply (truncated): {
  "status": "ok",
  "message": "Seek executed",
  "position_seconds": 8.4615364074707
}
ZmqGateway: received command payload: {"cmd":"seek","time":8.4615364074707}
ZmqGateway: dispatching payload to JUCE message thread.
VitHeadlessService: processing queued command on JUCE message thread: {"cmd":"seek","time":8.4615364074707}
Command received: {"cmd":"seek","time":8.4615364074707}
CommandDispatcher::handleSeek: position set to 8.4615s
Command executed: seek, result: {
  "status": "ok",
  "message": "Seek executed",
  "position_seconds": 8.4615364074707
}
VitHeadlessService: command reply (truncated): {
  "status": "ok",
  "message": "Seek executed",
  "position_seconds": 8.4615364074707
}
ZmqGateway: received command payload: {"cmd":"seek","time":8.4615364074707}
ZmqGateway: dispatching payload to JUCE message thread.
VitHeadlessService: processing queued command on JUCE message thread: {"cmd":"seek","time":8.4615364074707}
Command received: {"cmd":"seek","time":8.4615364074707}
CommandDispatcher::handleSeek: position set to 8.4615s
Command executed: seek, result: {
  "status": "ok",
  "message": "Seek executed",
  "position_seconds": 8.4615364074707
}
VitHeadlessService: command reply (truncated): {
  "status": "ok",
  "message": "Seek executed",
  "position_seconds": 8.4615364074707
}
ZmqGateway: received command payload: {"cmd":"seek","time":8.4615364074707}
ZmqGateway: dispatching payload to JUCE message thread.
VitHeadlessService: processing queued command on JUCE message thread: {"cmd":"seek","time":8.4615364074707}
Command received: {"cmd":"seek","time":8.4615364074707}
CommandDispatcher::handleSeek: position set to 8.4615s
Command executed: seek, result: {
  "status": "ok",
  "message": "Seek executed",
  "position_seconds": 8.4615364074707
}
VitHeadlessService: command reply (truncated): {
  "status": "ok",
  "message": "Seek executed",
  "position_seconds": 8.4615364074707
}
ZmqGateway: received command payload: {"cmd":"seek","time":8.4615364074707}
ZmqGateway: dispatching payload to JUCE message thread.
VitHeadlessService: processing queued command on JUCE message thread: {"cmd":"seek","time":8.4615364074707}
Command received: {"cmd":"seek","time":8.4615364074707}
CommandDispatcher::handleSeek: position set to 8.4615s
Command executed: seek, result: {
  "status": "ok",
  "message": "Seek executed",
  "position_seconds": 8.4615364074707
}
VitHeadlessService: command reply (truncated): {
  "status": "ok",
  "message": "Seek executed",
  "position_seconds": 8.4615364074707
}
ZmqGateway: received command payload: {"cmd":"seek","time":8.4615364074707}
ZmqGateway: dispatching payload to JUCE message thread.
VitHeadlessService: processing queued command on JUCE message thread: {"cmd":"seek","time":8.4615364074707}
Command received: {"cmd":"seek","time":8.4615364074707}
CommandDispatcher::handleSeek: position set to 8.4615s
Command executed: seek, result: {
  "status": "ok",
  "message": "Seek executed",
  "position_seconds": 8.4615364074707
}
VitHeadlessService: command reply (truncated): {
  "status": "ok",
  "message": "Seek executed",
  "position_seconds": 8.4615364074707
}
ZmqGateway: received command payload: {"cmd":"seek","time":8.4615364074707}
ZmqGateway: dispatching payload to JUCE message thread.
VitHeadlessService: processing queued command on JUCE message thread: {"cmd":"seek","time":8.4615364074707}
Command received: {"cmd":"seek","time":8.4615364074707}
CommandDispatcher::handleSeek: position set to 8.4615s
Command executed: seek, result: {
  "status": "ok",
  "message": "Seek executed",
  "position_seconds": 8.4615364074707
}
VitHeadlessService: command reply (truncated): {
  "status": "ok",
  "message": "Seek executed",
  "position_seconds": 8.4615364074707
}
ZmqGateway: received command payload: {"cmd":"seek","time":8.4615364074707}
ZmqGateway: dispatching payload to JUCE message thread.
VitHeadlessService: processing queued command on JUCE message thread: {"cmd":"seek","time":8.4615364074707}
Command received: {"cmd":"seek","time":8.4615364074707}
CommandDispatcher::handleSeek: position set to 8.4615s
Command executed: seek, result: {
  "status": "ok",
  "message": "Seek executed",
  "position_seconds": 8.4615364074707
}
VitHeadlessService: command reply (truncated): {
  "status": "ok",
  "message": "Seek executed",
  "position_seconds": 8.4615364074707
}
ZmqGateway: received command payload: {"cmd":"seek","time":8.4615364074707}
ZmqGateway: dispatching payload to JUCE message thread.
VitHeadlessService: processing queued command on JUCE message thread: {"cmd":"seek","time":8.4615364074707}
Command received: {"cmd":"seek","time":8.4615364074707}
CommandDispatcher::handleSeek: position set to 8.4615s
Command executed: seek, result: {
  "status": "ok",
  "message": "Seek executed",
  "position_seconds": 8.4615364074707
}
VitHeadlessService: command reply (truncated): {
  "status": "ok",
  "message": "Seek executed",
  "position_seconds": 8.4615364074707
}
ZmqGateway: received command payload: {"cmd":"seek","time":8.4615364074707}
ZmqGateway: dispatching payload to JUCE message thread.
VitHeadlessService: processing queued command on JUCE message thread: {"cmd":"seek","time":8.4615364074707}
Command received: {"cmd":"seek","time":8.4615364074707}
CommandDispatcher::handleSeek: position set to 8.4615s
Command executed: seek, result: {
  "status": "ok",
  "message": "Seek executed",
  "position_seconds": 8.4615364074707
}
VitHeadlessService: command reply (truncated): {
  "status": "ok",
  "message": "Seek executed",
  "position_seconds": 8.4615364074707
}
ZmqGateway: received command payload: {"cmd":"seek","time":8.4615364074707}
ZmqGateway: dispatching payload to JUCE message thread.
VitHeadlessService: processing queued command on JUCE message thread: {"cmd":"seek","time":8.4615364074707}
Command received: {"cmd":"seek","time":8.4615364074707}
CommandDispatcher::handleSeek: position set to 8.4615s
Command executed: seek, result: {
  "status": "ok",
  "message": "Seek executed",
  "position_seconds": 8.4615364074707
}
VitHeadlessService: command reply (truncated): {
  "status": "ok",
  "message": "Seek executed",
  "position_seconds": 8.4615364074707
}
ZmqGateway: received command payload: {"cmd":"seek","time":8.4615364074707}
ZmqGateway: dispatching payload to JUCE message thread.
VitHeadlessService: processing queued command on JUCE message thread: {"cmd":"seek","time":8.4615364074707}
Command received: {"cmd":"seek","time":8.4615364074707}
CommandDispatcher::handleSeek: position set to 8.4615s
Command executed: seek, result: {
  "status": "ok",
  "message": "Seek executed",
  "position_seconds": 8.4615364074707
}
VitHeadlessService: command reply (truncated): {
  "status": "ok",
  "message": "Seek executed",
  "position_seconds": 8.4615364074707
}
ZmqGateway: received command payload: {"cmd":"seek","time":8.4615364074707}
ZmqGateway: dispatching payload to JUCE message thread.
VitHeadlessService: processing queued command on JUCE message thread: {"cmd":"seek","time":8.4615364074707}
Command received: {"cmd":"seek","time":8.4615364074707}
CommandDispatcher::handleSeek: position set to 8.4615s
Command executed: seek, result: {
  "status": "ok",
  "message": "Seek executed",
  "position_seconds": 8.4615364074707
}
VitHeadlessService: command reply (truncated): {
  "status": "ok",
  "message": "Seek executed",
  "position_seconds": 8.4615364074707
}
ZmqGateway: received command payload: {"cmd":"seek","time":8.4615364074707}
ZmqGateway: dispatching payload to JUCE message thread.
VitHeadlessService: processing queued command on JUCE message thread: {"cmd":"seek","time":8.4615364074707}
Command received: {"cmd":"seek","time":8.4615364074707}
CommandDispatcher::handleSeek: position set to 8.4615s
Command executed: seek, result: {
  "status": "ok",
  "message": "Seek executed",
  "position_seconds": 8.4615364074707
}
VitHeadlessService: command reply (truncated): {
  "status": "ok",
  "message": "Seek executed",
  "position_seconds": 8.4615364074707
}
ZmqGateway: received command payload: {"action":"play"}
ZmqGateway: dispatching payload to JUCE message thread.
VitHeadlessService: processing queued command on JUCE message thread: {"action":"play"}
Command received: {"action":"play"}
CommandDispatcher::handlePlay: before isPlaying=false isRecording=false playContextActive=true positionSeconds=8.462 editLengthSeconds=18.434
CommandDispatcher::handlePlay: after isPlaying=true isRecording=false playContextActive=true positionSeconds=8.462 editLengthSeconds=18.434
Command executed: play, result: {
  "status": "ok",
  "message": "Transport playing",
  "is_playing": true,
  "is_recording": false,
  "position_seconds": 8.461541666666667,
  "click_track_enabled": false
}
VitHeadlessService: command reply (truncated): {
  "status": "ok",
  "message": "Transport playing",
  "is_playing": true,
  "is_recording": false,
  "position_seconds": 8.461541666666667,
  "click_track_enabled": false
}
ZmqGateway: received command payload: {"action":"stop"}
ZmqGateway: dispatching payload to JUCE message thread.
VitHeadlessService: processing queued command on JUCE message thread: {"action":"stop"}
Command received: {"action":"stop"}
CommandDispatcher::handleStop: before isPlaying=true isRecording=false playContextActive=true positionSeconds=9.142 editLengthSeconds=18.434
CommandDispatcher::handleStop: after isPlaying=false isRecording=false playContextActive=true positionSeconds=9.142 editLengthSeconds=18.434
Command executed: stop, result: {
  "status": "ok",
  "message": "Transport stopped",
  "is_playing": false,
  "is_recording": false,
  "position_seconds": 9.141541666666667,
  "click_track_enabled": false
}
VitHeadlessService: command reply (truncated): {
  "status": "ok",
  "message": "Transport stopped",
  "is_playing": false,
  "is_recording": false,
  "position_seconds": 9.141541666666667,
  "click_track_enabled": false
}
ZmqGateway: received command payload: {"cmd":"seek","time":7.98601245880127}
ZmqGateway: dispatching payload to JUCE message thread.
VitHeadlessService: processing queued command on JUCE message thread: {"cmd":"seek","time":7.98601245880127}
Command received: {"cmd":"seek","time":7.98601245880127}
CommandDispatcher::handleSeek: position set to 7.9860s
Command executed: seek, result: {
  "status": "ok",
  "message": "Seek executed",
  "position_seconds": 7.98601245880127
}
VitHeadlessService: command reply (truncated): {
  "status": "ok",
  "message": "Seek executed",
  "position_seconds": 7.98601245880127
}
ZmqGateway: received command payload: {"cmd":"seek","time":7.98601245880127}
ZmqGateway: dispatching payload to JUCE message thread.
VitHeadlessService: processing queued command on JUCE message thread: {"cmd":"seek","time":7.98601245880127}
Command received: {"cmd":"seek","time":7.98601245880127}
CommandDispatcher::handleSeek: position set to 7.9860s
Command executed: seek, result: {
  "status": "ok",
  "message": "Seek executed",
  "position_seconds": 7.98601245880127
}
VitHeadlessService: command reply (truncated): {
  "status": "ok",
  "message": "Seek executed",
  "position_seconds": 7.98601245880127
}
ZmqGateway: received command payload: {"cmd":"seek","time":7.98601245880127}
ZmqGateway: dispatching payload to JUCE message thread.
VitHeadlessService: processing queued command on JUCE message thread: {"cmd":"seek","time":7.98601245880127}
Command received: {"cmd":"seek","time":7.98601245880127}
CommandDispatcher::handleSeek: position set to 7.9860s
Command executed: seek, result: {
  "status": "ok",
  "message": "Seek executed",
  "position_seconds": 7.98601245880127
}
VitHeadlessService: command reply (truncated): {
  "status": "ok",
  "message": "Seek executed",
  "position_seconds": 7.98601245880127
}
ZmqGateway: received command payload: {"cmd":"seek","time":7.98601245880127}
ZmqGateway: dispatching payload to JUCE message thread.
VitHeadlessService: processing queued command on JUCE message thread: {"cmd":"seek","time":7.98601245880127}
Command received: {"cmd":"seek","time":7.98601245880127}
CommandDispatcher::handleSeek: position set to 7.9860s
Command executed: seek, result: {
  "status": "ok",
  "message": "Seek executed",
  "position_seconds": 7.98601245880127
}
VitHeadlessService: command reply (truncated): {
  "status": "ok",
  "message": "Seek executed",
  "position_seconds": 7.98601245880127
}
ZmqGateway: received command payload: {"cmd":"seek","time":7.98601245880127}
ZmqGateway: dispatching payload to JUCE message thread.
VitHeadlessService: processing queued command on JUCE message thread: {"cmd":"seek","time":7.98601245880127}
Command received: {"cmd":"seek","time":7.98601245880127}
CommandDispatcher::handleSeek: position set to 7.9860s
Command executed: seek, result: {
  "status": "ok",
  "message": "Seek executed",
  "position_seconds": 7.98601245880127
}
VitHeadlessService: command reply (truncated): {
  "status": "ok",
  "message": "Seek executed",
  "position_seconds": 7.98601245880127
}
ZmqGateway: received command payload: {"cmd":"seek","time":7.98601245880127}
ZmqGateway: dispatching payload to JUCE message thread.
VitHeadlessService: processing queued command on JUCE message thread: {"cmd":"seek","time":7.98601245880127}
Command received: {"cmd":"seek","time":7.98601245880127}
CommandDispatcher::handleSeek: position set to 7.9860s
Command executed: seek, result: {
  "status": "ok",
  "message": "Seek executed",
  "position_seconds": 7.98601245880127
}
VitHeadlessService: command reply (truncated): {
  "status": "ok",
  "message": "Seek executed",
  "position_seconds": 7.98601245880127
}
ZmqGateway: received command payload: {"cmd":"seek","time":7.98601245880127}
ZmqGateway: dispatching payload to JUCE message thread.
VitHeadlessService: processing queued command on JUCE message thread: {"cmd":"seek","time":7.98601245880127}
Command received: {"cmd":"seek","time":7.98601245880127}
CommandDispatcher::handleSeek: position set to 7.9860s
Command executed: seek, result: {
  "status": "ok",
  "message": "Seek executed",
  "position_seconds": 7.98601245880127
}
VitHeadlessService: command reply (truncated): {
  "status": "ok",
  "message": "Seek executed",
  "position_seconds": 7.98601245880127
}
ZmqGateway: received command payload: {"cmd":"seek","time":7.98601245880127}
ZmqGateway: dispatching payload to JUCE message thread.
VitHeadlessService: processing queued command on JUCE message thread: {"cmd":"seek","time":7.98601245880127}
Command received: {"cmd":"seek","time":7.98601245880127}
CommandDispatcher::handleSeek: position set to 7.9860s
Command executed: seek, result: {
  "status": "ok",
  "message": "Seek executed",
  "position_seconds": 7.98601245880127
}
VitHeadlessService: command reply (truncated): {
  "status": "ok",
  "message": "Seek executed",
  "position_seconds": 7.98601245880127
}
ZmqGateway: received command payload: {"cmd":"seek","time":7.98601245880127}
ZmqGateway: dispatching payload to JUCE message thread.
VitHeadlessService: processing queued command on JUCE message thread: {"cmd":"seek","time":7.98601245880127}
Command received: {"cmd":"seek","time":7.98601245880127}
CommandDispatcher::handleSeek: position set to 7.9860s
Command executed: seek, result: {
  "status": "ok",
  "message": "Seek executed",
  "position_seconds": 7.98601245880127
}
VitHeadlessService: command reply (truncated): {
  "status": "ok",
  "message": "Seek executed",
  "position_seconds": 7.98601245880127
}
ZmqGateway: received command payload: {"cmd":"seek","time":7.98601245880127}
ZmqGateway: dispatching payload to JUCE message thread.
VitHeadlessService: processing queued command on JUCE message thread: {"cmd":"seek","time":7.98601245880127}
Command received: {"cmd":"seek","time":7.98601245880127}
CommandDispatcher::handleSeek: position set to 7.9860s
Command executed: seek, result: {
  "status": "ok",
  "message": "Seek executed",
  "position_seconds": 7.98601245880127
}
VitHeadlessService: command reply (truncated): {
  "status": "ok",
  "message": "Seek executed",
  "position_seconds": 7.98601245880127
}
ZmqGateway: received command payload: {"cmd":"seek","time":7.98601245880127}
ZmqGateway: dispatching payload to JUCE message thread.
VitHeadlessService: processing queued command on JUCE message thread: {"cmd":"seek","time":7.98601245880127}
Command received: {"cmd":"seek","time":7.98601245880127}
CommandDispatcher::handleSeek: position set to 7.9860s
Command executed: seek, result: {
  "status": "ok",
  "message": "Seek executed",
  "position_seconds": 7.98601245880127
}
VitHeadlessService: command reply (truncated): {
  "status": "ok",
  "message": "Seek executed",
  "position_seconds": 7.98601245880127
}
ZmqGateway: received command payload: {"cmd":"seek","time":7.98601245880127}
ZmqGateway: dispatching payload to JUCE message thread.
VitHeadlessService: processing queued command on JUCE message thread: {"cmd":"seek","time":7.98601245880127}
Command received: {"cmd":"seek","time":7.98601245880127}
CommandDispatcher::handleSeek: position set to 7.9860s
Command executed: seek, result: {
  "status": "ok",
  "message": "Seek executed",
  "position_seconds": 7.98601245880127
}
VitHeadlessService: command reply (truncated): {
  "status": "ok",
  "message": "Seek executed",
  "position_seconds": 7.98601245880127
}
ZmqGateway: received command payload: {"cmd":"seek","time":9.69230651855469}
ZmqGateway: dispatching payload to JUCE message thread.
VitHeadlessService: processing queued command on JUCE message thread: {"cmd":"seek","time":9.69230651855469}
Command received: {"cmd":"seek","time":9.69230651855469}
CommandDispatcher::handleSeek: position set to 9.6923s
Command executed: seek, result: {
  "status": "ok",
  "message": "Seek executed",
  "position_seconds": 9.692306518554689
}
VitHeadlessService: command reply (truncated): {
  "status": "ok",
  "message": "Seek executed",
  "position_seconds": 9.692306518554689
}
ZmqGateway: received command payload: {"cmd":"seek","time":9.69230651855469}
ZmqGateway: dispatching payload to JUCE message thread.
VitHeadlessService: processing queued command on JUCE message thread: {"cmd":"seek","time":9.69230651855469}
Command received: {"cmd":"seek","time":9.69230651855469}
CommandDispatcher::handleSeek: position set to 9.6923s
Command executed: seek, result: {
  "status": "ok",
  "message": "Seek executed",
  "position_seconds": 9.692306518554689
}
VitHeadlessService: command reply (truncated): {
  "status": "ok",
  "message": "Seek executed",
  "position_seconds": 9.692306518554689
}
ZmqGateway: received command payload: {"cmd":"seek","time":9.69230651855469}
ZmqGateway: dispatching payload to JUCE message thread.
VitHeadlessService: processing queued command on JUCE message thread: {"cmd":"seek","time":9.69230651855469}
Command received: {"cmd":"seek","time":9.69230651855469}
CommandDispatcher::handleSeek: position set to 9.6923s
Command executed: seek, result: {
  "status": "ok",
  "message": "Seek executed",
  "position_seconds": 9.692306518554689
}
VitHeadlessService: command reply (truncated): {
  "status": "ok",
  "message": "Seek executed",
  "position_seconds": 9.692306518554689
}
ZmqGateway: received command payload: {"cmd":"seek","time":9.69230651855469}
ZmqGateway: dispatching payload to JUCE message thread.
VitHeadlessService: processing queued command on JUCE message thread: {"cmd":"seek","time":9.69230651855469}
Command received: {"cmd":"seek","time":9.69230651855469}
CommandDispatcher::handleSeek: position set to 9.6923s
Command executed: seek, result: {
  "status": "ok",
  "message": "Seek executed",
  "position_seconds": 9.692306518554689
}
VitHeadlessService: command reply (truncated): {
  "status": "ok",
  "message": "Seek executed",
  "position_seconds": 9.692306518554689
}
ZmqGateway: received command payload: {"cmd":"seek","time":9.69230651855469}
ZmqGateway: dispatching payload to JUCE message thread.
VitHeadlessService: processing queued command on JUCE message thread: {"cmd":"seek","time":9.69230651855469}
Command received: {"cmd":"seek","time":9.69230651855469}
CommandDispatcher::handleSeek: position set to 9.6923s
Command executed: seek, result: {
  "status": "ok",
  "message": "Seek executed",
  "position_seconds": 9.692306518554689
}
VitHeadlessService: command reply (truncated): {
  "status": "ok",
  "message": "Seek executed",
  "position_seconds": 9.692306518554689
}
ZmqGateway: received command payload: {"cmd":"seek","time":9.69230651855469}
ZmqGateway: dispatching payload to JUCE message thread.
VitHeadlessService: processing queued command on JUCE message thread: {"cmd":"seek","time":9.69230651855469}
Command received: {"cmd":"seek","time":9.69230651855469}
CommandDispatcher::handleSeek: position set to 9.6923s
Command executed: seek, result: {
  "status": "ok",
  "message": "Seek executed",
  "position_seconds": 9.692306518554689
}
VitHeadlessService: command reply (truncated): {
  "status": "ok",
  "message": "Seek executed",
  "position_seconds": 9.692306518554689
}
ZmqGateway: received command payload: {"cmd":"seek","time":9.69230651855469}
ZmqGateway: dispatching payload to JUCE message thread.
VitHeadlessService: processing queued command on JUCE message thread: {"cmd":"seek","time":9.69230651855469}
Command received: {"cmd":"seek","time":9.69230651855469}
CommandDispatcher::handleSeek: position set to 9.6923s
Command executed: seek, result: {
  "status": "ok",
  "message": "Seek executed",
  "position_seconds": 9.692306518554689
}
VitHeadlessService: command reply (truncated): {
  "status": "ok",
  "message": "Seek executed",
  "position_seconds": 9.692306518554689
}
ZmqGateway: received command payload: {"cmd":"seek","time":9.69230651855469}
ZmqGateway: dispatching payload to JUCE message thread.
VitHeadlessService: processing queued command on JUCE message thread: {"cmd":"seek","time":9.69230651855469}
Command received: {"cmd":"seek","time":9.69230651855469}
CommandDispatcher::handleSeek: position set to 9.6923s
Command executed: seek, result: {
  "status": "ok",
  "message": "Seek executed",
  "position_seconds": 9.692306518554689
}
VitHeadlessService: command reply (truncated): {
  "status": "ok",
  "message": "Seek executed",
  "position_seconds": 9.692306518554689
}
ZmqGateway: received command payload: {"cmd":"seek","time":9.69230651855469}
ZmqGateway: dispatching payload to JUCE message thread.
VitHeadlessService: processing queued command on JUCE message thread: {"cmd":"seek","time":9.69230651855469}
Command received: {"cmd":"seek","time":9.69230651855469}
CommandDispatcher::handleSeek: position set to 9.6923s
Command executed: seek, result: {
  "status": "ok",
  "message": "Seek executed",
  "position_seconds": 9.692306518554689
}
VitHeadlessService: command reply (truncated): {
  "status": "ok",
  "message": "Seek executed",
  "position_seconds": 9.692306518554689
}
ZmqGateway: received command payload: {"cmd":"seek","time":9.69230651855469}
ZmqGateway: dispatching payload to JUCE message thread.
VitHeadlessService: processing queued command on JUCE message thread: {"cmd":"seek","time":9.69230651855469}
Command received: {"cmd":"seek","time":9.69230651855469}
CommandDispatcher::handleSeek: position set to 9.6923s
Command executed: seek, result: {
  "status": "ok",
  "message": "Seek executed",
  "position_seconds": 9.692306518554689
}
VitHeadlessService: command reply (truncated): {
  "status": "ok",
  "message": "Seek executed",
  "position_seconds": 9.692306518554689
}
ZmqGateway: received command payload: {"cmd":"seek","time":9.69230651855469}
ZmqGateway: dispatching payload to JUCE message thread.
VitHeadlessService: processing queued command on JUCE message thread: {"cmd":"seek","time":9.69230651855469}
Command received: {"cmd":"seek","time":9.69230651855469}
CommandDispatcher::handleSeek: position set to 9.6923s
Command executed: seek, result: {
  "status": "ok",
  "message": "Seek executed",
  "position_seconds": 9.692306518554689
}
VitHeadlessService: command reply (truncated): {
  "status": "ok",
  "message": "Seek executed",
  "position_seconds": 9.692306518554689
}
ZmqGateway: received command payload: {"cmd":"seek","time":9.69230651855469}
ZmqGateway: dispatching payload to JUCE message thread.
VitHeadlessService: processing queued command on JUCE message thread: {"cmd":"seek","time":9.69230651855469}
Command received: {"cmd":"seek","time":9.69230651855469}
CommandDispatcher::handleSeek: position set to 9.6923s
Command executed: seek, result: {
  "status": "ok",
  "message": "Seek executed",
  "position_seconds": 9.692306518554689
}
VitHeadlessService: command reply (truncated): {
  "status": "ok",
  "message": "Seek executed",
  "position_seconds": 9.692306518554689
}
ZmqGateway: received command payload: {"cmd":"seek","time":9.69230651855469}
ZmqGateway: dispatching payload to JUCE message thread.
VitHeadlessService: processing queued command on JUCE message thread: {"cmd":"seek","time":9.69230651855469}
Command received: {"cmd":"seek","time":9.69230651855469}
CommandDispatcher::handleSeek: position set to 9.6923s
Command executed: seek, result: {
  "status": "ok",
  "message": "Seek executed",
  "position_seconds": 9.692306518554689
}
VitHeadlessService: command reply (truncated): {
  "status": "ok",
  "message": "Seek executed",
  "position_seconds": 9.692306518554689
}
ZmqGateway: received command payload: {"cmd":"seek","time":9.69230651855469}
ZmqGateway: dispatching payload to JUCE message thread.
VitHeadlessService: processing queued command on JUCE message thread: {"cmd":"seek","time":9.69230651855469}
Command received: {"cmd":"seek","time":9.69230651855469}
CommandDispatcher::handleSeek: position set to 9.6923s
Command executed: seek, result: {
  "status": "ok",
  "message": "Seek executed",
  "position_seconds": 9.692306518554689
}
VitHeadlessService: command reply (truncated): {
  "status": "ok",
  "message": "Seek executed",
  "position_seconds": 9.692306518554689
}
ZmqGateway: received command payload: {"cmd":"seek","time":9.69230651855469}
ZmqGateway: dispatching payload to JUCE message thread.
VitHeadlessService: processing queued command on JUCE message thread: {"cmd":"seek","time":9.69230651855469}
Command received: {"cmd":"seek","time":9.69230651855469}
CommandDispatcher::handleSeek: position set to 9.6923s
Command executed: seek, result: {
  "status": "ok",
  "message": "Seek executed",
  "position_seconds": 9.692306518554689
}
VitHeadlessService: command reply (truncated): {
  "status": "ok",
  "message": "Seek executed",
  "position_seconds": 9.692306518554689
}
ZmqGateway: received command payload: {"cmd":"seek","time":9.69230651855469}
ZmqGateway: dispatching payload to JUCE message thread.
VitHeadlessService: processing queued command on JUCE message thread: {"cmd":"seek","time":9.69230651855469}
Command received: {"cmd":"seek","time":9.69230651855469}
CommandDispatcher::handleSeek: position set to 9.6923s
Command executed: seek, result: {
  "status": "ok",
  "message": "Seek executed",
  "position_seconds": 9.692306518554689
}
VitHeadlessService: command reply (truncated): {
  "status": "ok",
  "message": "Seek executed",
  "position_seconds": 9.692306518554689
}
ZmqGateway: received command payload: {"cmd":"seek","time":9.69230651855469}
ZmqGateway: dispatching payload to JUCE message thread.
VitHeadlessService: processing queued command on JUCE message thread: {"cmd":"seek","time":9.69230651855469}
Command received: {"cmd":"seek","time":9.69230651855469}
CommandDispatcher::handleSeek: position set to 9.6923s
Command executed: seek, result: {
  "status": "ok",
  "message": "Seek executed",
  "position_seconds": 9.692306518554689
}
VitHeadlessService: command reply (truncated): {
  "status": "ok",
  "message": "Seek executed",
  "position_seconds": 9.692306518554689
}
ZmqGateway: received command payload: {"cmd":"seek","time":9.69230651855469}
ZmqGateway: dispatching payload to JUCE message thread.
VitHeadlessService: processing queued command on JUCE message thread: {"cmd":"seek","time":9.69230651855469}
Command received: {"cmd":"seek","time":9.69230651855469}
CommandDispatcher::handleSeek: position set to 9.6923s
Command executed: seek, result: {
  "status": "ok",
  "message": "Seek executed",
  "position_seconds": 9.692306518554689
}
VitHeadlessService: command reply (truncated): {
  "status": "ok",
  "message": "Seek executed",
  "position_seconds": 9.692306518554689
}
ZmqGateway: received command payload: {"cmd":"seek","time":9.69230651855469}
ZmqGateway: dispatching payload to JUCE message thread.
VitHeadlessService: processing queued command on JUCE message thread: {"cmd":"seek","time":9.69230651855469}
Command received: {"cmd":"seek","time":9.69230651855469}
CommandDispatcher::handleSeek: position set to 9.6923s
Command executed: seek, result: {
  "status": "ok",
  "message": "Seek executed",
  "position_seconds": 9.692306518554689
}
VitHeadlessService: command reply (truncated): {
  "status": "ok",
  "message": "Seek executed",
  "position_seconds": 9.692306518554689
}
ZmqGateway: received command payload: {"cmd":"seek","time":9.69230651855469}
ZmqGateway: dispatching payload to JUCE message thread.
VitHeadlessService: processing queued command on JUCE message thread: {"cmd":"seek","time":9.69230651855469}
Command received: {"cmd":"seek","time":9.69230651855469}
CommandDispatcher::handleSeek: position set to 9.6923s
Command executed: seek, result: {
  "status": "ok",
  "message": "Seek executed",
  "position_seconds": 9.692306518554689
}
VitHeadlessService: command reply (truncated): {
  "status": "ok",
  "message": "Seek executed",
  "position_seconds": 9.692306518554689
}
ZmqGateway: received command payload: {"cmd":"seek","time":9.69230651855469}
ZmqGateway: dispatching payload to JUCE message thread.
VitHeadlessService: processing queued command on JUCE message thread: {"cmd":"seek","time":9.69230651855469}
Command received: {"cmd":"seek","time":9.69230651855469}
CommandDispatcher::handleSeek: position set to 9.6923s
Command executed: seek, result: {
  "status": "ok",
  "message": "Seek executed",
  "position_seconds": 9.692306518554689
}
VitHeadlessService: command reply (truncated): {
  "status": "ok",
  "message": "Seek executed",
  "position_seconds": 9.692306518554689
}
ZmqGateway: received command payload: {"cmd":"seek","time":9.69230651855469}
ZmqGateway: dispatching payload to JUCE message thread.
VitHeadlessService: processing queued command on JUCE message thread: {"cmd":"seek","time":9.69230651855469}
Command received: {"cmd":"seek","time":9.69230651855469}
CommandDispatcher::handleSeek: position set to 9.6923s
Command executed: seek, result: {
  "status": "ok",
  "message": "Seek executed",
  "position_seconds": 9.692306518554689
}
VitHeadlessService: command reply (truncated): {
  "status": "ok",
  "message": "Seek executed",
  "position_seconds": 9.692306518554689
}
ZmqGateway: received command payload: {"cmd":"seek","time":9.69230651855469}
ZmqGateway: dispatching payload to JUCE message thread.
VitHeadlessService: processing queued command on JUCE message thread: {"cmd":"seek","time":9.69230651855469}
Command received: {"cmd":"seek","time":9.69230651855469}
CommandDispatcher::handleSeek: position set to 9.6923s
Command executed: seek, result: {
  "status": "ok",
  "message": "Seek executed",
  "position_seconds": 9.692306518554689
}
VitHeadlessService: command reply (truncated): {
  "status": "ok",
  "message": "Seek executed",
  "position_seconds": 9.692306518554689
}
ZmqGateway: received command payload: {"cmd":"seek","time":9.69230651855469}
ZmqGateway: dispatching payload to JUCE message thread.
VitHeadlessService: processing queued command on JUCE message thread: {"cmd":"seek","time":9.69230651855469}
Command received: {"cmd":"seek","time":9.69230651855469}
CommandDispatcher::handleSeek: position set to 9.6923s
Command executed: seek, result: {
  "status": "ok",
  "message": "Seek executed",
  "position_seconds": 9.692306518554689
}
VitHeadlessService: command reply (truncated): {
  "status": "ok",
  "message": "Seek executed",
  "position_seconds": 9.692306518554689
}
ZmqGateway: received command payload: {"cmd":"seek","time":9.69230651855469}
ZmqGateway: dispatching payload to JUCE message thread.
VitHeadlessService: processing queued command on JUCE message thread: {"cmd":"seek","time":9.69230651855469}
Command received: {"cmd":"seek","time":9.69230651855469}
CommandDispatcher::handleSeek: position set to 9.6923s
Command executed: seek, result: {
  "status": "ok",
  "message": "Seek executed",
  "position_seconds": 9.692306518554689
}
VitHeadlessService: command reply (truncated): {
  "status": "ok",
  "message": "Seek executed",
  "position_seconds": 9.692306518554689
}
ZmqGateway: received command payload: {"cmd":"seek","time":9.69230651855469}
ZmqGateway: dispatching payload to JUCE message thread.
VitHeadlessService: processing queued command on JUCE message thread: {"cmd":"seek","time":9.69230651855469}
Command received: {"cmd":"seek","time":9.69230651855469}
CommandDispatcher::handleSeek: position set to 9.6923s
Command executed: seek, result: {
  "status": "ok",
  "message": "Seek executed",
  "position_seconds": 9.692306518554689
}
VitHeadlessService: command reply (truncated): {
  "status": "ok",
  "message": "Seek executed",
  "position_seconds": 9.692306518554689
}
ZmqGateway: received command payload: {"cmd":"seek","time":9.69230651855469}
ZmqGateway: dispatching payload to JUCE message thread.
VitHeadlessService: processing queued command on JUCE message thread: {"cmd":"seek","time":9.69230651855469}
Command received: {"cmd":"seek","time":9.69230651855469}
CommandDispatcher::handleSeek: position set to 9.6923s
Command executed: seek, result: {
  "status": "ok",
  "message": "Seek executed",
  "position_seconds": 9.692306518554689
}
VitHeadlessService: command reply (truncated): {
  "status": "ok",
  "message": "Seek executed",
  "position_seconds": 9.692306518554689
}
ZmqGateway: received command payload: {"cmd":"seek","time":9.69230651855469}
ZmqGateway: dispatching payload to JUCE message thread.
VitHeadlessService: processing queued command on JUCE message thread: {"cmd":"seek","time":9.69230651855469}
Command received: {"cmd":"seek","time":9.69230651855469}
CommandDispatcher::handleSeek: position set to 9.6923s
Command executed: seek, result: {
  "status": "ok",
  "message": "Seek executed",
  "position_seconds": 9.692306518554689
}
VitHeadlessService: command reply (truncated): {
  "status": "ok",
  "message": "Seek executed",
  "position_seconds": 9.692306518554689
}
ZmqGateway: received command payload: {"cmd":"seek","time":9.69230651855469}
ZmqGateway: dispatching payload to JUCE message thread.
VitHeadlessService: processing queued command on JUCE message thread: {"cmd":"seek","time":9.69230651855469}
Command received: {"cmd":"seek","time":9.69230651855469}
CommandDispatcher::handleSeek: position set to 9.6923s
Command executed: seek, result: {
  "status": "ok",
  "message": "Seek executed",
  "position_seconds": 9.692306518554689
}
VitHeadlessService: command reply (truncated): {
  "status": "ok",
  "message": "Seek executed",
  "position_seconds": 9.692306518554689
}
ZmqGateway: received command payload: {"cmd":"seek","time":9.69230651855469}
ZmqGateway: dispatching payload to JUCE message thread.
VitHeadlessService: processing queued command on JUCE message thread: {"cmd":"seek","time":9.69230651855469}
Command received: {"cmd":"seek","time":9.69230651855469}
CommandDispatcher::handleSeek: position set to 9.6923s
Command executed: seek, result: {
  "status": "ok",
  "message": "Seek executed",
  "position_seconds": 9.692306518554689
}
VitHeadlessService: command reply (truncated): {
  "status": "ok",
  "message": "Seek executed",
  "position_seconds": 9.692306518554689
}
ZmqGateway: received command payload: {"cmd":"seek","time":9.69230651855469}
ZmqGateway: dispatching payload to JUCE message thread.
VitHeadlessService: processing queued command on JUCE message thread: {"cmd":"seek","time":9.69230651855469}
Command received: {"cmd":"seek","time":9.69230651855469}
CommandDispatcher::handleSeek: position set to 9.6923s
Command executed: seek, result: {
  "status": "ok",
  "message": "Seek executed",
  "position_seconds": 9.692306518554689
}
VitHeadlessService: command reply (truncated): {
  "status": "ok",
  "message": "Seek executed",
  "position_seconds": 9.692306518554689
}
ZmqGateway: received command payload: {"cmd":"seek","time":9.69230651855469}
ZmqGateway: dispatching payload to JUCE message thread.
VitHeadlessService: processing queued command on JUCE message thread: {"cmd":"seek","time":9.69230651855469}
Command received: {"cmd":"seek","time":9.69230651855469}
CommandDispatcher::handleSeek: position set to 9.6923s
Command executed: seek, result: {
  "status": "ok",
  "message": "Seek executed",
  "position_seconds": 9.692306518554689
}
VitHeadlessService: command reply (truncated): {
  "status": "ok",
  "message": "Seek executed",
  "position_seconds": 9.692306518554689
}
ZmqGateway: received command payload: {"cmd":"seek","time":9.69230651855469}
ZmqGateway: dispatching payload to JUCE message thread.
VitHeadlessService: processing queued command on JUCE message thread: {"cmd":"seek","time":9.69230651855469}
Command received: {"cmd":"seek","time":9.69230651855469}
CommandDispatcher::handleSeek: position set to 9.6923s
Command executed: seek, result: {
  "status": "ok",
  "message": "Seek executed",
  "position_seconds": 9.692306518554689
}
VitHeadlessService: command reply (truncated): {
  "status": "ok",
  "message": "Seek executed",
  "position_seconds": 9.692306518554689
}
ZmqGateway: received command payload: {"cmd":"seek","time":9.69230651855469}
ZmqGateway: dispatching payload to JUCE message thread.
VitHeadlessService: processing queued command on JUCE message thread: {"cmd":"seek","time":9.69230651855469}
Command received: {"cmd":"seek","time":9.69230651855469}
CommandDispatcher::handleSeek: position set to 9.6923s
Command executed: seek, result: {
  "status": "ok",
  "message": "Seek executed",
  "position_seconds": 9.692306518554689
}
VitHeadlessService: command reply (truncated): {
  "status": "ok",
  "message": "Seek executed",
  "position_seconds": 9.692306518554689
}
ZmqGateway: received command payload: {"cmd":"seek","time":9.69230651855469}
ZmqGateway: dispatching payload to JUCE message thread.
VitHeadlessService: processing queued command on JUCE message thread: {"cmd":"seek","time":9.69230651855469}
Command received: {"cmd":"seek","time":9.69230651855469}
CommandDispatcher::handleSeek: position set to 9.6923s
Command executed: seek, result: {
  "status": "ok",
  "message": "Seek executed",
  "position_seconds": 9.692306518554689
}
VitHeadlessService: command reply (truncated): {
  "status": "ok",
  "message": "Seek executed",
  "position_seconds": 9.692306518554689
}
ZmqGateway: received command payload: {"cmd":"seek","time":9.69230651855469}
ZmqGateway: dispatching payload to JUCE message thread.
VitHeadlessService: processing queued command on JUCE message thread: {"cmd":"seek","time":9.69230651855469}
Command received: {"cmd":"seek","time":9.69230651855469}
CommandDispatcher::handleSeek: position set to 9.6923s
Command executed: seek, result: {
  "status": "ok",
  "message": "Seek executed",
  "position_seconds": 9.692306518554689
}
VitHeadlessService: command reply (truncated): {
  "status": "ok",
  "message": "Seek executed",
  "position_seconds": 9.692306518554689
}
ZmqGateway: received command payload: {"cmd":"seek","time":9.69230651855469}
ZmqGateway: dispatching payload to JUCE message thread.
VitHeadlessService: processing queued command on JUCE message thread: {"cmd":"seek","time":9.69230651855469}
Command received: {"cmd":"seek","time":9.69230651855469}
CommandDispatcher::handleSeek: position set to 9.6923s
Command executed: seek, result: {
  "status": "ok",
  "message": "Seek executed",
  "position_seconds": 9.692306518554689
}
VitHeadlessService: command reply (truncated): {
  "status": "ok",
  "message": "Seek executed",
  "position_seconds": 9.692306518554689
}
ZmqGateway: received command payload: {"cmd":"seek","time":9.69230651855469}
ZmqGateway: dispatching payload to JUCE message thread.
VitHeadlessService: processing queued command on JUCE message thread: {"cmd":"seek","time":9.69230651855469}
Command received: {"cmd":"seek","time":9.69230651855469}
CommandDispatcher::handleSeek: position set to 9.6923s
Command executed: seek, result: {
  "status": "ok",
  "message": "Seek executed",
  "position_seconds": 9.692306518554689
}
VitHeadlessService: command reply (truncated): {
  "status": "ok",
  "message": "Seek executed",
  "position_seconds": 9.692306518554689
}
ZmqGateway: received command payload: {"cmd":"seek","time":9.69230651855469}
ZmqGateway: dispatching payload to JUCE message thread.
VitHeadlessService: processing queued command on JUCE message thread: {"cmd":"seek","time":9.69230651855469}
Command received: {"cmd":"seek","time":9.69230651855469}
CommandDispatcher::handleSeek: position set to 9.6923s
Command executed: seek, result: {
  "status": "ok",
  "message": "Seek executed",
  "position_seconds": 9.692306518554689
}
VitHeadlessService: command reply (truncated): {
  "status": "ok",
  "message": "Seek executed",
  "position_seconds": 9.692306518554689
}
ZmqGateway: received command payload: {"cmd":"seek","time":9.69230651855469}
ZmqGateway: dispatching payload to JUCE message thread.
VitHeadlessService: processing queued command on JUCE message thread: {"cmd":"seek","time":9.69230651855469}
Command received: {"cmd":"seek","time":9.69230651855469}
CommandDispatcher::handleSeek: position set to 9.6923s
Command executed: seek, result: {
  "status": "ok",
  "message": "Seek executed",
  "position_seconds": 9.692306518554689
}
VitHeadlessService: command reply (truncated): {
  "status": "ok",
  "message": "Seek executed",
  "position_seconds": 9.692306518554689
}
ZmqGateway: received command payload: {"cmd":"seek","time":9.69230651855469}
ZmqGateway: dispatching payload to JUCE message thread.
VitHeadlessService: processing queued command on JUCE message thread: {"cmd":"seek","time":9.69230651855469}
Command received: {"cmd":"seek","time":9.69230651855469}
CommandDispatcher::handleSeek: position set to 9.6923s
Command executed: seek, result: {
  "status": "ok",
  "message": "Seek executed",
  "position_seconds": 9.692306518554689
}
VitHeadlessService: command reply (truncated): {
  "status": "ok",
  "message": "Seek executed",
  "position_seconds": 9.692306518554689
}
ZmqGateway: received command payload: {"cmd":"seek","time":9.69230651855469}
ZmqGateway: dispatching payload to JUCE message thread.
VitHeadlessService: processing queued command on JUCE message thread: {"cmd":"seek","time":9.69230651855469}
Command received: {"cmd":"seek","time":9.69230651855469}
CommandDispatcher::handleSeek: position set to 9.6923s
Command executed: seek, result: {
  "status": "ok",
  "message": "Seek executed",
  "position_seconds": 9.692306518554689
}
VitHeadlessService: command reply (truncated): {
  "status": "ok",
  "message": "Seek executed",
  "position_seconds": 9.692306518554689
}
ZmqGateway: received command payload: {"cmd":"seek","time":9.69230651855469}
ZmqGateway: dispatching payload to JUCE message thread.
VitHeadlessService: processing queued command on JUCE message thread: {"cmd":"seek","time":9.69230651855469}
Command received: {"cmd":"seek","time":9.69230651855469}
CommandDispatcher::handleSeek: position set to 9.6923s
Command executed: seek, result: {
  "status": "ok",
  "message": "Seek executed",
  "position_seconds": 9.692306518554689
}
VitHeadlessService: command reply (truncated): {
  "status": "ok",
  "message": "Seek executed",
  "position_seconds": 9.692306518554689
}
ZmqGateway: received command payload: {"cmd":"seek","time":9.69230651855469}
ZmqGateway: dispatching payload to JUCE message thread.
VitHeadlessService: processing queued command on JUCE message thread: {"cmd":"seek","time":9.69230651855469}
Command received: {"cmd":"seek","time":9.69230651855469}
CommandDispatcher::handleSeek: position set to 9.6923s
Command executed: seek, result: {
  "status": "ok",
  "message": "Seek executed",
  "position_seconds": 9.692306518554689
}
VitHeadlessService: command reply (truncated): {
  "status": "ok",
  "message": "Seek executed",
  "position_seconds": 9.692306518554689
}
ZmqGateway: received command payload: {"cmd":"seek","time":9.69230651855469}
ZmqGateway: dispatching payload to JUCE message thread.
VitHeadlessService: processing queued command on JUCE message thread: {"cmd":"seek","time":9.69230651855469}
Command received: {"cmd":"seek","time":9.69230651855469}
CommandDispatcher::handleSeek: position set to 9.6923s
Command executed: seek, result: {
  "status": "ok",
  "message": "Seek executed",
  "position_seconds": 9.692306518554689
}
VitHeadlessService: command reply (truncated): {
  "status": "ok",
  "message": "Seek executed",
  "position_seconds": 9.692306518554689
}
ZmqGateway: received command payload: {"cmd":"seek","time":9.69230651855469}
ZmqGateway: dispatching payload to JUCE message thread.
VitHeadlessService: processing queued command on JUCE message thread: {"cmd":"seek","time":9.69230651855469}
Command received: {"cmd":"seek","time":9.69230651855469}
CommandDispatcher::handleSeek: position set to 9.6923s
Command executed: seek, result: {
  "status": "ok",
  "message": "Seek executed",
  "position_seconds": 9.692306518554689
}
VitHeadlessService: command reply (truncated): {
  "status": "ok",
  "message": "Seek executed",
  "position_seconds": 9.692306518554689
}
ZmqGateway: received command payload: {"cmd":"seek","time":9.69230651855469}
ZmqGateway: dispatching payload to JUCE message thread.
VitHeadlessService: processing queued command on JUCE message thread: {"cmd":"seek","time":9.69230651855469}
Command received: {"cmd":"seek","time":9.69230651855469}
CommandDispatcher::handleSeek: position set to 9.6923s
Command executed: seek, result: {
  "status": "ok",
  "message": "Seek executed",
  "position_seconds": 9.692306518554689
}
VitHeadlessService: command reply (truncated): {
  "status": "ok",
  "message": "Seek executed",
  "position_seconds": 9.692306518554689
}
ZmqGateway: received command payload: {"cmd":"seek","time":9.69230651855469}
ZmqGateway: dispatching payload to JUCE message thread.
VitHeadlessService: processing queued command on JUCE message thread: {"cmd":"seek","time":9.69230651855469}
Command received: {"cmd":"seek","time":9.69230651855469}
CommandDispatcher::handleSeek: position set to 9.6923s
Command executed: seek, result: {
  "status": "ok",
  "message": "Seek executed",
  "position_seconds": 9.692306518554689
}
VitHeadlessService: command reply (truncated): {
  "status": "ok",
  "message": "Seek executed",
  "position_seconds": 9.692306518554689
}
ZmqGateway: received command payload: {"cmd":"seek","time":9.69230651855469}
ZmqGateway: dispatching payload to JUCE message thread.
VitHeadlessService: processing queued command on JUCE message thread: {"cmd":"seek","time":9.69230651855469}
Command received: {"cmd":"seek","time":9.69230651855469}
CommandDispatcher::handleSeek: position set to 9.6923s
Command executed: seek, result: {
  "status": "ok",
  "message": "Seek executed",
  "position_seconds": 9.692306518554689
}
VitHeadlessService: command reply (truncated): {
  "status": "ok",
  "message": "Seek executed",
  "position_seconds": 9.692306518554689
}
ZmqGateway: received command payload: {"cmd":"seek","time":9.69230651855469}
ZmqGateway: dispatching payload to JUCE message thread.
VitHeadlessService: processing queued command on JUCE message thread: {"cmd":"seek","time":9.69230651855469}
Command received: {"cmd":"seek","time":9.69230651855469}
CommandDispatcher::handleSeek: position set to 9.6923s
Command executed: seek, result: {
  "status": "ok",
  "message": "Seek executed",
  "position_seconds": 9.692306518554689
}
VitHeadlessService: command reply (truncated): {
  "status": "ok",
  "message": "Seek executed",
  "position_seconds": 9.692306518554689
}
ZmqGateway: received command payload: {"cmd":"seek","time":9.69230651855469}
ZmqGateway: dispatching payload to JUCE message thread.
VitHeadlessService: processing queued command on JUCE message thread: {"cmd":"seek","time":9.69230651855469}
Command received: {"cmd":"seek","time":9.69230651855469}
CommandDispatcher::handleSeek: position set to 9.6923s
Command executed: seek, result: {
  "status": "ok",
  "message": "Seek executed",
  "position_seconds": 9.692306518554689
}
VitHeadlessService: command reply (truncated): {
  "status": "ok",
  "message": "Seek executed",
  "position_seconds": 9.692306518554689
}
ZmqGateway: received command payload: {"cmd":"seek","time":9.69230651855469}
ZmqGateway: dispatching payload to JUCE message thread.
VitHeadlessService: processing queued command on JUCE message thread: {"cmd":"seek","time":9.69230651855469}
Command received: {"cmd":"seek","time":9.69230651855469}
CommandDispatcher::handleSeek: position set to 9.6923s
Command executed: seek, result: {
  "status": "ok",
  "message": "Seek executed",
  "position_seconds": 9.692306518554689
}
VitHeadlessService: command reply (truncated): {
  "status": "ok",
  "message": "Seek executed",
  "position_seconds": 9.692306518554689
}
ZmqGateway: received command payload: {"cmd":"seek","time":9.69230651855469}
ZmqGateway: dispatching payload to JUCE message thread.
VitHeadlessService: processing queued command on JUCE message thread: {"cmd":"seek","time":9.69230651855469}
Command received: {"cmd":"seek","time":9.69230651855469}
CommandDispatcher::handleSeek: position set to 9.6923s
Command executed: seek, result: {
  "status": "ok",
  "message": "Seek executed",
  "position_seconds": 9.692306518554689
}
VitHeadlessService: command reply (truncated): {
  "status": "ok",
  "message": "Seek executed",
  "position_seconds": 9.692306518554689
}
ZmqGateway: received command payload: {"cmd":"seek","time":9.69230651855469}
ZmqGateway: dispatching payload to JUCE message thread.
VitHeadlessService: processing queued command on JUCE message thread: {"cmd":"seek","time":9.69230651855469}
Command received: {"cmd":"seek","time":9.69230651855469}
CommandDispatcher::handleSeek: position set to 9.6923s
Command executed: seek, result: {
  "status": "ok",
  "message": "Seek executed",
  "position_seconds": 9.692306518554689
}
VitHeadlessService: command reply (truncated): {
  "status": "ok",
  "message": "Seek executed",
  "position_seconds": 9.692306518554689
}
ZmqGateway: received command payload: {"cmd":"seek","time":9.69230651855469}
ZmqGateway: dispatching payload to JUCE message thread.
VitHeadlessService: processing queued command on JUCE message thread: {"cmd":"seek","time":9.69230651855469}
Command received: {"cmd":"seek","time":9.69230651855469}
CommandDispatcher::handleSeek: position set to 9.6923s
Command executed: seek, result: {
  "status": "ok",
  "message": "Seek executed",
  "position_seconds": 9.692306518554689
}
VitHeadlessService: command reply (truncated): {
  "status": "ok",
  "message": "Seek executed",
  "position_seconds": 9.692306518554689
}
ZmqGateway: received command payload: {"cmd":"seek","time":9.69230651855469}
ZmqGateway: dispatching payload to JUCE message thread.
VitHeadlessService: processing queued command on JUCE message thread: {"cmd":"seek","time":9.69230651855469}
Command received: {"cmd":"seek","time":9.69230651855469}
CommandDispatcher::handleSeek: position set to 9.6923s
Command executed: seek, result: {
  "status": "ok",
  "message": "Seek executed",
  "position_seconds": 9.692306518554689
}
VitHeadlessService: command reply (truncated): {
  "status": "ok",
  "message": "Seek executed",
  "position_seconds": 9.692306518554689
}
ZmqGateway: received command payload: {"cmd":"seek","time":9.69230651855469}
ZmqGateway: dispatching payload to JUCE message thread.
VitHeadlessService: processing queued command on JUCE message thread: {"cmd":"seek","time":9.69230651855469}
Command received: {"cmd":"seek","time":9.69230651855469}
CommandDispatcher::handleSeek: position set to 9.6923s
Command executed: seek, result: {
  "status": "ok",
  "message": "Seek executed",
  "position_seconds": 9.692306518554689
}
VitHeadlessService: command reply (truncated): {
  "status": "ok",
  "message": "Seek executed",
  "position_seconds": 9.692306518554689
}
ZmqGateway: received command payload: {"action":"play"}
ZmqGateway: dispatching payload to JUCE message thread.
VitHeadlessService: processing queued command on JUCE message thread: {"action":"play"}
Command received: {"action":"play"}
CommandDispatcher::handlePlay: before isPlaying=false isRecording=false playContextActive=true positionSeconds=9.692 editLengthSeconds=18.434
CommandDispatcher::handlePlay: after isPlaying=true isRecording=false playContextActive=true positionSeconds=9.692 editLengthSeconds=18.434
Command executed: play, result: {
  "status": "ok",
  "message": "Transport playing",
  "is_playing": true,
  "is_recording": false,
  "position_seconds": 9.692306518554689,
  "click_track_enabled": false
}
VitHeadlessService: command reply (truncated): {
  "status": "ok",
  "message": "Transport playing",
  "is_playing": true,
  "is_recording": false,
  "position_seconds": 9.692306518554689,
  "click_track_enabled": false
}
ZmqGateway: received command payload: {"action":"stop"}
ZmqGateway: dispatching payload to JUCE message thread.
VitHeadlessService: processing queued command on JUCE message thread: {"action":"stop"}
Command received: {"action":"stop"}
CommandDispatcher::handleStop: before isPlaying=true isRecording=false playContextActive=true positionSeconds=10.592 editLengthSeconds=18.434
CommandDispatcher::handleStop: after isPlaying=false isRecording=false playContextActive=true positionSeconds=10.592 editLengthSeconds=18.434
Command executed: stop, result: {
  "status": "ok",
  "message": "Transport stopped",
  "is_playing": false,
  "is_recording": false,
  "position_seconds": 10.5923125,
  "click_track_enabled": false
}
VitHeadlessService: command reply (truncated): {
  "status": "ok",
  "message": "Transport stopped",
  "is_playing": false,
  "is_recording": false,
  "position_seconds": 10.5923125,
  "click_track_enabled": false
}
