
**********************************************************
VitHeadlessServer session log
Log started: 10 Apr 2026 1:59:49am

VitHeadlessServer: application startup.
Settings file: D:\Vit_DAW\VitApp\Workspace\Settings\Settings.xml
Audio block size: 480  Rate: 48000
Creating Default Controllers...
VitEngineDevice: initialising Tracktion Engine device manager.
Audio block size: 480  Rate: 48000
Rebuilding Wave Device List...
Wave In: Input 1 (enabled): 0 (L)
Wave In: Input 2 (enabled): 1 (L)
Wave Out: Output 1 + 2 (enabled): 0 (L), 1 (R)
Default Wave Out: Output 1 + 2
Default MIDI Out: 
Default Wave In: Input 1
Default MIDI In: 
VitEngineDevice: audio IO ready for playback graph: "扬声器 (USB AUDIO  CODEC)" 48000.00 Hz, block 480 samples
VitEngineDevice: audio setup outputDevice="扬声器 (USB AUDIO  CODEC)" inputDevice="麦克风 (Sonic Studio Virtual Mixer)" sampleRate=48000.00 bufferSize=480 inputChannels=11 outputChannels=11
VitEngineDevice: current audio device name="扬声器 (USB AUDIO  CODEC)" type="Windows Audio" activeOutputChannels=Output channel 1, Output channel 2" activeInputChannels=Input channel 1, Input channel 2"
VitHeadlessService: edit loaded from D:\Vit_DAW\VitApp\Workspace\default_project.xml
VitEngineDevice: audio IO ready for playback graph: "扬声器 (USB AUDIO  CODEC)" 48000.00 Hz, block 480 samples
VitKernelUtils: wave clip 1011 forced direct file rebind: D:\Vit_DAW\test_100hz_10s.wav
VitHeadlessService: project reload complete.
ZmqGateway: bound command endpoint to tcp://127.0.0.1:5555
ZmqGateway: bound publish endpoint to tcp://127.0.0.1:5556
ZmqGateway: bound log endpoint to tcp://127.0.0.1:5557
ZmqGateway: started network thread.
VitHeadlessService: service started successfully.
VitHeadlessServer: startup complete, entering background message loop.
MIDI Input devices scanned in: 0
Updating MIDI I/O devices
Found MIDI in: all_midi_in ("All MIDI Ins") (enabled)
Found MIDI out: out_81b0d7ef ("Microsoft GS Wavetable Synth") (enabled)
opening MIDI out device: out_81b0d7ef (Microsoft GS Wavetable Synth)
ZmqGateway: received command payload: {"cmd":"get_recent_projects"}
ZmqGateway: dispatching payload to JUCE message thread.
VitHeadlessService: processing queued command on JUCE message thread: {"cmd":"get_recent_projects"}
Command received: {"cmd":"get_recent_projects"}
Command executed: get_recent_projects, result: {
  "status": "ok",
  "recent_projects": [
    "D:\\Godot\\project\\vit-daw-frontend\\4.4.3.vit",
    "D:\\Godot\\project\\vit-daw-frontend\\4.4.2.vit",
    "D:\\Godot\\project\\vit-daw-frontend\\4.4.1.vit",
    "D:\\Godot\\project\\vit-daw-frontend\\4.4.vit",
    "D:\\4.1.tracktionedit"
  ]
}
VitHeadlessService: command reply (truncated): {
  "status": "ok",
  "recent_projects": [
    "D:\\Godot\\project\\vit-daw-frontend\\4.4.3.vit",
    "D:\\Godot\\project\\vit-daw-frontend\\4.4.2.vit",
    "D:\\Godot\\project\\vit-daw-frontend\\4.4.1.vit",
    "D
ZmqGateway: received command payload: {"cmd":"new_project"}
ZmqGateway: dispatching payload to JUCE message thread.
VitHeadlessService: processing queued command on JUCE message thread: {"cmd":"new_project"}
Command received: {"cmd":"new_project"}
VitEngineDevice: audio IO ready for playback graph: "扬声器 (USB AUDIO  CODEC)" 48000.00 Hz, block 480 samples
Command executed: new_project, result: {
  "status": "ok",
  "message": "Blank project created"
}
VitHeadlessService: command reply (truncated): {
  "status": "ok",
  "message": "Blank project created"
}
ZmqGateway: received command payload: {"cmd":"ping"}
ZmqGateway: dispatching payload to JUCE message thread.
VitHeadlessService: processing queued command on JUCE message thread: {"cmd":"ping"}
Command received: {"cmd":"ping"}
CommandDispatcher: handled ping command.
Command executed: ping, result: {
  "status": "ok",
  "message": "pong"
}
VitHeadlessService: command reply (truncated): {
  "status": "ok",
  "message": "pong"
}
ZmqGateway: received command payload: {"cmd":"get_project_state"}
ZmqGateway: dispatching payload to JUCE message thread.
VitHeadlessService: processing queued command on JUCE message thread: {"cmd":"get_project_state"}
Command received: {"cmd":"get_project_state"}
Command executed: get_project_state, result: {
  "status": "ok",
  "project_path": "",
  "tracks": [
    {
      "track_id": "1002",
      "track_name": "Arranger",
      "track_type": "track",
      "is_audio_track": false,
      "is_audio": false,
      "plugins": [],
      "clips": []
    },
    {
      "track_id": "1003",
      "track_name": "Chord",
      "track_type": "track",
      "is_audio_track": false,
      "is_audio": false,
      "plugins": [],
      "clips": []
    },
    {
      "track_id": "1004",
      "track_name": "Marker",
      "track_type": "track",
      "is_audio_track": false,
      "is_audio": false,
      "plugins": [],
      "clips": []
    },
    {
      "track_id": "1005",
      "track_name": "Tempo",
      "track_type": "track",
      "is_audio_track": false,
      "is_audio": false,
      "plugins": [],
      "clips": []
    },
    {
      "track_id": "1006",
      "track_name": "Master",
      "track_type": "master",
      "is_audio_track": false,
      "is_audio": false,
      "plugins": [],
      "clips": []
    }
  ]
}
VitHeadlessService: command reply (truncated): {
  "status": "ok",
  "project_path": "",
  "tracks": [
    {
      "track_id": "1002",
      "track_name": "Arranger",
      "track_type": "track",
      "is_audio_track": false,
      "is_audio": false,
     
ZmqGateway: received command payload: {"cmd":"list_tracks"}
ZmqGateway: dispatching payload to JUCE message thread.
VitHeadlessService: processing queued command on JUCE message thread: {"cmd":"list_tracks"}
Command received: {"cmd":"list_tracks"}
Command executed: list_tracks, result: {
  "status": "ok",
  "message": "Track list fetched",
  "tracks": [
    {
      "track_id": "1002",
      "name": "Arranger",
      "track_type": "track",
      "is_audio": false,
      "is_audio_track": false,
      "vit_type": "",
      "vit_intent": "",
      "plugin_count": 0,
      "plugins": []
    },
    {
      "track_id": "1003",
      "name": "Chord",
      "track_type": "track",
      "is_audio": false,
      "is_audio_track": false,
      "vit_type": "",
      "vit_intent": "",
      "plugin_count": 0,
      "plugins": []
    },
    {
      "track_id": "1004",
      "name": "Marker",
      "track_type": "track",
      "is_audio": false,
      "is_audio_track": false,
      "vit_type": "",
      "vit_intent": "",
      "plugin_count": 0,
      "plugins": []
    },
    {
      "track_id": "1005",
      "name": "Tempo",
      "track_type": "track",
      "is_audio": false,
      "is_audio_track": false,
      "vit_type": "",
      "vit_intent": "",
      "plugin_count": 0,
      "plugins": []
    },
    {
      "track_id": "1006",
      "name": "Master",
      "track_type": "master",
      "is_audio": false,
      "is_audio_track": false,
      "vit_type": "",
      "vit_intent": "",
      "plugin_count": 0,
      "plugins": []
    }
  ]
}
VitHeadlessService: command reply (truncated): {
  "status": "ok",
  "message": "Track list fetched",
  "tracks": [
    {
      "track_id": "1002",
      "name": "Arranger",
      "track_type": "track",
      "is_audio": false,
      "is_audio_track": false,
ZmqGateway: received command payload: {"cmd":"list_tracks"}
ZmqGateway: dispatching payload to JUCE message thread.
VitHeadlessService: processing queued command on JUCE message thread: {"cmd":"list_tracks"}
Command received: {"cmd":"list_tracks"}
Command executed: list_tracks, result: {
  "status": "ok",
  "message": "Track list fetched",
  "tracks": [
    {
      "track_id": "1002",
      "name": "Arranger",
      "track_type": "track",
      "is_audio": false,
      "is_audio_track": false,
      "vit_type": "",
      "vit_intent": "",
      "plugin_count": 0,
      "plugins": []
    },
    {
      "track_id": "1003",
      "name": "Chord",
      "track_type": "track",
      "is_audio": false,
      "is_audio_track": false,
      "vit_type": "",
      "vit_intent": "",
      "plugin_count": 0,
      "plugins": []
    },
    {
      "track_id": "1004",
      "name": "Marker",
      "track_type": "track",
      "is_audio": false,
      "is_audio_track": false,
      "vit_type": "",
      "vit_intent": "",
      "plugin_count": 0,
      "plugins": []
    },
    {
      "track_id": "1005",
      "name": "Tempo",
      "track_type": "track",
      "is_audio": false,
      "is_audio_track": false,
      "vit_type": "",
      "vit_intent": "",
      "plugin_count": 0,
      "plugins": []
    },
    {
      "track_id": "1006",
      "name": "Master",
      "track_type": "master",
      "is_audio": false,
      "is_audio_track": false,
      "vit_type": "",
      "vit_intent": "",
      "plugin_count": 0,
      "plugins": []
    }
  ]
}
VitHeadlessService: command reply (truncated): {
  "status": "ok",
  "message": "Track list fetched",
  "tracks": [
    {
      "track_id": "1002",
      "name": "Arranger",
      "track_type": "track",
      "is_audio": false,
      "is_audio_track": false,
ZmqGateway: received command payload: {"cmd":"add_track","type":"hybrid"}
ZmqGateway: dispatching payload to JUCE message thread.
VitHeadlessService: processing queued command on JUCE message thread: {"cmd":"add_track","type":"hybrid"}
Command received: {"cmd":"add_track","type":"hybrid"}
VitHeadlessService: project saved to D:\Vit_DAW\VitApp\Workspace\default_project.xml
Command executed: add_track, result: {
  "status": "ok",
  "message": "Track added",
  "track_id": "1007",
  "track_name": "Track 1"
}
VitHeadlessService: command reply (truncated): {
  "status": "ok",
  "message": "Track added",
  "track_id": "1007",
  "track_name": "Track 1"
}
ZmqGateway: received command payload: {"cmd":"list_tracks"}
ZmqGateway: dispatching payload to JUCE message thread.
VitHeadlessService: processing queued command on JUCE message thread: {"cmd":"list_tracks"}
Command received: {"cmd":"list_tracks"}
Command executed: list_tracks, result: {
  "status": "ok",
  "message": "Track list fetched",
  "tracks": [
    {
      "track_id": "1002",
      "name": "Arranger",
      "track_type": "track",
      "is_audio": false,
      "is_audio_track": false,
      "vit_type": "",
      "vit_intent": "",
      "plugin_count": 0,
      "plugins": []
    },
    {
      "track_id": "1003",
      "name": "Chord",
      "track_type": "track",
      "is_audio": false,
      "is_audio_track": false,
      "vit_type": "",
      "vit_intent": "",
      "plugin_count": 0,
      "plugins": []
    },
    {
      "track_id": "1004",
      "name": "Marker",
      "track_type": "track",
      "is_audio": false,
      "is_audio_track": false,
      "vit_type": "",
      "vit_intent": "",
      "plugin_count": 0,
      "plugins": []
    },
    {
      "track_id": "1005",
      "name": "Tempo",
      "track_type": "track",
      "is_audio": false,
      "is_audio_track": false,
      "vit_type": "",
      "vit_intent": "",
      "plugin_count": 0,
      "plugins": []
    },
    {
      "track_id": "1006",
      "name": "Master",
      "track_type": "master",
      "is_audio": false,
      "is_audio_track": false,
      "vit_type": "",
      "vit_intent": "",
      "plugin_count": 0,
      "plugins": []
    },
    {
      "track_id": "1007",
      "name": "Track 1",
      "track_type": "hybrid",
      "is_audio": true,
      "is_audio_track": true,
      "vit_type": "",
      "vit_intent": "",
      "plugin_count": 2,
      "plugins": [
        {
          "name": "Volume & Pan Plugin",
          "type": "volume",
          "enabled": true
        },
        {
          "name": "Level Meter",
          "type": "level",
          "enabled": true
        }
      ]
    }
  ]
}
VitHeadlessService: command reply (truncated): {
  "status": "ok",
  "message": "Track list fetched",
  "tracks": [
    {
      "track_id": "1002",
      "name": "Arranger",
      "track_type": "track",
      "is_audio": false,
      "is_audio_track": false,
ZmqGateway: received command payload: {"cmd":"get_project_state"}
ZmqGateway: dispatching payload to JUCE message thread.
VitHeadlessService: processing queued command on JUCE message thread: {"cmd":"get_project_state"}
Command received: {"cmd":"get_project_state"}
Command executed: get_project_state, result: {
  "status": "ok",
  "project_path": "",
  "tracks": [
    {
      "track_id": "1002",
      "track_name": "Arranger",
      "track_type": "track",
      "is_audio_track": false,
      "is_audio": false,
      "plugins": [],
      "clips": []
    },
    {
      "track_id": "1003",
      "track_name": "Chord",
      "track_type": "track",
      "is_audio_track": false,
      "is_audio": false,
      "plugins": [],
      "clips": []
    },
    {
      "track_id": "1004",
      "track_name": "Marker",
      "track_type": "track",
      "is_audio_track": false,
      "is_audio": false,
      "plugins": [],
      "clips": []
    },
    {
      "track_id": "1005",
      "track_name": "Tempo",
      "track_type": "track",
      "is_audio_track": false,
      "is_audio": false,
      "plugins": [],
      "clips": []
    },
    {
      "track_id": "1006",
      "track_name": "Master",
      "track_type": "master",
      "is_audio_track": false,
      "is_audio": false,
      "plugins": [],
      "clips": []
    },
    {
      "track_id": "1007",
      "track_name": "Track 1",
      "track_type": "hybrid",
      "is_audio_track": true,
      "is_audio": true,
      "plugins": [
        {
          "id": "1008",
          "item_id": "1008",
          "name": "Volume & Pan Plugin",
          "type": "volume",
          "enabled": true
        },
        {
          "id": "1009",
          "item_id": "1009",
          "name": "Level Meter",
          "type": "level",
          "enabled": true
        }
      ],
      "clips": [],
      "output_to_device_resolved": true,
      "output_device_enabled": true,
      "output_device_id": "out_b7a4b4c1",
      "output_routing_name": "(default audio output)"
    }
  ]
}
VitHeadlessService: command reply (truncated): {
  "status": "ok",
  "project_path": "",
  "tracks": [
    {
      "track_id": "1002",
      "track_name": "Arranger",
      "track_type": "track",
      "is_audio_track": false,
      "is_audio": false,
     
ZmqGateway: received command payload: {"cmd":"list_tracks"}
ZmqGateway: dispatching payload to JUCE message thread.
VitHeadlessService: processing queued command on JUCE message thread: {"cmd":"list_tracks"}
Command received: {"cmd":"list_tracks"}
Command executed: list_tracks, result: {
  "status": "ok",
  "message": "Track list fetched",
  "tracks": [
    {
      "track_id": "1002",
      "name": "Arranger",
      "track_type": "track",
      "is_audio": false,
      "is_audio_track": false,
      "vit_type": "",
      "vit_intent": "",
      "plugin_count": 0,
      "plugins": []
    },
    {
      "track_id": "1003",
      "name": "Chord",
      "track_type": "track",
      "is_audio": false,
      "is_audio_track": false,
      "vit_type": "",
      "vit_intent": "",
      "plugin_count": 0,
      "plugins": []
    },
    {
      "track_id": "1004",
      "name": "Marker",
      "track_type": "track",
      "is_audio": false,
      "is_audio_track": false,
      "vit_type": "",
      "vit_intent": "",
      "plugin_count": 0,
      "plugins": []
    },
    {
      "track_id": "1005",
      "name": "Tempo",
      "track_type": "track",
      "is_audio": false,
      "is_audio_track": false,
      "vit_type": "",
      "vit_intent": "",
      "plugin_count": 0,
      "plugins": []
    },
    {
      "track_id": "1006",
      "name": "Master",
      "track_type": "master",
      "is_audio": false,
      "is_audio_track": false,
      "vit_type": "",
      "vit_intent": "",
      "plugin_count": 0,
      "plugins": []
    },
    {
      "track_id": "1007",
      "name": "Track 1",
      "track_type": "hybrid",
      "is_audio": true,
      "is_audio_track": true,
      "vit_type": "",
      "vit_intent": "",
      "plugin_count": 2,
      "plugins": [
        {
          "name": "Volume & Pan Plugin",
          "type": "volume",
          "enabled": true
        },
        {
          "name": "Level Meter",
          "type": "level",
          "enabled": true
        }
      ]
    }
  ]
}
VitHeadlessService: command reply (truncated): {
  "status": "ok",
  "message": "Track list fetched",
  "tracks": [
    {
      "track_id": "1002",
      "name": "Arranger",
      "track_type": "track",
      "is_audio": false,
      "is_audio_track": false,
ZmqGateway: received command payload: {"action":"import_media_to_track","cmd":"import_media_to_track","file_path":"D:/Vit_DAW/test_100hz_10s.wav","media_type":"audio","start_time":1.91191101074219,"track_id":"1007"}
ZmqGateway: dispatching payload to JUCE message thread.
VitHeadlessService: processing queued command on JUCE message thread: {"action":"import_media_to_track","cmd":"import_media_to_track","file_path":"D:/Vit_DAW/test_100hz_10s.wav","media_type":"audio","start_time":1.91191101074219,"track_id":"1007"}
Command received: {"action":"import_media_to_track","cmd":"import_media_to_track","file_path":"D:/Vit_DAW/test_100hz_10s.wav","media_type":"audio","start_time":1.91191101074219,"track_id":"1007"}
VitHeadlessService: project saved to D:\Vit_DAW\VitApp\Workspace\default_project.xml
CommandDispatcher::handleImportMediaToTrack: clipId="1011" clip="test_100hz_10s" trackId="1007" source="D:\Vit_DAW\test_100hz_10s.wav" lengthSec=10.000 isPlaying=false isRecording=false playContextActive=true positionSeconds=0.000 editLengthSeconds=11.912
Command executed: import_media_to_track, result: {
  "status": "success",
  "action": "import_media_to_track",
  "clip_id": "1011",
  "track_id": "1007",
  "start_time": 1.91191101074219,
  "resolved_start_time": 1.91191101074219,
  "length": 10.0,
  "applied_mode": "destructive",
  "clip_name": "test_100hz_10s",
  "file_path": "D:\\Vit_DAW\\test_100hz_10s.wav",
  "edit_length_seconds": 11.911911010742189,
  "baking_status": "baking_started"
}
VitHeadlessService: command reply (truncated): {
  "status": "success",
  "action": "import_media_to_track",
  "clip_id": "1011",
  "track_id": "1007",
  "start_time": 1.91191101074219,
  "resolved_start_time": 1.91191101074219,
  "length": 10.0,
  "applied_m
ZmqGateway: received command payload: {"cmd":"get_project_state"}
ZmqGateway: dispatching payload to JUCE message thread.
VitHeadlessService: processing queued command on JUCE message thread: {"cmd":"get_project_state"}
Command received: {"cmd":"get_project_state"}
Command executed: get_project_state, result: {
  "status": "ok",
  "project_path": "",
  "tracks": [
    {
      "track_id": "1002",
      "track_name": "Arranger",
      "track_type": "track",
      "is_audio_track": false,
      "is_audio": false,
      "plugins": [],
      "clips": []
    },
    {
      "track_id": "1003",
      "track_name": "Chord",
      "track_type": "track",
      "is_audio_track": false,
      "is_audio": false,
      "plugins": [],
      "clips": []
    },
    {
      "track_id": "1004",
      "track_name": "Marker",
      "track_type": "track",
      "is_audio_track": false,
      "is_audio": false,
      "plugins": [],
      "clips": []
    },
    {
      "track_id": "1005",
      "track_name": "Tempo",
      "track_type": "track",
      "is_audio_track": false,
      "is_audio": false,
      "plugins": [],
      "clips": []
    },
    {
      "track_id": "1006",
      "track_name": "Master",
      "track_type": "master",
      "is_audio_track": false,
      "is_audio": false,
      "plugins": [],
      "clips": []
    },
    {
      "track_id": "1007",
      "track_name": "Track 1",
      "track_type": "hybrid",
      "is_audio_track": true,
      "is_audio": true,
      "plugins": [
        {
          "id": "1008",
          "item_id": "1008",
          "name": "Volume & Pan Plugin",
          "type": "volume",
          "enabled": true
        },
        {
          "id": "1009",
          "item_id": "1009",
          "name": "Level Meter",
          "type": "level",
          "enabled": true
        }
      ],
      "clips": [
        {
          "id": "1011",
          "name": "test_100hz_10s",
          "clip_type": "wave",
          "start_seconds": 1.91191101074219,
          "end_seconds": 11.911911010742189,
          "length_seconds": 10.0,
          "offset_in_source_seconds": 0.0,
          "file_path": "D:\\Vit_DAW\\test_100hz_10s.wav",
          "current_source_path": "D:\\Vit_DAW\\test_100hz_10s.wav",
          "playback_source_valid": true
        }
      ],
      "output_to_device_resolved": true,
      "output_device_enabled": true,
      "output_device_id": "out_b7a4b4c1",
      "output_routing_name": "(default audio output)"
    }
  ]
}
VitHeadlessService: command reply (truncated): {
  "status": "ok",
  "project_path": "",
  "tracks": [
    {
      "track_id": "1002",
      "track_name": "Arranger",
      "track_type": "track",
      "is_audio_track": false,
      "is_audio": false,
     
ZmqGateway: received command payload: {"cmd":"list_tracks"}
ZmqGateway: dispatching payload to JUCE message thread.
VitHeadlessService: processing queued command on JUCE message thread: {"cmd":"list_tracks"}
Command received: {"cmd":"list_tracks"}
Command executed: list_tracks, result: {
  "status": "ok",
  "message": "Track list fetched",
  "tracks": [
    {
      "track_id": "1002",
      "name": "Arranger",
      "track_type": "track",
      "is_audio": false,
      "is_audio_track": false,
      "vit_type": "",
      "vit_intent": "",
      "plugin_count": 0,
      "plugins": []
    },
    {
      "track_id": "1003",
      "name": "Chord",
      "track_type": "track",
      "is_audio": false,
      "is_audio_track": false,
      "vit_type": "",
      "vit_intent": "",
      "plugin_count": 0,
      "plugins": []
    },
    {
      "track_id": "1004",
      "name": "Marker",
      "track_type": "track",
      "is_audio": false,
      "is_audio_track": false,
      "vit_type": "",
      "vit_intent": "",
      "plugin_count": 0,
      "plugins": []
    },
    {
      "track_id": "1005",
      "name": "Tempo",
      "track_type": "track",
      "is_audio": false,
      "is_audio_track": false,
      "vit_type": "",
      "vit_intent": "",
      "plugin_count": 0,
      "plugins": []
    },
    {
      "track_id": "1006",
      "name": "Master",
      "track_type": "master",
      "is_audio": false,
      "is_audio_track": false,
      "vit_type": "",
      "vit_intent": "",
      "plugin_count": 0,
      "plugins": []
    },
    {
      "track_id": "1007",
      "name": "Track 1",
      "track_type": "hybrid",
      "is_audio": true,
      "is_audio_track": true,
      "vit_type": "",
      "vit_intent": "",
      "plugin_count": 2,
      "plugins": [
        {
          "name": "Volume & Pan Plugin",
          "type": "volume",
          "enabled": true
        },
        {
          "name": "Level Meter",
          "type": "level",
          "enabled": true
        }
      ]
    }
  ]
}
VitHeadlessService: command reply (truncated): {
  "status": "ok",
  "message": "Track list fetched",
  "tracks": [
    {
      "track_id": "1002",
      "name": "Arranger",
      "track_type": "track",
      "is_audio": false,
      "is_audio_track": false,
ZmqGateway: received command payload: {"clip_id":"1011","cmd":"move_clip","new_start":4.44558334350586,"new_start_seconds":2.22279167175293,"overlap_mode":"cut","source_track_id":"1007","target_track_id":"1007","time_unit":"beats"}
ZmqGateway: dispatching payload to JUCE message thread.
VitHeadlessService: processing queued command on JUCE message thread: {"clip_id":"1011","cmd":"move_clip","new_start":4.44558334350586,"new_start_seconds":2.22279167175293,"overlap_mode":"cut","source_track_id":"1007","target_track_id":"1007","time_unit":"beats"}
Command received: {"clip_id":"1011","cmd":"move_clip","new_start":4.44558334350586,"new_start_seconds":2.22279167175293,"overlap_mode":"cut","source_track_id":"1007","target_track_id":"1007","time_unit":"beats"}
Command executed: move_clip, result: {
  "status": "ok",
  "message": "Clip moved",
  "clip_id": "1011",
  "source_track_id": "1007",
  "target_track_id": "1007",
  "affected_track_id": "1007",
  "new_start_seconds": 2.22279167175293,
  "overlap_mode": "cut",
  "created_clip_ids": [],
  "removed_clip_ids": [],
  "affected_clip_ids": []
}
VitHeadlessService: command reply (truncated): {
  "status": "ok",
  "message": "Clip moved",
  "clip_id": "1011",
  "source_track_id": "1007",
  "target_track_id": "1007",
  "affected_track_id": "1007",
  "new_start_seconds": 2.22279167175293,
  "overlap_mod
ZmqGateway: received command payload: {"cmd":"get_project_state"}
ZmqGateway: dispatching payload to JUCE message thread.
VitHeadlessService: processing queued command on JUCE message thread: {"cmd":"get_project_state"}
Command received: {"cmd":"get_project_state"}
Command executed: get_project_state, result: {
  "status": "ok",
  "project_path": "",
  "tracks": [
    {
      "track_id": "1002",
      "track_name": "Arranger",
      "track_type": "track",
      "is_audio_track": false,
      "is_audio": false,
      "plugins": [],
      "clips": []
    },
    {
      "track_id": "1003",
      "track_name": "Chord",
      "track_type": "track",
      "is_audio_track": false,
      "is_audio": false,
      "plugins": [],
      "clips": []
    },
    {
      "track_id": "1004",
      "track_name": "Marker",
      "track_type": "track",
      "is_audio_track": false,
      "is_audio": false,
      "plugins": [],
      "clips": []
    },
    {
      "track_id": "1005",
      "track_name": "Tempo",
      "track_type": "track",
      "is_audio_track": false,
      "is_audio": false,
      "plugins": [],
      "clips": []
    },
    {
      "track_id": "1006",
      "track_name": "Master",
      "track_type": "master",
      "is_audio_track": false,
      "is_audio": false,
      "plugins": [],
      "clips": []
    },
    {
      "track_id": "1007",
      "track_name": "Track 1",
      "track_type": "hybrid",
      "is_audio_track": true,
      "is_audio": true,
      "plugins": [
        {
          "id": "1008",
          "item_id": "1008",
          "name": "Volume & Pan Plugin",
          "type": "volume",
          "enabled": true
        },
        {
          "id": "1009",
          "item_id": "1009",
          "name": "Level Meter",
          "type": "level",
          "enabled": true
        }
      ],
      "clips": [
        {
          "id": "1011",
          "name": "test_100hz_10s",
          "clip_type": "wave",
          "start_seconds": 2.22279167175293,
          "end_seconds": 12.22279167175293,
          "length_seconds": 10.0,
          "offset_in_source_seconds": 0.0,
          "file_path": "D:\\Vit_DAW\\test_100hz_10s.wav",
          "current_source_path": "D:\\Vit_DAW\\test_100hz_10s.wav",
          "playback_source_valid": true
        }
      ],
      "output_to_device_resolved": true,
      "output_device_enabled": true,
      "output_device_id": "out_b7a4b4c1",
      "output_routing_name": "(default audio output)"
    }
  ]
}
VitHeadlessService: command reply (truncated): {
  "status": "ok",
  "project_path": "",
  "tracks": [
    {
      "track_id": "1002",
      "track_name": "Arranger",
      "track_type": "track",
      "is_audio_track": false,
      "is_audio": false,
     
ZmqGateway: received command payload: {"cmd":"list_tracks"}
ZmqGateway: dispatching payload to JUCE message thread.
VitHeadlessService: processing queued command on JUCE message thread: {"cmd":"list_tracks"}
Command received: {"cmd":"list_tracks"}
Command executed: list_tracks, result: {
  "status": "ok",
  "message": "Track list fetched",
  "tracks": [
    {
      "track_id": "1002",
      "name": "Arranger",
      "track_type": "track",
      "is_audio": false,
      "is_audio_track": false,
      "vit_type": "",
      "vit_intent": "",
      "plugin_count": 0,
      "plugins": []
    },
    {
      "track_id": "1003",
      "name": "Chord",
      "track_type": "track",
      "is_audio": false,
      "is_audio_track": false,
      "vit_type": "",
      "vit_intent": "",
      "plugin_count": 0,
      "plugins": []
    },
    {
      "track_id": "1004",
      "name": "Marker",
      "track_type": "track",
      "is_audio": false,
      "is_audio_track": false,
      "vit_type": "",
      "vit_intent": "",
      "plugin_count": 0,
      "plugins": []
    },
    {
      "track_id": "1005",
      "name": "Tempo",
      "track_type": "track",
      "is_audio": false,
      "is_audio_track": false,
      "vit_type": "",
      "vit_intent": "",
      "plugin_count": 0,
      "plugins": []
    },
    {
      "track_id": "1006",
      "name": "Master",
      "track_type": "master",
      "is_audio": false,
      "is_audio_track": false,
      "vit_type": "",
      "vit_intent": "",
      "plugin_count": 0,
      "plugins": []
    },
    {
      "track_id": "1007",
      "name": "Track 1",
      "track_type": "hybrid",
      "is_audio": true,
      "is_audio_track": true,
      "vit_type": "",
      "vit_intent": "",
      "plugin_count": 2,
      "plugins": [
        {
          "name": "Volume & Pan Plugin",
          "type": "volume",
          "enabled": true
        },
        {
          "name": "Level Meter",
          "type": "level",
          "enabled": true
        }
      ]
    }
  ]
}
VitHeadlessService: command reply (truncated): {
  "status": "ok",
  "message": "Track list fetched",
  "tracks": [
    {
      "track_id": "1002",
      "name": "Arranger",
      "track_type": "track",
      "is_audio": false,
      "is_audio_track": false,
ZmqGateway: received command payload: {"cmd":"seek","time":2.58030891418457}
ZmqGateway: dispatching payload to JUCE message thread.
VitHeadlessService: processing queued command on JUCE message thread: {"cmd":"seek","time":2.58030891418457}
Command received: {"cmd":"seek","time":2.58030891418457}
CommandDispatcher::handleSeek: position set to 2.5803s
Command executed: seek, result: {
  "status": "ok",
  "message": "Seek executed",
  "position_seconds": 2.58030891418457
}
VitHeadlessService: command reply (truncated): {
  "status": "ok",
  "message": "Seek executed",
  "position_seconds": 2.58030891418457
}
ZmqGateway: received command payload: {"cmd":"seek","time":2.58030891418457}
ZmqGateway: dispatching payload to JUCE message thread.
VitHeadlessService: processing queued command on JUCE message thread: {"cmd":"seek","time":2.58030891418457}
Command received: {"cmd":"seek","time":2.58030891418457}
CommandDispatcher::handleSeek: position set to 2.5803s
Command executed: seek, result: {
  "status": "ok",
  "message": "Seek executed",
  "position_seconds": 2.58030891418457
}
VitHeadlessService: command reply (truncated): {
  "status": "ok",
  "message": "Seek executed",
  "position_seconds": 2.58030891418457
}
ZmqGateway: received command payload: {"cmd":"seek","time":2.58030891418457}
ZmqGateway: dispatching payload to JUCE message thread.
VitHeadlessService: processing queued command on JUCE message thread: {"cmd":"seek","time":2.58030891418457}
Command received: {"cmd":"seek","time":2.58030891418457}
CommandDispatcher::handleSeek: position set to 2.5803s
Command executed: seek, result: {
  "status": "ok",
  "message": "Seek executed",
  "position_seconds": 2.58030891418457
}
VitHeadlessService: command reply (truncated): {
  "status": "ok",
  "message": "Seek executed",
  "position_seconds": 2.58030891418457
}
ZmqGateway: received command payload: {"cmd":"seek","time":2.58030891418457}
ZmqGateway: dispatching payload to JUCE message thread.
VitHeadlessService: processing queued command on JUCE message thread: {"cmd":"seek","time":2.58030891418457}
Command received: {"cmd":"seek","time":2.58030891418457}
CommandDispatcher::handleSeek: position set to 2.5803s
Command executed: seek, result: {
  "status": "ok",
  "message": "Seek executed",
  "position_seconds": 2.58030891418457
}
VitHeadlessService: command reply (truncated): {
  "status": "ok",
  "message": "Seek executed",
  "position_seconds": 2.58030891418457
}
ZmqGateway: received command payload: {"cmd":"seek","time":2.58030891418457}
ZmqGateway: dispatching payload to JUCE message thread.
VitHeadlessService: processing queued command on JUCE message thread: {"cmd":"seek","time":2.58030891418457}
Command received: {"cmd":"seek","time":2.58030891418457}
CommandDispatcher::handleSeek: position set to 2.5803s
Command executed: seek, result: {
  "status": "ok",
  "message": "Seek executed",
  "position_seconds": 2.58030891418457
}
VitHeadlessService: command reply (truncated): {
  "status": "ok",
  "message": "Seek executed",
  "position_seconds": 2.58030891418457
}
ZmqGateway: received command payload: {"cmd":"seek","time":2.59585380554199}
ZmqGateway: dispatching payload to JUCE message thread.
VitHeadlessService: processing queued command on JUCE message thread: {"cmd":"seek","time":2.59585380554199}
Command received: {"cmd":"seek","time":2.59585380554199}
CommandDispatcher::handleSeek: position set to 2.5959s
Command executed: seek, result: {
  "status": "ok",
  "message": "Seek executed",
  "position_seconds": 2.59585380554199
}
VitHeadlessService: command reply (truncated): {
  "status": "ok",
  "message": "Seek executed",
  "position_seconds": 2.59585380554199
}
ZmqGateway: received command payload: {"cmd":"seek","time":2.59585380554199}
ZmqGateway: dispatching payload to JUCE message thread.
VitHeadlessService: processing queued command on JUCE message thread: {"cmd":"seek","time":2.59585380554199}
Command received: {"cmd":"seek","time":2.59585380554199}
CommandDispatcher::handleSeek: position set to 2.5959s
Command executed: seek, result: {
  "status": "ok",
  "message": "Seek executed",
  "position_seconds": 2.59585380554199
}
VitHeadlessService: command reply (truncated): {
  "status": "ok",
  "message": "Seek executed",
  "position_seconds": 2.59585380554199
}
ZmqGateway: received command payload: {"cmd":"seek","time":2.59585380554199}
ZmqGateway: dispatching payload to JUCE message thread.
VitHeadlessService: processing queued command on JUCE message thread: {"cmd":"seek","time":2.59585380554199}
Command received: {"cmd":"seek","time":2.59585380554199}
CommandDispatcher::handleSeek: position set to 2.5959s
Command executed: seek, result: {
  "status": "ok",
  "message": "Seek executed",
  "position_seconds": 2.59585380554199
}
VitHeadlessService: command reply (truncated): {
  "status": "ok",
  "message": "Seek executed",
  "position_seconds": 2.59585380554199
}
ZmqGateway: received command payload: {"cmd":"seek","time":2.59585380554199}
ZmqGateway: dispatching payload to JUCE message thread.
VitHeadlessService: processing queued command on JUCE message thread: {"cmd":"seek","time":2.59585380554199}
Command received: {"cmd":"seek","time":2.59585380554199}
CommandDispatcher::handleSeek: position set to 2.5959s
Command executed: seek, result: {
  "status": "ok",
  "message": "Seek executed",
  "position_seconds": 2.59585380554199
}
VitHeadlessService: command reply (truncated): {
  "status": "ok",
  "message": "Seek executed",
  "position_seconds": 2.59585380554199
}
ZmqGateway: received command payload: {"cmd":"seek","time":2.59585380554199}
ZmqGateway: dispatching payload to JUCE message thread.
VitHeadlessService: processing queued command on JUCE message thread: {"cmd":"seek","time":2.59585380554199}
Command received: {"cmd":"seek","time":2.59585380554199}
CommandDispatcher::handleSeek: position set to 2.5959s
Command executed: seek, result: {
  "status": "ok",
  "message": "Seek executed",
  "position_seconds": 2.59585380554199
}
VitHeadlessService: command reply (truncated): {
  "status": "ok",
  "message": "Seek executed",
  "position_seconds": 2.59585380554199
}
ZmqGateway: received command payload: {"cmd":"seek","time":2.59585380554199}
ZmqGateway: dispatching payload to JUCE message thread.
VitHeadlessService: processing queued command on JUCE message thread: {"cmd":"seek","time":2.59585380554199}
Command received: {"cmd":"seek","time":2.59585380554199}
CommandDispatcher::handleSeek: position set to 2.5959s
Command executed: seek, result: {
  "status": "ok",
  "message": "Seek executed",
  "position_seconds": 2.59585380554199
}
VitHeadlessService: command reply (truncated): {
  "status": "ok",
  "message": "Seek executed",
  "position_seconds": 2.59585380554199
}
ZmqGateway: received command payload: {"cmd":"seek","time":2.59585380554199}
ZmqGateway: dispatching payload to JUCE message thread.
VitHeadlessService: processing queued command on JUCE message thread: {"cmd":"seek","time":2.59585380554199}
Command received: {"cmd":"seek","time":2.59585380554199}
CommandDispatcher::handleSeek: position set to 2.5959s
Command executed: seek, result: {
  "status": "ok",
  "message": "Seek executed",
  "position_seconds": 2.59585380554199
}
VitHeadlessService: command reply (truncated): {
  "status": "ok",
  "message": "Seek executed",
  "position_seconds": 2.59585380554199
}
ZmqGateway: received command payload: {"cmd":"seek","time":2.59585380554199}
ZmqGateway: dispatching payload to JUCE message thread.
VitHeadlessService: processing queued command on JUCE message thread: {"cmd":"seek","time":2.59585380554199}
Command received: {"cmd":"seek","time":2.59585380554199}
CommandDispatcher::handleSeek: position set to 2.5959s
Command executed: seek, result: {
  "status": "ok",
  "message": "Seek executed",
  "position_seconds": 2.59585380554199
}
VitHeadlessService: command reply (truncated): {
  "status": "ok",
  "message": "Seek executed",
  "position_seconds": 2.59585380554199
}
ZmqGateway: received command payload: {"cmd":"seek","time":2.64248561859131}
ZmqGateway: dispatching payload to JUCE message thread.
VitHeadlessService: processing queued command on JUCE message thread: {"cmd":"seek","time":2.64248561859131}
Command received: {"cmd":"seek","time":2.64248561859131}
CommandDispatcher::handleSeek: position set to 2.6425s
Command executed: seek, result: {
  "status": "ok",
  "message": "Seek executed",
  "position_seconds": 2.64248561859131
}
VitHeadlessService: command reply (truncated): {
  "status": "ok",
  "message": "Seek executed",
  "position_seconds": 2.64248561859131
}
ZmqGateway: received command payload: {"cmd":"seek","time":2.68911743164063}
ZmqGateway: dispatching payload to JUCE message thread.
VitHeadlessService: processing queued command on JUCE message thread: {"cmd":"seek","time":2.68911743164063}
Command received: {"cmd":"seek","time":2.68911743164063}
CommandDispatcher::handleSeek: position set to 2.6891s
Command executed: seek, result: {
  "status": "ok",
  "message": "Seek executed",
  "position_seconds": 2.68911743164063
}
VitHeadlessService: command reply (truncated): {
  "status": "ok",
  "message": "Seek executed",
  "position_seconds": 2.68911743164063
}
ZmqGateway: received command payload: {"cmd":"seek","time":2.75129413604736}
ZmqGateway: dispatching payload to JUCE message thread.
VitHeadlessService: processing queued command on JUCE message thread: {"cmd":"seek","time":2.75129413604736}
Command received: {"cmd":"seek","time":2.75129413604736}
CommandDispatcher::handleSeek: position set to 2.7513s
Command executed: seek, result: {
  "status": "ok",
  "message": "Seek executed",
  "position_seconds": 2.75129413604736
}
VitHeadlessService: command reply (truncated): {
  "status": "ok",
  "message": "Seek executed",
  "position_seconds": 2.75129413604736
}
ZmqGateway: received command payload: {"cmd":"seek","time":2.81346988677979}
ZmqGateway: dispatching payload to JUCE message thread.
VitHeadlessService: processing queued command on JUCE message thread: {"cmd":"seek","time":2.81346988677979}
Command received: {"cmd":"seek","time":2.81346988677979}
CommandDispatcher::handleSeek: position set to 2.8135s
Command executed: seek, result: {
  "status": "ok",
  "message": "Seek executed",
  "position_seconds": 2.81346988677979
}
VitHeadlessService: command reply (truncated): {
  "status": "ok",
  "message": "Seek executed",
  "position_seconds": 2.81346988677979
}
ZmqGateway: received command payload: {"cmd":"seek","time":2.86010265350342}
ZmqGateway: dispatching payload to JUCE message thread.
VitHeadlessService: processing queued command on JUCE message thread: {"cmd":"seek","time":2.86010265350342}
Command received: {"cmd":"seek","time":2.86010265350342}
CommandDispatcher::handleSeek: position set to 2.8601s
Command executed: seek, result: {
  "status": "ok",
  "message": "Seek executed",
  "position_seconds": 2.86010265350342
}
VitHeadlessService: command reply (truncated): {
  "status": "ok",
  "message": "Seek executed",
  "position_seconds": 2.86010265350342
}
ZmqGateway: received command payload: {"cmd":"seek","time":2.90673446655273}
ZmqGateway: dispatching payload to JUCE message thread.
VitHeadlessService: processing queued command on JUCE message thread: {"cmd":"seek","time":2.90673446655273}
Command received: {"cmd":"seek","time":2.90673446655273}
CommandDispatcher::handleSeek: position set to 2.9067s
Command executed: seek, result: {
  "status": "ok",
  "message": "Seek executed",
  "position_seconds": 2.90673446655273
}
VitHeadlessService: command reply (truncated): {
  "status": "ok",
  "message": "Seek executed",
  "position_seconds": 2.90673446655273
}
ZmqGateway: received command payload: {"cmd":"seek","time":2.95336627960205}
ZmqGateway: dispatching payload to JUCE message thread.
VitHeadlessService: processing queued command on JUCE message thread: {"cmd":"seek","time":2.95336627960205}
Command received: {"cmd":"seek","time":2.95336627960205}
CommandDispatcher::handleSeek: position set to 2.9534s
Command executed: seek, result: {
  "status": "ok",
  "message": "Seek executed",
  "position_seconds": 2.95336627960205
}
VitHeadlessService: command reply (truncated): {
  "status": "ok",
  "message": "Seek executed",
  "position_seconds": 2.95336627960205
}
ZmqGateway: received command payload: {"cmd":"seek","time":2.98445510864258}
ZmqGateway: dispatching payload to JUCE message thread.
VitHeadlessService: processing queued command on JUCE message thread: {"cmd":"seek","time":2.98445510864258}
Command received: {"cmd":"seek","time":2.98445510864258}
CommandDispatcher::handleSeek: position set to 2.9845s
Command executed: seek, result: {
  "status": "ok",
  "message": "Seek executed",
  "position_seconds": 2.98445510864258
}
VitHeadlessService: command reply (truncated): {
  "status": "ok",
  "message": "Seek executed",
  "position_seconds": 2.98445510864258
}
ZmqGateway: received command payload: {"cmd":"seek","time":2.99999809265137}
ZmqGateway: dispatching payload to JUCE message thread.
VitHeadlessService: processing queued command on JUCE message thread: {"cmd":"seek","time":2.99999809265137}
Command received: {"cmd":"seek","time":2.99999809265137}
CommandDispatcher::handleSeek: position set to 3.0000s
Command executed: seek, result: {
  "status": "ok",
  "message": "Seek executed",
  "position_seconds": 2.99999809265137
}
VitHeadlessService: command reply (truncated): {
  "status": "ok",
  "message": "Seek executed",
  "position_seconds": 2.99999809265137
}
ZmqGateway: received command payload: {"cmd":"seek","time":2.99999809265137}
ZmqGateway: dispatching payload to JUCE message thread.
VitHeadlessService: processing queued command on JUCE message thread: {"cmd":"seek","time":2.99999809265137}
Command received: {"cmd":"seek","time":2.99999809265137}
CommandDispatcher::handleSeek: position set to 3.0000s
Command executed: seek, result: {
  "status": "ok",
  "message": "Seek executed",
  "position_seconds": 2.99999809265137
}
VitHeadlessService: command reply (truncated): {
  "status": "ok",
  "message": "Seek executed",
  "position_seconds": 2.99999809265137
}
ZmqGateway: received command payload: {"cmd":"seek","time":2.99999809265137}
ZmqGateway: dispatching payload to JUCE message thread.
VitHeadlessService: processing queued command on JUCE message thread: {"cmd":"seek","time":2.99999809265137}
Command received: {"cmd":"seek","time":2.99999809265137}
CommandDispatcher::handleSeek: position set to 3.0000s
Command executed: seek, result: {
  "status": "ok",
  "message": "Seek executed",
  "position_seconds": 2.99999809265137
}
VitHeadlessService: command reply (truncated): {
  "status": "ok",
  "message": "Seek executed",
  "position_seconds": 2.99999809265137
}
ZmqGateway: received command payload: {"cmd":"seek","time":2.99999809265137}
ZmqGateway: dispatching payload to JUCE message thread.
VitHeadlessService: processing queued command on JUCE message thread: {"cmd":"seek","time":2.99999809265137}
Command received: {"cmd":"seek","time":2.99999809265137}
CommandDispatcher::handleSeek: position set to 3.0000s
Command executed: seek, result: {
  "status": "ok",
  "message": "Seek executed",
  "position_seconds": 2.99999809265137
}
VitHeadlessService: command reply (truncated): {
  "status": "ok",
  "message": "Seek executed",
  "position_seconds": 2.99999809265137
}
ZmqGateway: received command payload: {"cmd":"seek","time":2.99999809265137}
ZmqGateway: dispatching payload to JUCE message thread.
VitHeadlessService: processing queued command on JUCE message thread: {"cmd":"seek","time":2.99999809265137}
Command received: {"cmd":"seek","time":2.99999809265137}
CommandDispatcher::handleSeek: position set to 3.0000s
Command executed: seek, result: {
  "status": "ok",
  "message": "Seek executed",
  "position_seconds": 2.99999809265137
}
VitHeadlessService: command reply (truncated): {
  "status": "ok",
  "message": "Seek executed",
  "position_seconds": 2.99999809265137
}
ZmqGateway: received command payload: {"cmd":"seek","time":2.99999809265137}
ZmqGateway: dispatching payload to JUCE message thread.
VitHeadlessService: processing queued command on JUCE message thread: {"cmd":"seek","time":2.99999809265137}
Command received: {"cmd":"seek","time":2.99999809265137}
CommandDispatcher::handleSeek: position set to 3.0000s
Command executed: seek, result: {
  "status": "ok",
  "message": "Seek executed",
  "position_seconds": 2.99999809265137
}
VitHeadlessService: command reply (truncated): {
  "status": "ok",
  "message": "Seek executed",
  "position_seconds": 2.99999809265137
}
ZmqGateway: received command payload: {"cmd":"seek","time":2.99999809265137}
ZmqGateway: dispatching payload to JUCE message thread.
VitHeadlessService: processing queued command on JUCE message thread: {"cmd":"seek","time":2.99999809265137}
Command received: {"cmd":"seek","time":2.99999809265137}
CommandDispatcher::handleSeek: position set to 3.0000s
Command executed: seek, result: {
  "status": "ok",
  "message": "Seek executed",
  "position_seconds": 2.99999809265137
}
VitHeadlessService: command reply (truncated): {
  "status": "ok",
  "message": "Seek executed",
  "position_seconds": 2.99999809265137
}
ZmqGateway: received command payload: {"cmd":"seek","time":2.99999809265137}
ZmqGateway: dispatching payload to JUCE message thread.
VitHeadlessService: processing queued command on JUCE message thread: {"cmd":"seek","time":2.99999809265137}
Command received: {"cmd":"seek","time":2.99999809265137}
CommandDispatcher::handleSeek: position set to 3.0000s
Command executed: seek, result: {
  "status": "ok",
  "message": "Seek executed",
  "position_seconds": 2.99999809265137
}
VitHeadlessService: command reply (truncated): {
  "status": "ok",
  "message": "Seek executed",
  "position_seconds": 2.99999809265137
}
ZmqGateway: received command payload: {"cmd":"seek","time":2.99999809265137}
ZmqGateway: dispatching payload to JUCE message thread.
VitHeadlessService: processing queued command on JUCE message thread: {"cmd":"seek","time":2.99999809265137}
Command received: {"cmd":"seek","time":2.99999809265137}
CommandDispatcher::handleSeek: position set to 3.0000s
Command executed: seek, result: {
  "status": "ok",
  "message": "Seek executed",
  "position_seconds": 2.99999809265137
}
VitHeadlessService: command reply (truncated): {
  "status": "ok",
  "message": "Seek executed",
  "position_seconds": 2.99999809265137
}
ZmqGateway: received command payload: {"cmd":"seek","time":2.99999809265137}
ZmqGateway: dispatching payload to JUCE message thread.
VitHeadlessService: processing queued command on JUCE message thread: {"cmd":"seek","time":2.99999809265137}
Command received: {"cmd":"seek","time":2.99999809265137}
CommandDispatcher::handleSeek: position set to 3.0000s
Command executed: seek, result: {
  "status": "ok",
  "message": "Seek executed",
  "position_seconds": 2.99999809265137
}
VitHeadlessService: command reply (truncated): {
  "status": "ok",
  "message": "Seek executed",
  "position_seconds": 2.99999809265137
}
ZmqGateway: received command payload: {"cmd":"seek","time":2.99999809265137}
ZmqGateway: dispatching payload to JUCE message thread.
VitHeadlessService: processing queued command on JUCE message thread: {"cmd":"seek","time":2.99999809265137}
Command received: {"cmd":"seek","time":2.99999809265137}
CommandDispatcher::handleSeek: position set to 3.0000s
Command executed: seek, result: {
  "status": "ok",
  "message": "Seek executed",
  "position_seconds": 2.99999809265137
}
VitHeadlessService: command reply (truncated): {
  "status": "ok",
  "message": "Seek executed",
  "position_seconds": 2.99999809265137
}
ZmqGateway: received command payload: {"cmd":"seek","time":2.99999809265137}
ZmqGateway: dispatching payload to JUCE message thread.
VitHeadlessService: processing queued command on JUCE message thread: {"cmd":"seek","time":2.99999809265137}
Command received: {"cmd":"seek","time":2.99999809265137}
CommandDispatcher::handleSeek: position set to 3.0000s
Command executed: seek, result: {
  "status": "ok",
  "message": "Seek executed",
  "position_seconds": 2.99999809265137
}
VitHeadlessService: command reply (truncated): {
  "status": "ok",
  "message": "Seek executed",
  "position_seconds": 2.99999809265137
}
ZmqGateway: received command payload: {"cmd":"seek","time":2.99999809265137}
ZmqGateway: dispatching payload to JUCE message thread.
VitHeadlessService: processing queued command on JUCE message thread: {"cmd":"seek","time":2.99999809265137}
Command received: {"cmd":"seek","time":2.99999809265137}
CommandDispatcher::handleSeek: position set to 3.0000s
Command executed: seek, result: {
  "status": "ok",
  "message": "Seek executed",
  "position_seconds": 2.99999809265137
}
VitHeadlessService: command reply (truncated): {
  "status": "ok",
  "message": "Seek executed",
  "position_seconds": 2.99999809265137
}
ZmqGateway: received command payload: {"cmd":"seek","time":2.99999809265137}
ZmqGateway: dispatching payload to JUCE message thread.
VitHeadlessService: processing queued command on JUCE message thread: {"cmd":"seek","time":2.99999809265137}
Command received: {"cmd":"seek","time":2.99999809265137}
CommandDispatcher::handleSeek: position set to 3.0000s
Command executed: seek, result: {
  "status": "ok",
  "message": "Seek executed",
  "position_seconds": 2.99999809265137
}
VitHeadlessService: command reply (truncated): {
  "status": "ok",
  "message": "Seek executed",
  "position_seconds": 2.99999809265137
}
ZmqGateway: received command payload: {"cmd":"seek","time":2.99999809265137}
ZmqGateway: dispatching payload to JUCE message thread.
VitHeadlessService: processing queued command on JUCE message thread: {"cmd":"seek","time":2.99999809265137}
Command received: {"cmd":"seek","time":2.99999809265137}
CommandDispatcher::handleSeek: position set to 3.0000s
Command executed: seek, result: {
  "status": "ok",
  "message": "Seek executed",
  "position_seconds": 2.99999809265137
}
VitHeadlessService: command reply (truncated): {
  "status": "ok",
  "message": "Seek executed",
  "position_seconds": 2.99999809265137
}
ZmqGateway: received command payload: {"cmd":"seek","time":2.99999809265137}
ZmqGateway: dispatching payload to JUCE message thread.
VitHeadlessService: processing queued command on JUCE message thread: {"cmd":"seek","time":2.99999809265137}
Command received: {"cmd":"seek","time":2.99999809265137}
CommandDispatcher::handleSeek: position set to 3.0000s
Command executed: seek, result: {
  "status": "ok",
  "message": "Seek executed",
  "position_seconds": 2.99999809265137
}
VitHeadlessService: command reply (truncated): {
  "status": "ok",
  "message": "Seek executed",
  "position_seconds": 2.99999809265137
}
ZmqGateway: received command payload: {"cmd":"seek","time":2.99999809265137}
ZmqGateway: dispatching payload to JUCE message thread.
VitHeadlessService: processing queued command on JUCE message thread: {"cmd":"seek","time":2.99999809265137}
Command received: {"cmd":"seek","time":2.99999809265137}
CommandDispatcher::handleSeek: position set to 3.0000s
Command executed: seek, result: {
  "status": "ok",
  "message": "Seek executed",
  "position_seconds": 2.99999809265137
}
VitHeadlessService: command reply (truncated): {
  "status": "ok",
  "message": "Seek executed",
  "position_seconds": 2.99999809265137
}
ZmqGateway: received command payload: {"cmd":"seek","time":2.99999809265137}
ZmqGateway: dispatching payload to JUCE message thread.
VitHeadlessService: processing queued command on JUCE message thread: {"cmd":"seek","time":2.99999809265137}
Command received: {"cmd":"seek","time":2.99999809265137}
CommandDispatcher::handleSeek: position set to 3.0000s
Command executed: seek, result: {
  "status": "ok",
  "message": "Seek executed",
  "position_seconds": 2.99999809265137
}
VitHeadlessService: command reply (truncated): {
  "status": "ok",
  "message": "Seek executed",
  "position_seconds": 2.99999809265137
}
ZmqGateway: received command payload: {"cmd":"seek","time":2.99999809265137}
ZmqGateway: dispatching payload to JUCE message thread.
VitHeadlessService: processing queued command on JUCE message thread: {"cmd":"seek","time":2.99999809265137}
Command received: {"cmd":"seek","time":2.99999809265137}
CommandDispatcher::handleSeek: position set to 3.0000s
Command executed: seek, result: {
  "status": "ok",
  "message": "Seek executed",
  "position_seconds": 2.99999809265137
}
VitHeadlessService: command reply (truncated): {
  "status": "ok",
  "message": "Seek executed",
  "position_seconds": 2.99999809265137
}
ZmqGateway: received command payload: {"cmd":"seek","time":2.99999809265137}
ZmqGateway: dispatching payload to JUCE message thread.
VitHeadlessService: processing queued command on JUCE message thread: {"cmd":"seek","time":2.99999809265137}
Command received: {"cmd":"seek","time":2.99999809265137}
CommandDispatcher::handleSeek: position set to 3.0000s
Command executed: seek, result: {
  "status": "ok",
  "message": "Seek executed",
  "position_seconds": 2.99999809265137
}
VitHeadlessService: command reply (truncated): {
  "status": "ok",
  "message": "Seek executed",
  "position_seconds": 2.99999809265137
}
ZmqGateway: received command payload: {"cmd":"seek","time":2.99999809265137}
ZmqGateway: dispatching payload to JUCE message thread.
VitHeadlessService: processing queued command on JUCE message thread: {"cmd":"seek","time":2.99999809265137}
Command received: {"cmd":"seek","time":2.99999809265137}
CommandDispatcher::handleSeek: position set to 3.0000s
Command executed: seek, result: {
  "status": "ok",
  "message": "Seek executed",
  "position_seconds": 2.99999809265137
}
VitHeadlessService: command reply (truncated): {
  "status": "ok",
  "message": "Seek executed",
  "position_seconds": 2.99999809265137
}
ZmqGateway: received command payload: {"cmd":"seek","time":2.99999809265137}
ZmqGateway: dispatching payload to JUCE message thread.
VitHeadlessService: processing queued command on JUCE message thread: {"cmd":"seek","time":2.99999809265137}
Command received: {"cmd":"seek","time":2.99999809265137}
CommandDispatcher::handleSeek: position set to 3.0000s
Command executed: seek, result: {
  "status": "ok",
  "message": "Seek executed",
  "position_seconds": 2.99999809265137
}
VitHeadlessService: command reply (truncated): {
  "status": "ok",
  "message": "Seek executed",
  "position_seconds": 2.99999809265137
}
ZmqGateway: received command payload: {"cmd":"seek","time":2.99999809265137}
ZmqGateway: dispatching payload to JUCE message thread.
VitHeadlessService: processing queued command on JUCE message thread: {"cmd":"seek","time":2.99999809265137}
Command received: {"cmd":"seek","time":2.99999809265137}
CommandDispatcher::handleSeek: position set to 3.0000s
Command executed: seek, result: {
  "status": "ok",
  "message": "Seek executed",
  "position_seconds": 2.99999809265137
}
VitHeadlessService: command reply (truncated): {
  "status": "ok",
  "message": "Seek executed",
  "position_seconds": 2.99999809265137
}
ZmqGateway: received command payload: {"cmd":"seek","time":2.99999809265137}
ZmqGateway: dispatching payload to JUCE message thread.
VitHeadlessService: processing queued command on JUCE message thread: {"cmd":"seek","time":2.99999809265137}
Command received: {"cmd":"seek","time":2.99999809265137}
CommandDispatcher::handleSeek: position set to 3.0000s
Command executed: seek, result: {
  "status": "ok",
  "message": "Seek executed",
  "position_seconds": 2.99999809265137
}
VitHeadlessService: command reply (truncated): {
  "status": "ok",
  "message": "Seek executed",
  "position_seconds": 2.99999809265137
}
ZmqGateway: received command payload: {"cmd":"seek","time":2.99999809265137}
ZmqGateway: dispatching payload to JUCE message thread.
VitHeadlessService: processing queued command on JUCE message thread: {"cmd":"seek","time":2.99999809265137}
Command received: {"cmd":"seek","time":2.99999809265137}
CommandDispatcher::handleSeek: position set to 3.0000s
Command executed: seek, result: {
  "status": "ok",
  "message": "Seek executed",
  "position_seconds": 2.99999809265137
}
VitHeadlessService: command reply (truncated): {
  "status": "ok",
  "message": "Seek executed",
  "position_seconds": 2.99999809265137
}
ZmqGateway: received command payload: {"cmd":"seek","time":2.99999809265137}
ZmqGateway: dispatching payload to JUCE message thread.
VitHeadlessService: processing queued command on JUCE message thread: {"cmd":"seek","time":2.99999809265137}
Command received: {"cmd":"seek","time":2.99999809265137}
CommandDispatcher::handleSeek: position set to 3.0000s
Command executed: seek, result: {
  "status": "ok",
  "message": "Seek executed",
  "position_seconds": 2.99999809265137
}
VitHeadlessService: command reply (truncated): {
  "status": "ok",
  "message": "Seek executed",
  "position_seconds": 2.99999809265137
}
ZmqGateway: received command payload: {"cmd":"seek","time":2.99999809265137}
ZmqGateway: dispatching payload to JUCE message thread.
VitHeadlessService: processing queued command on JUCE message thread: {"cmd":"seek","time":2.99999809265137}
Command received: {"cmd":"seek","time":2.99999809265137}
CommandDispatcher::handleSeek: position set to 3.0000s
Command executed: seek, result: {
  "status": "ok",
  "message": "Seek executed",
  "position_seconds": 2.99999809265137
}
VitHeadlessService: command reply (truncated): {
  "status": "ok",
  "message": "Seek executed",
  "position_seconds": 2.99999809265137
}
ZmqGateway: received command payload: {"cmd":"seek","time":2.99999809265137}
ZmqGateway: dispatching payload to JUCE message thread.
VitHeadlessService: processing queued command on JUCE message thread: {"cmd":"seek","time":2.99999809265137}
Command received: {"cmd":"seek","time":2.99999809265137}
CommandDispatcher::handleSeek: position set to 3.0000s
Command executed: seek, result: {
  "status": "ok",
  "message": "Seek executed",
  "position_seconds": 2.99999809265137
}
VitHeadlessService: command reply (truncated): {
  "status": "ok",
  "message": "Seek executed",
  "position_seconds": 2.99999809265137
}
ZmqGateway: received command payload: {"cmd":"seek","time":2.99999809265137}
ZmqGateway: dispatching payload to JUCE message thread.
VitHeadlessService: processing queued command on JUCE message thread: {"cmd":"seek","time":2.99999809265137}
Command received: {"cmd":"seek","time":2.99999809265137}
CommandDispatcher::handleSeek: position set to 3.0000s
Command executed: seek, result: {
  "status": "ok",
  "message": "Seek executed",
  "position_seconds": 2.99999809265137
}
VitHeadlessService: command reply (truncated): {
  "status": "ok",
  "message": "Seek executed",
  "position_seconds": 2.99999809265137
}
ZmqGateway: received command payload: {"cmd":"seek","time":2.99999809265137}
ZmqGateway: dispatching payload to JUCE message thread.
VitHeadlessService: processing queued command on JUCE message thread: {"cmd":"seek","time":2.99999809265137}
Command received: {"cmd":"seek","time":2.99999809265137}
CommandDispatcher::handleSeek: position set to 3.0000s
Command executed: seek, result: {
  "status": "ok",
  "message": "Seek executed",
  "position_seconds": 2.99999809265137
}
VitHeadlessService: command reply (truncated): {
  "status": "ok",
  "message": "Seek executed",
  "position_seconds": 2.99999809265137
}
ZmqGateway: received command payload: {"cmd":"seek","time":2.99999809265137}
ZmqGateway: dispatching payload to JUCE message thread.
VitHeadlessService: processing queued command on JUCE message thread: {"cmd":"seek","time":2.99999809265137}
Command received: {"cmd":"seek","time":2.99999809265137}
CommandDispatcher::handleSeek: position set to 3.0000s
Command executed: seek, result: {
  "status": "ok",
  "message": "Seek executed",
  "position_seconds": 2.99999809265137
}
VitHeadlessService: command reply (truncated): {
  "status": "ok",
  "message": "Seek executed",
  "position_seconds": 2.99999809265137
}
ZmqGateway: received command payload: {"cmd":"seek","time":2.99999809265137}
ZmqGateway: dispatching payload to JUCE message thread.
VitHeadlessService: processing queued command on JUCE message thread: {"cmd":"seek","time":2.99999809265137}
Command received: {"cmd":"seek","time":2.99999809265137}
CommandDispatcher::handleSeek: position set to 3.0000s
Command executed: seek, result: {
  "status": "ok",
  "message": "Seek executed",
  "position_seconds": 2.99999809265137
}
VitHeadlessService: command reply (truncated): {
  "status": "ok",
  "message": "Seek executed",
  "position_seconds": 2.99999809265137
}
ZmqGateway: received command payload: {"cmd":"seek","time":2.99999809265137}
ZmqGateway: dispatching payload to JUCE message thread.
VitHeadlessService: processing queued command on JUCE message thread: {"cmd":"seek","time":2.99999809265137}
Command received: {"cmd":"seek","time":2.99999809265137}
CommandDispatcher::handleSeek: position set to 3.0000s
Command executed: seek, result: {
  "status": "ok",
  "message": "Seek executed",
  "position_seconds": 2.99999809265137
}
VitHeadlessService: command reply (truncated): {
  "status": "ok",
  "message": "Seek executed",
  "position_seconds": 2.99999809265137
}
ZmqGateway: received command payload: {"cmd":"seek","time":2.99999809265137}
ZmqGateway: dispatching payload to JUCE message thread.
VitHeadlessService: processing queued command on JUCE message thread: {"cmd":"seek","time":2.99999809265137}
Command received: {"cmd":"seek","time":2.99999809265137}
CommandDispatcher::handleSeek: position set to 3.0000s
Command executed: seek, result: {
  "status": "ok",
  "message": "Seek executed",
  "position_seconds": 2.99999809265137
}
VitHeadlessService: command reply (truncated): {
  "status": "ok",
  "message": "Seek executed",
  "position_seconds": 2.99999809265137
}
ZmqGateway: received command payload: {"cmd":"seek","time":2.98445510864258}
ZmqGateway: dispatching payload to JUCE message thread.
VitHeadlessService: processing queued command on JUCE message thread: {"cmd":"seek","time":2.98445510864258}
Command received: {"cmd":"seek","time":2.98445510864258}
CommandDispatcher::handleSeek: position set to 2.9845s
Command executed: seek, result: {
  "status": "ok",
  "message": "Seek executed",
  "position_seconds": 2.98445510864258
}
VitHeadlessService: command reply (truncated): {
  "status": "ok",
  "message": "Seek executed",
  "position_seconds": 2.98445510864258
}
ZmqGateway: received command payload: {"cmd":"seek","time":2.95336627960205}
ZmqGateway: dispatching payload to JUCE message thread.
VitHeadlessService: processing queued command on JUCE message thread: {"cmd":"seek","time":2.95336627960205}
Command received: {"cmd":"seek","time":2.95336627960205}
CommandDispatcher::handleSeek: position set to 2.9534s
Command executed: seek, result: {
  "status": "ok",
  "message": "Seek executed",
  "position_seconds": 2.95336627960205
}
VitHeadlessService: command reply (truncated): {
  "status": "ok",
  "message": "Seek executed",
  "position_seconds": 2.95336627960205
}
ZmqGateway: received command payload: {"cmd":"seek","time":2.90673446655273}
ZmqGateway: dispatching payload to JUCE message thread.
VitHeadlessService: processing queued command on JUCE message thread: {"cmd":"seek","time":2.90673446655273}
Command received: {"cmd":"seek","time":2.90673446655273}
CommandDispatcher::handleSeek: position set to 2.9067s
Command executed: seek, result: {
  "status": "ok",
  "message": "Seek executed",
  "position_seconds": 2.90673446655273
}
VitHeadlessService: command reply (truncated): {
  "status": "ok",
  "message": "Seek executed",
  "position_seconds": 2.90673446655273
}
ZmqGateway: received command payload: {"cmd":"seek","time":2.87564659118652}
ZmqGateway: dispatching payload to JUCE message thread.
VitHeadlessService: processing queued command on JUCE message thread: {"cmd":"seek","time":2.87564659118652}
Command received: {"cmd":"seek","time":2.87564659118652}
CommandDispatcher::handleSeek: position set to 2.8756s
Command executed: seek, result: {
  "status": "ok",
  "message": "Seek executed",
  "position_seconds": 2.87564659118652
}
VitHeadlessService: command reply (truncated): {
  "status": "ok",
  "message": "Seek executed",
  "position_seconds": 2.87564659118652
}
ZmqGateway: received command payload: {"cmd":"seek","time":2.84455871582031}
ZmqGateway: dispatching payload to JUCE message thread.
VitHeadlessService: processing queued command on JUCE message thread: {"cmd":"seek","time":2.84455871582031}
Command received: {"cmd":"seek","time":2.84455871582031}
CommandDispatcher::handleSeek: position set to 2.8446s
Command executed: seek, result: {
  "status": "ok",
  "message": "Seek executed",
  "position_seconds": 2.84455871582031
}
VitHeadlessService: command reply (truncated): {
  "status": "ok",
  "message": "Seek executed",
  "position_seconds": 2.84455871582031
}
ZmqGateway: received command payload: {"cmd":"seek","time":2.81346988677979}
ZmqGateway: dispatching payload to JUCE message thread.
VitHeadlessService: processing queued command on JUCE message thread: {"cmd":"seek","time":2.81346988677979}
Command received: {"cmd":"seek","time":2.81346988677979}
CommandDispatcher::handleSeek: position set to 2.8135s
Command executed: seek, result: {
  "status": "ok",
  "message": "Seek executed",
  "position_seconds": 2.81346988677979
}
VitHeadlessService: command reply (truncated): {
  "status": "ok",
  "message": "Seek executed",
  "position_seconds": 2.81346988677979
}
ZmqGateway: received command payload: {"cmd":"seek","time":2.78238201141357}
ZmqGateway: dispatching payload to JUCE message thread.
VitHeadlessService: processing queued command on JUCE message thread: {"cmd":"seek","time":2.78238201141357}
Command received: {"cmd":"seek","time":2.78238201141357}
CommandDispatcher::handleSeek: position set to 2.7824s
Command executed: seek, result: {
  "status": "ok",
  "message": "Seek executed",
  "position_seconds": 2.78238201141357
}
VitHeadlessService: command reply (truncated): {
  "status": "ok",
  "message": "Seek executed",
  "position_seconds": 2.78238201141357
}
ZmqGateway: received command payload: {"cmd":"seek","time":2.73575019836426}
ZmqGateway: dispatching payload to JUCE message thread.
VitHeadlessService: processing queued command on JUCE message thread: {"cmd":"seek","time":2.73575019836426}
Command received: {"cmd":"seek","time":2.73575019836426}
CommandDispatcher::handleSeek: position set to 2.7358s
Command executed: seek, result: {
  "status": "ok",
  "message": "Seek executed",
  "position_seconds": 2.73575019836426
}
VitHeadlessService: command reply (truncated): {
  "status": "ok",
  "message": "Seek executed",
  "position_seconds": 2.73575019836426
}
ZmqGateway: received command payload: {"cmd":"seek","time":2.70466232299805}
ZmqGateway: dispatching payload to JUCE message thread.
VitHeadlessService: processing queued command on JUCE message thread: {"cmd":"seek","time":2.70466232299805}
Command received: {"cmd":"seek","time":2.70466232299805}
CommandDispatcher::handleSeek: position set to 2.7047s
Command executed: seek, result: {
  "status": "ok",
  "message": "Seek executed",
  "position_seconds": 2.70466232299805
}
VitHeadlessService: command reply (truncated): {
  "status": "ok",
  "message": "Seek executed",
  "position_seconds": 2.70466232299805
}
ZmqGateway: received command payload: {"cmd":"seek","time":2.65802955627441}
ZmqGateway: dispatching payload to JUCE message thread.
VitHeadlessService: processing queued command on JUCE message thread: {"cmd":"seek","time":2.65802955627441}
Command received: {"cmd":"seek","time":2.65802955627441}
CommandDispatcher::handleSeek: position set to 2.6580s
Command executed: seek, result: {
  "status": "ok",
  "message": "Seek executed",
  "position_seconds": 2.65802955627441
}
VitHeadlessService: command reply (truncated): {
  "status": "ok",
  "message": "Seek executed",
  "position_seconds": 2.65802955627441
}
ZmqGateway: received command payload: {"cmd":"seek","time":2.6113977432251}
ZmqGateway: dispatching payload to JUCE message thread.
VitHeadlessService: processing queued command on JUCE message thread: {"cmd":"seek","time":2.6113977432251}
Command received: {"cmd":"seek","time":2.6113977432251}
CommandDispatcher::handleSeek: position set to 2.6114s
Command executed: seek, result: {
  "status": "ok",
  "message": "Seek executed",
  "position_seconds": 2.6113977432251
}
VitHeadlessService: command reply (truncated): {
  "status": "ok",
  "message": "Seek executed",
  "position_seconds": 2.6113977432251
}
ZmqGateway: received command payload: {"cmd":"seek","time":2.56476593017578}
ZmqGateway: dispatching payload to JUCE message thread.
VitHeadlessService: processing queued command on JUCE message thread: {"cmd":"seek","time":2.56476593017578}
Command received: {"cmd":"seek","time":2.56476593017578}
CommandDispatcher::handleSeek: position set to 2.5648s
Command executed: seek, result: {
  "status": "ok",
  "message": "Seek executed",
  "position_seconds": 2.56476593017578
}
VitHeadlessService: command reply (truncated): {
  "status": "ok",
  "message": "Seek executed",
  "position_seconds": 2.56476593017578
}
ZmqGateway: received command payload: {"cmd":"seek","time":2.53367710113525}
ZmqGateway: dispatching payload to JUCE message thread.
VitHeadlessService: processing queued command on JUCE message thread: {"cmd":"seek","time":2.53367710113525}
Command received: {"cmd":"seek","time":2.53367710113525}
CommandDispatcher::handleSeek: position set to 2.5337s
Command executed: seek, result: {
  "status": "ok",
  "message": "Seek executed",
  "position_seconds": 2.53367710113525
}
VitHeadlessService: command reply (truncated): {
  "status": "ok",
  "message": "Seek executed",
  "position_seconds": 2.53367710113525
}
ZmqGateway: received command payload: {"cmd":"seek","time":2.50258922576904}
ZmqGateway: dispatching payload to JUCE message thread.
VitHeadlessService: processing queued command on JUCE message thread: {"cmd":"seek","time":2.50258922576904}
Command received: {"cmd":"seek","time":2.50258922576904}
CommandDispatcher::handleSeek: position set to 2.5026s
Command executed: seek, result: {
  "status": "ok",
  "message": "Seek executed",
  "position_seconds": 2.50258922576904
}
VitHeadlessService: command reply (truncated): {
  "status": "ok",
  "message": "Seek executed",
  "position_seconds": 2.50258922576904
}
ZmqGateway: received command payload: {"cmd":"seek","time":2.47150135040283}
ZmqGateway: dispatching payload to JUCE message thread.
VitHeadlessService: processing queued command on JUCE message thread: {"cmd":"seek","time":2.47150135040283}
Command received: {"cmd":"seek","time":2.47150135040283}
CommandDispatcher::handleSeek: position set to 2.4715s
Command executed: seek, result: {
  "status": "ok",
  "message": "Seek executed",
  "position_seconds": 2.47150135040283
}
VitHeadlessService: command reply (truncated): {
  "status": "ok",
  "message": "Seek executed",
  "position_seconds": 2.47150135040283
}
ZmqGateway: received command payload: {"cmd":"seek","time":2.45595741271973}
ZmqGateway: dispatching payload to JUCE message thread.
VitHeadlessService: processing queued command on JUCE message thread: {"cmd":"seek","time":2.45595741271973}
Command received: {"cmd":"seek","time":2.45595741271973}
CommandDispatcher::handleSeek: position set to 2.4560s
Command executed: seek, result: {
  "status": "ok",
  "message": "Seek executed",
  "position_seconds": 2.45595741271973
}
VitHeadlessService: command reply (truncated): {
  "status": "ok",
  "message": "Seek executed",
  "position_seconds": 2.45595741271973
}
ZmqGateway: received command payload: {"cmd":"seek","time":2.44041347503662}
ZmqGateway: dispatching payload to JUCE message thread.
VitHeadlessService: processing queued command on JUCE message thread: {"cmd":"seek","time":2.44041347503662}
Command received: {"cmd":"seek","time":2.44041347503662}
CommandDispatcher::handleSeek: position set to 2.4404s
Command executed: seek, result: {
  "status": "ok",
  "message": "Seek executed",
  "position_seconds": 2.44041347503662
}
VitHeadlessService: command reply (truncated): {
  "status": "ok",
  "message": "Seek executed",
  "position_seconds": 2.44041347503662
}
ZmqGateway: received command payload: {"cmd":"seek","time":2.44041347503662}
ZmqGateway: dispatching payload to JUCE message thread.
VitHeadlessService: processing queued command on JUCE message thread: {"cmd":"seek","time":2.44041347503662}
Command received: {"cmd":"seek","time":2.44041347503662}
CommandDispatcher::handleSeek: position set to 2.4404s
Command executed: seek, result: {
  "status": "ok",
  "message": "Seek executed",
  "position_seconds": 2.44041347503662
}
VitHeadlessService: command reply (truncated): {
  "status": "ok",
  "message": "Seek executed",
  "position_seconds": 2.44041347503662
}
ZmqGateway: received command payload: {"cmd":"seek","time":2.44041347503662}
ZmqGateway: dispatching payload to JUCE message thread.
VitHeadlessService: processing queued command on JUCE message thread: {"cmd":"seek","time":2.44041347503662}
Command received: {"cmd":"seek","time":2.44041347503662}
CommandDispatcher::handleSeek: position set to 2.4404s
Command executed: seek, result: {
  "status": "ok",
  "message": "Seek executed",
  "position_seconds": 2.44041347503662
}
VitHeadlessService: command reply (truncated): {
  "status": "ok",
  "message": "Seek executed",
  "position_seconds": 2.44041347503662
}
ZmqGateway: received command payload: {"cmd":"seek","time":2.44041347503662}
ZmqGateway: dispatching payload to JUCE message thread.
VitHeadlessService: processing queued command on JUCE message thread: {"cmd":"seek","time":2.44041347503662}
Command received: {"cmd":"seek","time":2.44041347503662}
CommandDispatcher::handleSeek: position set to 2.4404s
Command executed: seek, result: {
  "status": "ok",
  "message": "Seek executed",
  "position_seconds": 2.44041347503662
}
VitHeadlessService: command reply (truncated): {
  "status": "ok",
  "message": "Seek executed",
  "position_seconds": 2.44041347503662
}
ZmqGateway: received command payload: {"cmd":"seek","time":2.44041347503662}
ZmqGateway: dispatching payload to JUCE message thread.
VitHeadlessService: processing queued command on JUCE message thread: {"cmd":"seek","time":2.44041347503662}
Command received: {"cmd":"seek","time":2.44041347503662}
CommandDispatcher::handleSeek: position set to 2.4404s
Command executed: seek, result: {
  "status": "ok",
  "message": "Seek executed",
  "position_seconds": 2.44041347503662
}
VitHeadlessService: command reply (truncated): {
  "status": "ok",
  "message": "Seek executed",
  "position_seconds": 2.44041347503662
}
ZmqGateway: received command payload: {"cmd":"seek","time":2.44041347503662}
ZmqGateway: dispatching payload to JUCE message thread.
VitHeadlessService: processing queued command on JUCE message thread: {"cmd":"seek","time":2.44041347503662}
Command received: {"cmd":"seek","time":2.44041347503662}
CommandDispatcher::handleSeek: position set to 2.4404s
Command executed: seek, result: {
  "status": "ok",
  "message": "Seek executed",
  "position_seconds": 2.44041347503662
}
VitHeadlessService: command reply (truncated): {
  "status": "ok",
  "message": "Seek executed",
  "position_seconds": 2.44041347503662
}
ZmqGateway: received command payload: {"cmd":"seek","time":2.44041347503662}
ZmqGateway: dispatching payload to JUCE message thread.
VitHeadlessService: processing queued command on JUCE message thread: {"cmd":"seek","time":2.44041347503662}
Command received: {"cmd":"seek","time":2.44041347503662}
CommandDispatcher::handleSeek: position set to 2.4404s
Command executed: seek, result: {
  "status": "ok",
  "message": "Seek executed",
  "position_seconds": 2.44041347503662
}
VitHeadlessService: command reply (truncated): {
  "status": "ok",
  "message": "Seek executed",
  "position_seconds": 2.44041347503662
}
ZmqGateway: received command payload: {"cmd":"seek","time":2.44041347503662}
ZmqGateway: dispatching payload to JUCE message thread.
VitHeadlessService: processing queued command on JUCE message thread: {"cmd":"seek","time":2.44041347503662}
Command received: {"cmd":"seek","time":2.44041347503662}
CommandDispatcher::handleSeek: position set to 2.4404s
Command executed: seek, result: {
  "status": "ok",
  "message": "Seek executed",
  "position_seconds": 2.44041347503662
}
VitHeadlessService: command reply (truncated): {
  "status": "ok",
  "message": "Seek executed",
  "position_seconds": 2.44041347503662
}
ZmqGateway: received command payload: {"cmd":"seek","time":2.44041347503662}
ZmqGateway: dispatching payload to JUCE message thread.
VitHeadlessService: processing queued command on JUCE message thread: {"cmd":"seek","time":2.44041347503662}
Command received: {"cmd":"seek","time":2.44041347503662}
CommandDispatcher::handleSeek: position set to 2.4404s
Command executed: seek, result: {
  "status": "ok",
  "message": "Seek executed",
  "position_seconds": 2.44041347503662
}
VitHeadlessService: command reply (truncated): {
  "status": "ok",
  "message": "Seek executed",
  "position_seconds": 2.44041347503662
}
ZmqGateway: received command payload: {"cmd":"seek","time":2.44041347503662}
ZmqGateway: dispatching payload to JUCE message thread.
VitHeadlessService: processing queued command on JUCE message thread: {"cmd":"seek","time":2.44041347503662}
Command received: {"cmd":"seek","time":2.44041347503662}
CommandDispatcher::handleSeek: position set to 2.4404s
Command executed: seek, result: {
  "status": "ok",
  "message": "Seek executed",
  "position_seconds": 2.44041347503662
}
VitHeadlessService: command reply (truncated): {
  "status": "ok",
  "message": "Seek executed",
  "position_seconds": 2.44041347503662
}
ZmqGateway: received command payload: {"cmd":"seek","time":2.44041347503662}
ZmqGateway: dispatching payload to JUCE message thread.
VitHeadlessService: processing queued command on JUCE message thread: {"cmd":"seek","time":2.44041347503662}
Command received: {"cmd":"seek","time":2.44041347503662}
CommandDispatcher::handleSeek: position set to 2.4404s
Command executed: seek, result: {
  "status": "ok",
  "message": "Seek executed",
  "position_seconds": 2.44041347503662
}
VitHeadlessService: command reply (truncated): {
  "status": "ok",
  "message": "Seek executed",
  "position_seconds": 2.44041347503662
}
ZmqGateway: received command payload: {"cmd":"seek","time":2.44041347503662}
ZmqGateway: dispatching payload to JUCE message thread.
VitHeadlessService: processing queued command on JUCE message thread: {"cmd":"seek","time":2.44041347503662}
Command received: {"cmd":"seek","time":2.44041347503662}
CommandDispatcher::handleSeek: position set to 2.4404s
Command executed: seek, result: {
  "status": "ok",
  "message": "Seek executed",
  "position_seconds": 2.44041347503662
}
VitHeadlessService: command reply (truncated): {
  "status": "ok",
  "message": "Seek executed",
  "position_seconds": 2.44041347503662
}
ZmqGateway: received command payload: {"cmd":"seek","time":2.44041347503662}
ZmqGateway: dispatching payload to JUCE message thread.
VitHeadlessService: processing queued command on JUCE message thread: {"cmd":"seek","time":2.44041347503662}
Command received: {"cmd":"seek","time":2.44041347503662}
CommandDispatcher::handleSeek: position set to 2.4404s
Command executed: seek, result: {
  "status": "ok",
  "message": "Seek executed",
  "position_seconds": 2.44041347503662
}
VitHeadlessService: command reply (truncated): {
  "status": "ok",
  "message": "Seek executed",
  "position_seconds": 2.44041347503662
}
ZmqGateway: received command payload: {"cmd":"seek","time":2.44041347503662}
ZmqGateway: dispatching payload to JUCE message thread.
VitHeadlessService: processing queued command on JUCE message thread: {"cmd":"seek","time":2.44041347503662}
Command received: {"cmd":"seek","time":2.44041347503662}
CommandDispatcher::handleSeek: position set to 2.4404s
Command executed: seek, result: {
  "status": "ok",
  "message": "Seek executed",
  "position_seconds": 2.44041347503662
}
VitHeadlessService: command reply (truncated): {
  "status": "ok",
  "message": "Seek executed",
  "position_seconds": 2.44041347503662
}
ZmqGateway: received command payload: {"cmd":"seek","time":2.44041347503662}
ZmqGateway: dispatching payload to JUCE message thread.
VitHeadlessService: processing queued command on JUCE message thread: {"cmd":"seek","time":2.44041347503662}
Command received: {"cmd":"seek","time":2.44041347503662}
CommandDispatcher::handleSeek: position set to 2.4404s
Command executed: seek, result: {
  "status": "ok",
  "message": "Seek executed",
  "position_seconds": 2.44041347503662
}
VitHeadlessService: command reply (truncated): {
  "status": "ok",
  "message": "Seek executed",
  "position_seconds": 2.44041347503662
}
ZmqGateway: received command payload: {"cmd":"seek","time":2.44041347503662}
ZmqGateway: dispatching payload to JUCE message thread.
VitHeadlessService: processing queued command on JUCE message thread: {"cmd":"seek","time":2.44041347503662}
Command received: {"cmd":"seek","time":2.44041347503662}
CommandDispatcher::handleSeek: position set to 2.4404s
Command executed: seek, result: {
  "status": "ok",
  "message": "Seek executed",
  "position_seconds": 2.44041347503662
}
VitHeadlessService: command reply (truncated): {
  "status": "ok",
  "message": "Seek executed",
  "position_seconds": 2.44041347503662
}
ZmqGateway: received command payload: {"cmd":"seek","time":2.44041347503662}
ZmqGateway: dispatching payload to JUCE message thread.
VitHeadlessService: processing queued command on JUCE message thread: {"cmd":"seek","time":2.44041347503662}
Command received: {"cmd":"seek","time":2.44041347503662}
CommandDispatcher::handleSeek: position set to 2.4404s
Command executed: seek, result: {
  "status": "ok",
  "message": "Seek executed",
  "position_seconds": 2.44041347503662
}
VitHeadlessService: command reply (truncated): {
  "status": "ok",
  "message": "Seek executed",
  "position_seconds": 2.44041347503662
}
ZmqGateway: received command payload: {"cmd":"seek","time":2.48704528808594}
ZmqGateway: dispatching payload to JUCE message thread.
VitHeadlessService: processing queued command on JUCE message thread: {"cmd":"seek","time":2.48704528808594}
Command received: {"cmd":"seek","time":2.48704528808594}
CommandDispatcher::handleSeek: position set to 2.4870s
Command executed: seek, result: {
  "status": "ok",
  "message": "Seek executed",
  "position_seconds": 2.48704528808594
}
VitHeadlessService: command reply (truncated): {
  "status": "ok",
  "message": "Seek executed",
  "position_seconds": 2.48704528808594
}
ZmqGateway: received command payload: {"cmd":"seek","time":2.54922103881836}
ZmqGateway: dispatching payload to JUCE message thread.
VitHeadlessService: processing queued command on JUCE message thread: {"cmd":"seek","time":2.54922103881836}
Command received: {"cmd":"seek","time":2.54922103881836}
CommandDispatcher::handleSeek: position set to 2.5492s
Command executed: seek, result: {
  "status": "ok",
  "message": "Seek executed",
  "position_seconds": 2.54922103881836
}
VitHeadlessService: command reply (truncated): {
  "status": "ok",
  "message": "Seek executed",
  "position_seconds": 2.54922103881836
}
ZmqGateway: received command payload: {"cmd":"seek","time":2.6269416809082}
ZmqGateway: dispatching payload to JUCE message thread.
VitHeadlessService: processing queued command on JUCE message thread: {"cmd":"seek","time":2.6269416809082}
Command received: {"cmd":"seek","time":2.6269416809082}
CommandDispatcher::handleSeek: position set to 2.6269s
Command executed: seek, result: {
  "status": "ok",
  "message": "Seek executed",
  "position_seconds": 2.6269416809082
}
VitHeadlessService: command reply (truncated): {
  "status": "ok",
  "message": "Seek executed",
  "position_seconds": 2.6269416809082
}
ZmqGateway: received command payload: {"cmd":"seek","time":2.72020626068115}
ZmqGateway: dispatching payload to JUCE message thread.
VitHeadlessService: processing queued command on JUCE message thread: {"cmd":"seek","time":2.72020626068115}
Command received: {"cmd":"seek","time":2.72020626068115}
CommandDispatcher::handleSeek: position set to 2.7202s
Command executed: seek, result: {
  "status": "ok",
  "message": "Seek executed",
  "position_seconds": 2.72020626068115
}
VitHeadlessService: command reply (truncated): {
  "status": "ok",
  "message": "Seek executed",
  "position_seconds": 2.72020626068115
}
ZmqGateway: received command payload: {"cmd":"seek","time":2.81346988677979}
ZmqGateway: dispatching payload to JUCE message thread.
VitHeadlessService: processing queued command on JUCE message thread: {"cmd":"seek","time":2.81346988677979}
Command received: {"cmd":"seek","time":2.81346988677979}
CommandDispatcher::handleSeek: position set to 2.8135s
Command executed: seek, result: {
  "status": "ok",
  "message": "Seek executed",
  "position_seconds": 2.81346988677979
}
VitHeadlessService: command reply (truncated): {
  "status": "ok",
  "message": "Seek executed",
  "position_seconds": 2.81346988677979
}
ZmqGateway: received command payload: {"cmd":"seek","time":2.90673446655273}
ZmqGateway: dispatching payload to JUCE message thread.
VitHeadlessService: processing queued command on JUCE message thread: {"cmd":"seek","time":2.90673446655273}
Command received: {"cmd":"seek","time":2.90673446655273}
CommandDispatcher::handleSeek: position set to 2.9067s
Command executed: seek, result: {
  "status": "ok",
  "message": "Seek executed",
  "position_seconds": 2.90673446655273
}
VitHeadlessService: command reply (truncated): {
  "status": "ok",
  "message": "Seek executed",
  "position_seconds": 2.90673446655273
}
ZmqGateway: received command payload: {"cmd":"seek","time":2.99999809265137}
ZmqGateway: dispatching payload to JUCE message thread.
VitHeadlessService: processing queued command on JUCE message thread: {"cmd":"seek","time":2.99999809265137}
Command received: {"cmd":"seek","time":2.99999809265137}
CommandDispatcher::handleSeek: position set to 3.0000s
Command executed: seek, result: {
  "status": "ok",
  "message": "Seek executed",
  "position_seconds": 2.99999809265137
}
VitHeadlessService: command reply (truncated): {
  "status": "ok",
  "message": "Seek executed",
  "position_seconds": 2.99999809265137
}
ZmqGateway: received command payload: {"cmd":"seek","time":3.09326267242432}
ZmqGateway: dispatching payload to JUCE message thread.
VitHeadlessService: processing queued command on JUCE message thread: {"cmd":"seek","time":3.09326267242432}
Command received: {"cmd":"seek","time":3.09326267242432}
CommandDispatcher::handleSeek: position set to 3.0933s
Command executed: seek, result: {
  "status": "ok",
  "message": "Seek executed",
  "position_seconds": 3.09326267242432
}
VitHeadlessService: command reply (truncated): {
  "status": "ok",
  "message": "Seek executed",
  "position_seconds": 3.09326267242432
}
ZmqGateway: received command payload: {"cmd":"seek","time":3.15543937683105}
ZmqGateway: dispatching payload to JUCE message thread.
VitHeadlessService: processing queued command on JUCE message thread: {"cmd":"seek","time":3.15543937683105}
Command received: {"cmd":"seek","time":3.15543937683105}
CommandDispatcher::handleSeek: position set to 3.1554s
Command executed: seek, result: {
  "status": "ok",
  "message": "Seek executed",
  "position_seconds": 3.15543937683105
}
VitHeadlessService: command reply (truncated): {
  "status": "ok",
  "message": "Seek executed",
  "position_seconds": 3.15543937683105
}
ZmqGateway: received command payload: {"cmd":"seek","time":3.17098331451416}
ZmqGateway: dispatching payload to JUCE message thread.
VitHeadlessService: processing queued command on JUCE message thread: {"cmd":"seek","time":3.17098331451416}
Command received: {"cmd":"seek","time":3.17098331451416}
CommandDispatcher::handleSeek: position set to 3.1710s
Command executed: seek, result: {
  "status": "ok",
  "message": "Seek executed",
  "position_seconds": 3.17098331451416
}
VitHeadlessService: command reply (truncated): {
  "status": "ok",
  "message": "Seek executed",
  "position_seconds": 3.17098331451416
}
ZmqGateway: received command payload: {"cmd":"seek","time":3.17098331451416}
ZmqGateway: dispatching payload to JUCE message thread.
VitHeadlessService: processing queued command on JUCE message thread: {"cmd":"seek","time":3.17098331451416}
Command received: {"cmd":"seek","time":3.17098331451416}
CommandDispatcher::handleSeek: position set to 3.1710s
Command executed: seek, result: {
  "status": "ok",
  "message": "Seek executed",
  "position_seconds": 3.17098331451416
}
VitHeadlessService: command reply (truncated): {
  "status": "ok",
  "message": "Seek executed",
  "position_seconds": 3.17098331451416
}
ZmqGateway: received command payload: {"cmd":"seek","time":3.17098331451416}
ZmqGateway: dispatching payload to JUCE message thread.
VitHeadlessService: processing queued command on JUCE message thread: {"cmd":"seek","time":3.17098331451416}
Command received: {"cmd":"seek","time":3.17098331451416}
CommandDispatcher::handleSeek: position set to 3.1710s
Command executed: seek, result: {
  "status": "ok",
  "message": "Seek executed",
  "position_seconds": 3.17098331451416
}
VitHeadlessService: command reply (truncated): {
  "status": "ok",
  "message": "Seek executed",
  "position_seconds": 3.17098331451416
}
ZmqGateway: received command payload: {"cmd":"seek","time":3.17098331451416}
ZmqGateway: dispatching payload to JUCE message thread.
VitHeadlessService: processing queued command on JUCE message thread: {"cmd":"seek","time":3.17098331451416}
Command received: {"cmd":"seek","time":3.17098331451416}
CommandDispatcher::handleSeek: position set to 3.1710s
Command executed: seek, result: {
  "status": "ok",
  "message": "Seek executed",
  "position_seconds": 3.17098331451416
}
VitHeadlessService: command reply (truncated): {
  "status": "ok",
  "message": "Seek executed",
  "position_seconds": 3.17098331451416
}
ZmqGateway: received command payload: {"cmd":"seek","time":3.17098331451416}
ZmqGateway: dispatching payload to JUCE message thread.
VitHeadlessService: processing queued command on JUCE message thread: {"cmd":"seek","time":3.17098331451416}
Command received: {"cmd":"seek","time":3.17098331451416}
CommandDispatcher::handleSeek: position set to 3.1710s
Command executed: seek, result: {
  "status": "ok",
  "message": "Seek executed",
  "position_seconds": 3.17098331451416
}
VitHeadlessService: command reply (truncated): {
  "status": "ok",
  "message": "Seek executed",
  "position_seconds": 3.17098331451416
}
ZmqGateway: received command payload: {"cmd":"seek","time":3.17098331451416}
ZmqGateway: dispatching payload to JUCE message thread.
VitHeadlessService: processing queued command on JUCE message thread: {"cmd":"seek","time":3.17098331451416}
Command received: {"cmd":"seek","time":3.17098331451416}
CommandDispatcher::handleSeek: position set to 3.1710s
Command executed: seek, result: {
  "status": "ok",
  "message": "Seek executed",
  "position_seconds": 3.17098331451416
}
VitHeadlessService: command reply (truncated): {
  "status": "ok",
  "message": "Seek executed",
  "position_seconds": 3.17098331451416
}
ZmqGateway: received command payload: {"cmd":"seek","time":3.17098331451416}
ZmqGateway: dispatching payload to JUCE message thread.
VitHeadlessService: processing queued command on JUCE message thread: {"cmd":"seek","time":3.17098331451416}
Command received: {"cmd":"seek","time":3.17098331451416}
CommandDispatcher::handleSeek: position set to 3.1710s
Command executed: seek, result: {
  "status": "ok",
  "message": "Seek executed",
  "position_seconds": 3.17098331451416
}
VitHeadlessService: command reply (truncated): {
  "status": "ok",
  "message": "Seek executed",
  "position_seconds": 3.17098331451416
}
ZmqGateway: received command payload: {"cmd":"seek","time":3.17098331451416}
ZmqGateway: dispatching payload to JUCE message thread.
VitHeadlessService: processing queued command on JUCE message thread: {"cmd":"seek","time":3.17098331451416}
Command received: {"cmd":"seek","time":3.17098331451416}
CommandDispatcher::handleSeek: position set to 3.1710s
Command executed: seek, result: {
  "status": "ok",
  "message": "Seek executed",
  "position_seconds": 3.17098331451416
}
VitHeadlessService: command reply (truncated): {
  "status": "ok",
  "message": "Seek executed",
  "position_seconds": 3.17098331451416
}
ZmqGateway: received command payload: {"cmd":"seek","time":3.09326267242432}
ZmqGateway: dispatching payload to JUCE message thread.
VitHeadlessService: processing queued command on JUCE message thread: {"cmd":"seek","time":3.09326267242432}
Command received: {"cmd":"seek","time":3.09326267242432}
CommandDispatcher::handleSeek: position set to 3.0933s
Command executed: seek, result: {
  "status": "ok",
  "message": "Seek executed",
  "position_seconds": 3.09326267242432
}
VitHeadlessService: command reply (truncated): {
  "status": "ok",
  "message": "Seek executed",
  "position_seconds": 3.09326267242432
}
ZmqGateway: received command payload: {"cmd":"seek","time":2.99999809265137}
ZmqGateway: dispatching payload to JUCE message thread.
VitHeadlessService: processing queued command on JUCE message thread: {"cmd":"seek","time":2.99999809265137}
Command received: {"cmd":"seek","time":2.99999809265137}
CommandDispatcher::handleSeek: position set to 3.0000s
Command executed: seek, result: {
  "status": "ok",
  "message": "Seek executed",
  "position_seconds": 2.99999809265137
}
VitHeadlessService: command reply (truncated): {
  "status": "ok",
  "message": "Seek executed",
  "position_seconds": 2.99999809265137
}
ZmqGateway: received command payload: {"cmd":"seek","time":2.86010265350342}
ZmqGateway: dispatching payload to JUCE message thread.
VitHeadlessService: processing queued command on JUCE message thread: {"cmd":"seek","time":2.86010265350342}
Command received: {"cmd":"seek","time":2.86010265350342}
CommandDispatcher::handleSeek: position set to 2.8601s
Command executed: seek, result: {
  "status": "ok",
  "message": "Seek executed",
  "position_seconds": 2.86010265350342
}
VitHeadlessService: command reply (truncated): {
  "status": "ok",
  "message": "Seek executed",
  "position_seconds": 2.86010265350342
}
ZmqGateway: received command payload: {"cmd":"seek","time":2.73575019836426}
ZmqGateway: dispatching payload to JUCE message thread.
VitHeadlessService: processing queued command on JUCE message thread: {"cmd":"seek","time":2.73575019836426}
Command received: {"cmd":"seek","time":2.73575019836426}
CommandDispatcher::handleSeek: position set to 2.7358s
Command executed: seek, result: {
  "status": "ok",
  "message": "Seek executed",
  "position_seconds": 2.73575019836426
}
VitHeadlessService: command reply (truncated): {
  "status": "ok",
  "message": "Seek executed",
  "position_seconds": 2.73575019836426
}
ZmqGateway: received command payload: {"cmd":"seek","time":2.6269416809082}
ZmqGateway: dispatching payload to JUCE message thread.
VitHeadlessService: processing queued command on JUCE message thread: {"cmd":"seek","time":2.6269416809082}
Command received: {"cmd":"seek","time":2.6269416809082}
CommandDispatcher::handleSeek: position set to 2.6269s
Command executed: seek, result: {
  "status": "ok",
  "message": "Seek executed",
  "position_seconds": 2.6269416809082
}
VitHeadlessService: command reply (truncated): {
  "status": "ok",
  "message": "Seek executed",
  "position_seconds": 2.6269416809082
}
ZmqGateway: received command payload: {"cmd":"seek","time":2.53367710113525}
ZmqGateway: dispatching payload to JUCE message thread.
VitHeadlessService: processing queued command on JUCE message thread: {"cmd":"seek","time":2.53367710113525}
Command received: {"cmd":"seek","time":2.53367710113525}
CommandDispatcher::handleSeek: position set to 2.5337s
Command executed: seek, result: {
  "status": "ok",
  "message": "Seek executed",
  "position_seconds": 2.53367710113525
}
VitHeadlessService: command reply (truncated): {
  "status": "ok",
  "message": "Seek executed",
  "position_seconds": 2.53367710113525
}
ZmqGateway: received command payload: {"cmd":"seek","time":2.44041347503662}
ZmqGateway: dispatching payload to JUCE message thread.
VitHeadlessService: processing queued command on JUCE message thread: {"cmd":"seek","time":2.44041347503662}
Command received: {"cmd":"seek","time":2.44041347503662}
CommandDispatcher::handleSeek: position set to 2.4404s
Command executed: seek, result: {
  "status": "ok",
  "message": "Seek executed",
  "position_seconds": 2.44041347503662
}
VitHeadlessService: command reply (truncated): {
  "status": "ok",
  "message": "Seek executed",
  "position_seconds": 2.44041347503662
}
ZmqGateway: received command payload: {"cmd":"seek","time":2.36269283294678}
ZmqGateway: dispatching payload to JUCE message thread.
VitHeadlessService: processing queued command on JUCE message thread: {"cmd":"seek","time":2.36269283294678}
Command received: {"cmd":"seek","time":2.36269283294678}
CommandDispatcher::handleSeek: position set to 2.3627s
Command executed: seek, result: {
  "status": "ok",
  "message": "Seek executed",
  "position_seconds": 2.36269283294678
}
VitHeadlessService: command reply (truncated): {
  "status": "ok",
  "message": "Seek executed",
  "position_seconds": 2.36269283294678
}
ZmqGateway: received command payload: {"cmd":"seek","time":2.30051708221436}
ZmqGateway: dispatching payload to JUCE message thread.
VitHeadlessService: processing queued command on JUCE message thread: {"cmd":"seek","time":2.30051708221436}
Command received: {"cmd":"seek","time":2.30051708221436}
CommandDispatcher::handleSeek: position set to 2.3005s
Command executed: seek, result: {
  "status": "ok",
  "message": "Seek executed",
  "position_seconds": 2.30051708221436
}
VitHeadlessService: command reply (truncated): {
  "status": "ok",
  "message": "Seek executed",
  "position_seconds": 2.30051708221436
}
ZmqGateway: received command payload: {"cmd":"seek","time":2.26942825317383}
ZmqGateway: dispatching payload to JUCE message thread.
VitHeadlessService: processing queued command on JUCE message thread: {"cmd":"seek","time":2.26942825317383}
Command received: {"cmd":"seek","time":2.26942825317383}
CommandDispatcher::handleSeek: position set to 2.2694s
Command executed: seek, result: {
  "status": "ok",
  "message": "Seek executed",
  "position_seconds": 2.26942825317383
}
VitHeadlessService: command reply (truncated): {
  "status": "ok",
  "message": "Seek executed",
  "position_seconds": 2.26942825317383
}
ZmqGateway: received command payload: {"cmd":"seek","time":2.25388526916504}
ZmqGateway: dispatching payload to JUCE message thread.
VitHeadlessService: processing queued command on JUCE message thread: {"cmd":"seek","time":2.25388526916504}
Command received: {"cmd":"seek","time":2.25388526916504}
CommandDispatcher::handleSeek: position set to 2.2539s
Command executed: seek, result: {
  "status": "ok",
  "message": "Seek executed",
  "position_seconds": 2.25388526916504
}
VitHeadlessService: command reply (truncated): {
  "status": "ok",
  "message": "Seek executed",
  "position_seconds": 2.25388526916504
}
ZmqGateway: received command payload: {"cmd":"seek","time":2.25388526916504}
ZmqGateway: dispatching payload to JUCE message thread.
VitHeadlessService: processing queued command on JUCE message thread: {"cmd":"seek","time":2.25388526916504}
Command received: {"cmd":"seek","time":2.25388526916504}
CommandDispatcher::handleSeek: position set to 2.2539s
Command executed: seek, result: {
  "status": "ok",
  "message": "Seek executed",
  "position_seconds": 2.25388526916504
}
VitHeadlessService: command reply (truncated): {
  "status": "ok",
  "message": "Seek executed",
  "position_seconds": 2.25388526916504
}
ZmqGateway: received command payload: {"cmd":"seek","time":2.25388526916504}
ZmqGateway: dispatching payload to JUCE message thread.
VitHeadlessService: processing queued command on JUCE message thread: {"cmd":"seek","time":2.25388526916504}
Command received: {"cmd":"seek","time":2.25388526916504}
CommandDispatcher::handleSeek: position set to 2.2539s
Command executed: seek, result: {
  "status": "ok",
  "message": "Seek executed",
  "position_seconds": 2.25388526916504
}
VitHeadlessService: command reply (truncated): {
  "status": "ok",
  "message": "Seek executed",
  "position_seconds": 2.25388526916504
}
ZmqGateway: received command payload: {"cmd":"seek","time":2.25388526916504}
ZmqGateway: dispatching payload to JUCE message thread.
VitHeadlessService: processing queued command on JUCE message thread: {"cmd":"seek","time":2.25388526916504}
Command received: {"cmd":"seek","time":2.25388526916504}
CommandDispatcher::handleSeek: position set to 2.2539s
Command executed: seek, result: {
  "status": "ok",
  "message": "Seek executed",
  "position_seconds": 2.25388526916504
}
VitHeadlessService: command reply (truncated): {
  "status": "ok",
  "message": "Seek executed",
  "position_seconds": 2.25388526916504
}
ZmqGateway: received command payload: {"cmd":"seek","time":2.25388526916504}
ZmqGateway: dispatching payload to JUCE message thread.
VitHeadlessService: processing queued command on JUCE message thread: {"cmd":"seek","time":2.25388526916504}
Command received: {"cmd":"seek","time":2.25388526916504}
CommandDispatcher::handleSeek: position set to 2.2539s
Command executed: seek, result: {
  "status": "ok",
  "message": "Seek executed",
  "position_seconds": 2.25388526916504
}
VitHeadlessService: command reply (truncated): {
  "status": "ok",
  "message": "Seek executed",
  "position_seconds": 2.25388526916504
}
ZmqGateway: received command payload: {"cmd":"seek","time":2.25388526916504}
ZmqGateway: dispatching payload to JUCE message thread.
VitHeadlessService: processing queued command on JUCE message thread: {"cmd":"seek","time":2.25388526916504}
Command received: {"cmd":"seek","time":2.25388526916504}
CommandDispatcher::handleSeek: position set to 2.2539s
Command executed: seek, result: {
  "status": "ok",
  "message": "Seek executed",
  "position_seconds": 2.25388526916504
}
VitHeadlessService: command reply (truncated): {
  "status": "ok",
  "message": "Seek executed",
  "position_seconds": 2.25388526916504
}
ZmqGateway: received command payload: {"cmd":"seek","time":2.25388526916504}
ZmqGateway: dispatching payload to JUCE message thread.
VitHeadlessService: processing queued command on JUCE message thread: {"cmd":"seek","time":2.25388526916504}
Command received: {"cmd":"seek","time":2.25388526916504}
CommandDispatcher::handleSeek: position set to 2.2539s
Command executed: seek, result: {
  "status": "ok",
  "message": "Seek executed",
  "position_seconds": 2.25388526916504
}
VitHeadlessService: command reply (truncated): {
  "status": "ok",
  "message": "Seek executed",
  "position_seconds": 2.25388526916504
}
ZmqGateway: received command payload: {"cmd":"seek","time":2.25388526916504}
ZmqGateway: dispatching payload to JUCE message thread.
VitHeadlessService: processing queued command on JUCE message thread: {"cmd":"seek","time":2.25388526916504}
Command received: {"cmd":"seek","time":2.25388526916504}
CommandDispatcher::handleSeek: position set to 2.2539s
Command executed: seek, result: {
  "status": "ok",
  "message": "Seek executed",
  "position_seconds": 2.25388526916504
}
VitHeadlessService: command reply (truncated): {
  "status": "ok",
  "message": "Seek executed",
  "position_seconds": 2.25388526916504
}
ZmqGateway: received command payload: {"cmd":"seek","time":2.25388526916504}
ZmqGateway: dispatching payload to JUCE message thread.
VitHeadlessService: processing queued command on JUCE message thread: {"cmd":"seek","time":2.25388526916504}
Command received: {"cmd":"seek","time":2.25388526916504}
CommandDispatcher::handleSeek: position set to 2.2539s
Command executed: seek, result: {
  "status": "ok",
  "message": "Seek executed",
  "position_seconds": 2.25388526916504
}
VitHeadlessService: command reply (truncated): {
  "status": "ok",
  "message": "Seek executed",
  "position_seconds": 2.25388526916504
}
ZmqGateway: received command payload: {"cmd":"seek","time":2.25388526916504}
ZmqGateway: dispatching payload to JUCE message thread.
VitHeadlessService: processing queued command on JUCE message thread: {"cmd":"seek","time":2.25388526916504}
Command received: {"cmd":"seek","time":2.25388526916504}
CommandDispatcher::handleSeek: position set to 2.2539s
Command executed: seek, result: {
  "status": "ok",
  "message": "Seek executed",
  "position_seconds": 2.25388526916504
}
VitHeadlessService: command reply (truncated): {
  "status": "ok",
  "message": "Seek executed",
  "position_seconds": 2.25388526916504
}
ZmqGateway: received command payload: {"cmd":"seek","time":2.25388526916504}
ZmqGateway: dispatching payload to JUCE message thread.
VitHeadlessService: processing queued command on JUCE message thread: {"cmd":"seek","time":2.25388526916504}
Command received: {"cmd":"seek","time":2.25388526916504}
CommandDispatcher::handleSeek: position set to 2.2539s
Command executed: seek, result: {
  "status": "ok",
  "message": "Seek executed",
  "position_seconds": 2.25388526916504
}
VitHeadlessService: command reply (truncated): {
  "status": "ok",
  "message": "Seek executed",
  "position_seconds": 2.25388526916504
}
ZmqGateway: received command payload: {"cmd":"seek","time":2.25388526916504}
ZmqGateway: dispatching payload to JUCE message thread.
VitHeadlessService: processing queued command on JUCE message thread: {"cmd":"seek","time":2.25388526916504}
Command received: {"cmd":"seek","time":2.25388526916504}
CommandDispatcher::handleSeek: position set to 2.2539s
Command executed: seek, result: {
  "status": "ok",
  "message": "Seek executed",
  "position_seconds": 2.25388526916504
}
VitHeadlessService: command reply (truncated): {
  "status": "ok",
  "message": "Seek executed",
  "position_seconds": 2.25388526916504
}
ZmqGateway: received command payload: {"cmd":"seek","time":2.25388526916504}
ZmqGateway: dispatching payload to JUCE message thread.
VitHeadlessService: processing queued command on JUCE message thread: {"cmd":"seek","time":2.25388526916504}
Command received: {"cmd":"seek","time":2.25388526916504}
CommandDispatcher::handleSeek: position set to 2.2539s
Command executed: seek, result: {
  "status": "ok",
  "message": "Seek executed",
  "position_seconds": 2.25388526916504
}
VitHeadlessService: command reply (truncated): {
  "status": "ok",
  "message": "Seek executed",
  "position_seconds": 2.25388526916504
}
ZmqGateway: received command payload: {"cmd":"seek","time":2.25388526916504}
ZmqGateway: dispatching payload to JUCE message thread.
VitHeadlessService: processing queued command on JUCE message thread: {"cmd":"seek","time":2.25388526916504}
Command received: {"cmd":"seek","time":2.25388526916504}
CommandDispatcher::handleSeek: position set to 2.2539s
Command executed: seek, result: {
  "status": "ok",
  "message": "Seek executed",
  "position_seconds": 2.25388526916504
}
VitHeadlessService: command reply (truncated): {
  "status": "ok",
  "message": "Seek executed",
  "position_seconds": 2.25388526916504
}
ZmqGateway: received command payload: {"cmd":"seek","time":2.25388526916504}
ZmqGateway: dispatching payload to JUCE message thread.
VitHeadlessService: processing queued command on JUCE message thread: {"cmd":"seek","time":2.25388526916504}
Command received: {"cmd":"seek","time":2.25388526916504}
CommandDispatcher::handleSeek: position set to 2.2539s
Command executed: seek, result: {
  "status": "ok",
  "message": "Seek executed",
  "position_seconds": 2.25388526916504
}
VitHeadlessService: command reply (truncated): {
  "status": "ok",
  "message": "Seek executed",
  "position_seconds": 2.25388526916504
}
ZmqGateway: received command payload: {"cmd":"seek","time":2.25388526916504}
ZmqGateway: dispatching payload to JUCE message thread.
VitHeadlessService: processing queued command on JUCE message thread: {"cmd":"seek","time":2.25388526916504}
Command received: {"cmd":"seek","time":2.25388526916504}
CommandDispatcher::handleSeek: position set to 2.2539s
Command executed: seek, result: {
  "status": "ok",
  "message": "Seek executed",
  "position_seconds": 2.25388526916504
}
VitHeadlessService: command reply (truncated): {
  "status": "ok",
  "message": "Seek executed",
  "position_seconds": 2.25388526916504
}
ZmqGateway: received command payload: {"cmd":"seek","time":2.25388526916504}
ZmqGateway: dispatching payload to JUCE message thread.
VitHeadlessService: processing queued command on JUCE message thread: {"cmd":"seek","time":2.25388526916504}
Command received: {"cmd":"seek","time":2.25388526916504}
CommandDispatcher::handleSeek: position set to 2.2539s
Command executed: seek, result: {
  "status": "ok",
  "message": "Seek executed",
  "position_seconds": 2.25388526916504
}
VitHeadlessService: command reply (truncated): {
  "status": "ok",
  "message": "Seek executed",
  "position_seconds": 2.25388526916504
}
ZmqGateway: received command payload: {"cmd":"seek","time":2.31606101989746}
ZmqGateway: dispatching payload to JUCE message thread.
VitHeadlessService: processing queued command on JUCE message thread: {"cmd":"seek","time":2.31606101989746}
Command received: {"cmd":"seek","time":2.31606101989746}
CommandDispatcher::handleSeek: position set to 2.3161s
Command executed: seek, result: {
  "status": "ok",
  "message": "Seek executed",
  "position_seconds": 2.31606101989746
}
VitHeadlessService: command reply (truncated): {
  "status": "ok",
  "message": "Seek executed",
  "position_seconds": 2.31606101989746
}
ZmqGateway: received command payload: {"cmd":"seek","time":2.42486953735352}
ZmqGateway: dispatching payload to JUCE message thread.
VitHeadlessService: processing queued command on JUCE message thread: {"cmd":"seek","time":2.42486953735352}
Command received: {"cmd":"seek","time":2.42486953735352}
CommandDispatcher::handleSeek: position set to 2.4249s
Command executed: seek, result: {
  "status": "ok",
  "message": "Seek executed",
  "position_seconds": 2.42486953735352
}
VitHeadlessService: command reply (truncated): {
  "status": "ok",
  "message": "Seek executed",
  "position_seconds": 2.42486953735352
}
ZmqGateway: received command payload: {"cmd":"seek","time":2.53367710113525}
ZmqGateway: dispatching payload to JUCE message thread.
VitHeadlessService: processing queued command on JUCE message thread: {"cmd":"seek","time":2.53367710113525}
Command received: {"cmd":"seek","time":2.53367710113525}
CommandDispatcher::handleSeek: position set to 2.5337s
Command executed: seek, result: {
  "status": "ok",
  "message": "Seek executed",
  "position_seconds": 2.53367710113525
}
VitHeadlessService: command reply (truncated): {
  "status": "ok",
  "message": "Seek executed",
  "position_seconds": 2.53367710113525
}
ZmqGateway: received command payload: {"cmd":"seek","time":2.6269416809082}
ZmqGateway: dispatching payload to JUCE message thread.
VitHeadlessService: processing queued command on JUCE message thread: {"cmd":"seek","time":2.6269416809082}
Command received: {"cmd":"seek","time":2.6269416809082}
CommandDispatcher::handleSeek: position set to 2.6269s
Command executed: seek, result: {
  "status": "ok",
  "message": "Seek executed",
  "position_seconds": 2.6269416809082
}
VitHeadlessService: command reply (truncated): {
  "status": "ok",
  "message": "Seek executed",
  "position_seconds": 2.6269416809082
}
ZmqGateway: received command payload: {"cmd":"seek","time":2.72020626068115}
ZmqGateway: dispatching payload to JUCE message thread.
VitHeadlessService: processing queued command on JUCE message thread: {"cmd":"seek","time":2.72020626068115}
Command received: {"cmd":"seek","time":2.72020626068115}
CommandDispatcher::handleSeek: position set to 2.7202s
Command executed: seek, result: {
  "status": "ok",
  "message": "Seek executed",
  "position_seconds": 2.72020626068115
}
VitHeadlessService: command reply (truncated): {
  "status": "ok",
  "message": "Seek executed",
  "position_seconds": 2.72020626068115
}
ZmqGateway: received command payload: {"cmd":"seek","time":2.81346988677979}
ZmqGateway: dispatching payload to JUCE message thread.
VitHeadlessService: processing queued command on JUCE message thread: {"cmd":"seek","time":2.81346988677979}
Command received: {"cmd":"seek","time":2.81346988677979}
CommandDispatcher::handleSeek: position set to 2.8135s
Command executed: seek, result: {
  "status": "ok",
  "message": "Seek executed",
  "position_seconds": 2.81346988677979
}
VitHeadlessService: command reply (truncated): {
  "status": "ok",
  "message": "Seek executed",
  "position_seconds": 2.81346988677979
}
ZmqGateway: received command payload: {"cmd":"seek","time":2.89119052886963}
ZmqGateway: dispatching payload to JUCE message thread.
VitHeadlessService: processing queued command on JUCE message thread: {"cmd":"seek","time":2.89119052886963}
Command received: {"cmd":"seek","time":2.89119052886963}
CommandDispatcher::handleSeek: position set to 2.8912s
Command executed: seek, result: {
  "status": "ok",
  "message": "Seek executed",
  "position_seconds": 2.89119052886963
}
VitHeadlessService: command reply (truncated): {
  "status": "ok",
  "message": "Seek executed",
  "position_seconds": 2.89119052886963
}
ZmqGateway: received command payload: {"cmd":"seek","time":2.93782234191895}
ZmqGateway: dispatching payload to JUCE message thread.
VitHeadlessService: processing queued command on JUCE message thread: {"cmd":"seek","time":2.93782234191895}
Command received: {"cmd":"seek","time":2.93782234191895}
CommandDispatcher::handleSeek: position set to 2.9378s
Command executed: seek, result: {
  "status": "ok",
  "message": "Seek executed",
  "position_seconds": 2.93782234191895
}
VitHeadlessService: command reply (truncated): {
  "status": "ok",
  "message": "Seek executed",
  "position_seconds": 2.93782234191895
}
ZmqGateway: received command payload: {"cmd":"seek","time":2.96891021728516}
ZmqGateway: dispatching payload to JUCE message thread.
VitHeadlessService: processing queued command on JUCE message thread: {"cmd":"seek","time":2.96891021728516}
Command received: {"cmd":"seek","time":2.96891021728516}
CommandDispatcher::handleSeek: position set to 2.9689s
Command executed: seek, result: {
  "status": "ok",
  "message": "Seek executed",
  "position_seconds": 2.96891021728516
}
VitHeadlessService: command reply (truncated): {
  "status": "ok",
  "message": "Seek executed",
  "position_seconds": 2.96891021728516
}
ZmqGateway: received command payload: {"cmd":"seek","time":2.98445510864258}
ZmqGateway: dispatching payload to JUCE message thread.
VitHeadlessService: processing queued command on JUCE message thread: {"cmd":"seek","time":2.98445510864258}
Command received: {"cmd":"seek","time":2.98445510864258}
CommandDispatcher::handleSeek: position set to 2.9845s
Command executed: seek, result: {
  "status": "ok",
  "message": "Seek executed",
  "position_seconds": 2.98445510864258
}
VitHeadlessService: command reply (truncated): {
  "status": "ok",
  "message": "Seek executed",
  "position_seconds": 2.98445510864258
}
ZmqGateway: received command payload: {"cmd":"seek","time":2.98445510864258}
ZmqGateway: dispatching payload to JUCE message thread.
VitHeadlessService: processing queued command on JUCE message thread: {"cmd":"seek","time":2.98445510864258}
Command received: {"cmd":"seek","time":2.98445510864258}
CommandDispatcher::handleSeek: position set to 2.9845s
Command executed: seek, result: {
  "status": "ok",
  "message": "Seek executed",
  "position_seconds": 2.98445510864258
}
VitHeadlessService: command reply (truncated): {
  "status": "ok",
  "message": "Seek executed",
  "position_seconds": 2.98445510864258
}
ZmqGateway: received command payload: {"cmd":"seek","time":2.98445510864258}
ZmqGateway: dispatching payload to JUCE message thread.
VitHeadlessService: processing queued command on JUCE message thread: {"cmd":"seek","time":2.98445510864258}
Command received: {"cmd":"seek","time":2.98445510864258}
CommandDispatcher::handleSeek: position set to 2.9845s
Command executed: seek, result: {
  "status": "ok",
  "message": "Seek executed",
  "position_seconds": 2.98445510864258
}
VitHeadlessService: command reply (truncated): {
  "status": "ok",
  "message": "Seek executed",
  "position_seconds": 2.98445510864258
}
ZmqGateway: received command payload: {"cmd":"seek","time":2.98445510864258}
ZmqGateway: dispatching payload to JUCE message thread.
VitHeadlessService: processing queued command on JUCE message thread: {"cmd":"seek","time":2.98445510864258}
Command received: {"cmd":"seek","time":2.98445510864258}
CommandDispatcher::handleSeek: position set to 2.9845s
Command executed: seek, result: {
  "status": "ok",
  "message": "Seek executed",
  "position_seconds": 2.98445510864258
}
VitHeadlessService: command reply (truncated): {
  "status": "ok",
  "message": "Seek executed",
  "position_seconds": 2.98445510864258
}
ZmqGateway: received command payload: {"cmd":"seek","time":2.98445510864258}
ZmqGateway: dispatching payload to JUCE message thread.
VitHeadlessService: processing queued command on JUCE message thread: {"cmd":"seek","time":2.98445510864258}
Command received: {"cmd":"seek","time":2.98445510864258}
CommandDispatcher::handleSeek: position set to 2.9845s
Command executed: seek, result: {
  "status": "ok",
  "message": "Seek executed",
  "position_seconds": 2.98445510864258
}
VitHeadlessService: command reply (truncated): {
  "status": "ok",
  "message": "Seek executed",
  "position_seconds": 2.98445510864258
}
ZmqGateway: received command payload: {"cmd":"seek","time":2.98445510864258}
ZmqGateway: dispatching payload to JUCE message thread.
VitHeadlessService: processing queued command on JUCE message thread: {"cmd":"seek","time":2.98445510864258}
Command received: {"cmd":"seek","time":2.98445510864258}
CommandDispatcher::handleSeek: position set to 2.9845s
Command executed: seek, result: {
  "status": "ok",
  "message": "Seek executed",
  "position_seconds": 2.98445510864258
}
VitHeadlessService: command reply (truncated): {
  "status": "ok",
  "message": "Seek executed",
  "position_seconds": 2.98445510864258
}
ZmqGateway: received command payload: {"cmd":"seek","time":2.98445510864258}
ZmqGateway: dispatching payload to JUCE message thread.
VitHeadlessService: processing queued command on JUCE message thread: {"cmd":"seek","time":2.98445510864258}
Command received: {"cmd":"seek","time":2.98445510864258}
CommandDispatcher::handleSeek: position set to 2.9845s
Command executed: seek, result: {
  "status": "ok",
  "message": "Seek executed",
  "position_seconds": 2.98445510864258
}
VitHeadlessService: command reply (truncated): {
  "status": "ok",
  "message": "Seek executed",
  "position_seconds": 2.98445510864258
}
ZmqGateway: received command payload: {"cmd":"seek","time":2.98445510864258}
ZmqGateway: dispatching payload to JUCE message thread.
VitHeadlessService: processing queued command on JUCE message thread: {"cmd":"seek","time":2.98445510864258}
Command received: {"cmd":"seek","time":2.98445510864258}
CommandDispatcher::handleSeek: position set to 2.9845s
Command executed: seek, result: {
  "status": "ok",
  "message": "Seek executed",
  "position_seconds": 2.98445510864258
}
VitHeadlessService: command reply (truncated): {
  "status": "ok",
  "message": "Seek executed",
  "position_seconds": 2.98445510864258
}
ZmqGateway: received command payload: {"cmd":"seek","time":2.98445510864258}
ZmqGateway: dispatching payload to JUCE message thread.
VitHeadlessService: processing queued command on JUCE message thread: {"cmd":"seek","time":2.98445510864258}
Command received: {"cmd":"seek","time":2.98445510864258}
CommandDispatcher::handleSeek: position set to 2.9845s
Command executed: seek, result: {
  "status": "ok",
  "message": "Seek executed",
  "position_seconds": 2.98445510864258
}
VitHeadlessService: command reply (truncated): {
  "status": "ok",
  "message": "Seek executed",
  "position_seconds": 2.98445510864258
}
ZmqGateway: received command payload: {"cmd":"seek","time":2.98445510864258}
ZmqGateway: dispatching payload to JUCE message thread.
VitHeadlessService: processing queued command on JUCE message thread: {"cmd":"seek","time":2.98445510864258}
Command received: {"cmd":"seek","time":2.98445510864258}
CommandDispatcher::handleSeek: position set to 2.9845s
Command executed: seek, result: {
  "status": "ok",
  "message": "Seek executed",
  "position_seconds": 2.98445510864258
}
VitHeadlessService: command reply (truncated): {
  "status": "ok",
  "message": "Seek executed",
  "position_seconds": 2.98445510864258
}
ZmqGateway: received command payload: {"cmd":"seek","time":2.98445510864258}
ZmqGateway: dispatching payload to JUCE message thread.
VitHeadlessService: processing queued command on JUCE message thread: {"cmd":"seek","time":2.98445510864258}
Command received: {"cmd":"seek","time":2.98445510864258}
CommandDispatcher::handleSeek: position set to 2.9845s
Command executed: seek, result: {
  "status": "ok",
  "message": "Seek executed",
  "position_seconds": 2.98445510864258
}
VitHeadlessService: command reply (truncated): {
  "status": "ok",
  "message": "Seek executed",
  "position_seconds": 2.98445510864258
}
ZmqGateway: received command payload: {"cmd":"seek","time":2.96891021728516}
ZmqGateway: dispatching payload to JUCE message thread.
VitHeadlessService: processing queued command on JUCE message thread: {"cmd":"seek","time":2.96891021728516}
Command received: {"cmd":"seek","time":2.96891021728516}
CommandDispatcher::handleSeek: position set to 2.9689s
Command executed: seek, result: {
  "status": "ok",
  "message": "Seek executed",
  "position_seconds": 2.96891021728516
}
VitHeadlessService: command reply (truncated): {
  "status": "ok",
  "message": "Seek executed",
  "position_seconds": 2.96891021728516
}
ZmqGateway: received command payload: {"cmd":"seek","time":2.90673446655273}
ZmqGateway: dispatching payload to JUCE message thread.
VitHeadlessService: processing queued command on JUCE message thread: {"cmd":"seek","time":2.90673446655273}
Command received: {"cmd":"seek","time":2.90673446655273}
CommandDispatcher::handleSeek: position set to 2.9067s
Command executed: seek, result: {
  "status": "ok",
  "message": "Seek executed",
  "position_seconds": 2.90673446655273
}
VitHeadlessService: command reply (truncated): {
  "status": "ok",
  "message": "Seek executed",
  "position_seconds": 2.90673446655273
}
ZmqGateway: received command payload: {"cmd":"seek","time":2.82901382446289}
ZmqGateway: dispatching payload to JUCE message thread.
VitHeadlessService: processing queued command on JUCE message thread: {"cmd":"seek","time":2.82901382446289}
Command received: {"cmd":"seek","time":2.82901382446289}
CommandDispatcher::handleSeek: position set to 2.8290s
Command executed: seek, result: {
  "status": "ok",
  "message": "Seek executed",
  "position_seconds": 2.82901382446289
}
VitHeadlessService: command reply (truncated): {
  "status": "ok",
  "message": "Seek executed",
  "position_seconds": 2.82901382446289
}
ZmqGateway: received command payload: {"cmd":"seek","time":2.76683807373047}
ZmqGateway: dispatching payload to JUCE message thread.
VitHeadlessService: processing queued command on JUCE message thread: {"cmd":"seek","time":2.76683807373047}
Command received: {"cmd":"seek","time":2.76683807373047}
CommandDispatcher::handleSeek: position set to 2.7668s
Command executed: seek, result: {
  "status": "ok",
  "message": "Seek executed",
  "position_seconds": 2.76683807373047
}
VitHeadlessService: command reply (truncated): {
  "status": "ok",
  "message": "Seek executed",
  "position_seconds": 2.76683807373047
}
ZmqGateway: received command payload: {"cmd":"seek","time":2.72020626068115}
ZmqGateway: dispatching payload to JUCE message thread.
VitHeadlessService: processing queued command on JUCE message thread: {"cmd":"seek","time":2.72020626068115}
Command received: {"cmd":"seek","time":2.72020626068115}
CommandDispatcher::handleSeek: position set to 2.7202s
Command executed: seek, result: {
  "status": "ok",
  "message": "Seek executed",
  "position_seconds": 2.72020626068115
}
VitHeadlessService: command reply (truncated): {
  "status": "ok",
  "message": "Seek executed",
  "position_seconds": 2.72020626068115
}
ZmqGateway: received command payload: {"cmd":"seek","time":2.67357349395752}
ZmqGateway: dispatching payload to JUCE message thread.
VitHeadlessService: processing queued command on JUCE message thread: {"cmd":"seek","time":2.67357349395752}
Command received: {"cmd":"seek","time":2.67357349395752}
CommandDispatcher::handleSeek: position set to 2.6736s
Command executed: seek, result: {
  "status": "ok",
  "message": "Seek executed",
  "position_seconds": 2.67357349395752
}
VitHeadlessService: command reply (truncated): {
  "status": "ok",
  "message": "Seek executed",
  "position_seconds": 2.67357349395752
}
ZmqGateway: received command payload: {"cmd":"seek","time":2.64248561859131}
ZmqGateway: dispatching payload to JUCE message thread.
VitHeadlessService: processing queued command on JUCE message thread: {"cmd":"seek","time":2.64248561859131}
Command received: {"cmd":"seek","time":2.64248561859131}
CommandDispatcher::handleSeek: position set to 2.6425s
Command executed: seek, result: {
  "status": "ok",
  "message": "Seek executed",
  "position_seconds": 2.64248561859131
}
VitHeadlessService: command reply (truncated): {
  "status": "ok",
  "message": "Seek executed",
  "position_seconds": 2.64248561859131
}
ZmqGateway: received command payload: {"cmd":"seek","time":2.6113977432251}
ZmqGateway: dispatching payload to JUCE message thread.
VitHeadlessService: processing queued command on JUCE message thread: {"cmd":"seek","time":2.6113977432251}
Command received: {"cmd":"seek","time":2.6113977432251}
CommandDispatcher::handleSeek: position set to 2.6114s
Command executed: seek, result: {
  "status": "ok",
  "message": "Seek executed",
  "position_seconds": 2.6113977432251
}
VitHeadlessService: command reply (truncated): {
  "status": "ok",
  "message": "Seek executed",
  "position_seconds": 2.6113977432251
}
ZmqGateway: received command payload: {"cmd":"seek","time":2.59585380554199}
ZmqGateway: dispatching payload to JUCE message thread.
VitHeadlessService: processing queued command on JUCE message thread: {"cmd":"seek","time":2.59585380554199}
Command received: {"cmd":"seek","time":2.59585380554199}
CommandDispatcher::handleSeek: position set to 2.5959s
Command executed: seek, result: {
  "status": "ok",
  "message": "Seek executed",
  "position_seconds": 2.59585380554199
}
VitHeadlessService: command reply (truncated): {
  "status": "ok",
  "message": "Seek executed",
  "position_seconds": 2.59585380554199
}
ZmqGateway: received command payload: {"cmd":"seek","time":2.59585380554199}
ZmqGateway: dispatching payload to JUCE message thread.
VitHeadlessService: processing queued command on JUCE message thread: {"cmd":"seek","time":2.59585380554199}
Command received: {"cmd":"seek","time":2.59585380554199}
CommandDispatcher::handleSeek: position set to 2.5959s
Command executed: seek, result: {
  "status": "ok",
  "message": "Seek executed",
  "position_seconds": 2.59585380554199
}
VitHeadlessService: command reply (truncated): {
  "status": "ok",
  "message": "Seek executed",
  "position_seconds": 2.59585380554199
}
ZmqGateway: received command payload: {"cmd":"seek","time":2.58030891418457}
ZmqGateway: dispatching payload to JUCE message thread.
VitHeadlessService: processing queued command on JUCE message thread: {"cmd":"seek","time":2.58030891418457}
Command received: {"cmd":"seek","time":2.58030891418457}
CommandDispatcher::handleSeek: position set to 2.5803s
Command executed: seek, result: {
  "status": "ok",
  "message": "Seek executed",
  "position_seconds": 2.58030891418457
}
VitHeadlessService: command reply (truncated): {
  "status": "ok",
  "message": "Seek executed",
  "position_seconds": 2.58030891418457
}
ZmqGateway: received command payload: {"cmd":"seek","time":2.58030891418457}
ZmqGateway: dispatching payload to JUCE message thread.
VitHeadlessService: processing queued command on JUCE message thread: {"cmd":"seek","time":2.58030891418457}
Command received: {"cmd":"seek","time":2.58030891418457}
CommandDispatcher::handleSeek: position set to 2.5803s
Command executed: seek, result: {
  "status": "ok",
  "message": "Seek executed",
  "position_seconds": 2.58030891418457
}
VitHeadlessService: command reply (truncated): {
  "status": "ok",
  "message": "Seek executed",
  "position_seconds": 2.58030891418457
}
ZmqGateway: received command payload: {"cmd":"seek","time":2.58030891418457}
ZmqGateway: dispatching payload to JUCE message thread.
VitHeadlessService: processing queued command on JUCE message thread: {"cmd":"seek","time":2.58030891418457}
Command received: {"cmd":"seek","time":2.58030891418457}
CommandDispatcher::handleSeek: position set to 2.5803s
Command executed: seek, result: {
  "status": "ok",
  "message": "Seek executed",
  "position_seconds": 2.58030891418457
}
VitHeadlessService: command reply (truncated): {
  "status": "ok",
  "message": "Seek executed",
  "position_seconds": 2.58030891418457
}
ZmqGateway: received command payload: {"cmd":"seek","time":2.58030891418457}
ZmqGateway: dispatching payload to JUCE message thread.
VitHeadlessService: processing queued command on JUCE message thread: {"cmd":"seek","time":2.58030891418457}
Command received: {"cmd":"seek","time":2.58030891418457}
CommandDispatcher::handleSeek: position set to 2.5803s
Command executed: seek, result: {
  "status": "ok",
  "message": "Seek executed",
  "position_seconds": 2.58030891418457
}
VitHeadlessService: command reply (truncated): {
  "status": "ok",
  "message": "Seek executed",
  "position_seconds": 2.58030891418457
}
ZmqGateway: received command payload: {"cmd":"seek","time":2.58030891418457}
ZmqGateway: dispatching payload to JUCE message thread.
VitHeadlessService: processing queued command on JUCE message thread: {"cmd":"seek","time":2.58030891418457}
Command received: {"cmd":"seek","time":2.58030891418457}
CommandDispatcher::handleSeek: position set to 2.5803s
Command executed: seek, result: {
  "status": "ok",
  "message": "Seek executed",
  "position_seconds": 2.58030891418457
}
VitHeadlessService: command reply (truncated): {
  "status": "ok",
  "message": "Seek executed",
  "position_seconds": 2.58030891418457
}
ZmqGateway: received command payload: {"cmd":"seek","time":2.58030891418457}
ZmqGateway: dispatching payload to JUCE message thread.
VitHeadlessService: processing queued command on JUCE message thread: {"cmd":"seek","time":2.58030891418457}
Command received: {"cmd":"seek","time":2.58030891418457}
CommandDispatcher::handleSeek: position set to 2.5803s
Command executed: seek, result: {
  "status": "ok",
  "message": "Seek executed",
  "position_seconds": 2.58030891418457
}
VitHeadlessService: command reply (truncated): {
  "status": "ok",
  "message": "Seek executed",
  "position_seconds": 2.58030891418457
}
ZmqGateway: received command payload: {"cmd":"seek","time":2.58030891418457}
ZmqGateway: dispatching payload to JUCE message thread.
VitHeadlessService: processing queued command on JUCE message thread: {"cmd":"seek","time":2.58030891418457}
Command received: {"cmd":"seek","time":2.58030891418457}
CommandDispatcher::handleSeek: position set to 2.5803s
Command executed: seek, result: {
  "status": "ok",
  "message": "Seek executed",
  "position_seconds": 2.58030891418457
}
VitHeadlessService: command reply (truncated): {
  "status": "ok",
  "message": "Seek executed",
  "position_seconds": 2.58030891418457
}
ZmqGateway: received command payload: {"cmd":"seek","time":2.58030891418457}
ZmqGateway: dispatching payload to JUCE message thread.
VitHeadlessService: processing queued command on JUCE message thread: {"cmd":"seek","time":2.58030891418457}
Command received: {"cmd":"seek","time":2.58030891418457}
CommandDispatcher::handleSeek: position set to 2.5803s
Command executed: seek, result: {
  "status": "ok",
  "message": "Seek executed",
  "position_seconds": 2.58030891418457
}
VitHeadlessService: command reply (truncated): {
  "status": "ok",
  "message": "Seek executed",
  "position_seconds": 2.58030891418457
}
ZmqGateway: received command payload: {"cmd":"seek","time":2.58030891418457}
ZmqGateway: dispatching payload to JUCE message thread.
VitHeadlessService: processing queued command on JUCE message thread: {"cmd":"seek","time":2.58030891418457}
Command received: {"cmd":"seek","time":2.58030891418457}
CommandDispatcher::handleSeek: position set to 2.5803s
Command executed: seek, result: {
  "status": "ok",
  "message": "Seek executed",
  "position_seconds": 2.58030891418457
}
VitHeadlessService: command reply (truncated): {
  "status": "ok",
  "message": "Seek executed",
  "position_seconds": 2.58030891418457
}
ZmqGateway: received command payload: {"cmd":"seek","time":2.58030891418457}
ZmqGateway: dispatching payload to JUCE message thread.
VitHeadlessService: processing queued command on JUCE message thread: {"cmd":"seek","time":2.58030891418457}
Command received: {"cmd":"seek","time":2.58030891418457}
CommandDispatcher::handleSeek: position set to 2.5803s
Command executed: seek, result: {
  "status": "ok",
  "message": "Seek executed",
  "position_seconds": 2.58030891418457
}
VitHeadlessService: command reply (truncated): {
  "status": "ok",
  "message": "Seek executed",
  "position_seconds": 2.58030891418457
}
ZmqGateway: received command payload: {"cmd":"seek","time":2.58030891418457}
ZmqGateway: dispatching payload to JUCE message thread.
VitHeadlessService: processing queued command on JUCE message thread: {"cmd":"seek","time":2.58030891418457}
Command received: {"cmd":"seek","time":2.58030891418457}
CommandDispatcher::handleSeek: position set to 2.5803s
Command executed: seek, result: {
  "status": "ok",
  "message": "Seek executed",
  "position_seconds": 2.58030891418457
}
VitHeadlessService: command reply (truncated): {
  "status": "ok",
  "message": "Seek executed",
  "position_seconds": 2.58030891418457
}
ZmqGateway: received command payload: {"cmd":"seek","time":2.58030891418457}
ZmqGateway: dispatching payload to JUCE message thread.
VitHeadlessService: processing queued command on JUCE message thread: {"cmd":"seek","time":2.58030891418457}
Command received: {"cmd":"seek","time":2.58030891418457}
CommandDispatcher::handleSeek: position set to 2.5803s
Command executed: seek, result: {
  "status": "ok",
  "message": "Seek executed",
  "position_seconds": 2.58030891418457
}
VitHeadlessService: command reply (truncated): {
  "status": "ok",
  "message": "Seek executed",
  "position_seconds": 2.58030891418457
}
ZmqGateway: received command payload: {"cmd":"seek","time":2.58030891418457}
ZmqGateway: dispatching payload to JUCE message thread.
VitHeadlessService: processing queued command on JUCE message thread: {"cmd":"seek","time":2.58030891418457}
Command received: {"cmd":"seek","time":2.58030891418457}
CommandDispatcher::handleSeek: position set to 2.5803s
Command executed: seek, result: {
  "status": "ok",
  "message": "Seek executed",
  "position_seconds": 2.58030891418457
}
VitHeadlessService: command reply (truncated): {
  "status": "ok",
  "message": "Seek executed",
  "position_seconds": 2.58030891418457
}
ZmqGateway: received command payload: {"cmd":"seek","time":2.54922103881836}
ZmqGateway: dispatching payload to JUCE message thread.
VitHeadlessService: processing queued command on JUCE message thread: {"cmd":"seek","time":2.54922103881836}
Command received: {"cmd":"seek","time":2.54922103881836}
CommandDispatcher::handleSeek: position set to 2.5492s
Command executed: seek, result: {
  "status": "ok",
  "message": "Seek executed",
  "position_seconds": 2.54922103881836
}
VitHeadlessService: command reply (truncated): {
  "status": "ok",
  "message": "Seek executed",
  "position_seconds": 2.54922103881836
}
ZmqGateway: received command payload: {"cmd":"seek","time":2.50258922576904}
ZmqGateway: dispatching payload to JUCE message thread.
VitHeadlessService: processing queued command on JUCE message thread: {"cmd":"seek","time":2.50258922576904}
Command received: {"cmd":"seek","time":2.50258922576904}
CommandDispatcher::handleSeek: position set to 2.5026s
Command executed: seek, result: {
  "status": "ok",
  "message": "Seek executed",
  "position_seconds": 2.50258922576904
}
VitHeadlessService: command reply (truncated): {
  "status": "ok",
  "message": "Seek executed",
  "position_seconds": 2.50258922576904
}
ZmqGateway: received command payload: {"cmd":"seek","time":2.47150135040283}
ZmqGateway: dispatching payload to JUCE message thread.
VitHeadlessService: processing queued command on JUCE message thread: {"cmd":"seek","time":2.47150135040283}
Command received: {"cmd":"seek","time":2.47150135040283}
CommandDispatcher::handleSeek: position set to 2.4715s
Command executed: seek, result: {
  "status": "ok",
  "message": "Seek executed",
  "position_seconds": 2.47150135040283
}
VitHeadlessService: command reply (truncated): {
  "status": "ok",
  "message": "Seek executed",
  "position_seconds": 2.47150135040283
}
ZmqGateway: received command payload: {"cmd":"seek","time":2.42486953735352}
ZmqGateway: dispatching payload to JUCE message thread.
VitHeadlessService: processing queued command on JUCE message thread: {"cmd":"seek","time":2.42486953735352}
Command received: {"cmd":"seek","time":2.42486953735352}
CommandDispatcher::handleSeek: position set to 2.4249s
Command executed: seek, result: {
  "status": "ok",
  "message": "Seek executed",
  "position_seconds": 2.42486953735352
}
VitHeadlessService: command reply (truncated): {
  "status": "ok",
  "message": "Seek executed",
  "position_seconds": 2.42486953735352
}
ZmqGateway: received command payload: {"cmd":"seek","time":2.39378070831299}
ZmqGateway: dispatching payload to JUCE message thread.
VitHeadlessService: processing queued command on JUCE message thread: {"cmd":"seek","time":2.39378070831299}
Command received: {"cmd":"seek","time":2.39378070831299}
CommandDispatcher::handleSeek: position set to 2.3938s
Command executed: seek, result: {
  "status": "ok",
  "message": "Seek executed",
  "position_seconds": 2.39378070831299
}
VitHeadlessService: command reply (truncated): {
  "status": "ok",
  "message": "Seek executed",
  "position_seconds": 2.39378070831299
}
ZmqGateway: received command payload: {"cmd":"seek","time":2.34714889526367}
ZmqGateway: dispatching payload to JUCE message thread.
VitHeadlessService: processing queued command on JUCE message thread: {"cmd":"seek","time":2.34714889526367}
Command received: {"cmd":"seek","time":2.34714889526367}
CommandDispatcher::handleSeek: position set to 2.3471s
Command executed: seek, result: {
  "status": "ok",
  "message": "Seek executed",
  "position_seconds": 2.34714889526367
}
VitHeadlessService: command reply (truncated): {
  "status": "ok",
  "message": "Seek executed",
  "position_seconds": 2.34714889526367
}
ZmqGateway: received command payload: {"cmd":"seek","time":2.31606101989746}
ZmqGateway: dispatching payload to JUCE message thread.
VitHeadlessService: processing queued command on JUCE message thread: {"cmd":"seek","time":2.31606101989746}
Command received: {"cmd":"seek","time":2.31606101989746}
CommandDispatcher::handleSeek: position set to 2.3161s
Command executed: seek, result: {
  "status": "ok",
  "message": "Seek executed",
  "position_seconds": 2.31606101989746
}
VitHeadlessService: command reply (truncated): {
  "status": "ok",
  "message": "Seek executed",
  "position_seconds": 2.31606101989746
}
ZmqGateway: received command payload: {"cmd":"seek","time":2.30051708221436}
ZmqGateway: dispatching payload to JUCE message thread.
VitHeadlessService: processing queued command on JUCE message thread: {"cmd":"seek","time":2.30051708221436}
Command received: {"cmd":"seek","time":2.30051708221436}
CommandDispatcher::handleSeek: position set to 2.3005s
Command executed: seek, result: {
  "status": "ok",
  "message": "Seek executed",
  "position_seconds": 2.30051708221436
}
VitHeadlessService: command reply (truncated): {
  "status": "ok",
  "message": "Seek executed",
  "position_seconds": 2.30051708221436
}
ZmqGateway: received command payload: {"cmd":"seek","time":2.30051708221436}
ZmqGateway: dispatching payload to JUCE message thread.
VitHeadlessService: processing queued command on JUCE message thread: {"cmd":"seek","time":2.30051708221436}
Command received: {"cmd":"seek","time":2.30051708221436}
CommandDispatcher::handleSeek: position set to 2.3005s
Command executed: seek, result: {
  "status": "ok",
  "message": "Seek executed",
  "position_seconds": 2.30051708221436
}
VitHeadlessService: command reply (truncated): {
  "status": "ok",
  "message": "Seek executed",
  "position_seconds": 2.30051708221436
}
ZmqGateway: received command payload: {"cmd":"seek","time":2.28497314453125}
ZmqGateway: dispatching payload to JUCE message thread.
VitHeadlessService: processing queued command on JUCE message thread: {"cmd":"seek","time":2.28497314453125}
Command received: {"cmd":"seek","time":2.28497314453125}
CommandDispatcher::handleSeek: position set to 2.2850s
Command executed: seek, result: {
  "status": "ok",
  "message": "Seek executed",
  "position_seconds": 2.28497314453125
}
VitHeadlessService: command reply (truncated): {
  "status": "ok",
  "message": "Seek executed",
  "position_seconds": 2.28497314453125
}
ZmqGateway: received command payload: {"cmd":"seek","time":2.28497314453125}
ZmqGateway: dispatching payload to JUCE message thread.
VitHeadlessService: processing queued command on JUCE message thread: {"cmd":"seek","time":2.28497314453125}
Command received: {"cmd":"seek","time":2.28497314453125}
CommandDispatcher::handleSeek: position set to 2.2850s
Command executed: seek, result: {
  "status": "ok",
  "message": "Seek executed",
  "position_seconds": 2.28497314453125
}
VitHeadlessService: command reply (truncated): {
  "status": "ok",
  "message": "Seek executed",
  "position_seconds": 2.28497314453125
}
ZmqGateway: received command payload: {"cmd":"seek","time":2.28497314453125}
ZmqGateway: dispatching payload to JUCE message thread.
VitHeadlessService: processing queued command on JUCE message thread: {"cmd":"seek","time":2.28497314453125}
Command received: {"cmd":"seek","time":2.28497314453125}
CommandDispatcher::handleSeek: position set to 2.2850s
Command executed: seek, result: {
  "status": "ok",
  "message": "Seek executed",
  "position_seconds": 2.28497314453125
}
VitHeadlessService: command reply (truncated): {
  "status": "ok",
  "message": "Seek executed",
  "position_seconds": 2.28497314453125
}
ZmqGateway: received command payload: {"cmd":"seek","time":2.28497314453125}
ZmqGateway: dispatching payload to JUCE message thread.
VitHeadlessService: processing queued command on JUCE message thread: {"cmd":"seek","time":2.28497314453125}
Command received: {"cmd":"seek","time":2.28497314453125}
CommandDispatcher::handleSeek: position set to 2.2850s
Command executed: seek, result: {
  "status": "ok",
  "message": "Seek executed",
  "position_seconds": 2.28497314453125
}
VitHeadlessService: command reply (truncated): {
  "status": "ok",
  "message": "Seek executed",
  "position_seconds": 2.28497314453125
}
ZmqGateway: received command payload: {"cmd":"seek","time":2.28497314453125}
ZmqGateway: dispatching payload to JUCE message thread.
VitHeadlessService: processing queued command on JUCE message thread: {"cmd":"seek","time":2.28497314453125}
Command received: {"cmd":"seek","time":2.28497314453125}
CommandDispatcher::handleSeek: position set to 2.2850s
Command executed: seek, result: {
  "status": "ok",
  "message": "Seek executed",
  "position_seconds": 2.28497314453125
}
VitHeadlessService: command reply (truncated): {
  "status": "ok",
  "message": "Seek executed",
  "position_seconds": 2.28497314453125
}
ZmqGateway: received command payload: {"cmd":"seek","time":2.28497314453125}
ZmqGateway: dispatching payload to JUCE message thread.
VitHeadlessService: processing queued command on JUCE message thread: {"cmd":"seek","time":2.28497314453125}
Command received: {"cmd":"seek","time":2.28497314453125}
CommandDispatcher::handleSeek: position set to 2.2850s
Command executed: seek, result: {
  "status": "ok",
  "message": "Seek executed",
  "position_seconds": 2.28497314453125
}
VitHeadlessService: command reply (truncated): {
  "status": "ok",
  "message": "Seek executed",
  "position_seconds": 2.28497314453125
}
ZmqGateway: received command payload: {"cmd":"seek","time":2.28497314453125}
ZmqGateway: dispatching payload to JUCE message thread.
VitHeadlessService: processing queued command on JUCE message thread: {"cmd":"seek","time":2.28497314453125}
Command received: {"cmd":"seek","time":2.28497314453125}
CommandDispatcher::handleSeek: position set to 2.2850s
Command executed: seek, result: {
  "status": "ok",
  "message": "Seek executed",
  "position_seconds": 2.28497314453125
}
VitHeadlessService: command reply (truncated): {
  "status": "ok",
  "message": "Seek executed",
  "position_seconds": 2.28497314453125
}
ZmqGateway: received command payload: {"cmd":"seek","time":2.28497314453125}
ZmqGateway: dispatching payload to JUCE message thread.
VitHeadlessService: processing queued command on JUCE message thread: {"cmd":"seek","time":2.28497314453125}
Command received: {"cmd":"seek","time":2.28497314453125}
CommandDispatcher::handleSeek: position set to 2.2850s
Command executed: seek, result: {
  "status": "ok",
  "message": "Seek executed",
  "position_seconds": 2.28497314453125
}
VitHeadlessService: command reply (truncated): {
  "status": "ok",
  "message": "Seek executed",
  "position_seconds": 2.28497314453125
}
ZmqGateway: received command payload: {"cmd":"seek","time":2.28497314453125}
ZmqGateway: dispatching payload to JUCE message thread.
VitHeadlessService: processing queued command on JUCE message thread: {"cmd":"seek","time":2.28497314453125}
Command received: {"cmd":"seek","time":2.28497314453125}
CommandDispatcher::handleSeek: position set to 2.2850s
Command executed: seek, result: {
  "status": "ok",
  "message": "Seek executed",
  "position_seconds": 2.28497314453125
}
VitHeadlessService: command reply (truncated): {
  "status": "ok",
  "message": "Seek executed",
  "position_seconds": 2.28497314453125
}
ZmqGateway: received command payload: {"cmd":"seek","time":2.28497314453125}
ZmqGateway: dispatching payload to JUCE message thread.
VitHeadlessService: processing queued command on JUCE message thread: {"cmd":"seek","time":2.28497314453125}
Command received: {"cmd":"seek","time":2.28497314453125}
CommandDispatcher::handleSeek: position set to 2.2850s
Command executed: seek, result: {
  "status": "ok",
  "message": "Seek executed",
  "position_seconds": 2.28497314453125
}
VitHeadlessService: command reply (truncated): {
  "status": "ok",
  "message": "Seek executed",
  "position_seconds": 2.28497314453125
}
ZmqGateway: received command payload: {"cmd":"seek","time":2.28497314453125}
ZmqGateway: dispatching payload to JUCE message thread.
VitHeadlessService: processing queued command on JUCE message thread: {"cmd":"seek","time":2.28497314453125}
Command received: {"cmd":"seek","time":2.28497314453125}
CommandDispatcher::handleSeek: position set to 2.2850s
Command executed: seek, result: {
  "status": "ok",
  "message": "Seek executed",
  "position_seconds": 2.28497314453125
}
VitHeadlessService: command reply (truncated): {
  "status": "ok",
  "message": "Seek executed",
  "position_seconds": 2.28497314453125
}
ZmqGateway: received command payload: {"cmd":"seek","time":2.28497314453125}
ZmqGateway: dispatching payload to JUCE message thread.
VitHeadlessService: processing queued command on JUCE message thread: {"cmd":"seek","time":2.28497314453125}
Command received: {"cmd":"seek","time":2.28497314453125}
CommandDispatcher::handleSeek: position set to 2.2850s
Command executed: seek, result: {
  "status": "ok",
  "message": "Seek executed",
  "position_seconds": 2.28497314453125
}
VitHeadlessService: command reply (truncated): {
  "status": "ok",
  "message": "Seek executed",
  "position_seconds": 2.28497314453125
}
ZmqGateway: received command payload: {"cmd":"seek","time":2.28497314453125}
ZmqGateway: dispatching payload to JUCE message thread.
VitHeadlessService: processing queued command on JUCE message thread: {"cmd":"seek","time":2.28497314453125}
Command received: {"cmd":"seek","time":2.28497314453125}
CommandDispatcher::handleSeek: position set to 2.2850s
Command executed: seek, result: {
  "status": "ok",
  "message": "Seek executed",
  "position_seconds": 2.28497314453125
}
VitHeadlessService: command reply (truncated): {
  "status": "ok",
  "message": "Seek executed",
  "position_seconds": 2.28497314453125
}
ZmqGateway: received command payload: {"cmd":"seek","time":2.28497314453125}
ZmqGateway: dispatching payload to JUCE message thread.
VitHeadlessService: processing queued command on JUCE message thread: {"cmd":"seek","time":2.28497314453125}
Command received: {"cmd":"seek","time":2.28497314453125}
CommandDispatcher::handleSeek: position set to 2.2850s
Command executed: seek, result: {
  "status": "ok",
  "message": "Seek executed",
  "position_seconds": 2.28497314453125
}
VitHeadlessService: command reply (truncated): {
  "status": "ok",
  "message": "Seek executed",
  "position_seconds": 2.28497314453125
}
ZmqGateway: received command payload: {"cmd":"seek","time":2.28497314453125}
ZmqGateway: dispatching payload to JUCE message thread.
VitHeadlessService: processing queued command on JUCE message thread: {"cmd":"seek","time":2.28497314453125}
Command received: {"cmd":"seek","time":2.28497314453125}
CommandDispatcher::handleSeek: position set to 2.2850s
Command executed: seek, result: {
  "status": "ok",
  "message": "Seek executed",
  "position_seconds": 2.28497314453125
}
VitHeadlessService: command reply (truncated): {
  "status": "ok",
  "message": "Seek executed",
  "position_seconds": 2.28497314453125
}
ZmqGateway: received command payload: {"cmd":"seek","time":2.28497314453125}
ZmqGateway: dispatching payload to JUCE message thread.
VitHeadlessService: processing queued command on JUCE message thread: {"cmd":"seek","time":2.28497314453125}
Command received: {"cmd":"seek","time":2.28497314453125}
CommandDispatcher::handleSeek: position set to 2.2850s
Command executed: seek, result: {
  "status": "ok",
  "message": "Seek executed",
  "position_seconds": 2.28497314453125
}
VitHeadlessService: command reply (truncated): {
  "status": "ok",
  "message": "Seek executed",
  "position_seconds": 2.28497314453125
}
ZmqGateway: received command payload: {"cmd":"seek","time":2.28497314453125}
ZmqGateway: dispatching payload to JUCE message thread.
VitHeadlessService: processing queued command on JUCE message thread: {"cmd":"seek","time":2.28497314453125}
Command received: {"cmd":"seek","time":2.28497314453125}
CommandDispatcher::handleSeek: position set to 2.2850s
Command executed: seek, result: {
  "status": "ok",
  "message": "Seek executed",
  "position_seconds": 2.28497314453125
}
VitHeadlessService: command reply (truncated): {
  "status": "ok",
  "message": "Seek executed",
  "position_seconds": 2.28497314453125
}
ZmqGateway: received command payload: {"cmd":"seek","time":2.28497314453125}
ZmqGateway: dispatching payload to JUCE message thread.
VitHeadlessService: processing queued command on JUCE message thread: {"cmd":"seek","time":2.28497314453125}
Command received: {"cmd":"seek","time":2.28497314453125}
CommandDispatcher::handleSeek: position set to 2.2850s
Command executed: seek, result: {
  "status": "ok",
  "message": "Seek executed",
  "position_seconds": 2.28497314453125
}
VitHeadlessService: command reply (truncated): {
  "status": "ok",
  "message": "Seek executed",
  "position_seconds": 2.28497314453125
}
ZmqGateway: received command payload: {"cmd":"seek","time":2.28497314453125}
ZmqGateway: dispatching payload to JUCE message thread.
VitHeadlessService: processing queued command on JUCE message thread: {"cmd":"seek","time":2.28497314453125}
Command received: {"cmd":"seek","time":2.28497314453125}
CommandDispatcher::handleSeek: position set to 2.2850s
Command executed: seek, result: {
  "status": "ok",
  "message": "Seek executed",
  "position_seconds": 2.28497314453125
}
VitHeadlessService: command reply (truncated): {
  "status": "ok",
  "message": "Seek executed",
  "position_seconds": 2.28497314453125
}
ZmqGateway: received command payload: {"cmd":"seek","time":2.28497314453125}
ZmqGateway: dispatching payload to JUCE message thread.
VitHeadlessService: processing queued command on JUCE message thread: {"cmd":"seek","time":2.28497314453125}
Command received: {"cmd":"seek","time":2.28497314453125}
CommandDispatcher::handleSeek: position set to 2.2850s
Command executed: seek, result: {
  "status": "ok",
  "message": "Seek executed",
  "position_seconds": 2.28497314453125
}
VitHeadlessService: command reply (truncated): {
  "status": "ok",
  "message": "Seek executed",
  "position_seconds": 2.28497314453125
}
ZmqGateway: received command payload: {"cmd":"seek","time":2.28497314453125}
ZmqGateway: dispatching payload to JUCE message thread.
VitHeadlessService: processing queued command on JUCE message thread: {"cmd":"seek","time":2.28497314453125}
Command received: {"cmd":"seek","time":2.28497314453125}
CommandDispatcher::handleSeek: position set to 2.2850s
Command executed: seek, result: {
  "status": "ok",
  "message": "Seek executed",
  "position_seconds": 2.28497314453125
}
VitHeadlessService: command reply (truncated): {
  "status": "ok",
  "message": "Seek executed",
  "position_seconds": 2.28497314453125
}
ZmqGateway: received command payload: {"cmd":"seek","time":2.28497314453125}
ZmqGateway: dispatching payload to JUCE message thread.
VitHeadlessService: processing queued command on JUCE message thread: {"cmd":"seek","time":2.28497314453125}
Command received: {"cmd":"seek","time":2.28497314453125}
CommandDispatcher::handleSeek: position set to 2.2850s
Command executed: seek, result: {
  "status": "ok",
  "message": "Seek executed",
  "position_seconds": 2.28497314453125
}
VitHeadlessService: command reply (truncated): {
  "status": "ok",
  "message": "Seek executed",
  "position_seconds": 2.28497314453125
}
ZmqGateway: received command payload: {"cmd":"seek","time":2.28497314453125}
ZmqGateway: dispatching payload to JUCE message thread.
VitHeadlessService: processing queued command on JUCE message thread: {"cmd":"seek","time":2.28497314453125}
Command received: {"cmd":"seek","time":2.28497314453125}
CommandDispatcher::handleSeek: position set to 2.2850s
Command executed: seek, result: {
  "status": "ok",
  "message": "Seek executed",
  "position_seconds": 2.28497314453125
}
VitHeadlessService: command reply (truncated): {
  "status": "ok",
  "message": "Seek executed",
  "position_seconds": 2.28497314453125
}
ZmqGateway: received command payload: {"cmd":"seek","time":2.28497314453125}
ZmqGateway: dispatching payload to JUCE message thread.
VitHeadlessService: processing queued command on JUCE message thread: {"cmd":"seek","time":2.28497314453125}
Command received: {"cmd":"seek","time":2.28497314453125}
CommandDispatcher::handleSeek: position set to 2.2850s
Command executed: seek, result: {
  "status": "ok",
  "message": "Seek executed",
  "position_seconds": 2.28497314453125
}
VitHeadlessService: command reply (truncated): {
  "status": "ok",
  "message": "Seek executed",
  "position_seconds": 2.28497314453125
}
ZmqGateway: received command payload: {"cmd":"seek","time":2.28497314453125}
ZmqGateway: dispatching payload to JUCE message thread.
VitHeadlessService: processing queued command on JUCE message thread: {"cmd":"seek","time":2.28497314453125}
Command received: {"cmd":"seek","time":2.28497314453125}
CommandDispatcher::handleSeek: position set to 2.2850s
Command executed: seek, result: {
  "status": "ok",
  "message": "Seek executed",
  "position_seconds": 2.28497314453125
}
VitHeadlessService: command reply (truncated): {
  "status": "ok",
  "message": "Seek executed",
  "position_seconds": 2.28497314453125
}
ZmqGateway: received command payload: {"cmd":"seek","time":2.23834037780762}
ZmqGateway: dispatching payload to JUCE message thread.
VitHeadlessService: processing queued command on JUCE message thread: {"cmd":"seek","time":2.23834037780762}
Command received: {"cmd":"seek","time":2.23834037780762}
CommandDispatcher::handleSeek: position set to 2.2383s
Command executed: seek, result: {
  "status": "ok",
  "message": "Seek executed",
  "position_seconds": 2.23834037780762
}
VitHeadlessService: command reply (truncated): {
  "status": "ok",
  "message": "Seek executed",
  "position_seconds": 2.23834037780762
}
ZmqGateway: received command payload: {"cmd":"seek","time":2.1761646270752}
ZmqGateway: dispatching payload to JUCE message thread.
VitHeadlessService: processing queued command on JUCE message thread: {"cmd":"seek","time":2.1761646270752}
Command received: {"cmd":"seek","time":2.1761646270752}
CommandDispatcher::handleSeek: position set to 2.1762s
Command executed: seek, result: {
  "status": "ok",
  "message": "Seek executed",
  "position_seconds": 2.1761646270752
}
VitHeadlessService: command reply (truncated): {
  "status": "ok",
  "message": "Seek executed",
  "position_seconds": 2.1761646270752
}
ZmqGateway: received command payload: {"cmd":"seek","time":2.12953186035156}
ZmqGateway: dispatching payload to JUCE message thread.
VitHeadlessService: processing queued command on JUCE message thread: {"cmd":"seek","time":2.12953186035156}
Command received: {"cmd":"seek","time":2.12953186035156}
CommandDispatcher::handleSeek: position set to 2.1295s
Command executed: seek, result: {
  "status": "ok",
  "message": "Seek executed",
  "position_seconds": 2.12953186035156
}
VitHeadlessService: command reply (truncated): {
  "status": "ok",
  "message": "Seek executed",
  "position_seconds": 2.12953186035156
}
ZmqGateway: received command payload: {"cmd":"seek","time":2.06735610961914}
ZmqGateway: dispatching payload to JUCE message thread.
VitHeadlessService: processing queued command on JUCE message thread: {"cmd":"seek","time":2.06735610961914}
Command received: {"cmd":"seek","time":2.06735610961914}
CommandDispatcher::handleSeek: position set to 2.0674s
Command executed: seek, result: {
  "status": "ok",
  "message": "Seek executed",
  "position_seconds": 2.06735610961914
}
VitHeadlessService: command reply (truncated): {
  "status": "ok",
  "message": "Seek executed",
  "position_seconds": 2.06735610961914
}
ZmqGateway: received command payload: {"cmd":"seek","time":2.00518035888672}
ZmqGateway: dispatching payload to JUCE message thread.
VitHeadlessService: processing queued command on JUCE message thread: {"cmd":"seek","time":2.00518035888672}
Command received: {"cmd":"seek","time":2.00518035888672}
CommandDispatcher::handleSeek: position set to 2.0052s
Command executed: seek, result: {
  "status": "ok",
  "message": "Seek executed",
  "position_seconds": 2.00518035888672
}
VitHeadlessService: command reply (truncated): {
  "status": "ok",
  "message": "Seek executed",
  "position_seconds": 2.00518035888672
}
ZmqGateway: received command payload: {"cmd":"seek","time":1.94300365447998}
ZmqGateway: dispatching payload to JUCE message thread.
VitHeadlessService: processing queued command on JUCE message thread: {"cmd":"seek","time":1.94300365447998}
Command received: {"cmd":"seek","time":1.94300365447998}
CommandDispatcher::handleSeek: position set to 1.9430s
Command executed: seek, result: {
  "status": "ok",
  "message": "Seek executed",
  "position_seconds": 1.94300365447998
}
VitHeadlessService: command reply (truncated): {
  "status": "ok",
  "message": "Seek executed",
  "position_seconds": 1.94300365447998
}
ZmqGateway: received command payload: {"cmd":"seek","time":1.86528396606445}
ZmqGateway: dispatching payload to JUCE message thread.
VitHeadlessService: processing queued command on JUCE message thread: {"cmd":"seek","time":1.86528396606445}
Command received: {"cmd":"seek","time":1.86528396606445}
CommandDispatcher::handleSeek: position set to 1.8653s
Command executed: seek, result: {
  "status": "ok",
  "message": "Seek executed",
  "position_seconds": 1.86528396606445
}
VitHeadlessService: command reply (truncated): {
  "status": "ok",
  "message": "Seek executed",
  "position_seconds": 1.86528396606445
}
ZmqGateway: received command payload: {"cmd":"seek","time":1.81865119934082}
ZmqGateway: dispatching payload to JUCE message thread.
VitHeadlessService: processing queued command on JUCE message thread: {"cmd":"seek","time":1.81865119934082}
Command received: {"cmd":"seek","time":1.81865119934082}
CommandDispatcher::handleSeek: position set to 1.8187s
Command executed: seek, result: {
  "status": "ok",
  "message": "Seek executed",
  "position_seconds": 1.81865119934082
}
VitHeadlessService: command reply (truncated): {
  "status": "ok",
  "message": "Seek executed",
  "position_seconds": 1.81865119934082
}
ZmqGateway: received command payload: {"cmd":"seek","time":1.7720193862915}
ZmqGateway: dispatching payload to JUCE message thread.
VitHeadlessService: processing queued command on JUCE message thread: {"cmd":"seek","time":1.7720193862915}
Command received: {"cmd":"seek","time":1.7720193862915}
CommandDispatcher::handleSeek: position set to 1.7720s
Command executed: seek, result: {
  "status": "ok",
  "message": "Seek executed",
  "position_seconds": 1.7720193862915
}
VitHeadlessService: command reply (truncated): {
  "status": "ok",
  "message": "Seek executed",
  "position_seconds": 1.7720193862915
}
ZmqGateway: received command payload: {"cmd":"seek","time":1.7564754486084}
ZmqGateway: dispatching payload to JUCE message thread.
VitHeadlessService: processing queued command on JUCE message thread: {"cmd":"seek","time":1.7564754486084}
Command received: {"cmd":"seek","time":1.7564754486084}
CommandDispatcher::handleSeek: position set to 1.7565s
Command executed: seek, result: {
  "status": "ok",
  "message": "Seek executed",
  "position_seconds": 1.7564754486084
}
VitHeadlessService: command reply (truncated): {
  "status": "ok",
  "message": "Seek executed",
  "position_seconds": 1.7564754486084
}
ZmqGateway: received command payload: {"cmd":"seek","time":1.74093151092529}
ZmqGateway: dispatching payload to JUCE message thread.
VitHeadlessService: processing queued command on JUCE message thread: {"cmd":"seek","time":1.74093151092529}
Command received: {"cmd":"seek","time":1.74093151092529}
CommandDispatcher::handleSeek: position set to 1.7409s
Command executed: seek, result: {
  "status": "ok",
  "message": "Seek executed",
  "position_seconds": 1.74093151092529
}
VitHeadlessService: command reply (truncated): {
  "status": "ok",
  "message": "Seek executed",
  "position_seconds": 1.74093151092529
}
ZmqGateway: received command payload: {"cmd":"seek","time":1.74093151092529}
ZmqGateway: dispatching payload to JUCE message thread.
VitHeadlessService: processing queued command on JUCE message thread: {"cmd":"seek","time":1.74093151092529}
Command received: {"cmd":"seek","time":1.74093151092529}
CommandDispatcher::handleSeek: position set to 1.7409s
Command executed: seek, result: {
  "status": "ok",
  "message": "Seek executed",
  "position_seconds": 1.74093151092529
}
VitHeadlessService: command reply (truncated): {
  "status": "ok",
  "message": "Seek executed",
  "position_seconds": 1.74093151092529
}
ZmqGateway: received command payload: {"cmd":"seek","time":1.74093151092529}
ZmqGateway: dispatching payload to JUCE message thread.
VitHeadlessService: processing queued command on JUCE message thread: {"cmd":"seek","time":1.74093151092529}
Command received: {"cmd":"seek","time":1.74093151092529}
CommandDispatcher::handleSeek: position set to 1.7409s
Command executed: seek, result: {
  "status": "ok",
  "message": "Seek executed",
  "position_seconds": 1.74093151092529
}
VitHeadlessService: command reply (truncated): {
  "status": "ok",
  "message": "Seek executed",
  "position_seconds": 1.74093151092529
}
ZmqGateway: received command payload: {"cmd":"seek","time":1.74093151092529}
ZmqGateway: dispatching payload to JUCE message thread.
VitHeadlessService: processing queued command on JUCE message thread: {"cmd":"seek","time":1.74093151092529}
Command received: {"cmd":"seek","time":1.74093151092529}
CommandDispatcher::handleSeek: position set to 1.7409s
Command executed: seek, result: {
  "status": "ok",
  "message": "Seek executed",
  "position_seconds": 1.74093151092529
}
VitHeadlessService: command reply (truncated): {
  "status": "ok",
  "message": "Seek executed",
  "position_seconds": 1.74093151092529
}
ZmqGateway: received command payload: {"cmd":"seek","time":1.74093151092529}
ZmqGateway: dispatching payload to JUCE message thread.
VitHeadlessService: processing queued command on JUCE message thread: {"cmd":"seek","time":1.74093151092529}
Command received: {"cmd":"seek","time":1.74093151092529}
CommandDispatcher::handleSeek: position set to 1.7409s
Command executed: seek, result: {
  "status": "ok",
  "message": "Seek executed",
  "position_seconds": 1.74093151092529
}
VitHeadlessService: command reply (truncated): {
  "status": "ok",
  "message": "Seek executed",
  "position_seconds": 1.74093151092529
}
ZmqGateway: received command payload: {"cmd":"seek","time":1.74093151092529}
ZmqGateway: dispatching payload to JUCE message thread.
VitHeadlessService: processing queued command on JUCE message thread: {"cmd":"seek","time":1.74093151092529}
Command received: {"cmd":"seek","time":1.74093151092529}
CommandDispatcher::handleSeek: position set to 1.7409s
Command executed: seek, result: {
  "status": "ok",
  "message": "Seek executed",
  "position_seconds": 1.74093151092529
}
VitHeadlessService: command reply (truncated): {
  "status": "ok",
  "message": "Seek executed",
  "position_seconds": 1.74093151092529
}
ZmqGateway: received command payload: {"cmd":"seek","time":1.74093151092529}
ZmqGateway: dispatching payload to JUCE message thread.
VitHeadlessService: processing queued command on JUCE message thread: {"cmd":"seek","time":1.74093151092529}
Command received: {"cmd":"seek","time":1.74093151092529}
CommandDispatcher::handleSeek: position set to 1.7409s
Command executed: seek, result: {
  "status": "ok",
  "message": "Seek executed",
  "position_seconds": 1.74093151092529
}
VitHeadlessService: command reply (truncated): {
  "status": "ok",
  "message": "Seek executed",
  "position_seconds": 1.74093151092529
}
ZmqGateway: received command payload: {"cmd":"seek","time":1.74093151092529}
ZmqGateway: dispatching payload to JUCE message thread.
VitHeadlessService: processing queued command on JUCE message thread: {"cmd":"seek","time":1.74093151092529}
Command received: {"cmd":"seek","time":1.74093151092529}
CommandDispatcher::handleSeek: position set to 1.7409s
Command executed: seek, result: {
  "status": "ok",
  "message": "Seek executed",
  "position_seconds": 1.74093151092529
}
VitHeadlessService: command reply (truncated): {
  "status": "ok",
  "message": "Seek executed",
  "position_seconds": 1.74093151092529
}
ZmqGateway: received command payload: {"cmd":"seek","time":1.74093151092529}
ZmqGateway: dispatching payload to JUCE message thread.
VitHeadlessService: processing queued command on JUCE message thread: {"cmd":"seek","time":1.74093151092529}
Command received: {"cmd":"seek","time":1.74093151092529}
CommandDispatcher::handleSeek: position set to 1.7409s
Command executed: seek, result: {
  "status": "ok",
  "message": "Seek executed",
  "position_seconds": 1.74093151092529
}
VitHeadlessService: command reply (truncated): {
  "status": "ok",
  "message": "Seek executed",
  "position_seconds": 1.74093151092529
}
ZmqGateway: received command payload: {"cmd":"seek","time":1.74093151092529}
ZmqGateway: dispatching payload to JUCE message thread.
VitHeadlessService: processing queued command on JUCE message thread: {"cmd":"seek","time":1.74093151092529}
Command received: {"cmd":"seek","time":1.74093151092529}
CommandDispatcher::handleSeek: position set to 1.7409s
Command executed: seek, result: {
  "status": "ok",
  "message": "Seek executed",
  "position_seconds": 1.74093151092529
}
VitHeadlessService: command reply (truncated): {
  "status": "ok",
  "message": "Seek executed",
  "position_seconds": 1.74093151092529
}
ZmqGateway: received command payload: {"cmd":"seek","time":1.74093151092529}
ZmqGateway: dispatching payload to JUCE message thread.
VitHeadlessService: processing queued command on JUCE message thread: {"cmd":"seek","time":1.74093151092529}
Command received: {"cmd":"seek","time":1.74093151092529}
CommandDispatcher::handleSeek: position set to 1.7409s
Command executed: seek, result: {
  "status": "ok",
  "message": "Seek executed",
  "position_seconds": 1.74093151092529
}
VitHeadlessService: command reply (truncated): {
  "status": "ok",
  "message": "Seek executed",
  "position_seconds": 1.74093151092529
}
ZmqGateway: received command payload: {"cmd":"seek","time":1.74093151092529}
ZmqGateway: dispatching payload to JUCE message thread.
VitHeadlessService: processing queued command on JUCE message thread: {"cmd":"seek","time":1.74093151092529}
Command received: {"cmd":"seek","time":1.74093151092529}
CommandDispatcher::handleSeek: position set to 1.7409s
Command executed: seek, result: {
  "status": "ok",
  "message": "Seek executed",
  "position_seconds": 1.74093151092529
}
VitHeadlessService: command reply (truncated): {
  "status": "ok",
  "message": "Seek executed",
  "position_seconds": 1.74093151092529
}
ZmqGateway: received command payload: {"cmd":"seek","time":1.74093151092529}
ZmqGateway: dispatching payload to JUCE message thread.
VitHeadlessService: processing queued command on JUCE message thread: {"cmd":"seek","time":1.74093151092529}
Command received: {"cmd":"seek","time":1.74093151092529}
CommandDispatcher::handleSeek: position set to 1.7409s
Command executed: seek, result: {
  "status": "ok",
  "message": "Seek executed",
  "position_seconds": 1.74093151092529
}
VitHeadlessService: command reply (truncated): {
  "status": "ok",
  "message": "Seek executed",
  "position_seconds": 1.74093151092529
}
ZmqGateway: received command payload: {"cmd":"seek","time":1.74093151092529}
ZmqGateway: dispatching payload to JUCE message thread.
VitHeadlessService: processing queued command on JUCE message thread: {"cmd":"seek","time":1.74093151092529}
Command received: {"cmd":"seek","time":1.74093151092529}
CommandDispatcher::handleSeek: position set to 1.7409s
Command executed: seek, result: {
  "status": "ok",
  "message": "Seek executed",
  "position_seconds": 1.74093151092529
}
VitHeadlessService: command reply (truncated): {
  "status": "ok",
  "message": "Seek executed",
  "position_seconds": 1.74093151092529
}
ZmqGateway: received command payload: {"cmd":"seek","time":1.74093151092529}
ZmqGateway: dispatching payload to JUCE message thread.
VitHeadlessService: processing queued command on JUCE message thread: {"cmd":"seek","time":1.74093151092529}
Command received: {"cmd":"seek","time":1.74093151092529}
CommandDispatcher::handleSeek: position set to 1.7409s
Command executed: seek, result: {
  "status": "ok",
  "message": "Seek executed",
  "position_seconds": 1.74093151092529
}
VitHeadlessService: command reply (truncated): {
  "status": "ok",
  "message": "Seek executed",
  "position_seconds": 1.74093151092529
}
ZmqGateway: received command payload: {"cmd":"seek","time":1.74093151092529}
ZmqGateway: dispatching payload to JUCE message thread.
VitHeadlessService: processing queued command on JUCE message thread: {"cmd":"seek","time":1.74093151092529}
Command received: {"cmd":"seek","time":1.74093151092529}
CommandDispatcher::handleSeek: position set to 1.7409s
Command executed: seek, result: {
  "status": "ok",
  "message": "Seek executed",
  "position_seconds": 1.74093151092529
}
VitHeadlessService: command reply (truncated): {
  "status": "ok",
  "message": "Seek executed",
  "position_seconds": 1.74093151092529
}
ZmqGateway: received command payload: {"cmd":"seek","time":1.74093151092529}
ZmqGateway: dispatching payload to JUCE message thread.
VitHeadlessService: processing queued command on JUCE message thread: {"cmd":"seek","time":1.74093151092529}
Command received: {"cmd":"seek","time":1.74093151092529}
CommandDispatcher::handleSeek: position set to 1.7409s
Command executed: seek, result: {
  "status": "ok",
  "message": "Seek executed",
  "position_seconds": 1.74093151092529
}
VitHeadlessService: command reply (truncated): {
  "status": "ok",
  "message": "Seek executed",
  "position_seconds": 1.74093151092529
}
ZmqGateway: received command payload: {"cmd":"seek","time":1.74093151092529}
ZmqGateway: dispatching payload to JUCE message thread.
VitHeadlessService: processing queued command on JUCE message thread: {"cmd":"seek","time":1.74093151092529}
Command received: {"cmd":"seek","time":1.74093151092529}
CommandDispatcher::handleSeek: position set to 1.7409s
Command executed: seek, result: {
  "status": "ok",
  "message": "Seek executed",
  "position_seconds": 1.74093151092529
}
VitHeadlessService: command reply (truncated): {
  "status": "ok",
  "message": "Seek executed",
  "position_seconds": 1.74093151092529
}
ZmqGateway: received command payload: {"cmd":"seek","time":1.78756332397461}
ZmqGateway: dispatching payload to JUCE message thread.
VitHeadlessService: processing queued command on JUCE message thread: {"cmd":"seek","time":1.78756332397461}
Command received: {"cmd":"seek","time":1.78756332397461}
CommandDispatcher::handleSeek: position set to 1.7876s
Command executed: seek, result: {
  "status": "ok",
  "message": "Seek executed",
  "position_seconds": 1.78756332397461
}
VitHeadlessService: command reply (truncated): {
  "status": "ok",
  "message": "Seek executed",
  "position_seconds": 1.78756332397461
}
ZmqGateway: received command payload: {"cmd":"seek","time":1.83419609069824}
ZmqGateway: dispatching payload to JUCE message thread.
VitHeadlessService: processing queued command on JUCE message thread: {"cmd":"seek","time":1.83419609069824}
Command received: {"cmd":"seek","time":1.83419609069824}
CommandDispatcher::handleSeek: position set to 1.8342s
Command executed: seek, result: {
  "status": "ok",
  "message": "Seek executed",
  "position_seconds": 1.83419609069824
}
VitHeadlessService: command reply (truncated): {
  "status": "ok",
  "message": "Seek executed",
  "position_seconds": 1.83419609069824
}
ZmqGateway: received command payload: {"cmd":"seek","time":1.89637184143066}
ZmqGateway: dispatching payload to JUCE message thread.
VitHeadlessService: processing queued command on JUCE message thread: {"cmd":"seek","time":1.89637184143066}
Command received: {"cmd":"seek","time":1.89637184143066}
CommandDispatcher::handleSeek: position set to 1.8964s
Command executed: seek, result: {
  "status": "ok",
  "message": "Seek executed",
  "position_seconds": 1.89637184143066
}
VitHeadlessService: command reply (truncated): {
  "status": "ok",
  "message": "Seek executed",
  "position_seconds": 1.89637184143066
}
ZmqGateway: received command payload: {"cmd":"seek","time":1.92745971679688}
ZmqGateway: dispatching payload to JUCE message thread.
VitHeadlessService: processing queued command on JUCE message thread: {"cmd":"seek","time":1.92745971679688}
Command received: {"cmd":"seek","time":1.92745971679688}
CommandDispatcher::handleSeek: position set to 1.9275s
Command executed: seek, result: {
  "status": "ok",
  "message": "Seek executed",
  "position_seconds": 1.92745971679688
}
VitHeadlessService: command reply (truncated): {
  "status": "ok",
  "message": "Seek executed",
  "position_seconds": 1.92745971679688
}
ZmqGateway: received command payload: {"cmd":"seek","time":1.95854759216309}
ZmqGateway: dispatching payload to JUCE message thread.
VitHeadlessService: processing queued command on JUCE message thread: {"cmd":"seek","time":1.95854759216309}
Command received: {"cmd":"seek","time":1.95854759216309}
CommandDispatcher::handleSeek: position set to 1.9585s
Command executed: seek, result: {
  "status": "ok",
  "message": "Seek executed",
  "position_seconds": 1.95854759216309
}
VitHeadlessService: command reply (truncated): {
  "status": "ok",
  "message": "Seek executed",
  "position_seconds": 1.95854759216309
}
ZmqGateway: received command payload: {"cmd":"seek","time":1.97409152984619}
ZmqGateway: dispatching payload to JUCE message thread.
VitHeadlessService: processing queued command on JUCE message thread: {"cmd":"seek","time":1.97409152984619}
Command received: {"cmd":"seek","time":1.97409152984619}
CommandDispatcher::handleSeek: position set to 1.9741s
Command executed: seek, result: {
  "status": "ok",
  "message": "Seek executed",
  "position_seconds": 1.97409152984619
}
VitHeadlessService: command reply (truncated): {
  "status": "ok",
  "message": "Seek executed",
  "position_seconds": 1.97409152984619
}
ZmqGateway: received command payload: {"cmd":"seek","time":1.9896354675293}
ZmqGateway: dispatching payload to JUCE message thread.
VitHeadlessService: processing queued command on JUCE message thread: {"cmd":"seek","time":1.9896354675293}
Command received: {"cmd":"seek","time":1.9896354675293}
CommandDispatcher::handleSeek: position set to 1.9896s
Command executed: seek, result: {
  "status": "ok",
  "message": "Seek executed",
  "position_seconds": 1.9896354675293
}
VitHeadlessService: command reply (truncated): {
  "status": "ok",
  "message": "Seek executed",
  "position_seconds": 1.9896354675293
}
ZmqGateway: received command payload: {"cmd":"seek","time":1.9896354675293}
ZmqGateway: dispatching payload to JUCE message thread.
VitHeadlessService: processing queued command on JUCE message thread: {"cmd":"seek","time":1.9896354675293}
Command received: {"cmd":"seek","time":1.9896354675293}
CommandDispatcher::handleSeek: position set to 1.9896s
Command executed: seek, result: {
  "status": "ok",
  "message": "Seek executed",
  "position_seconds": 1.9896354675293
}
VitHeadlessService: command reply (truncated): {
  "status": "ok",
  "message": "Seek executed",
  "position_seconds": 1.9896354675293
}
ZmqGateway: received command payload: {"cmd":"seek","time":1.9896354675293}
ZmqGateway: dispatching payload to JUCE message thread.
VitHeadlessService: processing queued command on JUCE message thread: {"cmd":"seek","time":1.9896354675293}
Command received: {"cmd":"seek","time":1.9896354675293}
CommandDispatcher::handleSeek: position set to 1.9896s
Command executed: seek, result: {
  "status": "ok",
  "message": "Seek executed",
  "position_seconds": 1.9896354675293
}
VitHeadlessService: command reply (truncated): {
  "status": "ok",
  "message": "Seek executed",
  "position_seconds": 1.9896354675293
}
ZmqGateway: received command payload: {"cmd":"seek","time":1.9896354675293}
ZmqGateway: dispatching payload to JUCE message thread.
VitHeadlessService: processing queued command on JUCE message thread: {"cmd":"seek","time":1.9896354675293}
Command received: {"cmd":"seek","time":1.9896354675293}
CommandDispatcher::handleSeek: position set to 1.9896s
Command executed: seek, result: {
  "status": "ok",
  "message": "Seek executed",
  "position_seconds": 1.9896354675293
}
VitHeadlessService: command reply (truncated): {
  "status": "ok",
  "message": "Seek executed",
  "position_seconds": 1.9896354675293
}
ZmqGateway: received command payload: {"cmd":"seek","time":1.9896354675293}
ZmqGateway: dispatching payload to JUCE message thread.
VitHeadlessService: processing queued command on JUCE message thread: {"cmd":"seek","time":1.9896354675293}
Command received: {"cmd":"seek","time":1.9896354675293}
CommandDispatcher::handleSeek: position set to 1.9896s
Command executed: seek, result: {
  "status": "ok",
  "message": "Seek executed",
  "position_seconds": 1.9896354675293
}
VitHeadlessService: command reply (truncated): {
  "status": "ok",
  "message": "Seek executed",
  "position_seconds": 1.9896354675293
}
ZmqGateway: received command payload: {"cmd":"seek","time":1.9896354675293}
ZmqGateway: dispatching payload to JUCE message thread.
VitHeadlessService: processing queued command on JUCE message thread: {"cmd":"seek","time":1.9896354675293}
Command received: {"cmd":"seek","time":1.9896354675293}
CommandDispatcher::handleSeek: position set to 1.9896s
Command executed: seek, result: {
  "status": "ok",
  "message": "Seek executed",
  "position_seconds": 1.9896354675293
}
VitHeadlessService: command reply (truncated): {
  "status": "ok",
  "message": "Seek executed",
  "position_seconds": 1.9896354675293
}
ZmqGateway: received command payload: {"cmd":"seek","time":1.9896354675293}
ZmqGateway: dispatching payload to JUCE message thread.
VitHeadlessService: processing queued command on JUCE message thread: {"cmd":"seek","time":1.9896354675293}
Command received: {"cmd":"seek","time":1.9896354675293}
CommandDispatcher::handleSeek: position set to 1.9896s
Command executed: seek, result: {
  "status": "ok",
  "message": "Seek executed",
  "position_seconds": 1.9896354675293
}
VitHeadlessService: command reply (truncated): {
  "status": "ok",
  "message": "Seek executed",
  "position_seconds": 1.9896354675293
}
ZmqGateway: received command payload: {"cmd":"seek","time":1.9896354675293}
ZmqGateway: dispatching payload to JUCE message thread.
VitHeadlessService: processing queued command on JUCE message thread: {"cmd":"seek","time":1.9896354675293}
Command received: {"cmd":"seek","time":1.9896354675293}
CommandDispatcher::handleSeek: position set to 1.9896s
Command executed: seek, result: {
  "status": "ok",
  "message": "Seek executed",
  "position_seconds": 1.9896354675293
}
VitHeadlessService: command reply (truncated): {
  "status": "ok",
  "message": "Seek executed",
  "position_seconds": 1.9896354675293
}
ZmqGateway: received command payload: {"cmd":"seek","time":1.9896354675293}
ZmqGateway: dispatching payload to JUCE message thread.
VitHeadlessService: processing queued command on JUCE message thread: {"cmd":"seek","time":1.9896354675293}
Command received: {"cmd":"seek","time":1.9896354675293}
CommandDispatcher::handleSeek: position set to 1.9896s
Command executed: seek, result: {
  "status": "ok",
  "message": "Seek executed",
  "position_seconds": 1.9896354675293
}
VitHeadlessService: command reply (truncated): {
  "status": "ok",
  "message": "Seek executed",
  "position_seconds": 1.9896354675293
}
ZmqGateway: received command payload: {"cmd":"seek","time":1.9896354675293}
ZmqGateway: dispatching payload to JUCE message thread.
VitHeadlessService: processing queued command on JUCE message thread: {"cmd":"seek","time":1.9896354675293}
Command received: {"cmd":"seek","time":1.9896354675293}
CommandDispatcher::handleSeek: position set to 1.9896s
Command executed: seek, result: {
  "status": "ok",
  "message": "Seek executed",
  "position_seconds": 1.9896354675293
}
VitHeadlessService: command reply (truncated): {
  "status": "ok",
  "message": "Seek executed",
  "position_seconds": 1.9896354675293
}
ZmqGateway: received command payload: {"cmd":"seek","time":1.9896354675293}
ZmqGateway: dispatching payload to JUCE message thread.
VitHeadlessService: processing queued command on JUCE message thread: {"cmd":"seek","time":1.9896354675293}
Command received: {"cmd":"seek","time":1.9896354675293}
CommandDispatcher::handleSeek: position set to 1.9896s
Command executed: seek, result: {
  "status": "ok",
  "message": "Seek executed",
  "position_seconds": 1.9896354675293
}
VitHeadlessService: command reply (truncated): {
  "status": "ok",
  "message": "Seek executed",
  "position_seconds": 1.9896354675293
}
ZmqGateway: received command payload: {"cmd":"seek","time":1.9896354675293}
ZmqGateway: dispatching payload to JUCE message thread.
VitHeadlessService: processing queued command on JUCE message thread: {"cmd":"seek","time":1.9896354675293}
Command received: {"cmd":"seek","time":1.9896354675293}
CommandDispatcher::handleSeek: position set to 1.9896s
Command executed: seek, result: {
  "status": "ok",
  "message": "Seek executed",
  "position_seconds": 1.9896354675293
}
VitHeadlessService: command reply (truncated): {
  "status": "ok",
  "message": "Seek executed",
  "position_seconds": 1.9896354675293
}
ZmqGateway: received command payload: {"cmd":"seek","time":1.9896354675293}
ZmqGateway: dispatching payload to JUCE message thread.
VitHeadlessService: processing queued command on JUCE message thread: {"cmd":"seek","time":1.9896354675293}
Command received: {"cmd":"seek","time":1.9896354675293}
CommandDispatcher::handleSeek: position set to 1.9896s
Command executed: seek, result: {
  "status": "ok",
  "message": "Seek executed",
  "position_seconds": 1.9896354675293
}
VitHeadlessService: command reply (truncated): {
  "status": "ok",
  "message": "Seek executed",
  "position_seconds": 1.9896354675293
}
ZmqGateway: received command payload: {"cmd":"seek","time":1.9896354675293}
ZmqGateway: dispatching payload to JUCE message thread.
VitHeadlessService: processing queued command on JUCE message thread: {"cmd":"seek","time":1.9896354675293}
Command received: {"cmd":"seek","time":1.9896354675293}
CommandDispatcher::handleSeek: position set to 1.9896s
Command executed: seek, result: {
  "status": "ok",
  "message": "Seek executed",
  "position_seconds": 1.9896354675293
}
VitHeadlessService: command reply (truncated): {
  "status": "ok",
  "message": "Seek executed",
  "position_seconds": 1.9896354675293
}
ZmqGateway: received command payload: {"cmd":"seek","time":1.9896354675293}
ZmqGateway: dispatching payload to JUCE message thread.
VitHeadlessService: processing queued command on JUCE message thread: {"cmd":"seek","time":1.9896354675293}
Command received: {"cmd":"seek","time":1.9896354675293}
CommandDispatcher::handleSeek: position set to 1.9896s
Command executed: seek, result: {
  "status": "ok",
  "message": "Seek executed",
  "position_seconds": 1.9896354675293
}
VitHeadlessService: command reply (truncated): {
  "status": "ok",
  "message": "Seek executed",
  "position_seconds": 1.9896354675293
}
ZmqGateway: received command payload: {"cmd":"seek","time":1.9896354675293}
ZmqGateway: dispatching payload to JUCE message thread.
VitHeadlessService: processing queued command on JUCE message thread: {"cmd":"seek","time":1.9896354675293}
Command received: {"cmd":"seek","time":1.9896354675293}
CommandDispatcher::handleSeek: position set to 1.9896s
Command executed: seek, result: {
  "status": "ok",
  "message": "Seek executed",
  "position_seconds": 1.9896354675293
}
VitHeadlessService: command reply (truncated): {
  "status": "ok",
  "message": "Seek executed",
  "position_seconds": 1.9896354675293
}
ZmqGateway: received command payload: {"cmd":"seek","time":1.9896354675293}
ZmqGateway: dispatching payload to JUCE message thread.
VitHeadlessService: processing queued command on JUCE message thread: {"cmd":"seek","time":1.9896354675293}
Command received: {"cmd":"seek","time":1.9896354675293}
CommandDispatcher::handleSeek: position set to 1.9896s
Command executed: seek, result: {
  "status": "ok",
  "message": "Seek executed",
  "position_seconds": 1.9896354675293
}
VitHeadlessService: command reply (truncated): {
  "status": "ok",
  "message": "Seek executed",
  "position_seconds": 1.9896354675293
}
ZmqGateway: received command payload: {"cmd":"seek","time":1.9896354675293}
ZmqGateway: dispatching payload to JUCE message thread.
VitHeadlessService: processing queued command on JUCE message thread: {"cmd":"seek","time":1.9896354675293}
Command received: {"cmd":"seek","time":1.9896354675293}
CommandDispatcher::handleSeek: position set to 1.9896s
Command executed: seek, result: {
  "status": "ok",
  "message": "Seek executed",
  "position_seconds": 1.9896354675293
}
VitHeadlessService: command reply (truncated): {
  "status": "ok",
  "message": "Seek executed",
  "position_seconds": 1.9896354675293
}
ZmqGateway: received command payload: {"cmd":"seek","time":1.9896354675293}
ZmqGateway: dispatching payload to JUCE message thread.
VitHeadlessService: processing queued command on JUCE message thread: {"cmd":"seek","time":1.9896354675293}
Command received: {"cmd":"seek","time":1.9896354675293}
CommandDispatcher::handleSeek: position set to 1.9896s
Command executed: seek, result: {
  "status": "ok",
  "message": "Seek executed",
  "position_seconds": 1.9896354675293
}
VitHeadlessService: command reply (truncated): {
  "status": "ok",
  "message": "Seek executed",
  "position_seconds": 1.9896354675293
}
ZmqGateway: received command payload: {"cmd":"seek","time":1.9896354675293}
ZmqGateway: dispatching payload to JUCE message thread.
VitHeadlessService: processing queued command on JUCE message thread: {"cmd":"seek","time":1.9896354675293}
Command received: {"cmd":"seek","time":1.9896354675293}
CommandDispatcher::handleSeek: position set to 1.9896s
Command executed: seek, result: {
  "status": "ok",
  "message": "Seek executed",
  "position_seconds": 1.9896354675293
}
VitHeadlessService: command reply (truncated): {
  "status": "ok",
  "message": "Seek executed",
  "position_seconds": 1.9896354675293
}
ZmqGateway: received command payload: {"cmd":"seek","time":1.9896354675293}
ZmqGateway: dispatching payload to JUCE message thread.
VitHeadlessService: processing queued command on JUCE message thread: {"cmd":"seek","time":1.9896354675293}
Command received: {"cmd":"seek","time":1.9896354675293}
CommandDispatcher::handleSeek: position set to 1.9896s
Command executed: seek, result: {
  "status": "ok",
  "message": "Seek executed",
  "position_seconds": 1.9896354675293
}
VitHeadlessService: command reply (truncated): {
  "status": "ok",
  "message": "Seek executed",
  "position_seconds": 1.9896354675293
}
ZmqGateway: received command payload: {"cmd":"seek","time":1.9896354675293}
ZmqGateway: dispatching payload to JUCE message thread.
VitHeadlessService: processing queued command on JUCE message thread: {"cmd":"seek","time":1.9896354675293}
Command received: {"cmd":"seek","time":1.9896354675293}
CommandDispatcher::handleSeek: position set to 1.9896s
Command executed: seek, result: {
  "status": "ok",
  "message": "Seek executed",
  "position_seconds": 1.9896354675293
}
VitHeadlessService: command reply (truncated): {
  "status": "ok",
  "message": "Seek executed",
  "position_seconds": 1.9896354675293
}
ZmqGateway: received command payload: {"cmd":"seek","time":1.9896354675293}
ZmqGateway: dispatching payload to JUCE message thread.
VitHeadlessService: processing queued command on JUCE message thread: {"cmd":"seek","time":1.9896354675293}
Command received: {"cmd":"seek","time":1.9896354675293}
CommandDispatcher::handleSeek: position set to 1.9896s
Command executed: seek, result: {
  "status": "ok",
  "message": "Seek executed",
  "position_seconds": 1.9896354675293
}
VitHeadlessService: command reply (truncated): {
  "status": "ok",
  "message": "Seek executed",
  "position_seconds": 1.9896354675293
}
ZmqGateway: received command payload: {"cmd":"seek","time":1.9896354675293}
ZmqGateway: dispatching payload to JUCE message thread.
VitHeadlessService: processing queued command on JUCE message thread: {"cmd":"seek","time":1.9896354675293}
Command received: {"cmd":"seek","time":1.9896354675293}
CommandDispatcher::handleSeek: position set to 1.9896s
Command executed: seek, result: {
  "status": "ok",
  "message": "Seek executed",
  "position_seconds": 1.9896354675293
}
VitHeadlessService: command reply (truncated): {
  "status": "ok",
  "message": "Seek executed",
  "position_seconds": 1.9896354675293
}
ZmqGateway: received command payload: {"cmd":"seek","time":1.9896354675293}
ZmqGateway: dispatching payload to JUCE message thread.
VitHeadlessService: processing queued command on JUCE message thread: {"cmd":"seek","time":1.9896354675293}
Command received: {"cmd":"seek","time":1.9896354675293}
CommandDispatcher::handleSeek: position set to 1.9896s
Command executed: seek, result: {
  "status": "ok",
  "message": "Seek executed",
  "position_seconds": 1.9896354675293
}
VitHeadlessService: command reply (truncated): {
  "status": "ok",
  "message": "Seek executed",
  "position_seconds": 1.9896354675293
}
ZmqGateway: received command payload: {"cmd":"seek","time":1.9896354675293}
ZmqGateway: dispatching payload to JUCE message thread.
VitHeadlessService: processing queued command on JUCE message thread: {"cmd":"seek","time":1.9896354675293}
Command received: {"cmd":"seek","time":1.9896354675293}
CommandDispatcher::handleSeek: position set to 1.9896s
Command executed: seek, result: {
  "status": "ok",
  "message": "Seek executed",
  "position_seconds": 1.9896354675293
}
VitHeadlessService: command reply (truncated): {
  "status": "ok",
  "message": "Seek executed",
  "position_seconds": 1.9896354675293
}
ZmqGateway: received command payload: {"cmd":"seek","time":1.9896354675293}
ZmqGateway: dispatching payload to JUCE message thread.
VitHeadlessService: processing queued command on JUCE message thread: {"cmd":"seek","time":1.9896354675293}
Command received: {"cmd":"seek","time":1.9896354675293}
CommandDispatcher::handleSeek: position set to 1.9896s
Command executed: seek, result: {
  "status": "ok",
  "message": "Seek executed",
  "position_seconds": 1.9896354675293
}
VitHeadlessService: command reply (truncated): {
  "status": "ok",
  "message": "Seek executed",
  "position_seconds": 1.9896354675293
}
ZmqGateway: received command payload: {"cmd":"seek","time":1.9896354675293}
ZmqGateway: dispatching payload to JUCE message thread.
VitHeadlessService: processing queued command on JUCE message thread: {"cmd":"seek","time":1.9896354675293}
Command received: {"cmd":"seek","time":1.9896354675293}
CommandDispatcher::handleSeek: position set to 1.9896s
Command executed: seek, result: {
  "status": "ok",
  "message": "Seek executed",
  "position_seconds": 1.9896354675293
}
VitHeadlessService: command reply (truncated): {
  "status": "ok",
  "message": "Seek executed",
  "position_seconds": 1.9896354675293
}
ZmqGateway: received command payload: {"cmd":"seek","time":1.9896354675293}
ZmqGateway: dispatching payload to JUCE message thread.
VitHeadlessService: processing queued command on JUCE message thread: {"cmd":"seek","time":1.9896354675293}
Command received: {"cmd":"seek","time":1.9896354675293}
CommandDispatcher::handleSeek: position set to 1.9896s
Command executed: seek, result: {
  "status": "ok",
  "message": "Seek executed",
  "position_seconds": 1.9896354675293
}
VitHeadlessService: command reply (truncated): {
  "status": "ok",
  "message": "Seek executed",
  "position_seconds": 1.9896354675293
}
ZmqGateway: received command payload: {"cmd":"seek","time":1.9896354675293}
ZmqGateway: dispatching payload to JUCE message thread.
VitHeadlessService: processing queued command on JUCE message thread: {"cmd":"seek","time":1.9896354675293}
Command received: {"cmd":"seek","time":1.9896354675293}
CommandDispatcher::handleSeek: position set to 1.9896s
Command executed: seek, result: {
  "status": "ok",
  "message": "Seek executed",
  "position_seconds": 1.9896354675293
}
VitHeadlessService: command reply (truncated): {
  "status": "ok",
  "message": "Seek executed",
  "position_seconds": 1.9896354675293
}
ZmqGateway: received command payload: {"cmd":"seek","time":1.9896354675293}
ZmqGateway: dispatching payload to JUCE message thread.
VitHeadlessService: processing queued command on JUCE message thread: {"cmd":"seek","time":1.9896354675293}
Command received: {"cmd":"seek","time":1.9896354675293}
CommandDispatcher::handleSeek: position set to 1.9896s
Command executed: seek, result: {
  "status": "ok",
  "message": "Seek executed",
  "position_seconds": 1.9896354675293
}
VitHeadlessService: command reply (truncated): {
  "status": "ok",
  "message": "Seek executed",
  "position_seconds": 1.9896354675293
}
ZmqGateway: received command payload: {"cmd":"seek","time":2.00518035888672}
ZmqGateway: dispatching payload to JUCE message thread.
VitHeadlessService: processing queued command on JUCE message thread: {"cmd":"seek","time":2.00518035888672}
Command received: {"cmd":"seek","time":2.00518035888672}
CommandDispatcher::handleSeek: position set to 2.0052s
Command executed: seek, result: {
  "status": "ok",
  "message": "Seek executed",
  "position_seconds": 2.00518035888672
}
VitHeadlessService: command reply (truncated): {
  "status": "ok",
  "message": "Seek executed",
  "position_seconds": 2.00518035888672
}
ZmqGateway: received command payload: {"cmd":"seek","time":2.05181217193604}
ZmqGateway: dispatching payload to JUCE message thread.
VitHeadlessService: processing queued command on JUCE message thread: {"cmd":"seek","time":2.05181217193604}
Command received: {"cmd":"seek","time":2.05181217193604}
CommandDispatcher::handleSeek: position set to 2.0518s
Command executed: seek, result: {
  "status": "ok",
  "message": "Seek executed",
  "position_seconds": 2.05181217193604
}
VitHeadlessService: command reply (truncated): {
  "status": "ok",
  "message": "Seek executed",
  "position_seconds": 2.05181217193604
}
ZmqGateway: received command payload: {"cmd":"seek","time":2.09844398498535}
ZmqGateway: dispatching payload to JUCE message thread.
VitHeadlessService: processing queued command on JUCE message thread: {"cmd":"seek","time":2.09844398498535}
Command received: {"cmd":"seek","time":2.09844398498535}
CommandDispatcher::handleSeek: position set to 2.0984s
Command executed: seek, result: {
  "status": "ok",
  "message": "Seek executed",
  "position_seconds": 2.09844398498535
}
VitHeadlessService: command reply (truncated): {
  "status": "ok",
  "message": "Seek executed",
  "position_seconds": 2.09844398498535
}
ZmqGateway: received command payload: {"cmd":"seek","time":2.14507675170898}
ZmqGateway: dispatching payload to JUCE message thread.
VitHeadlessService: processing queued command on JUCE message thread: {"cmd":"seek","time":2.14507675170898}
Command received: {"cmd":"seek","time":2.14507675170898}
CommandDispatcher::handleSeek: position set to 2.1451s
Command executed: seek, result: {
  "status": "ok",
  "message": "Seek executed",
  "position_seconds": 2.14507675170898
}
VitHeadlessService: command reply (truncated): {
  "status": "ok",
  "message": "Seek executed",
  "position_seconds": 2.14507675170898
}
ZmqGateway: received command payload: {"cmd":"seek","time":2.1917085647583}
ZmqGateway: dispatching payload to JUCE message thread.
VitHeadlessService: processing queued command on JUCE message thread: {"cmd":"seek","time":2.1917085647583}
Command received: {"cmd":"seek","time":2.1917085647583}
CommandDispatcher::handleSeek: position set to 2.1917s
Command executed: seek, result: {
  "status": "ok",
  "message": "Seek executed",
  "position_seconds": 2.1917085647583
}
VitHeadlessService: command reply (truncated): {
  "status": "ok",
  "message": "Seek executed",
  "position_seconds": 2.1917085647583
}
ZmqGateway: received command payload: {"cmd":"seek","time":2.23834037780762}
ZmqGateway: dispatching payload to JUCE message thread.
VitHeadlessService: processing queued command on JUCE message thread: {"cmd":"seek","time":2.23834037780762}
Command received: {"cmd":"seek","time":2.23834037780762}
CommandDispatcher::handleSeek: position set to 2.2383s
Command executed: seek, result: {
  "status": "ok",
  "message": "Seek executed",
  "position_seconds": 2.23834037780762
}
VitHeadlessService: command reply (truncated): {
  "status": "ok",
  "message": "Seek executed",
  "position_seconds": 2.23834037780762
}
ZmqGateway: received command payload: {"cmd":"seek","time":2.26942825317383}
ZmqGateway: dispatching payload to JUCE message thread.
VitHeadlessService: processing queued command on JUCE message thread: {"cmd":"seek","time":2.26942825317383}
Command received: {"cmd":"seek","time":2.26942825317383}
CommandDispatcher::handleSeek: position set to 2.2694s
Command executed: seek, result: {
  "status": "ok",
  "message": "Seek executed",
  "position_seconds": 2.26942825317383
}
VitHeadlessService: command reply (truncated): {
  "status": "ok",
  "message": "Seek executed",
  "position_seconds": 2.26942825317383
}
ZmqGateway: received command payload: {"cmd":"seek","time":2.33160495758057}
ZmqGateway: dispatching payload to JUCE message thread.
VitHeadlessService: processing queued command on JUCE message thread: {"cmd":"seek","time":2.33160495758057}
Command received: {"cmd":"seek","time":2.33160495758057}
CommandDispatcher::handleSeek: position set to 2.3316s
Command executed: seek, result: {
  "status": "ok",
  "message": "Seek executed",
  "position_seconds": 2.33160495758057
}
VitHeadlessService: command reply (truncated): {
  "status": "ok",
  "message": "Seek executed",
  "position_seconds": 2.33160495758057
}
ZmqGateway: received command payload: {"cmd":"seek","time":2.36269283294678}
ZmqGateway: dispatching payload to JUCE message thread.
VitHeadlessService: processing queued command on JUCE message thread: {"cmd":"seek","time":2.36269283294678}
Command received: {"cmd":"seek","time":2.36269283294678}
CommandDispatcher::handleSeek: position set to 2.3627s
Command executed: seek, result: {
  "status": "ok",
  "message": "Seek executed",
  "position_seconds": 2.36269283294678
}
VitHeadlessService: command reply (truncated): {
  "status": "ok",
  "message": "Seek executed",
  "position_seconds": 2.36269283294678
}
ZmqGateway: received command payload: {"cmd":"seek","time":2.39378070831299}
ZmqGateway: dispatching payload to JUCE message thread.
VitHeadlessService: processing queued command on JUCE message thread: {"cmd":"seek","time":2.39378070831299}
Command received: {"cmd":"seek","time":2.39378070831299}
CommandDispatcher::handleSeek: position set to 2.3938s
Command executed: seek, result: {
  "status": "ok",
  "message": "Seek executed",
  "position_seconds": 2.39378070831299
}
VitHeadlessService: command reply (truncated): {
  "status": "ok",
  "message": "Seek executed",
  "position_seconds": 2.39378070831299
}
ZmqGateway: received command payload: {"cmd":"seek","time":2.40932464599609}
ZmqGateway: dispatching payload to JUCE message thread.
VitHeadlessService: processing queued command on JUCE message thread: {"cmd":"seek","time":2.40932464599609}
Command received: {"cmd":"seek","time":2.40932464599609}
CommandDispatcher::handleSeek: position set to 2.4093s
Command executed: seek, result: {
  "status": "ok",
  "message": "Seek executed",
  "position_seconds": 2.40932464599609
}
VitHeadlessService: command reply (truncated): {
  "status": "ok",
  "message": "Seek executed",
  "position_seconds": 2.40932464599609
}
ZmqGateway: received command payload: {"cmd":"seek","time":2.42486953735352}
ZmqGateway: dispatching payload to JUCE message thread.
VitHeadlessService: processing queued command on JUCE message thread: {"cmd":"seek","time":2.42486953735352}
Command received: {"cmd":"seek","time":2.42486953735352}
CommandDispatcher::handleSeek: position set to 2.4249s
Command executed: seek, result: {
  "status": "ok",
  "message": "Seek executed",
  "position_seconds": 2.42486953735352
}
VitHeadlessService: command reply (truncated): {
  "status": "ok",
  "message": "Seek executed",
  "position_seconds": 2.42486953735352
}
ZmqGateway: received command payload: {"cmd":"seek","time":2.42486953735352}
ZmqGateway: dispatching payload to JUCE message thread.
VitHeadlessService: processing queued command on JUCE message thread: {"cmd":"seek","time":2.42486953735352}
Command received: {"cmd":"seek","time":2.42486953735352}
CommandDispatcher::handleSeek: position set to 2.4249s
Command executed: seek, result: {
  "status": "ok",
  "message": "Seek executed",
  "position_seconds": 2.42486953735352
}
VitHeadlessService: command reply (truncated): {
  "status": "ok",
  "message": "Seek executed",
  "position_seconds": 2.42486953735352
}
ZmqGateway: received command payload: {"cmd":"seek","time":2.42486953735352}
ZmqGateway: dispatching payload to JUCE message thread.
VitHeadlessService: processing queued command on JUCE message thread: {"cmd":"seek","time":2.42486953735352}
Command received: {"cmd":"seek","time":2.42486953735352}
CommandDispatcher::handleSeek: position set to 2.4249s
Command executed: seek, result: {
  "status": "ok",
  "message": "Seek executed",
  "position_seconds": 2.42486953735352
}
VitHeadlessService: command reply (truncated): {
  "status": "ok",
  "message": "Seek executed",
  "position_seconds": 2.42486953735352
}
ZmqGateway: received command payload: {"cmd":"seek","time":2.42486953735352}
ZmqGateway: dispatching payload to JUCE message thread.
VitHeadlessService: processing queued command on JUCE message thread: {"cmd":"seek","time":2.42486953735352}
Command received: {"cmd":"seek","time":2.42486953735352}
CommandDispatcher::handleSeek: position set to 2.4249s
Command executed: seek, result: {
  "status": "ok",
  "message": "Seek executed",
  "position_seconds": 2.42486953735352
}
VitHeadlessService: command reply (truncated): {
  "status": "ok",
  "message": "Seek executed",
  "position_seconds": 2.42486953735352
}
ZmqGateway: received command payload: {"cmd":"seek","time":2.42486953735352}
ZmqGateway: dispatching payload to JUCE message thread.
VitHeadlessService: processing queued command on JUCE message thread: {"cmd":"seek","time":2.42486953735352}
Command received: {"cmd":"seek","time":2.42486953735352}
CommandDispatcher::handleSeek: position set to 2.4249s
Command executed: seek, result: {
  "status": "ok",
  "message": "Seek executed",
  "position_seconds": 2.42486953735352
}
VitHeadlessService: command reply (truncated): {
  "status": "ok",
  "message": "Seek executed",
  "position_seconds": 2.42486953735352
}
ZmqGateway: received command payload: {"cmd":"seek","time":2.42486953735352}
ZmqGateway: dispatching payload to JUCE message thread.
VitHeadlessService: processing queued command on JUCE message thread: {"cmd":"seek","time":2.42486953735352}
Command received: {"cmd":"seek","time":2.42486953735352}
CommandDispatcher::handleSeek: position set to 2.4249s
Command executed: seek, result: {
  "status": "ok",
  "message": "Seek executed",
  "position_seconds": 2.42486953735352
}
VitHeadlessService: command reply (truncated): {
  "status": "ok",
  "message": "Seek executed",
  "position_seconds": 2.42486953735352
}
ZmqGateway: received command payload: {"cmd":"seek","time":2.42486953735352}
ZmqGateway: dispatching payload to JUCE message thread.
VitHeadlessService: processing queued command on JUCE message thread: {"cmd":"seek","time":2.42486953735352}
Command received: {"cmd":"seek","time":2.42486953735352}
CommandDispatcher::handleSeek: position set to 2.4249s
Command executed: seek, result: {
  "status": "ok",
  "message": "Seek executed",
  "position_seconds": 2.42486953735352
}
VitHeadlessService: command reply (truncated): {
  "status": "ok",
  "message": "Seek executed",
  "position_seconds": 2.42486953735352
}
ZmqGateway: received command payload: {"cmd":"seek","time":2.42486953735352}
ZmqGateway: dispatching payload to JUCE message thread.
VitHeadlessService: processing queued command on JUCE message thread: {"cmd":"seek","time":2.42486953735352}
Command received: {"cmd":"seek","time":2.42486953735352}
CommandDispatcher::handleSeek: position set to 2.4249s
Command executed: seek, result: {
  "status": "ok",
  "message": "Seek executed",
  "position_seconds": 2.42486953735352
}
VitHeadlessService: command reply (truncated): {
  "status": "ok",
  "message": "Seek executed",
  "position_seconds": 2.42486953735352
}
ZmqGateway: received command payload: {"cmd":"seek","time":2.42486953735352}
ZmqGateway: dispatching payload to JUCE message thread.
VitHeadlessService: processing queued command on JUCE message thread: {"cmd":"seek","time":2.42486953735352}
Command received: {"cmd":"seek","time":2.42486953735352}
CommandDispatcher::handleSeek: position set to 2.4249s
Command executed: seek, result: {
  "status": "ok",
  "message": "Seek executed",
  "position_seconds": 2.42486953735352
}
VitHeadlessService: command reply (truncated): {
  "status": "ok",
  "message": "Seek executed",
  "position_seconds": 2.42486953735352
}
ZmqGateway: received command payload: {"cmd":"seek","time":2.42486953735352}
ZmqGateway: dispatching payload to JUCE message thread.
VitHeadlessService: processing queued command on JUCE message thread: {"cmd":"seek","time":2.42486953735352}
Command received: {"cmd":"seek","time":2.42486953735352}
CommandDispatcher::handleSeek: position set to 2.4249s
Command executed: seek, result: {
  "status": "ok",
  "message": "Seek executed",
  "position_seconds": 2.42486953735352
}
VitHeadlessService: command reply (truncated): {
  "status": "ok",
  "message": "Seek executed",
  "position_seconds": 2.42486953735352
}
ZmqGateway: received command payload: {"cmd":"seek","time":2.42486953735352}
ZmqGateway: dispatching payload to JUCE message thread.
VitHeadlessService: processing queued command on JUCE message thread: {"cmd":"seek","time":2.42486953735352}
Command received: {"cmd":"seek","time":2.42486953735352}
CommandDispatcher::handleSeek: position set to 2.4249s
Command executed: seek, result: {
  "status": "ok",
  "message": "Seek executed",
  "position_seconds": 2.42486953735352
}
VitHeadlessService: command reply (truncated): {
  "status": "ok",
  "message": "Seek executed",
  "position_seconds": 2.42486953735352
}
ZmqGateway: received command payload: {"cmd":"seek","time":2.42486953735352}
ZmqGateway: dispatching payload to JUCE message thread.
VitHeadlessService: processing queued command on JUCE message thread: {"cmd":"seek","time":2.42486953735352}
Command received: {"cmd":"seek","time":2.42486953735352}
CommandDispatcher::handleSeek: position set to 2.4249s
Command executed: seek, result: {
  "status": "ok",
  "message": "Seek executed",
  "position_seconds": 2.42486953735352
}
VitHeadlessService: command reply (truncated): {
  "status": "ok",
  "message": "Seek executed",
  "position_seconds": 2.42486953735352
}
ZmqGateway: received command payload: {"cmd":"seek","time":2.42486953735352}
ZmqGateway: dispatching payload to JUCE message thread.
VitHeadlessService: processing queued command on JUCE message thread: {"cmd":"seek","time":2.42486953735352}
Command received: {"cmd":"seek","time":2.42486953735352}
CommandDispatcher::handleSeek: position set to 2.4249s
Command executed: seek, result: {
  "status": "ok",
  "message": "Seek executed",
  "position_seconds": 2.42486953735352
}
VitHeadlessService: command reply (truncated): {
  "status": "ok",
  "message": "Seek executed",
  "position_seconds": 2.42486953735352
}
ZmqGateway: received command payload: {"cmd":"seek","time":2.42486953735352}
ZmqGateway: dispatching payload to JUCE message thread.
VitHeadlessService: processing queued command on JUCE message thread: {"cmd":"seek","time":2.42486953735352}
Command received: {"cmd":"seek","time":2.42486953735352}
CommandDispatcher::handleSeek: position set to 2.4249s
Command executed: seek, result: {
  "status": "ok",
  "message": "Seek executed",
  "position_seconds": 2.42486953735352
}
VitHeadlessService: command reply (truncated): {
  "status": "ok",
  "message": "Seek executed",
  "position_seconds": 2.42486953735352
}
ZmqGateway: received command payload: {"cmd":"seek","time":2.42486953735352}
ZmqGateway: dispatching payload to JUCE message thread.
VitHeadlessService: processing queued command on JUCE message thread: {"cmd":"seek","time":2.42486953735352}
Command received: {"cmd":"seek","time":2.42486953735352}
CommandDispatcher::handleSeek: position set to 2.4249s
Command executed: seek, result: {
  "status": "ok",
  "message": "Seek executed",
  "position_seconds": 2.42486953735352
}
VitHeadlessService: command reply (truncated): {
  "status": "ok",
  "message": "Seek executed",
  "position_seconds": 2.42486953735352
}
ZmqGateway: received command payload: {"cmd":"seek","time":2.42486953735352}
ZmqGateway: dispatching payload to JUCE message thread.
VitHeadlessService: processing queued command on JUCE message thread: {"cmd":"seek","time":2.42486953735352}
Command received: {"cmd":"seek","time":2.42486953735352}
CommandDispatcher::handleSeek: position set to 2.4249s
Command executed: seek, result: {
  "status": "ok",
  "message": "Seek executed",
  "position_seconds": 2.42486953735352
}
VitHeadlessService: command reply (truncated): {
  "status": "ok",
  "message": "Seek executed",
  "position_seconds": 2.42486953735352
}
ZmqGateway: received command payload: {"cmd":"seek","time":2.42486953735352}
ZmqGateway: dispatching payload to JUCE message thread.
VitHeadlessService: processing queued command on JUCE message thread: {"cmd":"seek","time":2.42486953735352}
Command received: {"cmd":"seek","time":2.42486953735352}
CommandDispatcher::handleSeek: position set to 2.4249s
Command executed: seek, result: {
  "status": "ok",
  "message": "Seek executed",
  "position_seconds": 2.42486953735352
}
VitHeadlessService: command reply (truncated): {
  "status": "ok",
  "message": "Seek executed",
  "position_seconds": 2.42486953735352
}
ZmqGateway: received command payload: {"cmd":"seek","time":2.42486953735352}
ZmqGateway: dispatching payload to JUCE message thread.
VitHeadlessService: processing queued command on JUCE message thread: {"cmd":"seek","time":2.42486953735352}
Command received: {"cmd":"seek","time":2.42486953735352}
CommandDispatcher::handleSeek: position set to 2.4249s
Command executed: seek, result: {
  "status": "ok",
  "message": "Seek executed",
  "position_seconds": 2.42486953735352
}
VitHeadlessService: command reply (truncated): {
  "status": "ok",
  "message": "Seek executed",
  "position_seconds": 2.42486953735352
}
ZmqGateway: received command payload: {"cmd":"seek","time":2.44041347503662}
ZmqGateway: dispatching payload to JUCE message thread.
VitHeadlessService: processing queued command on JUCE message thread: {"cmd":"seek","time":2.44041347503662}
Command received: {"cmd":"seek","time":2.44041347503662}
CommandDispatcher::handleSeek: position set to 2.4404s
Command executed: seek, result: {
  "status": "ok",
  "message": "Seek executed",
  "position_seconds": 2.44041347503662
}
VitHeadlessService: command reply (truncated): {
  "status": "ok",
  "message": "Seek executed",
  "position_seconds": 2.44041347503662
}
ZmqGateway: received command payload: {"cmd":"seek","time":2.47150135040283}
ZmqGateway: dispatching payload to JUCE message thread.
VitHeadlessService: processing queued command on JUCE message thread: {"cmd":"seek","time":2.47150135040283}
Command received: {"cmd":"seek","time":2.47150135040283}
CommandDispatcher::handleSeek: position set to 2.4715s
Command executed: seek, result: {
  "status": "ok",
  "message": "Seek executed",
  "position_seconds": 2.47150135040283
}
VitHeadlessService: command reply (truncated): {
  "status": "ok",
  "message": "Seek executed",
  "position_seconds": 2.47150135040283
}
ZmqGateway: received command payload: {"cmd":"seek","time":2.51813316345215}
ZmqGateway: dispatching payload to JUCE message thread.
VitHeadlessService: processing queued command on JUCE message thread: {"cmd":"seek","time":2.51813316345215}
Command received: {"cmd":"seek","time":2.51813316345215}
CommandDispatcher::handleSeek: position set to 2.5181s
Command executed: seek, result: {
  "status": "ok",
  "message": "Seek executed",
  "position_seconds": 2.51813316345215
}
VitHeadlessService: command reply (truncated): {
  "status": "ok",
  "message": "Seek executed",
  "position_seconds": 2.51813316345215
}
ZmqGateway: received command payload: {"cmd":"seek","time":2.54922103881836}
ZmqGateway: dispatching payload to JUCE message thread.
VitHeadlessService: processing queued command on JUCE message thread: {"cmd":"seek","time":2.54922103881836}
Command received: {"cmd":"seek","time":2.54922103881836}
CommandDispatcher::handleSeek: position set to 2.5492s
Command executed: seek, result: {
  "status": "ok",
  "message": "Seek executed",
  "position_seconds": 2.54922103881836
}
VitHeadlessService: command reply (truncated): {
  "status": "ok",
  "message": "Seek executed",
  "position_seconds": 2.54922103881836
}
ZmqGateway: received command payload: {"cmd":"seek","time":2.58030891418457}
ZmqGateway: dispatching payload to JUCE message thread.
VitHeadlessService: processing queued command on JUCE message thread: {"cmd":"seek","time":2.58030891418457}
Command received: {"cmd":"seek","time":2.58030891418457}
CommandDispatcher::handleSeek: position set to 2.5803s
Command executed: seek, result: {
  "status": "ok",
  "message": "Seek executed",
  "position_seconds": 2.58030891418457
}
VitHeadlessService: command reply (truncated): {
  "status": "ok",
  "message": "Seek executed",
  "position_seconds": 2.58030891418457
}
ZmqGateway: received command payload: {"cmd":"seek","time":2.6113977432251}
ZmqGateway: dispatching payload to JUCE message thread.
VitHeadlessService: processing queued command on JUCE message thread: {"cmd":"seek","time":2.6113977432251}
Command received: {"cmd":"seek","time":2.6113977432251}
CommandDispatcher::handleSeek: position set to 2.6114s
Command executed: seek, result: {
  "status": "ok",
  "message": "Seek executed",
  "position_seconds": 2.6113977432251
}
VitHeadlessService: command reply (truncated): {
  "status": "ok",
  "message": "Seek executed",
  "position_seconds": 2.6113977432251
}
ZmqGateway: received command payload: {"cmd":"seek","time":2.65802955627441}
ZmqGateway: dispatching payload to JUCE message thread.
VitHeadlessService: processing queued command on JUCE message thread: {"cmd":"seek","time":2.65802955627441}
Command received: {"cmd":"seek","time":2.65802955627441}
CommandDispatcher::handleSeek: position set to 2.6580s
Command executed: seek, result: {
  "status": "ok",
  "message": "Seek executed",
  "position_seconds": 2.65802955627441
}
VitHeadlessService: command reply (truncated): {
  "status": "ok",
  "message": "Seek executed",
  "position_seconds": 2.65802955627441
}
ZmqGateway: received command payload: {"cmd":"seek","time":2.68911743164063}
ZmqGateway: dispatching payload to JUCE message thread.
VitHeadlessService: processing queued command on JUCE message thread: {"cmd":"seek","time":2.68911743164063}
Command received: {"cmd":"seek","time":2.68911743164063}
CommandDispatcher::handleSeek: position set to 2.6891s
Command executed: seek, result: {
  "status": "ok",
  "message": "Seek executed",
  "position_seconds": 2.68911743164063
}
VitHeadlessService: command reply (truncated): {
  "status": "ok",
  "message": "Seek executed",
  "position_seconds": 2.68911743164063
}
ZmqGateway: received command payload: {"cmd":"seek","time":2.72020626068115}
ZmqGateway: dispatching payload to JUCE message thread.
VitHeadlessService: processing queued command on JUCE message thread: {"cmd":"seek","time":2.72020626068115}
Command received: {"cmd":"seek","time":2.72020626068115}
CommandDispatcher::handleSeek: position set to 2.7202s
Command executed: seek, result: {
  "status": "ok",
  "message": "Seek executed",
  "position_seconds": 2.72020626068115
}
VitHeadlessService: command reply (truncated): {
  "status": "ok",
  "message": "Seek executed",
  "position_seconds": 2.72020626068115
}
ZmqGateway: received command payload: {"cmd":"seek","time":2.76683807373047}
ZmqGateway: dispatching payload to JUCE message thread.
VitHeadlessService: processing queued command on JUCE message thread: {"cmd":"seek","time":2.76683807373047}
Command received: {"cmd":"seek","time":2.76683807373047}
CommandDispatcher::handleSeek: position set to 2.7668s
Command executed: seek, result: {
  "status": "ok",
  "message": "Seek executed",
  "position_seconds": 2.76683807373047
}
VitHeadlessService: command reply (truncated): {
  "status": "ok",
  "message": "Seek executed",
  "position_seconds": 2.76683807373047
}
ZmqGateway: received command payload: {"cmd":"seek","time":2.78238201141357}
ZmqGateway: dispatching payload to JUCE message thread.
VitHeadlessService: processing queued command on JUCE message thread: {"cmd":"seek","time":2.78238201141357}
Command received: {"cmd":"seek","time":2.78238201141357}
CommandDispatcher::handleSeek: position set to 2.7824s
Command executed: seek, result: {
  "status": "ok",
  "message": "Seek executed",
  "position_seconds": 2.78238201141357
}
VitHeadlessService: command reply (truncated): {
  "status": "ok",
  "message": "Seek executed",
  "position_seconds": 2.78238201141357
}
ZmqGateway: received command payload: {"cmd":"seek","time":2.82901382446289}
ZmqGateway: dispatching payload to JUCE message thread.
VitHeadlessService: processing queued command on JUCE message thread: {"cmd":"seek","time":2.82901382446289}
Command received: {"cmd":"seek","time":2.82901382446289}
CommandDispatcher::handleSeek: position set to 2.8290s
Command executed: seek, result: {
  "status": "ok",
  "message": "Seek executed",
  "position_seconds": 2.82901382446289
}
VitHeadlessService: command reply (truncated): {
  "status": "ok",
  "message": "Seek executed",
  "position_seconds": 2.82901382446289
}
ZmqGateway: received command payload: {"cmd":"seek","time":2.86010265350342}
ZmqGateway: dispatching payload to JUCE message thread.
VitHeadlessService: processing queued command on JUCE message thread: {"cmd":"seek","time":2.86010265350342}
Command received: {"cmd":"seek","time":2.86010265350342}
CommandDispatcher::handleSeek: position set to 2.8601s
Command executed: seek, result: {
  "status": "ok",
  "message": "Seek executed",
  "position_seconds": 2.86010265350342
}
VitHeadlessService: command reply (truncated): {
  "status": "ok",
  "message": "Seek executed",
  "position_seconds": 2.86010265350342
}
ZmqGateway: received command payload: {"cmd":"seek","time":2.90673446655273}
ZmqGateway: dispatching payload to JUCE message thread.
VitHeadlessService: processing queued command on JUCE message thread: {"cmd":"seek","time":2.90673446655273}
Command received: {"cmd":"seek","time":2.90673446655273}
CommandDispatcher::handleSeek: position set to 2.9067s
Command executed: seek, result: {
  "status": "ok",
  "message": "Seek executed",
  "position_seconds": 2.90673446655273
}
VitHeadlessService: command reply (truncated): {
  "status": "ok",
  "message": "Seek executed",
  "position_seconds": 2.90673446655273
}
ZmqGateway: received command payload: {"cmd":"seek","time":2.93782234191895}
ZmqGateway: dispatching payload to JUCE message thread.
VitHeadlessService: processing queued command on JUCE message thread: {"cmd":"seek","time":2.93782234191895}
Command received: {"cmd":"seek","time":2.93782234191895}
CommandDispatcher::handleSeek: position set to 2.9378s
Command executed: seek, result: {
  "status": "ok",
  "message": "Seek executed",
  "position_seconds": 2.93782234191895
}
VitHeadlessService: command reply (truncated): {
  "status": "ok",
  "message": "Seek executed",
  "position_seconds": 2.93782234191895
}
ZmqGateway: received command payload: {"cmd":"seek","time":2.96891021728516}
ZmqGateway: dispatching payload to JUCE message thread.
VitHeadlessService: processing queued command on JUCE message thread: {"cmd":"seek","time":2.96891021728516}
Command received: {"cmd":"seek","time":2.96891021728516}
CommandDispatcher::handleSeek: position set to 2.9689s
Command executed: seek, result: {
  "status": "ok",
  "message": "Seek executed",
  "position_seconds": 2.96891021728516
}
VitHeadlessService: command reply (truncated): {
  "status": "ok",
  "message": "Seek executed",
  "position_seconds": 2.96891021728516
}
ZmqGateway: received command payload: {"cmd":"seek","time":2.99999809265137}
ZmqGateway: dispatching payload to JUCE message thread.
VitHeadlessService: processing queued command on JUCE message thread: {"cmd":"seek","time":2.99999809265137}
Command received: {"cmd":"seek","time":2.99999809265137}
CommandDispatcher::handleSeek: position set to 3.0000s
Command executed: seek, result: {
  "status": "ok",
  "message": "Seek executed",
  "position_seconds": 2.99999809265137
}
VitHeadlessService: command reply (truncated): {
  "status": "ok",
  "message": "Seek executed",
  "position_seconds": 2.99999809265137
}
ZmqGateway: received command payload: {"cmd":"seek","time":3.03108692169189}
ZmqGateway: dispatching payload to JUCE message thread.
VitHeadlessService: processing queued command on JUCE message thread: {"cmd":"seek","time":3.03108692169189}
Command received: {"cmd":"seek","time":3.03108692169189}
CommandDispatcher::handleSeek: position set to 3.0311s
Command executed: seek, result: {
  "status": "ok",
  "message": "Seek executed",
  "position_seconds": 3.03108692169189
}
VitHeadlessService: command reply (truncated): {
  "status": "ok",
  "message": "Seek executed",
  "position_seconds": 3.03108692169189
}
ZmqGateway: received command payload: {"cmd":"seek","time":3.046630859375}
ZmqGateway: dispatching payload to JUCE message thread.
VitHeadlessService: processing queued command on JUCE message thread: {"cmd":"seek","time":3.046630859375}
Command received: {"cmd":"seek","time":3.046630859375}
CommandDispatcher::handleSeek: position set to 3.0466s
Command executed: seek, result: {
  "status": "ok",
  "message": "Seek executed",
  "position_seconds": 3.046630859375
}
VitHeadlessService: command reply (truncated): {
  "status": "ok",
  "message": "Seek executed",
  "position_seconds": 3.046630859375
}
ZmqGateway: received command payload: {"cmd":"seek","time":3.046630859375}
ZmqGateway: dispatching payload to JUCE message thread.
VitHeadlessService: processing queued command on JUCE message thread: {"cmd":"seek","time":3.046630859375}
Command received: {"cmd":"seek","time":3.046630859375}
CommandDispatcher::handleSeek: position set to 3.0466s
Command executed: seek, result: {
  "status": "ok",
  "message": "Seek executed",
  "position_seconds": 3.046630859375
}
VitHeadlessService: command reply (truncated): {
  "status": "ok",
  "message": "Seek executed",
  "position_seconds": 3.046630859375
}
ZmqGateway: received command payload: {"cmd":"seek","time":3.046630859375}
ZmqGateway: dispatching payload to JUCE message thread.
VitHeadlessService: processing queued command on JUCE message thread: {"cmd":"seek","time":3.046630859375}
Command received: {"cmd":"seek","time":3.046630859375}
CommandDispatcher::handleSeek: position set to 3.0466s
Command executed: seek, result: {
  "status": "ok",
  "message": "Seek executed",
  "position_seconds": 3.046630859375
}
VitHeadlessService: command reply (truncated): {
  "status": "ok",
  "message": "Seek executed",
  "position_seconds": 3.046630859375
}
ZmqGateway: received command payload: {"cmd":"seek","time":3.046630859375}
ZmqGateway: dispatching payload to JUCE message thread.
VitHeadlessService: processing queued command on JUCE message thread: {"cmd":"seek","time":3.046630859375}
Command received: {"cmd":"seek","time":3.046630859375}
CommandDispatcher::handleSeek: position set to 3.0466s
Command executed: seek, result: {
  "status": "ok",
  "message": "Seek executed",
  "position_seconds": 3.046630859375
}
VitHeadlessService: command reply (truncated): {
  "status": "ok",
  "message": "Seek executed",
  "position_seconds": 3.046630859375
}
ZmqGateway: received command payload: {"cmd":"seek","time":3.046630859375}
ZmqGateway: dispatching payload to JUCE message thread.
VitHeadlessService: processing queued command on JUCE message thread: {"cmd":"seek","time":3.046630859375}
Command received: {"cmd":"seek","time":3.046630859375}
CommandDispatcher::handleSeek: position set to 3.0466s
Command executed: seek, result: {
  "status": "ok",
  "message": "Seek executed",
  "position_seconds": 3.046630859375
}
VitHeadlessService: command reply (truncated): {
  "status": "ok",
  "message": "Seek executed",
  "position_seconds": 3.046630859375
}
ZmqGateway: received command payload: {"cmd":"seek","time":3.046630859375}
ZmqGateway: dispatching payload to JUCE message thread.
VitHeadlessService: processing queued command on JUCE message thread: {"cmd":"seek","time":3.046630859375}
Command received: {"cmd":"seek","time":3.046630859375}
CommandDispatcher::handleSeek: position set to 3.0466s
Command executed: seek, result: {
  "status": "ok",
  "message": "Seek executed",
  "position_seconds": 3.046630859375
}
VitHeadlessService: command reply (truncated): {
  "status": "ok",
  "message": "Seek executed",
  "position_seconds": 3.046630859375
}
ZmqGateway: received command payload: {"cmd":"seek","time":3.046630859375}
ZmqGateway: dispatching payload to JUCE message thread.
VitHeadlessService: processing queued command on JUCE message thread: {"cmd":"seek","time":3.046630859375}
Command received: {"cmd":"seek","time":3.046630859375}
CommandDispatcher::handleSeek: position set to 3.0466s
Command executed: seek, result: {
  "status": "ok",
  "message": "Seek executed",
  "position_seconds": 3.046630859375
}
VitHeadlessService: command reply (truncated): {
  "status": "ok",
  "message": "Seek executed",
  "position_seconds": 3.046630859375
}
ZmqGateway: received command payload: {"cmd":"seek","time":3.046630859375}
ZmqGateway: dispatching payload to JUCE message thread.
VitHeadlessService: processing queued command on JUCE message thread: {"cmd":"seek","time":3.046630859375}
Command received: {"cmd":"seek","time":3.046630859375}
CommandDispatcher::handleSeek: position set to 3.0466s
Command executed: seek, result: {
  "status": "ok",
  "message": "Seek executed",
  "position_seconds": 3.046630859375
}
VitHeadlessService: command reply (truncated): {
  "status": "ok",
  "message": "Seek executed",
  "position_seconds": 3.046630859375
}
ZmqGateway: received command payload: {"cmd":"seek","time":3.046630859375}
ZmqGateway: dispatching payload to JUCE message thread.
VitHeadlessService: processing queued command on JUCE message thread: {"cmd":"seek","time":3.046630859375}
Command received: {"cmd":"seek","time":3.046630859375}
CommandDispatcher::handleSeek: position set to 3.0466s
Command executed: seek, result: {
  "status": "ok",
  "message": "Seek executed",
  "position_seconds": 3.046630859375
}
VitHeadlessService: command reply (truncated): {
  "status": "ok",
  "message": "Seek executed",
  "position_seconds": 3.046630859375
}
ZmqGateway: received command payload: {"cmd":"seek","time":3.046630859375}
ZmqGateway: dispatching payload to JUCE message thread.
VitHeadlessService: processing queued command on JUCE message thread: {"cmd":"seek","time":3.046630859375}
Command received: {"cmd":"seek","time":3.046630859375}
CommandDispatcher::handleSeek: position set to 3.0466s
Command executed: seek, result: {
  "status": "ok",
  "message": "Seek executed",
  "position_seconds": 3.046630859375
}
VitHeadlessService: command reply (truncated): {
  "status": "ok",
  "message": "Seek executed",
  "position_seconds": 3.046630859375
}
ZmqGateway: received command payload: {"cmd":"seek","time":3.046630859375}
ZmqGateway: dispatching payload to JUCE message thread.
VitHeadlessService: processing queued command on JUCE message thread: {"cmd":"seek","time":3.046630859375}
Command received: {"cmd":"seek","time":3.046630859375}
CommandDispatcher::handleSeek: position set to 3.0466s
Command executed: seek, result: {
  "status": "ok",
  "message": "Seek executed",
  "position_seconds": 3.046630859375
}
VitHeadlessService: command reply (truncated): {
  "status": "ok",
  "message": "Seek executed",
  "position_seconds": 3.046630859375
}
ZmqGateway: received command payload: {"cmd":"seek","time":3.046630859375}
ZmqGateway: dispatching payload to JUCE message thread.
VitHeadlessService: processing queued command on JUCE message thread: {"cmd":"seek","time":3.046630859375}
Command received: {"cmd":"seek","time":3.046630859375}
CommandDispatcher::handleSeek: position set to 3.0466s
Command executed: seek, result: {
  "status": "ok",
  "message": "Seek executed",
  "position_seconds": 3.046630859375
}
VitHeadlessService: command reply (truncated): {
  "status": "ok",
  "message": "Seek executed",
  "position_seconds": 3.046630859375
}
ZmqGateway: received command payload: {"cmd":"seek","time":3.046630859375}
ZmqGateway: dispatching payload to JUCE message thread.
VitHeadlessService: processing queued command on JUCE message thread: {"cmd":"seek","time":3.046630859375}
Command received: {"cmd":"seek","time":3.046630859375}
CommandDispatcher::handleSeek: position set to 3.0466s
Command executed: seek, result: {
  "status": "ok",
  "message": "Seek executed",
  "position_seconds": 3.046630859375
}
VitHeadlessService: command reply (truncated): {
  "status": "ok",
  "message": "Seek executed",
  "position_seconds": 3.046630859375
}
ZmqGateway: received command payload: {"cmd":"seek","time":3.046630859375}
ZmqGateway: dispatching payload to JUCE message thread.
VitHeadlessService: processing queued command on JUCE message thread: {"cmd":"seek","time":3.046630859375}
Command received: {"cmd":"seek","time":3.046630859375}
CommandDispatcher::handleSeek: position set to 3.0466s
Command executed: seek, result: {
  "status": "ok",
  "message": "Seek executed",
  "position_seconds": 3.046630859375
}
VitHeadlessService: command reply (truncated): {
  "status": "ok",
  "message": "Seek executed",
  "position_seconds": 3.046630859375
}
ZmqGateway: received command payload: {"cmd":"seek","time":3.046630859375}
ZmqGateway: dispatching payload to JUCE message thread.
VitHeadlessService: processing queued command on JUCE message thread: {"cmd":"seek","time":3.046630859375}
Command received: {"cmd":"seek","time":3.046630859375}
CommandDispatcher::handleSeek: position set to 3.0466s
Command executed: seek, result: {
  "status": "ok",
  "message": "Seek executed",
  "position_seconds": 3.046630859375
}
VitHeadlessService: command reply (truncated): {
  "status": "ok",
  "message": "Seek executed",
  "position_seconds": 3.046630859375
}
ZmqGateway: received command payload: {"cmd":"seek","time":3.046630859375}
ZmqGateway: dispatching payload to JUCE message thread.
VitHeadlessService: processing queued command on JUCE message thread: {"cmd":"seek","time":3.046630859375}
Command received: {"cmd":"seek","time":3.046630859375}
CommandDispatcher::handleSeek: position set to 3.0466s
Command executed: seek, result: {
  "status": "ok",
  "message": "Seek executed",
  "position_seconds": 3.046630859375
}
VitHeadlessService: command reply (truncated): {
  "status": "ok",
  "message": "Seek executed",
  "position_seconds": 3.046630859375
}
ZmqGateway: received command payload: {"cmd":"seek","time":3.046630859375}
ZmqGateway: dispatching payload to JUCE message thread.
VitHeadlessService: processing queued command on JUCE message thread: {"cmd":"seek","time":3.046630859375}
Command received: {"cmd":"seek","time":3.046630859375}
CommandDispatcher::handleSeek: position set to 3.0466s
Command executed: seek, result: {
  "status": "ok",
  "message": "Seek executed",
  "position_seconds": 3.046630859375
}
VitHeadlessService: command reply (truncated): {
  "status": "ok",
  "message": "Seek executed",
  "position_seconds": 3.046630859375
}
ZmqGateway: received command payload: {"cmd":"seek","time":3.046630859375}
ZmqGateway: dispatching payload to JUCE message thread.
VitHeadlessService: processing queued command on JUCE message thread: {"cmd":"seek","time":3.046630859375}
Command received: {"cmd":"seek","time":3.046630859375}
CommandDispatcher::handleSeek: position set to 3.0466s
Command executed: seek, result: {
  "status": "ok",
  "message": "Seek executed",
  "position_seconds": 3.046630859375
}
VitHeadlessService: command reply (truncated): {
  "status": "ok",
  "message": "Seek executed",
  "position_seconds": 3.046630859375
}
ZmqGateway: received command payload: {"cmd":"seek","time":3.046630859375}
ZmqGateway: dispatching payload to JUCE message thread.
VitHeadlessService: processing queued command on JUCE message thread: {"cmd":"seek","time":3.046630859375}
Command received: {"cmd":"seek","time":3.046630859375}
CommandDispatcher::handleSeek: position set to 3.0466s
Command executed: seek, result: {
  "status": "ok",
  "message": "Seek executed",
  "position_seconds": 3.046630859375
}
VitHeadlessService: command reply (truncated): {
  "status": "ok",
  "message": "Seek executed",
  "position_seconds": 3.046630859375
}
ZmqGateway: received command payload: {"cmd":"seek","time":3.046630859375}
ZmqGateway: dispatching payload to JUCE message thread.
VitHeadlessService: processing queued command on JUCE message thread: {"cmd":"seek","time":3.046630859375}
Command received: {"cmd":"seek","time":3.046630859375}
CommandDispatcher::handleSeek: position set to 3.0466s
Command executed: seek, result: {
  "status": "ok",
  "message": "Seek executed",
  "position_seconds": 3.046630859375
}
VitHeadlessService: command reply (truncated): {
  "status": "ok",
  "message": "Seek executed",
  "position_seconds": 3.046630859375
}
ZmqGateway: received command payload: {"cmd":"seek","time":3.046630859375}
ZmqGateway: dispatching payload to JUCE message thread.
VitHeadlessService: processing queued command on JUCE message thread: {"cmd":"seek","time":3.046630859375}
Command received: {"cmd":"seek","time":3.046630859375}
CommandDispatcher::handleSeek: position set to 3.0466s
Command executed: seek, result: {
  "status": "ok",
  "message": "Seek executed",
  "position_seconds": 3.046630859375
}
VitHeadlessService: command reply (truncated): {
  "status": "ok",
  "message": "Seek executed",
  "position_seconds": 3.046630859375
}
ZmqGateway: received command payload: {"cmd":"seek","time":3.046630859375}
ZmqGateway: dispatching payload to JUCE message thread.
VitHeadlessService: processing queued command on JUCE message thread: {"cmd":"seek","time":3.046630859375}
Command received: {"cmd":"seek","time":3.046630859375}
CommandDispatcher::handleSeek: position set to 3.0466s
Command executed: seek, result: {
  "status": "ok",
  "message": "Seek executed",
  "position_seconds": 3.046630859375
}
VitHeadlessService: command reply (truncated): {
  "status": "ok",
  "message": "Seek executed",
  "position_seconds": 3.046630859375
}
ZmqGateway: received command payload: {"cmd":"seek","time":3.046630859375}
ZmqGateway: dispatching payload to JUCE message thread.
VitHeadlessService: processing queued command on JUCE message thread: {"cmd":"seek","time":3.046630859375}
Command received: {"cmd":"seek","time":3.046630859375}
CommandDispatcher::handleSeek: position set to 3.0466s
Command executed: seek, result: {
  "status": "ok",
  "message": "Seek executed",
  "position_seconds": 3.046630859375
}
VitHeadlessService: command reply (truncated): {
  "status": "ok",
  "message": "Seek executed",
  "position_seconds": 3.046630859375
}
ZmqGateway: received command payload: {"cmd":"seek","time":3.046630859375}
ZmqGateway: dispatching payload to JUCE message thread.
VitHeadlessService: processing queued command on JUCE message thread: {"cmd":"seek","time":3.046630859375}
Command received: {"cmd":"seek","time":3.046630859375}
CommandDispatcher::handleSeek: position set to 3.0466s
Command executed: seek, result: {
  "status": "ok",
  "message": "Seek executed",
  "position_seconds": 3.046630859375
}
VitHeadlessService: command reply (truncated): {
  "status": "ok",
  "message": "Seek executed",
  "position_seconds": 3.046630859375
}
ZmqGateway: received command payload: {"cmd":"seek","time":3.046630859375}
ZmqGateway: dispatching payload to JUCE message thread.
VitHeadlessService: processing queued command on JUCE message thread: {"cmd":"seek","time":3.046630859375}
Command received: {"cmd":"seek","time":3.046630859375}
CommandDispatcher::handleSeek: position set to 3.0466s
Command executed: seek, result: {
  "status": "ok",
  "message": "Seek executed",
  "position_seconds": 3.046630859375
}
VitHeadlessService: command reply (truncated): {
  "status": "ok",
  "message": "Seek executed",
  "position_seconds": 3.046630859375
}
ZmqGateway: received command payload: {"cmd":"seek","time":3.046630859375}
ZmqGateway: dispatching payload to JUCE message thread.
VitHeadlessService: processing queued command on JUCE message thread: {"cmd":"seek","time":3.046630859375}
Command received: {"cmd":"seek","time":3.046630859375}
CommandDispatcher::handleSeek: position set to 3.0466s
Command executed: seek, result: {
  "status": "ok",
  "message": "Seek executed",
  "position_seconds": 3.046630859375
}
VitHeadlessService: command reply (truncated): {
  "status": "ok",
  "message": "Seek executed",
  "position_seconds": 3.046630859375
}
ZmqGateway: received command payload: {"cmd":"seek","time":3.046630859375}
ZmqGateway: dispatching payload to JUCE message thread.
VitHeadlessService: processing queued command on JUCE message thread: {"cmd":"seek","time":3.046630859375}
Command received: {"cmd":"seek","time":3.046630859375}
CommandDispatcher::handleSeek: position set to 3.0466s
Command executed: seek, result: {
  "status": "ok",
  "message": "Seek executed",
  "position_seconds": 3.046630859375
}
VitHeadlessService: command reply (truncated): {
  "status": "ok",
  "message": "Seek executed",
  "position_seconds": 3.046630859375
}
ZmqGateway: received command payload: {"cmd":"seek","time":3.046630859375}
ZmqGateway: dispatching payload to JUCE message thread.
VitHeadlessService: processing queued command on JUCE message thread: {"cmd":"seek","time":3.046630859375}
Command received: {"cmd":"seek","time":3.046630859375}
CommandDispatcher::handleSeek: position set to 3.0466s
Command executed: seek, result: {
  "status": "ok",
  "message": "Seek executed",
  "position_seconds": 3.046630859375
}
VitHeadlessService: command reply (truncated): {
  "status": "ok",
  "message": "Seek executed",
  "position_seconds": 3.046630859375
}
ZmqGateway: received command payload: {"cmd":"seek","time":3.046630859375}
ZmqGateway: dispatching payload to JUCE message thread.
VitHeadlessService: processing queued command on JUCE message thread: {"cmd":"seek","time":3.046630859375}
Command received: {"cmd":"seek","time":3.046630859375}
CommandDispatcher::handleSeek: position set to 3.0466s
Command executed: seek, result: {
  "status": "ok",
  "message": "Seek executed",
  "position_seconds": 3.046630859375
}
VitHeadlessService: command reply (truncated): {
  "status": "ok",
  "message": "Seek executed",
  "position_seconds": 3.046630859375
}
ZmqGateway: received command payload: {"cmd":"seek","time":3.046630859375}
ZmqGateway: dispatching payload to JUCE message thread.
VitHeadlessService: processing queued command on JUCE message thread: {"cmd":"seek","time":3.046630859375}
Command received: {"cmd":"seek","time":3.046630859375}
CommandDispatcher::handleSeek: position set to 3.0466s
Command executed: seek, result: {
  "status": "ok",
  "message": "Seek executed",
  "position_seconds": 3.046630859375
}
VitHeadlessService: command reply (truncated): {
  "status": "ok",
  "message": "Seek executed",
  "position_seconds": 3.046630859375
}
ZmqGateway: received command payload: {"cmd":"seek","time":3.046630859375}
ZmqGateway: dispatching payload to JUCE message thread.
VitHeadlessService: processing queued command on JUCE message thread: {"cmd":"seek","time":3.046630859375}
Command received: {"cmd":"seek","time":3.046630859375}
CommandDispatcher::handleSeek: position set to 3.0466s
Command executed: seek, result: {
  "status": "ok",
  "message": "Seek executed",
  "position_seconds": 3.046630859375
}
VitHeadlessService: command reply (truncated): {
  "status": "ok",
  "message": "Seek executed",
  "position_seconds": 3.046630859375
}
ZmqGateway: received command payload: {"cmd":"seek","time":3.06217479705811}
ZmqGateway: dispatching payload to JUCE message thread.
VitHeadlessService: processing queued command on JUCE message thread: {"cmd":"seek","time":3.06217479705811}
Command received: {"cmd":"seek","time":3.06217479705811}
CommandDispatcher::handleSeek: position set to 3.0622s
Command executed: seek, result: {
  "status": "ok",
  "message": "Seek executed",
  "position_seconds": 3.06217479705811
}
VitHeadlessService: command reply (truncated): {
  "status": "ok",
  "message": "Seek executed",
  "position_seconds": 3.06217479705811
}
ZmqGateway: received command payload: {"cmd":"seek","time":3.06217479705811}
ZmqGateway: dispatching payload to JUCE message thread.
VitHeadlessService: processing queued command on JUCE message thread: {"cmd":"seek","time":3.06217479705811}
Command received: {"cmd":"seek","time":3.06217479705811}
CommandDispatcher::handleSeek: position set to 3.0622s
Command executed: seek, result: {
  "status": "ok",
  "message": "Seek executed",
  "position_seconds": 3.06217479705811
}
VitHeadlessService: command reply (truncated): {
  "status": "ok",
  "message": "Seek executed",
  "position_seconds": 3.06217479705811
}
ZmqGateway: received command payload: {"cmd":"seek","time":3.09326267242432}
ZmqGateway: dispatching payload to JUCE message thread.
VitHeadlessService: processing queued command on JUCE message thread: {"cmd":"seek","time":3.09326267242432}
Command received: {"cmd":"seek","time":3.09326267242432}
CommandDispatcher::handleSeek: position set to 3.0933s
Command executed: seek, result: {
  "status": "ok",
  "message": "Seek executed",
  "position_seconds": 3.09326267242432
}
VitHeadlessService: command reply (truncated): {
  "status": "ok",
  "message": "Seek executed",
  "position_seconds": 3.09326267242432
}
ZmqGateway: received command payload: {"cmd":"seek","time":3.13989448547363}
ZmqGateway: dispatching payload to JUCE message thread.
VitHeadlessService: processing queued command on JUCE message thread: {"cmd":"seek","time":3.13989448547363}
Command received: {"cmd":"seek","time":3.13989448547363}
CommandDispatcher::handleSeek: position set to 3.1399s
Command executed: seek, result: {
  "status": "ok",
  "message": "Seek executed",
  "position_seconds": 3.13989448547363
}
VitHeadlessService: command reply (truncated): {
  "status": "ok",
  "message": "Seek executed",
  "position_seconds": 3.13989448547363
}
ZmqGateway: received command payload: {"cmd":"seek","time":3.15543937683105}
ZmqGateway: dispatching payload to JUCE message thread.
VitHeadlessService: processing queued command on JUCE message thread: {"cmd":"seek","time":3.15543937683105}
Command received: {"cmd":"seek","time":3.15543937683105}
CommandDispatcher::handleSeek: position set to 3.1554s
Command executed: seek, result: {
  "status": "ok",
  "message": "Seek executed",
  "position_seconds": 3.15543937683105
}
VitHeadlessService: command reply (truncated): {
  "status": "ok",
  "message": "Seek executed",
  "position_seconds": 3.15543937683105
}
ZmqGateway: received command payload: {"cmd":"seek","time":3.18652725219727}
ZmqGateway: dispatching payload to JUCE message thread.
VitHeadlessService: processing queued command on JUCE message thread: {"cmd":"seek","time":3.18652725219727}
Command received: {"cmd":"seek","time":3.18652725219727}
CommandDispatcher::handleSeek: position set to 3.1865s
Command executed: seek, result: {
  "status": "ok",
  "message": "Seek executed",
  "position_seconds": 3.18652725219727
}
VitHeadlessService: command reply (truncated): {
  "status": "ok",
  "message": "Seek executed",
  "position_seconds": 3.18652725219727
}
ZmqGateway: received command payload: {"cmd":"seek","time":3.20207118988037}
ZmqGateway: dispatching payload to JUCE message thread.
VitHeadlessService: processing queued command on JUCE message thread: {"cmd":"seek","time":3.20207118988037}
Command received: {"cmd":"seek","time":3.20207118988037}
CommandDispatcher::handleSeek: position set to 3.2021s
Command executed: seek, result: {
  "status": "ok",
  "message": "Seek executed",
  "position_seconds": 3.20207118988037
}
VitHeadlessService: command reply (truncated): {
  "status": "ok",
  "message": "Seek executed",
  "position_seconds": 3.20207118988037
}
ZmqGateway: received command payload: {"cmd":"seek","time":3.21761512756348}
ZmqGateway: dispatching payload to JUCE message thread.
VitHeadlessService: processing queued command on JUCE message thread: {"cmd":"seek","time":3.21761512756348}
Command received: {"cmd":"seek","time":3.21761512756348}
CommandDispatcher::handleSeek: position set to 3.2176s
Command executed: seek, result: {
  "status": "ok",
  "message": "Seek executed",
  "position_seconds": 3.21761512756348
}
VitHeadlessService: command reply (truncated): {
  "status": "ok",
  "message": "Seek executed",
  "position_seconds": 3.21761512756348
}
ZmqGateway: received command payload: {"cmd":"seek","time":3.24870300292969}
ZmqGateway: dispatching payload to JUCE message thread.
VitHeadlessService: processing queued command on JUCE message thread: {"cmd":"seek","time":3.24870300292969}
Command received: {"cmd":"seek","time":3.24870300292969}
CommandDispatcher::handleSeek: position set to 3.2487s
Command executed: seek, result: {
  "status": "ok",
  "message": "Seek executed",
  "position_seconds": 3.24870300292969
}
VitHeadlessService: command reply (truncated): {
  "status": "ok",
  "message": "Seek executed",
  "position_seconds": 3.24870300292969
}
ZmqGateway: received command payload: {"cmd":"seek","time":3.27979183197021}
ZmqGateway: dispatching payload to JUCE message thread.
VitHeadlessService: processing queued command on JUCE message thread: {"cmd":"seek","time":3.27979183197021}
Command received: {"cmd":"seek","time":3.27979183197021}
CommandDispatcher::handleSeek: position set to 3.2798s
Command executed: seek, result: {
  "status": "ok",
  "message": "Seek executed",
  "position_seconds": 3.27979183197021
}
VitHeadlessService: command reply (truncated): {
  "status": "ok",
  "message": "Seek executed",
  "position_seconds": 3.27979183197021
}
ZmqGateway: received command payload: {"cmd":"seek","time":3.32642364501953}
ZmqGateway: dispatching payload to JUCE message thread.
VitHeadlessService: processing queued command on JUCE message thread: {"cmd":"seek","time":3.32642364501953}
Command received: {"cmd":"seek","time":3.32642364501953}
CommandDispatcher::handleSeek: position set to 3.3264s
Command executed: seek, result: {
  "status": "ok",
  "message": "Seek executed",
  "position_seconds": 3.32642364501953
}
VitHeadlessService: command reply (truncated): {
  "status": "ok",
  "message": "Seek executed",
  "position_seconds": 3.32642364501953
}
ZmqGateway: received command payload: {"cmd":"seek","time":3.38859939575195}
ZmqGateway: dispatching payload to JUCE message thread.
VitHeadlessService: processing queued command on JUCE message thread: {"cmd":"seek","time":3.38859939575195}
Command received: {"cmd":"seek","time":3.38859939575195}
CommandDispatcher::handleSeek: position set to 3.3886s
Command executed: seek, result: {
  "status": "ok",
  "message": "Seek executed",
  "position_seconds": 3.38859939575195
}
VitHeadlessService: command reply (truncated): {
  "status": "ok",
  "message": "Seek executed",
  "position_seconds": 3.38859939575195
}
ZmqGateway: received command payload: {"cmd":"seek","time":3.45077610015869}
ZmqGateway: dispatching payload to JUCE message thread.
VitHeadlessService: processing queued command on JUCE message thread: {"cmd":"seek","time":3.45077610015869}
Command received: {"cmd":"seek","time":3.45077610015869}
CommandDispatcher::handleSeek: position set to 3.4508s
Command executed: seek, result: {
  "status": "ok",
  "message": "Seek executed",
  "position_seconds": 3.45077610015869
}
VitHeadlessService: command reply (truncated): {
  "status": "ok",
  "message": "Seek executed",
  "position_seconds": 3.45077610015869
}
ZmqGateway: received command payload: {"cmd":"seek","time":3.54404067993164}
ZmqGateway: dispatching payload to JUCE message thread.
VitHeadlessService: processing queued command on JUCE message thread: {"cmd":"seek","time":3.54404067993164}
Command received: {"cmd":"seek","time":3.54404067993164}
CommandDispatcher::handleSeek: position set to 3.5440s
Command executed: seek, result: {
  "status": "ok",
  "message": "Seek executed",
  "position_seconds": 3.54404067993164
}
VitHeadlessService: command reply (truncated): {
  "status": "ok",
  "message": "Seek executed",
  "position_seconds": 3.54404067993164
}
ZmqGateway: received command payload: {"cmd":"seek","time":3.66839218139648}
ZmqGateway: dispatching payload to JUCE message thread.
VitHeadlessService: processing queued command on JUCE message thread: {"cmd":"seek","time":3.66839218139648}
Command received: {"cmd":"seek","time":3.66839218139648}
CommandDispatcher::handleSeek: position set to 3.6684s
Command executed: seek, result: {
  "status": "ok",
  "message": "Seek executed",
  "position_seconds": 3.66839218139648
}
VitHeadlessService: command reply (truncated): {
  "status": "ok",
  "message": "Seek executed",
  "position_seconds": 3.66839218139648
}
ZmqGateway: received command payload: {"cmd":"seek","time":3.79274463653564}
ZmqGateway: dispatching payload to JUCE message thread.
VitHeadlessService: processing queued command on JUCE message thread: {"cmd":"seek","time":3.79274463653564}
Command received: {"cmd":"seek","time":3.79274463653564}
CommandDispatcher::handleSeek: position set to 3.7927s
Command executed: seek, result: {
  "status": "ok",
  "message": "Seek executed",
  "position_seconds": 3.79274463653564
}
VitHeadlessService: command reply (truncated): {
  "status": "ok",
  "message": "Seek executed",
  "position_seconds": 3.79274463653564
}
ZmqGateway: received command payload: {"cmd":"seek","time":3.9170970916748}
ZmqGateway: dispatching payload to JUCE message thread.
VitHeadlessService: processing queued command on JUCE message thread: {"cmd":"seek","time":3.9170970916748}
Command received: {"cmd":"seek","time":3.9170970916748}
CommandDispatcher::handleSeek: position set to 3.9171s
Command executed: seek, result: {
  "status": "ok",
  "message": "Seek executed",
  "position_seconds": 3.9170970916748
}
VitHeadlessService: command reply (truncated): {
  "status": "ok",
  "message": "Seek executed",
  "position_seconds": 3.9170970916748
}
ZmqGateway: received command payload: {"cmd":"seek","time":4.01036167144775}
ZmqGateway: dispatching payload to JUCE message thread.
VitHeadlessService: processing queued command on JUCE message thread: {"cmd":"seek","time":4.01036167144775}
Command received: {"cmd":"seek","time":4.01036167144775}
CommandDispatcher::handleSeek: position set to 4.0104s
Command executed: seek, result: {
  "status": "ok",
  "message": "Seek executed",
  "position_seconds": 4.01036167144775
}
VitHeadlessService: command reply (truncated): {
  "status": "ok",
  "message": "Seek executed",
  "position_seconds": 4.01036167144775
}
ZmqGateway: received command payload: {"cmd":"seek","time":4.05699348449707}
ZmqGateway: dispatching payload to JUCE message thread.
VitHeadlessService: processing queued command on JUCE message thread: {"cmd":"seek","time":4.05699348449707}
Command received: {"cmd":"seek","time":4.05699348449707}
CommandDispatcher::handleSeek: position set to 4.0570s
Command executed: seek, result: {
  "status": "ok",
  "message": "Seek executed",
  "position_seconds": 4.05699348449707
}
VitHeadlessService: command reply (truncated): {
  "status": "ok",
  "message": "Seek executed",
  "position_seconds": 4.05699348449707
}
ZmqGateway: received command payload: {"cmd":"seek","time":4.08808135986328}
ZmqGateway: dispatching payload to JUCE message thread.
VitHeadlessService: processing queued command on JUCE message thread: {"cmd":"seek","time":4.08808135986328}
Command received: {"cmd":"seek","time":4.08808135986328}
CommandDispatcher::handleSeek: position set to 4.0881s
Command executed: seek, result: {
  "status": "ok",
  "message": "Seek executed",
  "position_seconds": 4.08808135986328
}
VitHeadlessService: command reply (truncated): {
  "status": "ok",
  "message": "Seek executed",
  "position_seconds": 4.08808135986328
}
ZmqGateway: received command payload: {"cmd":"seek","time":4.08808135986328}
ZmqGateway: dispatching payload to JUCE message thread.
VitHeadlessService: processing queued command on JUCE message thread: {"cmd":"seek","time":4.08808135986328}
Command received: {"cmd":"seek","time":4.08808135986328}
CommandDispatcher::handleSeek: position set to 4.0881s
Command executed: seek, result: {
  "status": "ok",
  "message": "Seek executed",
  "position_seconds": 4.08808135986328
}
VitHeadlessService: command reply (truncated): {
  "status": "ok",
  "message": "Seek executed",
  "position_seconds": 4.08808135986328
}
ZmqGateway: received command payload: {"cmd":"seek","time":4.08808135986328}
ZmqGateway: dispatching payload to JUCE message thread.
VitHeadlessService: processing queued command on JUCE message thread: {"cmd":"seek","time":4.08808135986328}
Command received: {"cmd":"seek","time":4.08808135986328}
CommandDispatcher::handleSeek: position set to 4.0881s
Command executed: seek, result: {
  "status": "ok",
  "message": "Seek executed",
  "position_seconds": 4.08808135986328
}
VitHeadlessService: command reply (truncated): {
  "status": "ok",
  "message": "Seek executed",
  "position_seconds": 4.08808135986328
}
ZmqGateway: received command payload: {"cmd":"seek","time":4.08808135986328}
ZmqGateway: dispatching payload to JUCE message thread.
VitHeadlessService: processing queued command on JUCE message thread: {"cmd":"seek","time":4.08808135986328}
Command received: {"cmd":"seek","time":4.08808135986328}
CommandDispatcher::handleSeek: position set to 4.0881s
Command executed: seek, result: {
  "status": "ok",
  "message": "Seek executed",
  "position_seconds": 4.08808135986328
}
VitHeadlessService: command reply (truncated): {
  "status": "ok",
  "message": "Seek executed",
  "position_seconds": 4.08808135986328
}
ZmqGateway: received command payload: {"cmd":"seek","time":4.08808135986328}
ZmqGateway: dispatching payload to JUCE message thread.
VitHeadlessService: processing queued command on JUCE message thread: {"cmd":"seek","time":4.08808135986328}
Command received: {"cmd":"seek","time":4.08808135986328}
CommandDispatcher::handleSeek: position set to 4.0881s
Command executed: seek, result: {
  "status": "ok",
  "message": "Seek executed",
  "position_seconds": 4.08808135986328
}
VitHeadlessService: command reply (truncated): {
  "status": "ok",
  "message": "Seek executed",
  "position_seconds": 4.08808135986328
}
ZmqGateway: received command payload: {"cmd":"seek","time":4.08808135986328}
ZmqGateway: dispatching payload to JUCE message thread.
VitHeadlessService: processing queued command on JUCE message thread: {"cmd":"seek","time":4.08808135986328}
Command received: {"cmd":"seek","time":4.08808135986328}
CommandDispatcher::handleSeek: position set to 4.0881s
Command executed: seek, result: {
  "status": "ok",
  "message": "Seek executed",
  "position_seconds": 4.08808135986328
}
VitHeadlessService: command reply (truncated): {
  "status": "ok",
  "message": "Seek executed",
  "position_seconds": 4.08808135986328
}
ZmqGateway: received command payload: {"cmd":"seek","time":4.08808135986328}
ZmqGateway: dispatching payload to JUCE message thread.
VitHeadlessService: processing queued command on JUCE message thread: {"cmd":"seek","time":4.08808135986328}
Command received: {"cmd":"seek","time":4.08808135986328}
CommandDispatcher::handleSeek: position set to 4.0881s
Command executed: seek, result: {
  "status": "ok",
  "message": "Seek executed",
  "position_seconds": 4.08808135986328
}
VitHeadlessService: command reply (truncated): {
  "status": "ok",
  "message": "Seek executed",
  "position_seconds": 4.08808135986328
}
ZmqGateway: received command payload: {"cmd":"seek","time":4.08808135986328}
ZmqGateway: dispatching payload to JUCE message thread.
VitHeadlessService: processing queued command on JUCE message thread: {"cmd":"seek","time":4.08808135986328}
Command received: {"cmd":"seek","time":4.08808135986328}
CommandDispatcher::handleSeek: position set to 4.0881s
Command executed: seek, result: {
  "status": "ok",
  "message": "Seek executed",
  "position_seconds": 4.08808135986328
}
VitHeadlessService: command reply (truncated): {
  "status": "ok",
  "message": "Seek executed",
  "position_seconds": 4.08808135986328
}
ZmqGateway: received command payload: {"cmd":"seek","time":4.08808135986328}
ZmqGateway: dispatching payload to JUCE message thread.
VitHeadlessService: processing queued command on JUCE message thread: {"cmd":"seek","time":4.08808135986328}
Command received: {"cmd":"seek","time":4.08808135986328}
CommandDispatcher::handleSeek: position set to 4.0881s
Command executed: seek, result: {
  "status": "ok",
  "message": "Seek executed",
  "position_seconds": 4.08808135986328
}
VitHeadlessService: command reply (truncated): {
  "status": "ok",
  "message": "Seek executed",
  "position_seconds": 4.08808135986328
}
ZmqGateway: received command payload: {"cmd":"seek","time":4.08808135986328}
ZmqGateway: dispatching payload to JUCE message thread.
VitHeadlessService: processing queued command on JUCE message thread: {"cmd":"seek","time":4.08808135986328}
Command received: {"cmd":"seek","time":4.08808135986328}
CommandDispatcher::handleSeek: position set to 4.0881s
Command executed: seek, result: {
  "status": "ok",
  "message": "Seek executed",
  "position_seconds": 4.08808135986328
}
VitHeadlessService: command reply (truncated): {
  "status": "ok",
  "message": "Seek executed",
  "position_seconds": 4.08808135986328
}
ZmqGateway: received command payload: {"cmd":"seek","time":4.08808135986328}
ZmqGateway: dispatching payload to JUCE message thread.
VitHeadlessService: processing queued command on JUCE message thread: {"cmd":"seek","time":4.08808135986328}
Command received: {"cmd":"seek","time":4.08808135986328}
CommandDispatcher::handleSeek: position set to 4.0881s
Command executed: seek, result: {
  "status": "ok",
  "message": "Seek executed",
  "position_seconds": 4.08808135986328
}
VitHeadlessService: command reply (truncated): {
  "status": "ok",
  "message": "Seek executed",
  "position_seconds": 4.08808135986328
}
ZmqGateway: received command payload: {"cmd":"seek","time":4.08808135986328}
ZmqGateway: dispatching payload to JUCE message thread.
VitHeadlessService: processing queued command on JUCE message thread: {"cmd":"seek","time":4.08808135986328}
Command received: {"cmd":"seek","time":4.08808135986328}
CommandDispatcher::handleSeek: position set to 4.0881s
Command executed: seek, result: {
  "status": "ok",
  "message": "Seek executed",
  "position_seconds": 4.08808135986328
}
VitHeadlessService: command reply (truncated): {
  "status": "ok",
  "message": "Seek executed",
  "position_seconds": 4.08808135986328
}
ZmqGateway: received command payload: {"cmd":"seek","time":4.08808135986328}
ZmqGateway: dispatching payload to JUCE message thread.
VitHeadlessService: processing queued command on JUCE message thread: {"cmd":"seek","time":4.08808135986328}
Command received: {"cmd":"seek","time":4.08808135986328}
CommandDispatcher::handleSeek: position set to 4.0881s
Command executed: seek, result: {
  "status": "ok",
  "message": "Seek executed",
  "position_seconds": 4.08808135986328
}
VitHeadlessService: command reply (truncated): {
  "status": "ok",
  "message": "Seek executed",
  "position_seconds": 4.08808135986328
}
ZmqGateway: received command payload: {"cmd":"seek","time":4.08808135986328}
ZmqGateway: dispatching payload to JUCE message thread.
VitHeadlessService: processing queued command on JUCE message thread: {"cmd":"seek","time":4.08808135986328}
Command received: {"cmd":"seek","time":4.08808135986328}
CommandDispatcher::handleSeek: position set to 4.0881s
Command executed: seek, result: {
  "status": "ok",
  "message": "Seek executed",
  "position_seconds": 4.08808135986328
}
VitHeadlessService: command reply (truncated): {
  "status": "ok",
  "message": "Seek executed",
  "position_seconds": 4.08808135986328
}
ZmqGateway: received command payload: {"cmd":"seek","time":4.08808135986328}
ZmqGateway: dispatching payload to JUCE message thread.
VitHeadlessService: processing queued command on JUCE message thread: {"cmd":"seek","time":4.08808135986328}
Command received: {"cmd":"seek","time":4.08808135986328}
CommandDispatcher::handleSeek: position set to 4.0881s
Command executed: seek, result: {
  "status": "ok",
  "message": "Seek executed",
  "position_seconds": 4.08808135986328
}
VitHeadlessService: command reply (truncated): {
  "status": "ok",
  "message": "Seek executed",
  "position_seconds": 4.08808135986328
}
ZmqGateway: received command payload: {"cmd":"seek","time":4.08808135986328}
ZmqGateway: dispatching payload to JUCE message thread.
VitHeadlessService: processing queued command on JUCE message thread: {"cmd":"seek","time":4.08808135986328}
Command received: {"cmd":"seek","time":4.08808135986328}
CommandDispatcher::handleSeek: position set to 4.0881s
Command executed: seek, result: {
  "status": "ok",
  "message": "Seek executed",
  "position_seconds": 4.08808135986328
}
VitHeadlessService: command reply (truncated): {
  "status": "ok",
  "message": "Seek executed",
  "position_seconds": 4.08808135986328
}
ZmqGateway: received command payload: {"cmd":"seek","time":4.08808135986328}
ZmqGateway: dispatching payload to JUCE message thread.
VitHeadlessService: processing queued command on JUCE message thread: {"cmd":"seek","time":4.08808135986328}
Command received: {"cmd":"seek","time":4.08808135986328}
CommandDispatcher::handleSeek: position set to 4.0881s
Command executed: seek, result: {
  "status": "ok",
  "message": "Seek executed",
  "position_seconds": 4.08808135986328
}
VitHeadlessService: command reply (truncated): {
  "status": "ok",
  "message": "Seek executed",
  "position_seconds": 4.08808135986328
}
ZmqGateway: received command payload: {"cmd":"seek","time":4.04144954681396}
ZmqGateway: dispatching payload to JUCE message thread.
VitHeadlessService: processing queued command on JUCE message thread: {"cmd":"seek","time":4.04144954681396}
Command received: {"cmd":"seek","time":4.04144954681396}
CommandDispatcher::handleSeek: position set to 4.0414s
Command executed: seek, result: {
  "status": "ok",
  "message": "Seek executed",
  "position_seconds": 4.04144954681396
}
VitHeadlessService: command reply (truncated): {
  "status": "ok",
  "message": "Seek executed",
  "position_seconds": 4.04144954681396
}
ZmqGateway: received command payload: {"cmd":"seek","time":3.94818496704102}
ZmqGateway: dispatching payload to JUCE message thread.
VitHeadlessService: processing queued command on JUCE message thread: {"cmd":"seek","time":3.94818496704102}
Command received: {"cmd":"seek","time":3.94818496704102}
CommandDispatcher::handleSeek: position set to 3.9482s
Command executed: seek, result: {
  "status": "ok",
  "message": "Seek executed",
  "position_seconds": 3.94818496704102
}
VitHeadlessService: command reply (truncated): {
  "status": "ok",
  "message": "Seek executed",
  "position_seconds": 3.94818496704102
}
ZmqGateway: received command payload: {"cmd":"seek","time":3.85492134094238}
ZmqGateway: dispatching payload to JUCE message thread.
VitHeadlessService: processing queued command on JUCE message thread: {"cmd":"seek","time":3.85492134094238}
Command received: {"cmd":"seek","time":3.85492134094238}
CommandDispatcher::handleSeek: position set to 3.8549s
Command executed: seek, result: {
  "status": "ok",
  "message": "Seek executed",
  "position_seconds": 3.85492134094238
}
VitHeadlessService: command reply (truncated): {
  "status": "ok",
  "message": "Seek executed",
  "position_seconds": 3.85492134094238
}
ZmqGateway: received command payload: {"cmd":"seek","time":3.76165676116943}
ZmqGateway: dispatching payload to JUCE message thread.
VitHeadlessService: processing queued command on JUCE message thread: {"cmd":"seek","time":3.76165676116943}
Command received: {"cmd":"seek","time":3.76165676116943}
CommandDispatcher::handleSeek: position set to 3.7617s
Command executed: seek, result: {
  "status": "ok",
  "message": "Seek executed",
  "position_seconds": 3.76165676116943
}
VitHeadlessService: command reply (truncated): {
  "status": "ok",
  "message": "Seek executed",
  "position_seconds": 3.76165676116943
}
ZmqGateway: received command payload: {"cmd":"seek","time":3.66839218139648}
ZmqGateway: dispatching payload to JUCE message thread.
VitHeadlessService: processing queued command on JUCE message thread: {"cmd":"seek","time":3.66839218139648}
Command received: {"cmd":"seek","time":3.66839218139648}
CommandDispatcher::handleSeek: position set to 3.6684s
Command executed: seek, result: {
  "status": "ok",
  "message": "Seek executed",
  "position_seconds": 3.66839218139648
}
VitHeadlessService: command reply (truncated): {
  "status": "ok",
  "message": "Seek executed",
  "position_seconds": 3.66839218139648
}
ZmqGateway: received command payload: {"cmd":"seek","time":3.57512855529785}
ZmqGateway: dispatching payload to JUCE message thread.
VitHeadlessService: processing queued command on JUCE message thread: {"cmd":"seek","time":3.57512855529785}
Command received: {"cmd":"seek","time":3.57512855529785}
CommandDispatcher::handleSeek: position set to 3.5751s
Command executed: seek, result: {
  "status": "ok",
  "message": "Seek executed",
  "position_seconds": 3.57512855529785
}
VitHeadlessService: command reply (truncated): {
  "status": "ok",
  "message": "Seek executed",
  "position_seconds": 3.57512855529785
}
ZmqGateway: received command payload: {"cmd":"seek","time":3.51295185089111}
ZmqGateway: dispatching payload to JUCE message thread.
VitHeadlessService: processing queued command on JUCE message thread: {"cmd":"seek","time":3.51295185089111}
Command received: {"cmd":"seek","time":3.51295185089111}
CommandDispatcher::handleSeek: position set to 3.5130s
Command executed: seek, result: {
  "status": "ok",
  "message": "Seek executed",
  "position_seconds": 3.51295185089111
}
VitHeadlessService: command reply (truncated): {
  "status": "ok",
  "message": "Seek executed",
  "position_seconds": 3.51295185089111
}
ZmqGateway: received command payload: {"cmd":"seek","time":3.4663200378418}
ZmqGateway: dispatching payload to JUCE message thread.
VitHeadlessService: processing queued command on JUCE message thread: {"cmd":"seek","time":3.4663200378418}
Command received: {"cmd":"seek","time":3.4663200378418}
CommandDispatcher::handleSeek: position set to 3.4663s
Command executed: seek, result: {
  "status": "ok",
  "message": "Seek executed",
  "position_seconds": 3.4663200378418
}
VitHeadlessService: command reply (truncated): {
  "status": "ok",
  "message": "Seek executed",
  "position_seconds": 3.4663200378418
}
ZmqGateway: received command payload: {"cmd":"seek","time":3.43523216247559}
ZmqGateway: dispatching payload to JUCE message thread.
VitHeadlessService: processing queued command on JUCE message thread: {"cmd":"seek","time":3.43523216247559}
Command received: {"cmd":"seek","time":3.43523216247559}
CommandDispatcher::handleSeek: position set to 3.4352s
Command executed: seek, result: {
  "status": "ok",
  "message": "Seek executed",
  "position_seconds": 3.43523216247559
}
VitHeadlessService: command reply (truncated): {
  "status": "ok",
  "message": "Seek executed",
  "position_seconds": 3.43523216247559
}
ZmqGateway: received command payload: {"cmd":"seek","time":3.41968727111816}
ZmqGateway: dispatching payload to JUCE message thread.
VitHeadlessService: processing queued command on JUCE message thread: {"cmd":"seek","time":3.41968727111816}
Command received: {"cmd":"seek","time":3.41968727111816}
CommandDispatcher::handleSeek: position set to 3.4197s
Command executed: seek, result: {
  "status": "ok",
  "message": "Seek executed",
  "position_seconds": 3.41968727111816
}
VitHeadlessService: command reply (truncated): {
  "status": "ok",
  "message": "Seek executed",
  "position_seconds": 3.41968727111816
}
ZmqGateway: received command payload: {"cmd":"seek","time":3.41968727111816}
ZmqGateway: dispatching payload to JUCE message thread.
VitHeadlessService: processing queued command on JUCE message thread: {"cmd":"seek","time":3.41968727111816}
Command received: {"cmd":"seek","time":3.41968727111816}
CommandDispatcher::handleSeek: position set to 3.4197s
Command executed: seek, result: {
  "status": "ok",
  "message": "Seek executed",
  "position_seconds": 3.41968727111816
}
VitHeadlessService: command reply (truncated): {
  "status": "ok",
  "message": "Seek executed",
  "position_seconds": 3.41968727111816
}
ZmqGateway: received command payload: {"cmd":"seek","time":3.41968727111816}
ZmqGateway: dispatching payload to JUCE message thread.
VitHeadlessService: processing queued command on JUCE message thread: {"cmd":"seek","time":3.41968727111816}
Command received: {"cmd":"seek","time":3.41968727111816}
CommandDispatcher::handleSeek: position set to 3.4197s
Command executed: seek, result: {
  "status": "ok",
  "message": "Seek executed",
  "position_seconds": 3.41968727111816
}
VitHeadlessService: command reply (truncated): {
  "status": "ok",
  "message": "Seek executed",
  "position_seconds": 3.41968727111816
}
ZmqGateway: received command payload: {"cmd":"seek","time":3.41968727111816}
ZmqGateway: dispatching payload to JUCE message thread.
VitHeadlessService: processing queued command on JUCE message thread: {"cmd":"seek","time":3.41968727111816}
Command received: {"cmd":"seek","time":3.41968727111816}
CommandDispatcher::handleSeek: position set to 3.4197s
Command executed: seek, result: {
  "status": "ok",
  "message": "Seek executed",
  "position_seconds": 3.41968727111816
}
VitHeadlessService: command reply (truncated): {
  "status": "ok",
  "message": "Seek executed",
  "position_seconds": 3.41968727111816
}
ZmqGateway: received command payload: {"cmd":"seek","time":3.41968727111816}
ZmqGateway: dispatching payload to JUCE message thread.
VitHeadlessService: processing queued command on JUCE message thread: {"cmd":"seek","time":3.41968727111816}
Command received: {"cmd":"seek","time":3.41968727111816}
CommandDispatcher::handleSeek: position set to 3.4197s
Command executed: seek, result: {
  "status": "ok",
  "message": "Seek executed",
  "position_seconds": 3.41968727111816
}
VitHeadlessService: command reply (truncated): {
  "status": "ok",
  "message": "Seek executed",
  "position_seconds": 3.41968727111816
}
ZmqGateway: received command payload: {"cmd":"seek","time":3.41968727111816}
ZmqGateway: dispatching payload to JUCE message thread.
VitHeadlessService: processing queued command on JUCE message thread: {"cmd":"seek","time":3.41968727111816}
Command received: {"cmd":"seek","time":3.41968727111816}
CommandDispatcher::handleSeek: position set to 3.4197s
Command executed: seek, result: {
  "status": "ok",
  "message": "Seek executed",
  "position_seconds": 3.41968727111816
}
VitHeadlessService: command reply (truncated): {
  "status": "ok",
  "message": "Seek executed",
  "position_seconds": 3.41968727111816
}
ZmqGateway: received command payload: {"cmd":"seek","time":3.41968727111816}
ZmqGateway: dispatching payload to JUCE message thread.
VitHeadlessService: processing queued command on JUCE message thread: {"cmd":"seek","time":3.41968727111816}
Command received: {"cmd":"seek","time":3.41968727111816}
CommandDispatcher::handleSeek: position set to 3.4197s
Command executed: seek, result: {
  "status": "ok",
  "message": "Seek executed",
  "position_seconds": 3.41968727111816
}
VitHeadlessService: command reply (truncated): {
  "status": "ok",
  "message": "Seek executed",
  "position_seconds": 3.41968727111816
}
ZmqGateway: received command payload: {"cmd":"seek","time":3.41968727111816}
ZmqGateway: dispatching payload to JUCE message thread.
VitHeadlessService: processing queued command on JUCE message thread: {"cmd":"seek","time":3.41968727111816}
Command received: {"cmd":"seek","time":3.41968727111816}
CommandDispatcher::handleSeek: position set to 3.4197s
Command executed: seek, result: {
  "status": "ok",
  "message": "Seek executed",
  "position_seconds": 3.41968727111816
}
VitHeadlessService: command reply (truncated): {
  "status": "ok",
  "message": "Seek executed",
  "position_seconds": 3.41968727111816
}
ZmqGateway: received command payload: {"cmd":"seek","time":3.41968727111816}
ZmqGateway: dispatching payload to JUCE message thread.
VitHeadlessService: processing queued command on JUCE message thread: {"cmd":"seek","time":3.41968727111816}
Command received: {"cmd":"seek","time":3.41968727111816}
CommandDispatcher::handleSeek: position set to 3.4197s
Command executed: seek, result: {
  "status": "ok",
  "message": "Seek executed",
  "position_seconds": 3.41968727111816
}
VitHeadlessService: command reply (truncated): {
  "status": "ok",
  "message": "Seek executed",
  "position_seconds": 3.41968727111816
}
ZmqGateway: received command payload: {"cmd":"seek","time":3.41968727111816}
ZmqGateway: dispatching payload to JUCE message thread.
VitHeadlessService: processing queued command on JUCE message thread: {"cmd":"seek","time":3.41968727111816}
Command received: {"cmd":"seek","time":3.41968727111816}
CommandDispatcher::handleSeek: position set to 3.4197s
Command executed: seek, result: {
  "status": "ok",
  "message": "Seek executed",
  "position_seconds": 3.41968727111816
}
VitHeadlessService: command reply (truncated): {
  "status": "ok",
  "message": "Seek executed",
  "position_seconds": 3.41968727111816
}
ZmqGateway: received command payload: {"cmd":"seek","time":3.41968727111816}
ZmqGateway: dispatching payload to JUCE message thread.
VitHeadlessService: processing queued command on JUCE message thread: {"cmd":"seek","time":3.41968727111816}
Command received: {"cmd":"seek","time":3.41968727111816}
CommandDispatcher::handleSeek: position set to 3.4197s
Command executed: seek, result: {
  "status": "ok",
  "message": "Seek executed",
  "position_seconds": 3.41968727111816
}
VitHeadlessService: command reply (truncated): {
  "status": "ok",
  "message": "Seek executed",
  "position_seconds": 3.41968727111816
}
ZmqGateway: received command payload: {"cmd":"seek","time":3.41968727111816}
ZmqGateway: dispatching payload to JUCE message thread.
VitHeadlessService: processing queued command on JUCE message thread: {"cmd":"seek","time":3.41968727111816}
Command received: {"cmd":"seek","time":3.41968727111816}
CommandDispatcher::handleSeek: position set to 3.4197s
Command executed: seek, result: {
  "status": "ok",
  "message": "Seek executed",
  "position_seconds": 3.41968727111816
}
VitHeadlessService: command reply (truncated): {
  "status": "ok",
  "message": "Seek executed",
  "position_seconds": 3.41968727111816
}
ZmqGateway: received command payload: {"cmd":"seek","time":3.41968727111816}
ZmqGateway: dispatching payload to JUCE message thread.
VitHeadlessService: processing queued command on JUCE message thread: {"cmd":"seek","time":3.41968727111816}
Command received: {"cmd":"seek","time":3.41968727111816}
CommandDispatcher::handleSeek: position set to 3.4197s
Command executed: seek, result: {
  "status": "ok",
  "message": "Seek executed",
  "position_seconds": 3.41968727111816
}
VitHeadlessService: command reply (truncated): {
  "status": "ok",
  "message": "Seek executed",
  "position_seconds": 3.41968727111816
}
ZmqGateway: received command payload: {"cmd":"seek","time":3.41968727111816}
ZmqGateway: dispatching payload to JUCE message thread.
VitHeadlessService: processing queued command on JUCE message thread: {"cmd":"seek","time":3.41968727111816}
Command received: {"cmd":"seek","time":3.41968727111816}
CommandDispatcher::handleSeek: position set to 3.4197s
Command executed: seek, result: {
  "status": "ok",
  "message": "Seek executed",
  "position_seconds": 3.41968727111816
}
VitHeadlessService: command reply (truncated): {
  "status": "ok",
  "message": "Seek executed",
  "position_seconds": 3.41968727111816
}
ZmqGateway: received command payload: {"cmd":"seek","time":3.41968727111816}
ZmqGateway: dispatching payload to JUCE message thread.
VitHeadlessService: processing queued command on JUCE message thread: {"cmd":"seek","time":3.41968727111816}
Command received: {"cmd":"seek","time":3.41968727111816}
CommandDispatcher::handleSeek: position set to 3.4197s
Command executed: seek, result: {
  "status": "ok",
  "message": "Seek executed",
  "position_seconds": 3.41968727111816
}
VitHeadlessService: command reply (truncated): {
  "status": "ok",
  "message": "Seek executed",
  "position_seconds": 3.41968727111816
}
ZmqGateway: received command payload: {"cmd":"seek","time":3.41968727111816}
ZmqGateway: dispatching payload to JUCE message thread.
VitHeadlessService: processing queued command on JUCE message thread: {"cmd":"seek","time":3.41968727111816}
Command received: {"cmd":"seek","time":3.41968727111816}
CommandDispatcher::handleSeek: position set to 3.4197s
Command executed: seek, result: {
  "status": "ok",
  "message": "Seek executed",
  "position_seconds": 3.41968727111816
}
VitHeadlessService: command reply (truncated): {
  "status": "ok",
  "message": "Seek executed",
  "position_seconds": 3.41968727111816
}
ZmqGateway: received command payload: {"cmd":"seek","time":3.41968727111816}
ZmqGateway: dispatching payload to JUCE message thread.
VitHeadlessService: processing queued command on JUCE message thread: {"cmd":"seek","time":3.41968727111816}
Command received: {"cmd":"seek","time":3.41968727111816}
CommandDispatcher::handleSeek: position set to 3.4197s
Command executed: seek, result: {
  "status": "ok",
  "message": "Seek executed",
  "position_seconds": 3.41968727111816
}
VitHeadlessService: command reply (truncated): {
  "status": "ok",
  "message": "Seek executed",
  "position_seconds": 3.41968727111816
}
ZmqGateway: received command payload: {"cmd":"seek","time":3.41968727111816}
ZmqGateway: dispatching payload to JUCE message thread.
VitHeadlessService: processing queued command on JUCE message thread: {"cmd":"seek","time":3.41968727111816}
Command received: {"cmd":"seek","time":3.41968727111816}
CommandDispatcher::handleSeek: position set to 3.4197s
Command executed: seek, result: {
  "status": "ok",
  "message": "Seek executed",
  "position_seconds": 3.41968727111816
}
VitHeadlessService: command reply (truncated): {
  "status": "ok",
  "message": "Seek executed",
  "position_seconds": 3.41968727111816
}
ZmqGateway: received command payload: {"cmd":"seek","time":3.41968727111816}
ZmqGateway: dispatching payload to JUCE message thread.
VitHeadlessService: processing queued command on JUCE message thread: {"cmd":"seek","time":3.41968727111816}
Command received: {"cmd":"seek","time":3.41968727111816}
CommandDispatcher::handleSeek: position set to 3.4197s
Command executed: seek, result: {
  "status": "ok",
  "message": "Seek executed",
  "position_seconds": 3.41968727111816
}
VitHeadlessService: command reply (truncated): {
  "status": "ok",
  "message": "Seek executed",
  "position_seconds": 3.41968727111816
}
ZmqGateway: received command payload: {"cmd":"seek","time":3.41968727111816}
ZmqGateway: dispatching payload to JUCE message thread.
VitHeadlessService: processing queued command on JUCE message thread: {"cmd":"seek","time":3.41968727111816}
Command received: {"cmd":"seek","time":3.41968727111816}
CommandDispatcher::handleSeek: position set to 3.4197s
Command executed: seek, result: {
  "status": "ok",
  "message": "Seek executed",
  "position_seconds": 3.41968727111816
}
VitHeadlessService: command reply (truncated): {
  "status": "ok",
  "message": "Seek executed",
  "position_seconds": 3.41968727111816
}
ZmqGateway: received command payload: {"cmd":"seek","time":3.41968727111816}
ZmqGateway: dispatching payload to JUCE message thread.
VitHeadlessService: processing queued command on JUCE message thread: {"cmd":"seek","time":3.41968727111816}
Command received: {"cmd":"seek","time":3.41968727111816}
CommandDispatcher::handleSeek: position set to 3.4197s
Command executed: seek, result: {
  "status": "ok",
  "message": "Seek executed",
  "position_seconds": 3.41968727111816
}
VitHeadlessService: command reply (truncated): {
  "status": "ok",
  "message": "Seek executed",
  "position_seconds": 3.41968727111816
}
ZmqGateway: received command payload: {"cmd":"seek","time":3.41968727111816}
ZmqGateway: dispatching payload to JUCE message thread.
VitHeadlessService: processing queued command on JUCE message thread: {"cmd":"seek","time":3.41968727111816}
Command received: {"cmd":"seek","time":3.41968727111816}
CommandDispatcher::handleSeek: position set to 3.4197s
Command executed: seek, result: {
  "status": "ok",
  "message": "Seek executed",
  "position_seconds": 3.41968727111816
}
VitHeadlessService: command reply (truncated): {
  "status": "ok",
  "message": "Seek executed",
  "position_seconds": 3.41968727111816
}
ZmqGateway: received command payload: {"cmd":"seek","time":3.41968727111816}
ZmqGateway: dispatching payload to JUCE message thread.
VitHeadlessService: processing queued command on JUCE message thread: {"cmd":"seek","time":3.41968727111816}
Command received: {"cmd":"seek","time":3.41968727111816}
CommandDispatcher::handleSeek: position set to 3.4197s
Command executed: seek, result: {
  "status": "ok",
  "message": "Seek executed",
  "position_seconds": 3.41968727111816
}
VitHeadlessService: command reply (truncated): {
  "status": "ok",
  "message": "Seek executed",
  "position_seconds": 3.41968727111816
}
ZmqGateway: received command payload: {"cmd":"seek","time":3.40414428710938}
ZmqGateway: dispatching payload to JUCE message thread.
VitHeadlessService: processing queued command on JUCE message thread: {"cmd":"seek","time":3.40414428710938}
Command received: {"cmd":"seek","time":3.40414428710938}
CommandDispatcher::handleSeek: position set to 3.4041s
Command executed: seek, result: {
  "status": "ok",
  "message": "Seek executed",
  "position_seconds": 3.40414428710938
}
VitHeadlessService: command reply (truncated): {
  "status": "ok",
  "message": "Seek executed",
  "position_seconds": 3.40414428710938
}
ZmqGateway: received command payload: {"cmd":"seek","time":3.38859939575195}
ZmqGateway: dispatching payload to JUCE message thread.
VitHeadlessService: processing queued command on JUCE message thread: {"cmd":"seek","time":3.38859939575195}
Command received: {"cmd":"seek","time":3.38859939575195}
CommandDispatcher::handleSeek: position set to 3.3886s
Command executed: seek, result: {
  "status": "ok",
  "message": "Seek executed",
  "position_seconds": 3.38859939575195
}
VitHeadlessService: command reply (truncated): {
  "status": "ok",
  "message": "Seek executed",
  "position_seconds": 3.38859939575195
}
ZmqGateway: received command payload: {"cmd":"seek","time":3.35751152038574}
ZmqGateway: dispatching payload to JUCE message thread.
VitHeadlessService: processing queued command on JUCE message thread: {"cmd":"seek","time":3.35751152038574}
Command received: {"cmd":"seek","time":3.35751152038574}
CommandDispatcher::handleSeek: position set to 3.3575s
Command executed: seek, result: {
  "status": "ok",
  "message": "Seek executed",
  "position_seconds": 3.35751152038574
}
VitHeadlessService: command reply (truncated): {
  "status": "ok",
  "message": "Seek executed",
  "position_seconds": 3.35751152038574
}
ZmqGateway: received command payload: {"cmd":"seek","time":3.31087970733643}
ZmqGateway: dispatching payload to JUCE message thread.
VitHeadlessService: processing queued command on JUCE message thread: {"cmd":"seek","time":3.31087970733643}
Command received: {"cmd":"seek","time":3.31087970733643}
CommandDispatcher::handleSeek: position set to 3.3109s
Command executed: seek, result: {
  "status": "ok",
  "message": "Seek executed",
  "position_seconds": 3.31087970733643
}
VitHeadlessService: command reply (truncated): {
  "status": "ok",
  "message": "Seek executed",
  "position_seconds": 3.31087970733643
}
ZmqGateway: received command payload: {"cmd":"seek","time":3.26424789428711}
ZmqGateway: dispatching payload to JUCE message thread.
VitHeadlessService: processing queued command on JUCE message thread: {"cmd":"seek","time":3.26424789428711}
Command received: {"cmd":"seek","time":3.26424789428711}
CommandDispatcher::handleSeek: position set to 3.2642s
Command executed: seek, result: {
  "status": "ok",
  "message": "Seek executed",
  "position_seconds": 3.26424789428711
}
VitHeadlessService: command reply (truncated): {
  "status": "ok",
  "message": "Seek executed",
  "position_seconds": 3.26424789428711
}
ZmqGateway: received command payload: {"cmd":"seek","time":3.21761512756348}
ZmqGateway: dispatching payload to JUCE message thread.
VitHeadlessService: processing queued command on JUCE message thread: {"cmd":"seek","time":3.21761512756348}
Command received: {"cmd":"seek","time":3.21761512756348}
CommandDispatcher::handleSeek: position set to 3.2176s
Command executed: seek, result: {
  "status": "ok",
  "message": "Seek executed",
  "position_seconds": 3.21761512756348
}
VitHeadlessService: command reply (truncated): {
  "status": "ok",
  "message": "Seek executed",
  "position_seconds": 3.21761512756348
}
ZmqGateway: received command payload: {"cmd":"seek","time":3.15543937683105}
ZmqGateway: dispatching payload to JUCE message thread.
VitHeadlessService: processing queued command on JUCE message thread: {"cmd":"seek","time":3.15543937683105}
Command received: {"cmd":"seek","time":3.15543937683105}
CommandDispatcher::handleSeek: position set to 3.1554s
Command executed: seek, result: {
  "status": "ok",
  "message": "Seek executed",
  "position_seconds": 3.15543937683105
}
VitHeadlessService: command reply (truncated): {
  "status": "ok",
  "message": "Seek executed",
  "position_seconds": 3.15543937683105
}
ZmqGateway: received command payload: {"cmd":"seek","time":3.10880661010742}
ZmqGateway: dispatching payload to JUCE message thread.
VitHeadlessService: processing queued command on JUCE message thread: {"cmd":"seek","time":3.10880661010742}
Command received: {"cmd":"seek","time":3.10880661010742}
CommandDispatcher::handleSeek: position set to 3.1088s
Command executed: seek, result: {
  "status": "ok",
  "message": "Seek executed",
  "position_seconds": 3.10880661010742
}
VitHeadlessService: command reply (truncated): {
  "status": "ok",
  "message": "Seek executed",
  "position_seconds": 3.10880661010742
}
ZmqGateway: received command payload: {"cmd":"seek","time":3.046630859375}
ZmqGateway: dispatching payload to JUCE message thread.
VitHeadlessService: processing queued command on JUCE message thread: {"cmd":"seek","time":3.046630859375}
Command received: {"cmd":"seek","time":3.046630859375}
CommandDispatcher::handleSeek: position set to 3.0466s
Command executed: seek, result: {
  "status": "ok",
  "message": "Seek executed",
  "position_seconds": 3.046630859375
}
VitHeadlessService: command reply (truncated): {
  "status": "ok",
  "message": "Seek executed",
  "position_seconds": 3.046630859375
}
ZmqGateway: received command payload: {"cmd":"seek","time":2.98445510864258}
ZmqGateway: dispatching payload to JUCE message thread.
VitHeadlessService: processing queued command on JUCE message thread: {"cmd":"seek","time":2.98445510864258}
Command received: {"cmd":"seek","time":2.98445510864258}
CommandDispatcher::handleSeek: position set to 2.9845s
Command executed: seek, result: {
  "status": "ok",
  "message": "Seek executed",
  "position_seconds": 2.98445510864258
}
VitHeadlessService: command reply (truncated): {
  "status": "ok",
  "message": "Seek executed",
  "position_seconds": 2.98445510864258
}
ZmqGateway: received command payload: {"cmd":"seek","time":2.92227840423584}
ZmqGateway: dispatching payload to JUCE message thread.
VitHeadlessService: processing queued command on JUCE message thread: {"cmd":"seek","time":2.92227840423584}
Command received: {"cmd":"seek","time":2.92227840423584}
CommandDispatcher::handleSeek: position set to 2.9223s
Command executed: seek, result: {
  "status": "ok",
  "message": "Seek executed",
  "position_seconds": 2.92227840423584
}
VitHeadlessService: command reply (truncated): {
  "status": "ok",
  "message": "Seek executed",
  "position_seconds": 2.92227840423584
}
ZmqGateway: received command payload: {"cmd":"seek","time":2.87564659118652}
ZmqGateway: dispatching payload to JUCE message thread.
VitHeadlessService: processing queued command on JUCE message thread: {"cmd":"seek","time":2.87564659118652}
Command received: {"cmd":"seek","time":2.87564659118652}
CommandDispatcher::handleSeek: position set to 2.8756s
Command executed: seek, result: {
  "status": "ok",
  "message": "Seek executed",
  "position_seconds": 2.87564659118652
}
VitHeadlessService: command reply (truncated): {
  "status": "ok",
  "message": "Seek executed",
  "position_seconds": 2.87564659118652
}
ZmqGateway: received command payload: {"cmd":"seek","time":2.84455871582031}
ZmqGateway: dispatching payload to JUCE message thread.
VitHeadlessService: processing queued command on JUCE message thread: {"cmd":"seek","time":2.84455871582031}
Command received: {"cmd":"seek","time":2.84455871582031}
CommandDispatcher::handleSeek: position set to 2.8446s
Command executed: seek, result: {
  "status": "ok",
  "message": "Seek executed",
  "position_seconds": 2.84455871582031
}
VitHeadlessService: command reply (truncated): {
  "status": "ok",
  "message": "Seek executed",
  "position_seconds": 2.84455871582031
}
ZmqGateway: received command payload: {"cmd":"seek","time":2.82901382446289}
ZmqGateway: dispatching payload to JUCE message thread.
VitHeadlessService: processing queued command on JUCE message thread: {"cmd":"seek","time":2.82901382446289}
Command received: {"cmd":"seek","time":2.82901382446289}
CommandDispatcher::handleSeek: position set to 2.8290s
Command executed: seek, result: {
  "status": "ok",
  "message": "Seek executed",
  "position_seconds": 2.82901382446289
}
VitHeadlessService: command reply (truncated): {
  "status": "ok",
  "message": "Seek executed",
  "position_seconds": 2.82901382446289
}
ZmqGateway: received command payload: {"cmd":"seek","time":2.81346988677979}
ZmqGateway: dispatching payload to JUCE message thread.
VitHeadlessService: processing queued command on JUCE message thread: {"cmd":"seek","time":2.81346988677979}
Command received: {"cmd":"seek","time":2.81346988677979}
CommandDispatcher::handleSeek: position set to 2.8135s
Command executed: seek, result: {
  "status": "ok",
  "message": "Seek executed",
  "position_seconds": 2.81346988677979
}
VitHeadlessService: command reply (truncated): {
  "status": "ok",
  "message": "Seek executed",
  "position_seconds": 2.81346988677979
}
ZmqGateway: received command payload: {"cmd":"seek","time":2.81346988677979}
ZmqGateway: dispatching payload to JUCE message thread.
VitHeadlessService: processing queued command on JUCE message thread: {"cmd":"seek","time":2.81346988677979}
Command received: {"cmd":"seek","time":2.81346988677979}
CommandDispatcher::handleSeek: position set to 2.8135s
Command executed: seek, result: {
  "status": "ok",
  "message": "Seek executed",
  "position_seconds": 2.81346988677979
}
VitHeadlessService: command reply (truncated): {
  "status": "ok",
  "message": "Seek executed",
  "position_seconds": 2.81346988677979
}
ZmqGateway: received command payload: {"cmd":"seek","time":2.81346988677979}
ZmqGateway: dispatching payload to JUCE message thread.
VitHeadlessService: processing queued command on JUCE message thread: {"cmd":"seek","time":2.81346988677979}
Command received: {"cmd":"seek","time":2.81346988677979}
CommandDispatcher::handleSeek: position set to 2.8135s
Command executed: seek, result: {
  "status": "ok",
  "message": "Seek executed",
  "position_seconds": 2.81346988677979
}
VitHeadlessService: command reply (truncated): {
  "status": "ok",
  "message": "Seek executed",
  "position_seconds": 2.81346988677979
}
ZmqGateway: received command payload: {"cmd":"seek","time":2.81346988677979}
ZmqGateway: dispatching payload to JUCE message thread.
VitHeadlessService: processing queued command on JUCE message thread: {"cmd":"seek","time":2.81346988677979}
Command received: {"cmd":"seek","time":2.81346988677979}
CommandDispatcher::handleSeek: position set to 2.8135s
Command executed: seek, result: {
  "status": "ok",
  "message": "Seek executed",
  "position_seconds": 2.81346988677979
}
VitHeadlessService: command reply (truncated): {
  "status": "ok",
  "message": "Seek executed",
  "position_seconds": 2.81346988677979
}
ZmqGateway: received command payload: {"cmd":"seek","time":2.81346988677979}
ZmqGateway: dispatching payload to JUCE message thread.
VitHeadlessService: processing queued command on JUCE message thread: {"cmd":"seek","time":2.81346988677979}
Command received: {"cmd":"seek","time":2.81346988677979}
CommandDispatcher::handleSeek: position set to 2.8135s
Command executed: seek, result: {
  "status": "ok",
  "message": "Seek executed",
  "position_seconds": 2.81346988677979
}
VitHeadlessService: command reply (truncated): {
  "status": "ok",
  "message": "Seek executed",
  "position_seconds": 2.81346988677979
}
ZmqGateway: received command payload: {"cmd":"seek","time":2.81346988677979}
ZmqGateway: dispatching payload to JUCE message thread.
VitHeadlessService: processing queued command on JUCE message thread: {"cmd":"seek","time":2.81346988677979}
Command received: {"cmd":"seek","time":2.81346988677979}
CommandDispatcher::handleSeek: position set to 2.8135s
Command executed: seek, result: {
  "status": "ok",
  "message": "Seek executed",
  "position_seconds": 2.81346988677979
}
VitHeadlessService: command reply (truncated): {
  "status": "ok",
  "message": "Seek executed",
  "position_seconds": 2.81346988677979
}
ZmqGateway: received command payload: {"cmd":"seek","time":2.81346988677979}
ZmqGateway: dispatching payload to JUCE message thread.
VitHeadlessService: processing queued command on JUCE message thread: {"cmd":"seek","time":2.81346988677979}
Command received: {"cmd":"seek","time":2.81346988677979}
CommandDispatcher::handleSeek: position set to 2.8135s
Command executed: seek, result: {
  "status": "ok",
  "message": "Seek executed",
  "position_seconds": 2.81346988677979
}
VitHeadlessService: command reply (truncated): {
  "status": "ok",
  "message": "Seek executed",
  "position_seconds": 2.81346988677979
}
ZmqGateway: received command payload: {"cmd":"seek","time":2.81346988677979}
ZmqGateway: dispatching payload to JUCE message thread.
VitHeadlessService: processing queued command on JUCE message thread: {"cmd":"seek","time":2.81346988677979}
Command received: {"cmd":"seek","time":2.81346988677979}
CommandDispatcher::handleSeek: position set to 2.8135s
Command executed: seek, result: {
  "status": "ok",
  "message": "Seek executed",
  "position_seconds": 2.81346988677979
}
VitHeadlessService: command reply (truncated): {
  "status": "ok",
  "message": "Seek executed",
  "position_seconds": 2.81346988677979
}
ZmqGateway: received command payload: {"cmd":"seek","time":2.81346988677979}
ZmqGateway: dispatching payload to JUCE message thread.
VitHeadlessService: processing queued command on JUCE message thread: {"cmd":"seek","time":2.81346988677979}
Command received: {"cmd":"seek","time":2.81346988677979}
CommandDispatcher::handleSeek: position set to 2.8135s
Command executed: seek, result: {
  "status": "ok",
  "message": "Seek executed",
  "position_seconds": 2.81346988677979
}
VitHeadlessService: command reply (truncated): {
  "status": "ok",
  "message": "Seek executed",
  "position_seconds": 2.81346988677979
}
ZmqGateway: received command payload: {"cmd":"seek","time":2.81346988677979}
ZmqGateway: dispatching payload to JUCE message thread.
VitHeadlessService: processing queued command on JUCE message thread: {"cmd":"seek","time":2.81346988677979}
Command received: {"cmd":"seek","time":2.81346988677979}
CommandDispatcher::handleSeek: position set to 2.8135s
Command executed: seek, result: {
  "status": "ok",
  "message": "Seek executed",
  "position_seconds": 2.81346988677979
}
VitHeadlessService: command reply (truncated): {
  "status": "ok",
  "message": "Seek executed",
  "position_seconds": 2.81346988677979
}
ZmqGateway: received command payload: {"cmd":"seek","time":2.81346988677979}
ZmqGateway: dispatching payload to JUCE message thread.
VitHeadlessService: processing queued command on JUCE message thread: {"cmd":"seek","time":2.81346988677979}
Command received: {"cmd":"seek","time":2.81346988677979}
CommandDispatcher::handleSeek: position set to 2.8135s
Command executed: seek, result: {
  "status": "ok",
  "message": "Seek executed",
  "position_seconds": 2.81346988677979
}
VitHeadlessService: command reply (truncated): {
  "status": "ok",
  "message": "Seek executed",
  "position_seconds": 2.81346988677979
}
ZmqGateway: received command payload: {"cmd":"seek","time":2.81346988677979}
ZmqGateway: dispatching payload to JUCE message thread.
VitHeadlessService: processing queued command on JUCE message thread: {"cmd":"seek","time":2.81346988677979}
Command received: {"cmd":"seek","time":2.81346988677979}
CommandDispatcher::handleSeek: position set to 2.8135s
Command executed: seek, result: {
  "status": "ok",
  "message": "Seek executed",
  "position_seconds": 2.81346988677979
}
VitHeadlessService: command reply (truncated): {
  "status": "ok",
  "message": "Seek executed",
  "position_seconds": 2.81346988677979
}
ZmqGateway: received command payload: {"cmd":"seek","time":2.81346988677979}
ZmqGateway: dispatching payload to JUCE message thread.
VitHeadlessService: processing queued command on JUCE message thread: {"cmd":"seek","time":2.81346988677979}
Command received: {"cmd":"seek","time":2.81346988677979}
CommandDispatcher::handleSeek: position set to 2.8135s
Command executed: seek, result: {
  "status": "ok",
  "message": "Seek executed",
  "position_seconds": 2.81346988677979
}
VitHeadlessService: command reply (truncated): {
  "status": "ok",
  "message": "Seek executed",
  "position_seconds": 2.81346988677979
}
ZmqGateway: received command payload: {"cmd":"seek","time":2.81346988677979}
ZmqGateway: dispatching payload to JUCE message thread.
VitHeadlessService: processing queued command on JUCE message thread: {"cmd":"seek","time":2.81346988677979}
Command received: {"cmd":"seek","time":2.81346988677979}
CommandDispatcher::handleSeek: position set to 2.8135s
Command executed: seek, result: {
  "status": "ok",
  "message": "Seek executed",
  "position_seconds": 2.81346988677979
}
VitHeadlessService: command reply (truncated): {
  "status": "ok",
  "message": "Seek executed",
  "position_seconds": 2.81346988677979
}
ZmqGateway: received command payload: {"cmd":"seek","time":2.81346988677979}
ZmqGateway: dispatching payload to JUCE message thread.
VitHeadlessService: processing queued command on JUCE message thread: {"cmd":"seek","time":2.81346988677979}
Command received: {"cmd":"seek","time":2.81346988677979}
CommandDispatcher::handleSeek: position set to 2.8135s
Command executed: seek, result: {
  "status": "ok",
  "message": "Seek executed",
  "position_seconds": 2.81346988677979
}
VitHeadlessService: command reply (truncated): {
  "status": "ok",
  "message": "Seek executed",
  "position_seconds": 2.81346988677979
}
ZmqGateway: received command payload: {"cmd":"seek","time":2.81346988677979}
ZmqGateway: dispatching payload to JUCE message thread.
VitHeadlessService: processing queued command on JUCE message thread: {"cmd":"seek","time":2.81346988677979}
Command received: {"cmd":"seek","time":2.81346988677979}
CommandDispatcher::handleSeek: position set to 2.8135s
Command executed: seek, result: {
  "status": "ok",
  "message": "Seek executed",
  "position_seconds": 2.81346988677979
}
VitHeadlessService: command reply (truncated): {
  "status": "ok",
  "message": "Seek executed",
  "position_seconds": 2.81346988677979
}
ZmqGateway: received command payload: {"cmd":"seek","time":2.81346988677979}
ZmqGateway: dispatching payload to JUCE message thread.
VitHeadlessService: processing queued command on JUCE message thread: {"cmd":"seek","time":2.81346988677979}
Command received: {"cmd":"seek","time":2.81346988677979}
CommandDispatcher::handleSeek: position set to 2.8135s
Command executed: seek, result: {
  "status": "ok",
  "message": "Seek executed",
  "position_seconds": 2.81346988677979
}
VitHeadlessService: command reply (truncated): {
  "status": "ok",
  "message": "Seek executed",
  "position_seconds": 2.81346988677979
}
ZmqGateway: received command payload: {"cmd":"seek","time":2.81346988677979}
ZmqGateway: dispatching payload to JUCE message thread.
VitHeadlessService: processing queued command on JUCE message thread: {"cmd":"seek","time":2.81346988677979}
Command received: {"cmd":"seek","time":2.81346988677979}
CommandDispatcher::handleSeek: position set to 2.8135s
Command executed: seek, result: {
  "status": "ok",
  "message": "Seek executed",
  "position_seconds": 2.81346988677979
}
VitHeadlessService: command reply (truncated): {
  "status": "ok",
  "message": "Seek executed",
  "position_seconds": 2.81346988677979
}
ZmqGateway: received command payload: {"cmd":"seek","time":2.81346988677979}
ZmqGateway: dispatching payload to JUCE message thread.
VitHeadlessService: processing queued command on JUCE message thread: {"cmd":"seek","time":2.81346988677979}
Command received: {"cmd":"seek","time":2.81346988677979}
CommandDispatcher::handleSeek: position set to 2.8135s
Command executed: seek, result: {
  "status": "ok",
  "message": "Seek executed",
  "position_seconds": 2.81346988677979
}
VitHeadlessService: command reply (truncated): {
  "status": "ok",
  "message": "Seek executed",
  "position_seconds": 2.81346988677979
}
ZmqGateway: received command payload: {"cmd":"seek","time":2.81346988677979}
ZmqGateway: dispatching payload to JUCE message thread.
VitHeadlessService: processing queued command on JUCE message thread: {"cmd":"seek","time":2.81346988677979}
Command received: {"cmd":"seek","time":2.81346988677979}
CommandDispatcher::handleSeek: position set to 2.8135s
Command executed: seek, result: {
  "status": "ok",
  "message": "Seek executed",
  "position_seconds": 2.81346988677979
}
VitHeadlessService: command reply (truncated): {
  "status": "ok",
  "message": "Seek executed",
  "position_seconds": 2.81346988677979
}
ZmqGateway: received command payload: {"cmd":"seek","time":2.81346988677979}
ZmqGateway: dispatching payload to JUCE message thread.
VitHeadlessService: processing queued command on JUCE message thread: {"cmd":"seek","time":2.81346988677979}
Command received: {"cmd":"seek","time":2.81346988677979}
CommandDispatcher::handleSeek: position set to 2.8135s
Command executed: seek, result: {
  "status": "ok",
  "message": "Seek executed",
  "position_seconds": 2.81346988677979
}
VitHeadlessService: command reply (truncated): {
  "status": "ok",
  "message": "Seek executed",
  "position_seconds": 2.81346988677979
}
ZmqGateway: received command payload: {"cmd":"seek","time":1.55440330505371}
ZmqGateway: dispatching payload to JUCE message thread.
VitHeadlessService: processing queued command on JUCE message thread: {"cmd":"seek","time":1.55440330505371}
Command received: {"cmd":"seek","time":1.55440330505371}
CommandDispatcher::handleSeek: position set to 1.5544s
Command executed: seek, result: {
  "status": "ok",
  "message": "Seek executed",
  "position_seconds": 1.55440330505371
}
VitHeadlessService: command reply (truncated): {
  "status": "ok",
  "message": "Seek executed",
  "position_seconds": 1.55440330505371
}
ZmqGateway: received command payload: {"cmd":"seek","time":1.55440330505371}
ZmqGateway: dispatching payload to JUCE message thread.
VitHeadlessService: processing queued command on JUCE message thread: {"cmd":"seek","time":1.55440330505371}
Command received: {"cmd":"seek","time":1.55440330505371}
CommandDispatcher::handleSeek: position set to 1.5544s
Command executed: seek, result: {
  "status": "ok",
  "message": "Seek executed",
  "position_seconds": 1.55440330505371
}
VitHeadlessService: command reply (truncated): {
  "status": "ok",
  "message": "Seek executed",
  "position_seconds": 1.55440330505371
}
ZmqGateway: received command payload: {"cmd":"seek","time":1.55440330505371}
ZmqGateway: dispatching payload to JUCE message thread.
VitHeadlessService: processing queued command on JUCE message thread: {"cmd":"seek","time":1.55440330505371}
Command received: {"cmd":"seek","time":1.55440330505371}
CommandDispatcher::handleSeek: position set to 1.5544s
Command executed: seek, result: {
  "status": "ok",
  "message": "Seek executed",
  "position_seconds": 1.55440330505371
}
VitHeadlessService: command reply (truncated): {
  "status": "ok",
  "message": "Seek executed",
  "position_seconds": 1.55440330505371
}
ZmqGateway: received command payload: {"cmd":"seek","time":1.55440330505371}
ZmqGateway: dispatching payload to JUCE message thread.
VitHeadlessService: processing queued command on JUCE message thread: {"cmd":"seek","time":1.55440330505371}
Command received: {"cmd":"seek","time":1.55440330505371}
CommandDispatcher::handleSeek: position set to 1.5544s
Command executed: seek, result: {
  "status": "ok",
  "message": "Seek executed",
  "position_seconds": 1.55440330505371
}
VitHeadlessService: command reply (truncated): {
  "status": "ok",
  "message": "Seek executed",
  "position_seconds": 1.55440330505371
}
ZmqGateway: received command payload: {"cmd":"seek","time":1.55440330505371}
ZmqGateway: dispatching payload to JUCE message thread.
VitHeadlessService: processing queued command on JUCE message thread: {"cmd":"seek","time":1.55440330505371}
Command received: {"cmd":"seek","time":1.55440330505371}
CommandDispatcher::handleSeek: position set to 1.5544s
Command executed: seek, result: {
  "status": "ok",
  "message": "Seek executed",
  "position_seconds": 1.55440330505371
}
VitHeadlessService: command reply (truncated): {
  "status": "ok",
  "message": "Seek executed",
  "position_seconds": 1.55440330505371
}
ZmqGateway: received command payload: {"cmd":"seek","time":1.55440330505371}
ZmqGateway: dispatching payload to JUCE message thread.
VitHeadlessService: processing queued command on JUCE message thread: {"cmd":"seek","time":1.55440330505371}
Command received: {"cmd":"seek","time":1.55440330505371}
CommandDispatcher::handleSeek: position set to 1.5544s
Command executed: seek, result: {
  "status": "ok",
  "message": "Seek executed",
  "position_seconds": 1.55440330505371
}
VitHeadlessService: command reply (truncated): {
  "status": "ok",
  "message": "Seek executed",
  "position_seconds": 1.55440330505371
}
ZmqGateway: received command payload: {"cmd":"seek","time":1.55440330505371}
ZmqGateway: dispatching payload to JUCE message thread.
VitHeadlessService: processing queued command on JUCE message thread: {"cmd":"seek","time":1.55440330505371}
Command received: {"cmd":"seek","time":1.55440330505371}
CommandDispatcher::handleSeek: position set to 1.5544s
Command executed: seek, result: {
  "status": "ok",
  "message": "Seek executed",
  "position_seconds": 1.55440330505371
}
VitHeadlessService: command reply (truncated): {
  "status": "ok",
  "message": "Seek executed",
  "position_seconds": 1.55440330505371
}
ZmqGateway: received command payload: {"cmd":"seek","time":1.55440330505371}
ZmqGateway: dispatching payload to JUCE message thread.
VitHeadlessService: processing queued command on JUCE message thread: {"cmd":"seek","time":1.55440330505371}
Command received: {"cmd":"seek","time":1.55440330505371}
CommandDispatcher::handleSeek: position set to 1.5544s
Command executed: seek, result: {
  "status": "ok",
  "message": "Seek executed",
  "position_seconds": 1.55440330505371
}
VitHeadlessService: command reply (truncated): {
  "status": "ok",
  "message": "Seek executed",
  "position_seconds": 1.55440330505371
}
ZmqGateway: received command payload: {"cmd":"seek","time":1.55440330505371}
ZmqGateway: dispatching payload to JUCE message thread.
VitHeadlessService: processing queued command on JUCE message thread: {"cmd":"seek","time":1.55440330505371}
Command received: {"cmd":"seek","time":1.55440330505371}
CommandDispatcher::handleSeek: position set to 1.5544s
Command executed: seek, result: {
  "status": "ok",
  "message": "Seek executed",
  "position_seconds": 1.55440330505371
}
VitHeadlessService: command reply (truncated): {
  "status": "ok",
  "message": "Seek executed",
  "position_seconds": 1.55440330505371
}
ZmqGateway: received command payload: {"cmd":"seek","time":1.60103511810303}
ZmqGateway: dispatching payload to JUCE message thread.
VitHeadlessService: processing queued command on JUCE message thread: {"cmd":"seek","time":1.60103511810303}
Command received: {"cmd":"seek","time":1.60103511810303}
CommandDispatcher::handleSeek: position set to 1.6010s
Command executed: seek, result: {
  "status": "ok",
  "message": "Seek executed",
  "position_seconds": 1.60103511810303
}
VitHeadlessService: command reply (truncated): {
  "status": "ok",
  "message": "Seek executed",
  "position_seconds": 1.60103511810303
}
ZmqGateway: received command payload: {"cmd":"seek","time":1.70984268188477}
ZmqGateway: dispatching payload to JUCE message thread.
VitHeadlessService: processing queued command on JUCE message thread: {"cmd":"seek","time":1.70984268188477}
Command received: {"cmd":"seek","time":1.70984268188477}
CommandDispatcher::handleSeek: position set to 1.7098s
Command executed: seek, result: {
  "status": "ok",
  "message": "Seek executed",
  "position_seconds": 1.70984268188477
}
VitHeadlessService: command reply (truncated): {
  "status": "ok",
  "message": "Seek executed",
  "position_seconds": 1.70984268188477
}
ZmqGateway: received command payload: {"cmd":"seek","time":1.80310726165771}
ZmqGateway: dispatching payload to JUCE message thread.
VitHeadlessService: processing queued command on JUCE message thread: {"cmd":"seek","time":1.80310726165771}
Command received: {"cmd":"seek","time":1.80310726165771}
CommandDispatcher::handleSeek: position set to 1.8031s
Command executed: seek, result: {
  "status": "ok",
  "message": "Seek executed",
  "position_seconds": 1.80310726165771
}
VitHeadlessService: command reply (truncated): {
  "status": "ok",
  "message": "Seek executed",
  "position_seconds": 1.80310726165771
}
ZmqGateway: received command payload: {"cmd":"seek","time":1.91191577911377}
ZmqGateway: dispatching payload to JUCE message thread.
VitHeadlessService: processing queued command on JUCE message thread: {"cmd":"seek","time":1.91191577911377}
Command received: {"cmd":"seek","time":1.91191577911377}
CommandDispatcher::handleSeek: position set to 1.9119s
Command executed: seek, result: {
  "status": "ok",
  "message": "Seek executed",
  "position_seconds": 1.91191577911377
}
VitHeadlessService: command reply (truncated): {
  "status": "ok",
  "message": "Seek executed",
  "position_seconds": 1.91191577911377
}
ZmqGateway: received command payload: {"cmd":"seek","time":2.02072429656982}
ZmqGateway: dispatching payload to JUCE message thread.
VitHeadlessService: processing queued command on JUCE message thread: {"cmd":"seek","time":2.02072429656982}
Command received: {"cmd":"seek","time":2.02072429656982}
CommandDispatcher::handleSeek: position set to 2.0207s
Command executed: seek, result: {
  "status": "ok",
  "message": "Seek executed",
  "position_seconds": 2.02072429656982
}
VitHeadlessService: command reply (truncated): {
  "status": "ok",
  "message": "Seek executed",
  "position_seconds": 2.02072429656982
}
ZmqGateway: received command payload: {"cmd":"seek","time":2.11398792266846}
ZmqGateway: dispatching payload to JUCE message thread.
VitHeadlessService: processing queued command on JUCE message thread: {"cmd":"seek","time":2.11398792266846}
Command received: {"cmd":"seek","time":2.11398792266846}
CommandDispatcher::handleSeek: position set to 2.1140s
Command executed: seek, result: {
  "status": "ok",
  "message": "Seek executed",
  "position_seconds": 2.11398792266846
}
VitHeadlessService: command reply (truncated): {
  "status": "ok",
  "message": "Seek executed",
  "position_seconds": 2.11398792266846
}
ZmqGateway: received command payload: {"cmd":"seek","time":2.20725250244141}
ZmqGateway: dispatching payload to JUCE message thread.
VitHeadlessService: processing queued command on JUCE message thread: {"cmd":"seek","time":2.20725250244141}
Command received: {"cmd":"seek","time":2.20725250244141}
CommandDispatcher::handleSeek: position set to 2.2073s
Command executed: seek, result: {
  "status": "ok",
  "message": "Seek executed",
  "position_seconds": 2.20725250244141
}
VitHeadlessService: command reply (truncated): {
  "status": "ok",
  "message": "Seek executed",
  "position_seconds": 2.20725250244141
}
ZmqGateway: received command payload: {"cmd":"seek","time":2.30051708221436}
ZmqGateway: dispatching payload to JUCE message thread.
VitHeadlessService: processing queued command on JUCE message thread: {"cmd":"seek","time":2.30051708221436}
Command received: {"cmd":"seek","time":2.30051708221436}
CommandDispatcher::handleSeek: position set to 2.3005s
Command executed: seek, result: {
  "status": "ok",
  "message": "Seek executed",
  "position_seconds": 2.30051708221436
}
VitHeadlessService: command reply (truncated): {
  "status": "ok",
  "message": "Seek executed",
  "position_seconds": 2.30051708221436
}
ZmqGateway: received command payload: {"cmd":"seek","time":2.37823677062988}
ZmqGateway: dispatching payload to JUCE message thread.
VitHeadlessService: processing queued command on JUCE message thread: {"cmd":"seek","time":2.37823677062988}
Command received: {"cmd":"seek","time":2.37823677062988}
CommandDispatcher::handleSeek: position set to 2.3782s
Command executed: seek, result: {
  "status": "ok",
  "message": "Seek executed",
  "position_seconds": 2.37823677062988
}
VitHeadlessService: command reply (truncated): {
  "status": "ok",
  "message": "Seek executed",
  "position_seconds": 2.37823677062988
}
ZmqGateway: received command payload: {"cmd":"seek","time":2.44041347503662}
ZmqGateway: dispatching payload to JUCE message thread.
VitHeadlessService: processing queued command on JUCE message thread: {"cmd":"seek","time":2.44041347503662}
Command received: {"cmd":"seek","time":2.44041347503662}
CommandDispatcher::handleSeek: position set to 2.4404s
Command executed: seek, result: {
  "status": "ok",
  "message": "Seek executed",
  "position_seconds": 2.44041347503662
}
VitHeadlessService: command reply (truncated): {
  "status": "ok",
  "message": "Seek executed",
  "position_seconds": 2.44041347503662
}
ZmqGateway: received command payload: {"cmd":"seek","time":2.48704528808594}
ZmqGateway: dispatching payload to JUCE message thread.
VitHeadlessService: processing queued command on JUCE message thread: {"cmd":"seek","time":2.48704528808594}
Command received: {"cmd":"seek","time":2.48704528808594}
CommandDispatcher::handleSeek: position set to 2.4870s
Command executed: seek, result: {
  "status": "ok",
  "message": "Seek executed",
  "position_seconds": 2.48704528808594
}
VitHeadlessService: command reply (truncated): {
  "status": "ok",
  "message": "Seek executed",
  "position_seconds": 2.48704528808594
}
ZmqGateway: received command payload: {"cmd":"seek","time":2.53367710113525}
ZmqGateway: dispatching payload to JUCE message thread.
VitHeadlessService: processing queued command on JUCE message thread: {"cmd":"seek","time":2.53367710113525}
Command received: {"cmd":"seek","time":2.53367710113525}
CommandDispatcher::handleSeek: position set to 2.5337s
Command executed: seek, result: {
  "status": "ok",
  "message": "Seek executed",
  "position_seconds": 2.53367710113525
}
VitHeadlessService: command reply (truncated): {
  "status": "ok",
  "message": "Seek executed",
  "position_seconds": 2.53367710113525
}
ZmqGateway: received command payload: {"cmd":"seek","time":2.54922103881836}
ZmqGateway: dispatching payload to JUCE message thread.
VitHeadlessService: processing queued command on JUCE message thread: {"cmd":"seek","time":2.54922103881836}
Command received: {"cmd":"seek","time":2.54922103881836}
CommandDispatcher::handleSeek: position set to 2.5492s
Command executed: seek, result: {
  "status": "ok",
  "message": "Seek executed",
  "position_seconds": 2.54922103881836
}
VitHeadlessService: command reply (truncated): {
  "status": "ok",
  "message": "Seek executed",
  "position_seconds": 2.54922103881836
}
ZmqGateway: received command payload: {"cmd":"seek","time":2.56476593017578}
ZmqGateway: dispatching payload to JUCE message thread.
VitHeadlessService: processing queued command on JUCE message thread: {"cmd":"seek","time":2.56476593017578}
Command received: {"cmd":"seek","time":2.56476593017578}
CommandDispatcher::handleSeek: position set to 2.5648s
Command executed: seek, result: {
  "status": "ok",
  "message": "Seek executed",
  "position_seconds": 2.56476593017578
}
VitHeadlessService: command reply (truncated): {
  "status": "ok",
  "message": "Seek executed",
  "position_seconds": 2.56476593017578
}
ZmqGateway: received command payload: {"cmd":"seek","time":2.59585380554199}
ZmqGateway: dispatching payload to JUCE message thread.
VitHeadlessService: processing queued command on JUCE message thread: {"cmd":"seek","time":2.59585380554199}
Command received: {"cmd":"seek","time":2.59585380554199}
CommandDispatcher::handleSeek: position set to 2.5959s
Command executed: seek, result: {
  "status": "ok",
  "message": "Seek executed",
  "position_seconds": 2.59585380554199
}
VitHeadlessService: command reply (truncated): {
  "status": "ok",
  "message": "Seek executed",
  "position_seconds": 2.59585380554199
}
ZmqGateway: received command payload: {"cmd":"seek","time":2.6113977432251}
ZmqGateway: dispatching payload to JUCE message thread.
VitHeadlessService: processing queued command on JUCE message thread: {"cmd":"seek","time":2.6113977432251}
Command received: {"cmd":"seek","time":2.6113977432251}
CommandDispatcher::handleSeek: position set to 2.6114s
Command executed: seek, result: {
  "status": "ok",
  "message": "Seek executed",
  "position_seconds": 2.6113977432251
}
VitHeadlessService: command reply (truncated): {
  "status": "ok",
  "message": "Seek executed",
  "position_seconds": 2.6113977432251
}
ZmqGateway: received command payload: {"cmd":"seek","time":2.6269416809082}
ZmqGateway: dispatching payload to JUCE message thread.
VitHeadlessService: processing queued command on JUCE message thread: {"cmd":"seek","time":2.6269416809082}
Command received: {"cmd":"seek","time":2.6269416809082}
CommandDispatcher::handleSeek: position set to 2.6269s
Command executed: seek, result: {
  "status": "ok",
  "message": "Seek executed",
  "position_seconds": 2.6269416809082
}
VitHeadlessService: command reply (truncated): {
  "status": "ok",
  "message": "Seek executed",
  "position_seconds": 2.6269416809082
}
ZmqGateway: received command payload: {"cmd":"seek","time":2.6269416809082}
ZmqGateway: dispatching payload to JUCE message thread.
VitHeadlessService: processing queued command on JUCE message thread: {"cmd":"seek","time":2.6269416809082}
Command received: {"cmd":"seek","time":2.6269416809082}
CommandDispatcher::handleSeek: position set to 2.6269s
Command executed: seek, result: {
  "status": "ok",
  "message": "Seek executed",
  "position_seconds": 2.6269416809082
}
VitHeadlessService: command reply (truncated): {
  "status": "ok",
  "message": "Seek executed",
  "position_seconds": 2.6269416809082
}
ZmqGateway: received command payload: {"cmd":"seek","time":2.6269416809082}
ZmqGateway: dispatching payload to JUCE message thread.
VitHeadlessService: processing queued command on JUCE message thread: {"cmd":"seek","time":2.6269416809082}
Command received: {"cmd":"seek","time":2.6269416809082}
CommandDispatcher::handleSeek: position set to 2.6269s
Command executed: seek, result: {
  "status": "ok",
  "message": "Seek executed",
  "position_seconds": 2.6269416809082
}
VitHeadlessService: command reply (truncated): {
  "status": "ok",
  "message": "Seek executed",
  "position_seconds": 2.6269416809082
}
ZmqGateway: received command payload: {"cmd":"seek","time":2.6269416809082}
ZmqGateway: dispatching payload to JUCE message thread.
VitHeadlessService: processing queued command on JUCE message thread: {"cmd":"seek","time":2.6269416809082}
Command received: {"cmd":"seek","time":2.6269416809082}
CommandDispatcher::handleSeek: position set to 2.6269s
Command executed: seek, result: {
  "status": "ok",
  "message": "Seek executed",
  "position_seconds": 2.6269416809082
}
VitHeadlessService: command reply (truncated): {
  "status": "ok",
  "message": "Seek executed",
  "position_seconds": 2.6269416809082
}
ZmqGateway: received command payload: {"cmd":"seek","time":2.6269416809082}
ZmqGateway: dispatching payload to JUCE message thread.
VitHeadlessService: processing queued command on JUCE message thread: {"cmd":"seek","time":2.6269416809082}
Command received: {"cmd":"seek","time":2.6269416809082}
CommandDispatcher::handleSeek: position set to 2.6269s
Command executed: seek, result: {
  "status": "ok",
  "message": "Seek executed",
  "position_seconds": 2.6269416809082
}
VitHeadlessService: command reply (truncated): {
  "status": "ok",
  "message": "Seek executed",
  "position_seconds": 2.6269416809082
}
ZmqGateway: received command payload: {"cmd":"seek","time":2.6269416809082}
ZmqGateway: dispatching payload to JUCE message thread.
VitHeadlessService: processing queued command on JUCE message thread: {"cmd":"seek","time":2.6269416809082}
Command received: {"cmd":"seek","time":2.6269416809082}
CommandDispatcher::handleSeek: position set to 2.6269s
Command executed: seek, result: {
  "status": "ok",
  "message": "Seek executed",
  "position_seconds": 2.6269416809082
}
VitHeadlessService: command reply (truncated): {
  "status": "ok",
  "message": "Seek executed",
  "position_seconds": 2.6269416809082
}
ZmqGateway: received command payload: {"cmd":"seek","time":2.6269416809082}
ZmqGateway: dispatching payload to JUCE message thread.
VitHeadlessService: processing queued command on JUCE message thread: {"cmd":"seek","time":2.6269416809082}
Command received: {"cmd":"seek","time":2.6269416809082}
CommandDispatcher::handleSeek: position set to 2.6269s
Command executed: seek, result: {
  "status": "ok",
  "message": "Seek executed",
  "position_seconds": 2.6269416809082
}
VitHeadlessService: command reply (truncated): {
  "status": "ok",
  "message": "Seek executed",
  "position_seconds": 2.6269416809082
}
ZmqGateway: received command payload: {"cmd":"seek","time":2.6269416809082}
ZmqGateway: dispatching payload to JUCE message thread.
VitHeadlessService: processing queued command on JUCE message thread: {"cmd":"seek","time":2.6269416809082}
Command received: {"cmd":"seek","time":2.6269416809082}
CommandDispatcher::handleSeek: position set to 2.6269s
Command executed: seek, result: {
  "status": "ok",
  "message": "Seek executed",
  "position_seconds": 2.6269416809082
}
VitHeadlessService: command reply (truncated): {
  "status": "ok",
  "message": "Seek executed",
  "position_seconds": 2.6269416809082
}
ZmqGateway: received command payload: {"cmd":"seek","time":2.6269416809082}
ZmqGateway: dispatching payload to JUCE message thread.
VitHeadlessService: processing queued command on JUCE message thread: {"cmd":"seek","time":2.6269416809082}
Command received: {"cmd":"seek","time":2.6269416809082}
CommandDispatcher::handleSeek: position set to 2.6269s
Command executed: seek, result: {
  "status": "ok",
  "message": "Seek executed",
  "position_seconds": 2.6269416809082
}
VitHeadlessService: command reply (truncated): {
  "status": "ok",
  "message": "Seek executed",
  "position_seconds": 2.6269416809082
}
ZmqGateway: received command payload: {"cmd":"seek","time":2.6269416809082}
ZmqGateway: dispatching payload to JUCE message thread.
VitHeadlessService: processing queued command on JUCE message thread: {"cmd":"seek","time":2.6269416809082}
Command received: {"cmd":"seek","time":2.6269416809082}
CommandDispatcher::handleSeek: position set to 2.6269s
Command executed: seek, result: {
  "status": "ok",
  "message": "Seek executed",
  "position_seconds": 2.6269416809082
}
VitHeadlessService: command reply (truncated): {
  "status": "ok",
  "message": "Seek executed",
  "position_seconds": 2.6269416809082
}
ZmqGateway: received command payload: {"cmd":"seek","time":2.6269416809082}
ZmqGateway: dispatching payload to JUCE message thread.
VitHeadlessService: processing queued command on JUCE message thread: {"cmd":"seek","time":2.6269416809082}
Command received: {"cmd":"seek","time":2.6269416809082}
CommandDispatcher::handleSeek: position set to 2.6269s
Command executed: seek, result: {
  "status": "ok",
  "message": "Seek executed",
  "position_seconds": 2.6269416809082
}
VitHeadlessService: command reply (truncated): {
  "status": "ok",
  "message": "Seek executed",
  "position_seconds": 2.6269416809082
}
ZmqGateway: received command payload: {"cmd":"seek","time":2.6269416809082}
ZmqGateway: dispatching payload to JUCE message thread.
VitHeadlessService: processing queued command on JUCE message thread: {"cmd":"seek","time":2.6269416809082}
Command received: {"cmd":"seek","time":2.6269416809082}
CommandDispatcher::handleSeek: position set to 2.6269s
Command executed: seek, result: {
  "status": "ok",
  "message": "Seek executed",
  "position_seconds": 2.6269416809082
}
VitHeadlessService: command reply (truncated): {
  "status": "ok",
  "message": "Seek executed",
  "position_seconds": 2.6269416809082
}
ZmqGateway: received command payload: {"cmd":"seek","time":2.6269416809082}
ZmqGateway: dispatching payload to JUCE message thread.
VitHeadlessService: processing queued command on JUCE message thread: {"cmd":"seek","time":2.6269416809082}
Command received: {"cmd":"seek","time":2.6269416809082}
CommandDispatcher::handleSeek: position set to 2.6269s
Command executed: seek, result: {
  "status": "ok",
  "message": "Seek executed",
  "position_seconds": 2.6269416809082
}
VitHeadlessService: command reply (truncated): {
  "status": "ok",
  "message": "Seek executed",
  "position_seconds": 2.6269416809082
}
ZmqGateway: received command payload: {"cmd":"seek","time":2.6269416809082}
ZmqGateway: dispatching payload to JUCE message thread.
VitHeadlessService: processing queued command on JUCE message thread: {"cmd":"seek","time":2.6269416809082}
Command received: {"cmd":"seek","time":2.6269416809082}
CommandDispatcher::handleSeek: position set to 2.6269s
Command executed: seek, result: {
  "status": "ok",
  "message": "Seek executed",
  "position_seconds": 2.6269416809082
}
VitHeadlessService: command reply (truncated): {
  "status": "ok",
  "message": "Seek executed",
  "position_seconds": 2.6269416809082
}
ZmqGateway: received command payload: {"cmd":"seek","time":2.6269416809082}
ZmqGateway: dispatching payload to JUCE message thread.
VitHeadlessService: processing queued command on JUCE message thread: {"cmd":"seek","time":2.6269416809082}
Command received: {"cmd":"seek","time":2.6269416809082}
CommandDispatcher::handleSeek: position set to 2.6269s
Command executed: seek, result: {
  "status": "ok",
  "message": "Seek executed",
  "position_seconds": 2.6269416809082
}
VitHeadlessService: command reply (truncated): {
  "status": "ok",
  "message": "Seek executed",
  "position_seconds": 2.6269416809082
}
ZmqGateway: received command payload: {"cmd":"seek","time":2.6269416809082}
ZmqGateway: dispatching payload to JUCE message thread.
VitHeadlessService: processing queued command on JUCE message thread: {"cmd":"seek","time":2.6269416809082}
Command received: {"cmd":"seek","time":2.6269416809082}
CommandDispatcher::handleSeek: position set to 2.6269s
Command executed: seek, result: {
  "status": "ok",
  "message": "Seek executed",
  "position_seconds": 2.6269416809082
}
VitHeadlessService: command reply (truncated): {
  "status": "ok",
  "message": "Seek executed",
  "position_seconds": 2.6269416809082
}
ZmqGateway: received command payload: {"cmd":"seek","time":2.6269416809082}
ZmqGateway: dispatching payload to JUCE message thread.
VitHeadlessService: processing queued command on JUCE message thread: {"cmd":"seek","time":2.6269416809082}
Command received: {"cmd":"seek","time":2.6269416809082}
CommandDispatcher::handleSeek: position set to 2.6269s
Command executed: seek, result: {
  "status": "ok",
  "message": "Seek executed",
  "position_seconds": 2.6269416809082
}
VitHeadlessService: command reply (truncated): {
  "status": "ok",
  "message": "Seek executed",
  "position_seconds": 2.6269416809082
}
ZmqGateway: received command payload: {"cmd":"seek","time":2.6269416809082}
ZmqGateway: dispatching payload to JUCE message thread.
VitHeadlessService: processing queued command on JUCE message thread: {"cmd":"seek","time":2.6269416809082}
Command received: {"cmd":"seek","time":2.6269416809082}
CommandDispatcher::handleSeek: position set to 2.6269s
Command executed: seek, result: {
  "status": "ok",
  "message": "Seek executed",
  "position_seconds": 2.6269416809082
}
VitHeadlessService: command reply (truncated): {
  "status": "ok",
  "message": "Seek executed",
  "position_seconds": 2.6269416809082
}
ZmqGateway: received command payload: {"cmd":"seek","time":2.6269416809082}
ZmqGateway: dispatching payload to JUCE message thread.
VitHeadlessService: processing queued command on JUCE message thread: {"cmd":"seek","time":2.6269416809082}
Command received: {"cmd":"seek","time":2.6269416809082}
CommandDispatcher::handleSeek: position set to 2.6269s
Command executed: seek, result: {
  "status": "ok",
  "message": "Seek executed",
  "position_seconds": 2.6269416809082
}
VitHeadlessService: command reply (truncated): {
  "status": "ok",
  "message": "Seek executed",
  "position_seconds": 2.6269416809082
}
ZmqGateway: received command payload: {"cmd":"seek","time":2.6269416809082}
ZmqGateway: dispatching payload to JUCE message thread.
VitHeadlessService: processing queued command on JUCE message thread: {"cmd":"seek","time":2.6269416809082}
Command received: {"cmd":"seek","time":2.6269416809082}
CommandDispatcher::handleSeek: position set to 2.6269s
Command executed: seek, result: {
  "status": "ok",
  "message": "Seek executed",
  "position_seconds": 2.6269416809082
}
VitHeadlessService: command reply (truncated): {
  "status": "ok",
  "message": "Seek executed",
  "position_seconds": 2.6269416809082
}
ZmqGateway: received command payload: {"cmd":"seek","time":2.6269416809082}
ZmqGateway: dispatching payload to JUCE message thread.
VitHeadlessService: processing queued command on JUCE message thread: {"cmd":"seek","time":2.6269416809082}
Command received: {"cmd":"seek","time":2.6269416809082}
CommandDispatcher::handleSeek: position set to 2.6269s
Command executed: seek, result: {
  "status": "ok",
  "message": "Seek executed",
  "position_seconds": 2.6269416809082
}
VitHeadlessService: command reply (truncated): {
  "status": "ok",
  "message": "Seek executed",
  "position_seconds": 2.6269416809082
}
ZmqGateway: received command payload: {"cmd":"seek","time":2.6269416809082}
ZmqGateway: dispatching payload to JUCE message thread.
VitHeadlessService: processing queued command on JUCE message thread: {"cmd":"seek","time":2.6269416809082}
Command received: {"cmd":"seek","time":2.6269416809082}
CommandDispatcher::handleSeek: position set to 2.6269s
Command executed: seek, result: {
  "status": "ok",
  "message": "Seek executed",
  "position_seconds": 2.6269416809082
}
VitHeadlessService: command reply (truncated): {
  "status": "ok",
  "message": "Seek executed",
  "position_seconds": 2.6269416809082
}
ZmqGateway: received command payload: {"cmd":"seek","time":2.6269416809082}
ZmqGateway: dispatching payload to JUCE message thread.
VitHeadlessService: processing queued command on JUCE message thread: {"cmd":"seek","time":2.6269416809082}
Command received: {"cmd":"seek","time":2.6269416809082}
CommandDispatcher::handleSeek: position set to 2.6269s
Command executed: seek, result: {
  "status": "ok",
  "message": "Seek executed",
  "position_seconds": 2.6269416809082
}
VitHeadlessService: command reply (truncated): {
  "status": "ok",
  "message": "Seek executed",
  "position_seconds": 2.6269416809082
}
ZmqGateway: received command payload: {"cmd":"seek","time":2.6269416809082}
ZmqGateway: dispatching payload to JUCE message thread.
VitHeadlessService: processing queued command on JUCE message thread: {"cmd":"seek","time":2.6269416809082}
Command received: {"cmd":"seek","time":2.6269416809082}
CommandDispatcher::handleSeek: position set to 2.6269s
Command executed: seek, result: {
  "status": "ok",
  "message": "Seek executed",
  "position_seconds": 2.6269416809082
}
VitHeadlessService: command reply (truncated): {
  "status": "ok",
  "message": "Seek executed",
  "position_seconds": 2.6269416809082
}
ZmqGateway: received command payload: {"cmd":"seek","time":2.64248561859131}
ZmqGateway: dispatching payload to JUCE message thread.
VitHeadlessService: processing queued command on JUCE message thread: {"cmd":"seek","time":2.64248561859131}
Command received: {"cmd":"seek","time":2.64248561859131}
CommandDispatcher::handleSeek: position set to 2.6425s
Command executed: seek, result: {
  "status": "ok",
  "message": "Seek executed",
  "position_seconds": 2.64248561859131
}
VitHeadlessService: command reply (truncated): {
  "status": "ok",
  "message": "Seek executed",
  "position_seconds": 2.64248561859131
}
ZmqGateway: received command payload: {"cmd":"seek","time":2.70466232299805}
ZmqGateway: dispatching payload to JUCE message thread.
VitHeadlessService: processing queued command on JUCE message thread: {"cmd":"seek","time":2.70466232299805}
Command received: {"cmd":"seek","time":2.70466232299805}
CommandDispatcher::handleSeek: position set to 2.7047s
Command executed: seek, result: {
  "status": "ok",
  "message": "Seek executed",
  "position_seconds": 2.70466232299805
}
VitHeadlessService: command reply (truncated): {
  "status": "ok",
  "message": "Seek executed",
  "position_seconds": 2.70466232299805
}
ZmqGateway: received command payload: {"cmd":"seek","time":2.75129413604736}
ZmqGateway: dispatching payload to JUCE message thread.
VitHeadlessService: processing queued command on JUCE message thread: {"cmd":"seek","time":2.75129413604736}
Command received: {"cmd":"seek","time":2.75129413604736}
CommandDispatcher::handleSeek: position set to 2.7513s
Command executed: seek, result: {
  "status": "ok",
  "message": "Seek executed",
  "position_seconds": 2.75129413604736
}
VitHeadlessService: command reply (truncated): {
  "status": "ok",
  "message": "Seek executed",
  "position_seconds": 2.75129413604736
}
ZmqGateway: received command payload: {"cmd":"seek","time":2.81346988677979}
ZmqGateway: dispatching payload to JUCE message thread.
VitHeadlessService: processing queued command on JUCE message thread: {"cmd":"seek","time":2.81346988677979}
Command received: {"cmd":"seek","time":2.81346988677979}
CommandDispatcher::handleSeek: position set to 2.8135s
Command executed: seek, result: {
  "status": "ok",
  "message": "Seek executed",
  "position_seconds": 2.81346988677979
}
VitHeadlessService: command reply (truncated): {
  "status": "ok",
  "message": "Seek executed",
  "position_seconds": 2.81346988677979
}
ZmqGateway: received command payload: {"cmd":"seek","time":2.82901382446289}
ZmqGateway: dispatching payload to JUCE message thread.
VitHeadlessService: processing queued command on JUCE message thread: {"cmd":"seek","time":2.82901382446289}
Command received: {"cmd":"seek","time":2.82901382446289}
CommandDispatcher::handleSeek: position set to 2.8290s
Command executed: seek, result: {
  "status": "ok",
  "message": "Seek executed",
  "position_seconds": 2.82901382446289
}
VitHeadlessService: command reply (truncated): {
  "status": "ok",
  "message": "Seek executed",
  "position_seconds": 2.82901382446289
}
ZmqGateway: received command payload: {"cmd":"seek","time":2.86010265350342}
ZmqGateway: dispatching payload to JUCE message thread.
VitHeadlessService: processing queued command on JUCE message thread: {"cmd":"seek","time":2.86010265350342}
Command received: {"cmd":"seek","time":2.86010265350342}
CommandDispatcher::handleSeek: position set to 2.8601s
Command executed: seek, result: {
  "status": "ok",
  "message": "Seek executed",
  "position_seconds": 2.86010265350342
}
VitHeadlessService: command reply (truncated): {
  "status": "ok",
  "message": "Seek executed",
  "position_seconds": 2.86010265350342
}
ZmqGateway: received command payload: {"cmd":"seek","time":2.87564659118652}
ZmqGateway: dispatching payload to JUCE message thread.
VitHeadlessService: processing queued command on JUCE message thread: {"cmd":"seek","time":2.87564659118652}
Command received: {"cmd":"seek","time":2.87564659118652}
CommandDispatcher::handleSeek: position set to 2.8756s
Command executed: seek, result: {
  "status": "ok",
  "message": "Seek executed",
  "position_seconds": 2.87564659118652
}
VitHeadlessService: command reply (truncated): {
  "status": "ok",
  "message": "Seek executed",
  "position_seconds": 2.87564659118652
}
ZmqGateway: received command payload: {"cmd":"seek","time":2.87564659118652}
ZmqGateway: dispatching payload to JUCE message thread.
VitHeadlessService: processing queued command on JUCE message thread: {"cmd":"seek","time":2.87564659118652}
Command received: {"cmd":"seek","time":2.87564659118652}
CommandDispatcher::handleSeek: position set to 2.8756s
Command executed: seek, result: {
  "status": "ok",
  "message": "Seek executed",
  "position_seconds": 2.87564659118652
}
VitHeadlessService: command reply (truncated): {
  "status": "ok",
  "message": "Seek executed",
  "position_seconds": 2.87564659118652
}
ZmqGateway: received command payload: {"cmd":"seek","time":2.87564659118652}
ZmqGateway: dispatching payload to JUCE message thread.
VitHeadlessService: processing queued command on JUCE message thread: {"cmd":"seek","time":2.87564659118652}
Command received: {"cmd":"seek","time":2.87564659118652}
CommandDispatcher::handleSeek: position set to 2.8756s
Command executed: seek, result: {
  "status": "ok",
  "message": "Seek executed",
  "position_seconds": 2.87564659118652
}
VitHeadlessService: command reply (truncated): {
  "status": "ok",
  "message": "Seek executed",
  "position_seconds": 2.87564659118652
}
ZmqGateway: received command payload: {"cmd":"seek","time":2.87564659118652}
ZmqGateway: dispatching payload to JUCE message thread.
VitHeadlessService: processing queued command on JUCE message thread: {"cmd":"seek","time":2.87564659118652}
Command received: {"cmd":"seek","time":2.87564659118652}
CommandDispatcher::handleSeek: position set to 2.8756s
Command executed: seek, result: {
  "status": "ok",
  "message": "Seek executed",
  "position_seconds": 2.87564659118652
}
VitHeadlessService: command reply (truncated): {
  "status": "ok",
  "message": "Seek executed",
  "position_seconds": 2.87564659118652
}
ZmqGateway: received command payload: {"cmd":"seek","time":2.87564659118652}
ZmqGateway: dispatching payload to JUCE message thread.
VitHeadlessService: processing queued command on JUCE message thread: {"cmd":"seek","time":2.87564659118652}
Command received: {"cmd":"seek","time":2.87564659118652}
CommandDispatcher::handleSeek: position set to 2.8756s
Command executed: seek, result: {
  "status": "ok",
  "message": "Seek executed",
  "position_seconds": 2.87564659118652
}
VitHeadlessService: command reply (truncated): {
  "status": "ok",
  "message": "Seek executed",
  "position_seconds": 2.87564659118652
}
ZmqGateway: received command payload: {"cmd":"seek","time":2.87564659118652}
ZmqGateway: dispatching payload to JUCE message thread.
VitHeadlessService: processing queued command on JUCE message thread: {"cmd":"seek","time":2.87564659118652}
Command received: {"cmd":"seek","time":2.87564659118652}
CommandDispatcher::handleSeek: position set to 2.8756s
Command executed: seek, result: {
  "status": "ok",
  "message": "Seek executed",
  "position_seconds": 2.87564659118652
}
VitHeadlessService: command reply (truncated): {
  "status": "ok",
  "message": "Seek executed",
  "position_seconds": 2.87564659118652
}
ZmqGateway: received command payload: {"cmd":"seek","time":2.87564659118652}
ZmqGateway: dispatching payload to JUCE message thread.
VitHeadlessService: processing queued command on JUCE message thread: {"cmd":"seek","time":2.87564659118652}
Command received: {"cmd":"seek","time":2.87564659118652}
CommandDispatcher::handleSeek: position set to 2.8756s
Command executed: seek, result: {
  "status": "ok",
  "message": "Seek executed",
  "position_seconds": 2.87564659118652
}
VitHeadlessService: command reply (truncated): {
  "status": "ok",
  "message": "Seek executed",
  "position_seconds": 2.87564659118652
}
ZmqGateway: received command payload: {"cmd":"seek","time":2.87564659118652}
ZmqGateway: dispatching payload to JUCE message thread.
VitHeadlessService: processing queued command on JUCE message thread: {"cmd":"seek","time":2.87564659118652}
Command received: {"cmd":"seek","time":2.87564659118652}
CommandDispatcher::handleSeek: position set to 2.8756s
Command executed: seek, result: {
  "status": "ok",
  "message": "Seek executed",
  "position_seconds": 2.87564659118652
}
VitHeadlessService: command reply (truncated): {
  "status": "ok",
  "message": "Seek executed",
  "position_seconds": 2.87564659118652
}
ZmqGateway: received command payload: {"cmd":"seek","time":2.87564659118652}
ZmqGateway: dispatching payload to JUCE message thread.
VitHeadlessService: processing queued command on JUCE message thread: {"cmd":"seek","time":2.87564659118652}
Command received: {"cmd":"seek","time":2.87564659118652}
CommandDispatcher::handleSeek: position set to 2.8756s
Command executed: seek, result: {
  "status": "ok",
  "message": "Seek executed",
  "position_seconds": 2.87564659118652
}
VitHeadlessService: command reply (truncated): {
  "status": "ok",
  "message": "Seek executed",
  "position_seconds": 2.87564659118652
}
ZmqGateway: received command payload: {"cmd":"seek","time":2.87564659118652}
ZmqGateway: dispatching payload to JUCE message thread.
VitHeadlessService: processing queued command on JUCE message thread: {"cmd":"seek","time":2.87564659118652}
Command received: {"cmd":"seek","time":2.87564659118652}
CommandDispatcher::handleSeek: position set to 2.8756s
Command executed: seek, result: {
  "status": "ok",
  "message": "Seek executed",
  "position_seconds": 2.87564659118652
}
VitHeadlessService: command reply (truncated): {
  "status": "ok",
  "message": "Seek executed",
  "position_seconds": 2.87564659118652
}
ZmqGateway: received command payload: {"cmd":"seek","time":2.87564659118652}
ZmqGateway: dispatching payload to JUCE message thread.
VitHeadlessService: processing queued command on JUCE message thread: {"cmd":"seek","time":2.87564659118652}
Command received: {"cmd":"seek","time":2.87564659118652}
CommandDispatcher::handleSeek: position set to 2.8756s
Command executed: seek, result: {
  "status": "ok",
  "message": "Seek executed",
  "position_seconds": 2.87564659118652
}
VitHeadlessService: command reply (truncated): {
  "status": "ok",
  "message": "Seek executed",
  "position_seconds": 2.87564659118652
}
ZmqGateway: received command payload: {"cmd":"seek","time":2.87564659118652}
ZmqGateway: dispatching payload to JUCE message thread.
VitHeadlessService: processing queued command on JUCE message thread: {"cmd":"seek","time":2.87564659118652}
Command received: {"cmd":"seek","time":2.87564659118652}
CommandDispatcher::handleSeek: position set to 2.8756s
Command executed: seek, result: {
  "status": "ok",
  "message": "Seek executed",
  "position_seconds": 2.87564659118652
}
VitHeadlessService: command reply (truncated): {
  "status": "ok",
  "message": "Seek executed",
  "position_seconds": 2.87564659118652
}
ZmqGateway: received command payload: {"cmd":"seek","time":2.86010265350342}
ZmqGateway: dispatching payload to JUCE message thread.
VitHeadlessService: processing queued command on JUCE message thread: {"cmd":"seek","time":2.86010265350342}
Command received: {"cmd":"seek","time":2.86010265350342}
CommandDispatcher::handleSeek: position set to 2.8601s
Command executed: seek, result: {
  "status": "ok",
  "message": "Seek executed",
  "position_seconds": 2.86010265350342
}
VitHeadlessService: command reply (truncated): {
  "status": "ok",
  "message": "Seek executed",
  "position_seconds": 2.86010265350342
}
ZmqGateway: received command payload: {"cmd":"seek","time":2.76683807373047}
ZmqGateway: dispatching payload to JUCE message thread.
VitHeadlessService: processing queued command on JUCE message thread: {"cmd":"seek","time":2.76683807373047}
Command received: {"cmd":"seek","time":2.76683807373047}
CommandDispatcher::handleSeek: position set to 2.7668s
Command executed: seek, result: {
  "status": "ok",
  "message": "Seek executed",
  "position_seconds": 2.76683807373047
}
VitHeadlessService: command reply (truncated): {
  "status": "ok",
  "message": "Seek executed",
  "position_seconds": 2.76683807373047
}
ZmqGateway: received command payload: {"cmd":"seek","time":2.64248561859131}
ZmqGateway: dispatching payload to JUCE message thread.
VitHeadlessService: processing queued command on JUCE message thread: {"cmd":"seek","time":2.64248561859131}
Command received: {"cmd":"seek","time":2.64248561859131}
CommandDispatcher::handleSeek: position set to 2.6425s
Command executed: seek, result: {
  "status": "ok",
  "message": "Seek executed",
  "position_seconds": 2.64248561859131
}
VitHeadlessService: command reply (truncated): {
  "status": "ok",
  "message": "Seek executed",
  "position_seconds": 2.64248561859131
}
ZmqGateway: received command payload: {"cmd":"seek","time":2.53367710113525}
ZmqGateway: dispatching payload to JUCE message thread.
VitHeadlessService: processing queued command on JUCE message thread: {"cmd":"seek","time":2.53367710113525}
Command received: {"cmd":"seek","time":2.53367710113525}
CommandDispatcher::handleSeek: position set to 2.5337s
Command executed: seek, result: {
  "status": "ok",
  "message": "Seek executed",
  "position_seconds": 2.53367710113525
}
VitHeadlessService: command reply (truncated): {
  "status": "ok",
  "message": "Seek executed",
  "position_seconds": 2.53367710113525
}
ZmqGateway: received command payload: {"cmd":"seek","time":2.37823677062988}
ZmqGateway: dispatching payload to JUCE message thread.
VitHeadlessService: processing queued command on JUCE message thread: {"cmd":"seek","time":2.37823677062988}
Command received: {"cmd":"seek","time":2.37823677062988}
CommandDispatcher::handleSeek: position set to 2.3782s
Command executed: seek, result: {
  "status": "ok",
  "message": "Seek executed",
  "position_seconds": 2.37823677062988
}
VitHeadlessService: command reply (truncated): {
  "status": "ok",
  "message": "Seek executed",
  "position_seconds": 2.37823677062988
}
ZmqGateway: received command payload: {"cmd":"seek","time":2.23834037780762}
ZmqGateway: dispatching payload to JUCE message thread.
VitHeadlessService: processing queued command on JUCE message thread: {"cmd":"seek","time":2.23834037780762}
Command received: {"cmd":"seek","time":2.23834037780762}
CommandDispatcher::handleSeek: position set to 2.2383s
Command executed: seek, result: {
  "status": "ok",
  "message": "Seek executed",
  "position_seconds": 2.23834037780762
}
VitHeadlessService: command reply (truncated): {
  "status": "ok",
  "message": "Seek executed",
  "position_seconds": 2.23834037780762
}
ZmqGateway: received command payload: {"cmd":"seek","time":2.12953186035156}
ZmqGateway: dispatching payload to JUCE message thread.
VitHeadlessService: processing queued command on JUCE message thread: {"cmd":"seek","time":2.12953186035156}
Command received: {"cmd":"seek","time":2.12953186035156}
CommandDispatcher::handleSeek: position set to 2.1295s
Command executed: seek, result: {
  "status": "ok",
  "message": "Seek executed",
  "position_seconds": 2.12953186035156
}
VitHeadlessService: command reply (truncated): {
  "status": "ok",
  "message": "Seek executed",
  "position_seconds": 2.12953186035156
}
ZmqGateway: received command payload: {"cmd":"seek","time":2.05181217193604}
ZmqGateway: dispatching payload to JUCE message thread.
VitHeadlessService: processing queued command on JUCE message thread: {"cmd":"seek","time":2.05181217193604}
Command received: {"cmd":"seek","time":2.05181217193604}
CommandDispatcher::handleSeek: position set to 2.0518s
Command executed: seek, result: {
  "status": "ok",
  "message": "Seek executed",
  "position_seconds": 2.05181217193604
}
VitHeadlessService: command reply (truncated): {
  "status": "ok",
  "message": "Seek executed",
  "position_seconds": 2.05181217193604
}
ZmqGateway: received command payload: {"cmd":"seek","time":2.00518035888672}
ZmqGateway: dispatching payload to JUCE message thread.
VitHeadlessService: processing queued command on JUCE message thread: {"cmd":"seek","time":2.00518035888672}
Command received: {"cmd":"seek","time":2.00518035888672}
CommandDispatcher::handleSeek: position set to 2.0052s
Command executed: seek, result: {
  "status": "ok",
  "message": "Seek executed",
  "position_seconds": 2.00518035888672
}
VitHeadlessService: command reply (truncated): {
  "status": "ok",
  "message": "Seek executed",
  "position_seconds": 2.00518035888672
}
ZmqGateway: received command payload: {"cmd":"seek","time":1.9896354675293}
ZmqGateway: dispatching payload to JUCE message thread.
VitHeadlessService: processing queued command on JUCE message thread: {"cmd":"seek","time":1.9896354675293}
Command received: {"cmd":"seek","time":1.9896354675293}
CommandDispatcher::handleSeek: position set to 1.9896s
Command executed: seek, result: {
  "status": "ok",
  "message": "Seek executed",
  "position_seconds": 1.9896354675293
}
VitHeadlessService: command reply (truncated): {
  "status": "ok",
  "message": "Seek executed",
  "position_seconds": 1.9896354675293
}
ZmqGateway: received command payload: {"cmd":"seek","time":1.9896354675293}
ZmqGateway: dispatching payload to JUCE message thread.
VitHeadlessService: processing queued command on JUCE message thread: {"cmd":"seek","time":1.9896354675293}
Command received: {"cmd":"seek","time":1.9896354675293}
CommandDispatcher::handleSeek: position set to 1.9896s
Command executed: seek, result: {
  "status": "ok",
  "message": "Seek executed",
  "position_seconds": 1.9896354675293
}
VitHeadlessService: command reply (truncated): {
  "status": "ok",
  "message": "Seek executed",
  "position_seconds": 1.9896354675293
}
ZmqGateway: received command payload: {"cmd":"seek","time":1.97409152984619}
ZmqGateway: dispatching payload to JUCE message thread.
VitHeadlessService: processing queued command on JUCE message thread: {"cmd":"seek","time":1.97409152984619}
Command received: {"cmd":"seek","time":1.97409152984619}
CommandDispatcher::handleSeek: position set to 1.9741s
Command executed: seek, result: {
  "status": "ok",
  "message": "Seek executed",
  "position_seconds": 1.97409152984619
}
VitHeadlessService: command reply (truncated): {
  "status": "ok",
  "message": "Seek executed",
  "position_seconds": 1.97409152984619
}
ZmqGateway: received command payload: {"cmd":"seek","time":1.97409152984619}
ZmqGateway: dispatching payload to JUCE message thread.
VitHeadlessService: processing queued command on JUCE message thread: {"cmd":"seek","time":1.97409152984619}
Command received: {"cmd":"seek","time":1.97409152984619}
CommandDispatcher::handleSeek: position set to 1.9741s
Command executed: seek, result: {
  "status": "ok",
  "message": "Seek executed",
  "position_seconds": 1.97409152984619
}
VitHeadlessService: command reply (truncated): {
  "status": "ok",
  "message": "Seek executed",
  "position_seconds": 1.97409152984619
}
ZmqGateway: received command payload: {"cmd":"seek","time":1.97409152984619}
ZmqGateway: dispatching payload to JUCE message thread.
VitHeadlessService: processing queued command on JUCE message thread: {"cmd":"seek","time":1.97409152984619}
Command received: {"cmd":"seek","time":1.97409152984619}
CommandDispatcher::handleSeek: position set to 1.9741s
Command executed: seek, result: {
  "status": "ok",
  "message": "Seek executed",
  "position_seconds": 1.97409152984619
}
VitHeadlessService: command reply (truncated): {
  "status": "ok",
  "message": "Seek executed",
  "position_seconds": 1.97409152984619
}
ZmqGateway: received command payload: {"cmd":"seek","time":1.97409152984619}
ZmqGateway: dispatching payload to JUCE message thread.
VitHeadlessService: processing queued command on JUCE message thread: {"cmd":"seek","time":1.97409152984619}
Command received: {"cmd":"seek","time":1.97409152984619}
CommandDispatcher::handleSeek: position set to 1.9741s
Command executed: seek, result: {
  "status": "ok",
  "message": "Seek executed",
  "position_seconds": 1.97409152984619
}
VitHeadlessService: command reply (truncated): {
  "status": "ok",
  "message": "Seek executed",
  "position_seconds": 1.97409152984619
}
ZmqGateway: received command payload: {"cmd":"seek","time":1.97409152984619}
ZmqGateway: dispatching payload to JUCE message thread.
VitHeadlessService: processing queued command on JUCE message thread: {"cmd":"seek","time":1.97409152984619}
Command received: {"cmd":"seek","time":1.97409152984619}
CommandDispatcher::handleSeek: position set to 1.9741s
Command executed: seek, result: {
  "status": "ok",
  "message": "Seek executed",
  "position_seconds": 1.97409152984619
}
VitHeadlessService: command reply (truncated): {
  "status": "ok",
  "message": "Seek executed",
  "position_seconds": 1.97409152984619
}
ZmqGateway: received command payload: {"cmd":"seek","time":1.97409152984619}
ZmqGateway: dispatching payload to JUCE message thread.
VitHeadlessService: processing queued command on JUCE message thread: {"cmd":"seek","time":1.97409152984619}
Command received: {"cmd":"seek","time":1.97409152984619}
CommandDispatcher::handleSeek: position set to 1.9741s
Command executed: seek, result: {
  "status": "ok",
  "message": "Seek executed",
  "position_seconds": 1.97409152984619
}
VitHeadlessService: command reply (truncated): {
  "status": "ok",
  "message": "Seek executed",
  "position_seconds": 1.97409152984619
}
ZmqGateway: received command payload: {"cmd":"seek","time":1.97409152984619}
ZmqGateway: dispatching payload to JUCE message thread.
VitHeadlessService: processing queued command on JUCE message thread: {"cmd":"seek","time":1.97409152984619}
Command received: {"cmd":"seek","time":1.97409152984619}
CommandDispatcher::handleSeek: position set to 1.9741s
Command executed: seek, result: {
  "status": "ok",
  "message": "Seek executed",
  "position_seconds": 1.97409152984619
}
VitHeadlessService: command reply (truncated): {
  "status": "ok",
  "message": "Seek executed",
  "position_seconds": 1.97409152984619
}
ZmqGateway: received command payload: {"cmd":"seek","time":1.97409152984619}
ZmqGateway: dispatching payload to JUCE message thread.
VitHeadlessService: processing queued command on JUCE message thread: {"cmd":"seek","time":1.97409152984619}
Command received: {"cmd":"seek","time":1.97409152984619}
CommandDispatcher::handleSeek: position set to 1.9741s
Command executed: seek, result: {
  "status": "ok",
  "message": "Seek executed",
  "position_seconds": 1.97409152984619
}
VitHeadlessService: command reply (truncated): {
  "status": "ok",
  "message": "Seek executed",
  "position_seconds": 1.97409152984619
}
ZmqGateway: received command payload: {"cmd":"seek","time":1.97409152984619}
ZmqGateway: dispatching payload to JUCE message thread.
VitHeadlessService: processing queued command on JUCE message thread: {"cmd":"seek","time":1.97409152984619}
Command received: {"cmd":"seek","time":1.97409152984619}
CommandDispatcher::handleSeek: position set to 1.9741s
Command executed: seek, result: {
  "status": "ok",
  "message": "Seek executed",
  "position_seconds": 1.97409152984619
}
VitHeadlessService: command reply (truncated): {
  "status": "ok",
  "message": "Seek executed",
  "position_seconds": 1.97409152984619
}
ZmqGateway: received command payload: {"cmd":"seek","time":1.97409152984619}
ZmqGateway: dispatching payload to JUCE message thread.
VitHeadlessService: processing queued command on JUCE message thread: {"cmd":"seek","time":1.97409152984619}
Command received: {"cmd":"seek","time":1.97409152984619}
CommandDispatcher::handleSeek: position set to 1.9741s
Command executed: seek, result: {
  "status": "ok",
  "message": "Seek executed",
  "position_seconds": 1.97409152984619
}
VitHeadlessService: command reply (truncated): {
  "status": "ok",
  "message": "Seek executed",
  "position_seconds": 1.97409152984619
}
ZmqGateway: received command payload: {"cmd":"seek","time":1.97409152984619}
ZmqGateway: dispatching payload to JUCE message thread.
VitHeadlessService: processing queued command on JUCE message thread: {"cmd":"seek","time":1.97409152984619}
Command received: {"cmd":"seek","time":1.97409152984619}
CommandDispatcher::handleSeek: position set to 1.9741s
Command executed: seek, result: {
  "status": "ok",
  "message": "Seek executed",
  "position_seconds": 1.97409152984619
}
VitHeadlessService: command reply (truncated): {
  "status": "ok",
  "message": "Seek executed",
  "position_seconds": 1.97409152984619
}
ZmqGateway: received command payload: {"cmd":"seek","time":1.97409152984619}
ZmqGateway: dispatching payload to JUCE message thread.
VitHeadlessService: processing queued command on JUCE message thread: {"cmd":"seek","time":1.97409152984619}
Command received: {"cmd":"seek","time":1.97409152984619}
CommandDispatcher::handleSeek: position set to 1.9741s
Command executed: seek, result: {
  "status": "ok",
  "message": "Seek executed",
  "position_seconds": 1.97409152984619
}
VitHeadlessService: command reply (truncated): {
  "status": "ok",
  "message": "Seek executed",
  "position_seconds": 1.97409152984619
}
ZmqGateway: received command payload: {"cmd":"seek","time":1.97409152984619}
ZmqGateway: dispatching payload to JUCE message thread.
VitHeadlessService: processing queued command on JUCE message thread: {"cmd":"seek","time":1.97409152984619}
Command received: {"cmd":"seek","time":1.97409152984619}
CommandDispatcher::handleSeek: position set to 1.9741s
Command executed: seek, result: {
  "status": "ok",
  "message": "Seek executed",
  "position_seconds": 1.97409152984619
}
VitHeadlessService: command reply (truncated): {
  "status": "ok",
  "message": "Seek executed",
  "position_seconds": 1.97409152984619
}
ZmqGateway: received command payload: {"cmd":"seek","time":1.97409152984619}
ZmqGateway: dispatching payload to JUCE message thread.
VitHeadlessService: processing queued command on JUCE message thread: {"cmd":"seek","time":1.97409152984619}
Command received: {"cmd":"seek","time":1.97409152984619}
CommandDispatcher::handleSeek: position set to 1.9741s
Command executed: seek, result: {
  "status": "ok",
  "message": "Seek executed",
  "position_seconds": 1.97409152984619
}
VitHeadlessService: command reply (truncated): {
  "status": "ok",
  "message": "Seek executed",
  "position_seconds": 1.97409152984619
}
ZmqGateway: received command payload: {"cmd":"seek","time":1.97409152984619}
ZmqGateway: dispatching payload to JUCE message thread.
VitHeadlessService: processing queued command on JUCE message thread: {"cmd":"seek","time":1.97409152984619}
Command received: {"cmd":"seek","time":1.97409152984619}
CommandDispatcher::handleSeek: position set to 1.9741s
Command executed: seek, result: {
  "status": "ok",
  "message": "Seek executed",
  "position_seconds": 1.97409152984619
}
VitHeadlessService: command reply (truncated): {
  "status": "ok",
  "message": "Seek executed",
  "position_seconds": 1.97409152984619
}
ZmqGateway: received command payload: {"cmd":"seek","time":1.97409152984619}
ZmqGateway: dispatching payload to JUCE message thread.
VitHeadlessService: processing queued command on JUCE message thread: {"cmd":"seek","time":1.97409152984619}
Command received: {"cmd":"seek","time":1.97409152984619}
CommandDispatcher::handleSeek: position set to 1.9741s
Command executed: seek, result: {
  "status": "ok",
  "message": "Seek executed",
  "position_seconds": 1.97409152984619
}
VitHeadlessService: command reply (truncated): {
  "status": "ok",
  "message": "Seek executed",
  "position_seconds": 1.97409152984619
}
ZmqGateway: received command payload: {"cmd":"seek","time":1.97409152984619}
ZmqGateway: dispatching payload to JUCE message thread.
VitHeadlessService: processing queued command on JUCE message thread: {"cmd":"seek","time":1.97409152984619}
Command received: {"cmd":"seek","time":1.97409152984619}
CommandDispatcher::handleSeek: position set to 1.9741s
Command executed: seek, result: {
  "status": "ok",
  "message": "Seek executed",
  "position_seconds": 1.97409152984619
}
VitHeadlessService: command reply (truncated): {
  "status": "ok",
  "message": "Seek executed",
  "position_seconds": 1.97409152984619
}
ZmqGateway: received command payload: {"cmd":"seek","time":1.95854759216309}
ZmqGateway: dispatching payload to JUCE message thread.
VitHeadlessService: processing queued command on JUCE message thread: {"cmd":"seek","time":1.95854759216309}
Command received: {"cmd":"seek","time":1.95854759216309}
CommandDispatcher::handleSeek: position set to 1.9585s
Command executed: seek, result: {
  "status": "ok",
  "message": "Seek executed",
  "position_seconds": 1.95854759216309
}
VitHeadlessService: command reply (truncated): {
  "status": "ok",
  "message": "Seek executed",
  "position_seconds": 1.95854759216309
}
ZmqGateway: received command payload: {"cmd":"seek","time":1.89637184143066}
ZmqGateway: dispatching payload to JUCE message thread.
VitHeadlessService: processing queued command on JUCE message thread: {"cmd":"seek","time":1.89637184143066}
Command received: {"cmd":"seek","time":1.89637184143066}
CommandDispatcher::handleSeek: position set to 1.8964s
Command executed: seek, result: {
  "status": "ok",
  "message": "Seek executed",
  "position_seconds": 1.89637184143066
}
VitHeadlessService: command reply (truncated): {
  "status": "ok",
  "message": "Seek executed",
  "position_seconds": 1.89637184143066
}
ZmqGateway: received command payload: {"cmd":"seek","time":1.84973907470703}
ZmqGateway: dispatching payload to JUCE message thread.
VitHeadlessService: processing queued command on JUCE message thread: {"cmd":"seek","time":1.84973907470703}
Command received: {"cmd":"seek","time":1.84973907470703}
CommandDispatcher::handleSeek: position set to 1.8497s
Command executed: seek, result: {
  "status": "ok",
  "message": "Seek executed",
  "position_seconds": 1.84973907470703
}
VitHeadlessService: command reply (truncated): {
  "status": "ok",
  "message": "Seek executed",
  "position_seconds": 1.84973907470703
}
ZmqGateway: received command payload: {"cmd":"seek","time":1.80310726165771}
ZmqGateway: dispatching payload to JUCE message thread.
VitHeadlessService: processing queued command on JUCE message thread: {"cmd":"seek","time":1.80310726165771}
Command received: {"cmd":"seek","time":1.80310726165771}
CommandDispatcher::handleSeek: position set to 1.8031s
Command executed: seek, result: {
  "status": "ok",
  "message": "Seek executed",
  "position_seconds": 1.80310726165771
}
VitHeadlessService: command reply (truncated): {
  "status": "ok",
  "message": "Seek executed",
  "position_seconds": 1.80310726165771
}
ZmqGateway: received command payload: {"cmd":"seek","time":1.7564754486084}
ZmqGateway: dispatching payload to JUCE message thread.
VitHeadlessService: processing queued command on JUCE message thread: {"cmd":"seek","time":1.7564754486084}
Command received: {"cmd":"seek","time":1.7564754486084}
CommandDispatcher::handleSeek: position set to 1.7565s
Command executed: seek, result: {
  "status": "ok",
  "message": "Seek executed",
  "position_seconds": 1.7564754486084
}
VitHeadlessService: command reply (truncated): {
  "status": "ok",
  "message": "Seek executed",
  "position_seconds": 1.7564754486084
}
ZmqGateway: received command payload: {"cmd":"seek","time":1.70984268188477}
ZmqGateway: dispatching payload to JUCE message thread.
VitHeadlessService: processing queued command on JUCE message thread: {"cmd":"seek","time":1.70984268188477}
Command received: {"cmd":"seek","time":1.70984268188477}
CommandDispatcher::handleSeek: position set to 1.7098s
Command executed: seek, result: {
  "status": "ok",
  "message": "Seek executed",
  "position_seconds": 1.70984268188477
}
VitHeadlessService: command reply (truncated): {
  "status": "ok",
  "message": "Seek executed",
  "position_seconds": 1.70984268188477
}
ZmqGateway: received command payload: {"cmd":"seek","time":1.66321086883545}
ZmqGateway: dispatching payload to JUCE message thread.
VitHeadlessService: processing queued command on JUCE message thread: {"cmd":"seek","time":1.66321086883545}
Command received: {"cmd":"seek","time":1.66321086883545}
CommandDispatcher::handleSeek: position set to 1.6632s
Command executed: seek, result: {
  "status": "ok",
  "message": "Seek executed",
  "position_seconds": 1.66321086883545
}
VitHeadlessService: command reply (truncated): {
  "status": "ok",
  "message": "Seek executed",
  "position_seconds": 1.66321086883545
}
ZmqGateway: received command payload: {"cmd":"seek","time":1.61657905578613}
ZmqGateway: dispatching payload to JUCE message thread.
VitHeadlessService: processing queued command on JUCE message thread: {"cmd":"seek","time":1.61657905578613}
Command received: {"cmd":"seek","time":1.61657905578613}
CommandDispatcher::handleSeek: position set to 1.6166s
Command executed: seek, result: {
  "status": "ok",
  "message": "Seek executed",
  "position_seconds": 1.61657905578613
}
VitHeadlessService: command reply (truncated): {
  "status": "ok",
  "message": "Seek executed",
  "position_seconds": 1.61657905578613
}
ZmqGateway: received command payload: {"cmd":"seek","time":1.5699462890625}
ZmqGateway: dispatching payload to JUCE message thread.
VitHeadlessService: processing queued command on JUCE message thread: {"cmd":"seek","time":1.5699462890625}
Command received: {"cmd":"seek","time":1.5699462890625}
CommandDispatcher::handleSeek: position set to 1.5699s
Command executed: seek, result: {
  "status": "ok",
  "message": "Seek executed",
  "position_seconds": 1.5699462890625
}
VitHeadlessService: command reply (truncated): {
  "status": "ok",
  "message": "Seek executed",
  "position_seconds": 1.5699462890625
}
ZmqGateway: received command payload: {"cmd":"seek","time":1.50777053833008}
ZmqGateway: dispatching payload to JUCE message thread.
VitHeadlessService: processing queued command on JUCE message thread: {"cmd":"seek","time":1.50777053833008}
Command received: {"cmd":"seek","time":1.50777053833008}
CommandDispatcher::handleSeek: position set to 1.5078s
Command executed: seek, result: {
  "status": "ok",
  "message": "Seek executed",
  "position_seconds": 1.50777053833008
}
VitHeadlessService: command reply (truncated): {
  "status": "ok",
  "message": "Seek executed",
  "position_seconds": 1.50777053833008
}
ZmqGateway: received command payload: {"cmd":"seek","time":1.43005084991455}
ZmqGateway: dispatching payload to JUCE message thread.
VitHeadlessService: processing queued command on JUCE message thread: {"cmd":"seek","time":1.43005084991455}
Command received: {"cmd":"seek","time":1.43005084991455}
CommandDispatcher::handleSeek: position set to 1.4301s
Command executed: seek, result: {
  "status": "ok",
  "message": "Seek executed",
  "position_seconds": 1.43005084991455
}
VitHeadlessService: command reply (truncated): {
  "status": "ok",
  "message": "Seek executed",
  "position_seconds": 1.43005084991455
}
ZmqGateway: received command payload: {"cmd":"seek","time":1.3212423324585}
ZmqGateway: dispatching payload to JUCE message thread.
VitHeadlessService: processing queued command on JUCE message thread: {"cmd":"seek","time":1.3212423324585}
Command received: {"cmd":"seek","time":1.3212423324585}
CommandDispatcher::handleSeek: position set to 1.3212s
Command executed: seek, result: {
  "status": "ok",
  "message": "Seek executed",
  "position_seconds": 1.3212423324585
}
VitHeadlessService: command reply (truncated): {
  "status": "ok",
  "message": "Seek executed",
  "position_seconds": 1.3212423324585
}
ZmqGateway: received command payload: {"cmd":"seek","time":1.22797775268555}
ZmqGateway: dispatching payload to JUCE message thread.
VitHeadlessService: processing queued command on JUCE message thread: {"cmd":"seek","time":1.22797775268555}
Command received: {"cmd":"seek","time":1.22797775268555}
CommandDispatcher::handleSeek: position set to 1.2280s
Command executed: seek, result: {
  "status": "ok",
  "message": "Seek executed",
  "position_seconds": 1.22797775268555
}
VitHeadlessService: command reply (truncated): {
  "status": "ok",
  "message": "Seek executed",
  "position_seconds": 1.22797775268555
}
ZmqGateway: received command payload: {"cmd":"seek","time":1.11916923522949}
ZmqGateway: dispatching payload to JUCE message thread.
VitHeadlessService: processing queued command on JUCE message thread: {"cmd":"seek","time":1.11916923522949}
Command received: {"cmd":"seek","time":1.11916923522949}
CommandDispatcher::handleSeek: position set to 1.1192s
Command executed: seek, result: {
  "status": "ok",
  "message": "Seek executed",
  "position_seconds": 1.11916923522949
}
VitHeadlessService: command reply (truncated): {
  "status": "ok",
  "message": "Seek executed",
  "position_seconds": 1.11916923522949
}
ZmqGateway: received command payload: {"cmd":"seek","time":1.01036167144775}
ZmqGateway: dispatching payload to JUCE message thread.
VitHeadlessService: processing queued command on JUCE message thread: {"cmd":"seek","time":1.01036167144775}
Command received: {"cmd":"seek","time":1.01036167144775}
CommandDispatcher::handleSeek: position set to 1.0104s
Command executed: seek, result: {
  "status": "ok",
  "message": "Seek executed",
  "position_seconds": 1.01036167144775
}
VitHeadlessService: command reply (truncated): {
  "status": "ok",
  "message": "Seek executed",
  "position_seconds": 1.01036167144775
}
ZmqGateway: received command payload: {"cmd":"seek","time":0.886009216308594}
ZmqGateway: dispatching payload to JUCE message thread.
VitHeadlessService: processing queued command on JUCE message thread: {"cmd":"seek","time":0.886009216308594}
Command received: {"cmd":"seek","time":0.886009216308594}
CommandDispatcher::handleSeek: position set to 0.8860s
Command executed: seek, result: {
  "status": "ok",
  "message": "Seek executed",
  "position_seconds": 0.886009216308594
}
VitHeadlessService: command reply (truncated): {
  "status": "ok",
  "message": "Seek executed",
  "position_seconds": 0.886009216308594
}
ZmqGateway: received command payload: {"cmd":"seek","time":0.777200698852539}
ZmqGateway: dispatching payload to JUCE message thread.
VitHeadlessService: processing queued command on JUCE message thread: {"cmd":"seek","time":0.777200698852539}
Command received: {"cmd":"seek","time":0.777200698852539}
CommandDispatcher::handleSeek: position set to 0.7772s
Command executed: seek, result: {
  "status": "ok",
  "message": "Seek executed",
  "position_seconds": 0.777200698852539
}
VitHeadlessService: command reply (truncated): {
  "status": "ok",
  "message": "Seek executed",
  "position_seconds": 0.777200698852539
}
ZmqGateway: received command payload: {"cmd":"seek","time":0.68393611907959}
ZmqGateway: dispatching payload to JUCE message thread.
VitHeadlessService: processing queued command on JUCE message thread: {"cmd":"seek","time":0.68393611907959}
Command received: {"cmd":"seek","time":0.68393611907959}
CommandDispatcher::handleSeek: position set to 0.6839s
Command executed: seek, result: {
  "status": "ok",
  "message": "Seek executed",
  "position_seconds": 0.68393611907959
}
VitHeadlessService: command reply (truncated): {
  "status": "ok",
  "message": "Seek executed",
  "position_seconds": 0.68393611907959
}
ZmqGateway: received command payload: {"cmd":"seek","time":0.606216430664063}
ZmqGateway: dispatching payload to JUCE message thread.
VitHeadlessService: processing queued command on JUCE message thread: {"cmd":"seek","time":0.606216430664063}
Command received: {"cmd":"seek","time":0.606216430664063}
CommandDispatcher::handleSeek: position set to 0.6062s
Command executed: seek, result: {
  "status": "ok",
  "message": "Seek executed",
  "position_seconds": 0.606216430664063
}
VitHeadlessService: command reply (truncated): {
  "status": "ok",
  "message": "Seek executed",
  "position_seconds": 0.606216430664063
}
ZmqGateway: received command payload: {"cmd":"seek","time":0.544039726257324}
ZmqGateway: dispatching payload to JUCE message thread.
VitHeadlessService: processing queued command on JUCE message thread: {"cmd":"seek","time":0.544039726257324}
Command received: {"cmd":"seek","time":0.544039726257324}
CommandDispatcher::handleSeek: position set to 0.5440s
Command executed: seek, result: {
  "status": "ok",
  "message": "Seek executed",
  "position_seconds": 0.544039726257324
}
VitHeadlessService: command reply (truncated): {
  "status": "ok",
  "message": "Seek executed",
  "position_seconds": 0.544039726257324
}
ZmqGateway: received command payload: {"cmd":"seek","time":0.497407913208008}
ZmqGateway: dispatching payload to JUCE message thread.
VitHeadlessService: processing queued command on JUCE message thread: {"cmd":"seek","time":0.497407913208008}
Command received: {"cmd":"seek","time":0.497407913208008}
CommandDispatcher::handleSeek: position set to 0.4974s
Command executed: seek, result: {
  "status": "ok",
  "message": "Seek executed",
  "position_seconds": 0.497407913208008
}
VitHeadlessService: command reply (truncated): {
  "status": "ok",
  "message": "Seek executed",
  "position_seconds": 0.497407913208008
}
ZmqGateway: received command payload: {"cmd":"seek","time":0.466320037841797}
ZmqGateway: dispatching payload to JUCE message thread.
VitHeadlessService: processing queued command on JUCE message thread: {"cmd":"seek","time":0.466320037841797}
Command received: {"cmd":"seek","time":0.466320037841797}
CommandDispatcher::handleSeek: position set to 0.4663s
Command executed: seek, result: {
  "status": "ok",
  "message": "Seek executed",
  "position_seconds": 0.466320037841797
}
VitHeadlessService: command reply (truncated): {
  "status": "ok",
  "message": "Seek executed",
  "position_seconds": 0.466320037841797
}
ZmqGateway: received command payload: {"cmd":"seek","time":0.466320037841797}
ZmqGateway: dispatching payload to JUCE message thread.
VitHeadlessService: processing queued command on JUCE message thread: {"cmd":"seek","time":0.466320037841797}
Command received: {"cmd":"seek","time":0.466320037841797}
CommandDispatcher::handleSeek: position set to 0.4663s
Command executed: seek, result: {
  "status": "ok",
  "message": "Seek executed",
  "position_seconds": 0.466320037841797
}
VitHeadlessService: command reply (truncated): {
  "status": "ok",
  "message": "Seek executed",
  "position_seconds": 0.466320037841797
}
ZmqGateway: received command payload: {"cmd":"seek","time":0.466320037841797}
ZmqGateway: dispatching payload to JUCE message thread.
VitHeadlessService: processing queued command on JUCE message thread: {"cmd":"seek","time":0.466320037841797}
Command received: {"cmd":"seek","time":0.466320037841797}
CommandDispatcher::handleSeek: position set to 0.4663s
Command executed: seek, result: {
  "status": "ok",
  "message": "Seek executed",
  "position_seconds": 0.466320037841797
}
VitHeadlessService: command reply (truncated): {
  "status": "ok",
  "message": "Seek executed",
  "position_seconds": 0.466320037841797
}
ZmqGateway: received command payload: {"cmd":"seek","time":0.466320037841797}
ZmqGateway: dispatching payload to JUCE message thread.
VitHeadlessService: processing queued command on JUCE message thread: {"cmd":"seek","time":0.466320037841797}
Command received: {"cmd":"seek","time":0.466320037841797}
CommandDispatcher::handleSeek: position set to 0.4663s
Command executed: seek, result: {
  "status": "ok",
  "message": "Seek executed",
  "position_seconds": 0.466320037841797
}
VitHeadlessService: command reply (truncated): {
  "status": "ok",
  "message": "Seek executed",
  "position_seconds": 0.466320037841797
}
ZmqGateway: received command payload: {"cmd":"seek","time":0.466320037841797}
ZmqGateway: dispatching payload to JUCE message thread.
VitHeadlessService: processing queued command on JUCE message thread: {"cmd":"seek","time":0.466320037841797}
Command received: {"cmd":"seek","time":0.466320037841797}
CommandDispatcher::handleSeek: position set to 0.4663s
Command executed: seek, result: {
  "status": "ok",
  "message": "Seek executed",
  "position_seconds": 0.466320037841797
}
VitHeadlessService: command reply (truncated): {
  "status": "ok",
  "message": "Seek executed",
  "position_seconds": 0.466320037841797
}
ZmqGateway: received command payload: {"cmd":"seek","time":0.466320037841797}
ZmqGateway: dispatching payload to JUCE message thread.
VitHeadlessService: processing queued command on JUCE message thread: {"cmd":"seek","time":0.466320037841797}
Command received: {"cmd":"seek","time":0.466320037841797}
CommandDispatcher::handleSeek: position set to 0.4663s
Command executed: seek, result: {
  "status": "ok",
  "message": "Seek executed",
  "position_seconds": 0.466320037841797
}
VitHeadlessService: command reply (truncated): {
  "status": "ok",
  "message": "Seek executed",
  "position_seconds": 0.466320037841797
}
ZmqGateway: received command payload: {"cmd":"seek","time":0.466320037841797}
ZmqGateway: dispatching payload to JUCE message thread.
VitHeadlessService: processing queued command on JUCE message thread: {"cmd":"seek","time":0.466320037841797}
Command received: {"cmd":"seek","time":0.466320037841797}
CommandDispatcher::handleSeek: position set to 0.4663s
Command executed: seek, result: {
  "status": "ok",
  "message": "Seek executed",
  "position_seconds": 0.466320037841797
}
VitHeadlessService: command reply (truncated): {
  "status": "ok",
  "message": "Seek executed",
  "position_seconds": 0.466320037841797
}
ZmqGateway: received command payload: {"cmd":"seek","time":0.466320037841797}
ZmqGateway: dispatching payload to JUCE message thread.
VitHeadlessService: processing queued command on JUCE message thread: {"cmd":"seek","time":0.466320037841797}
Command received: {"cmd":"seek","time":0.466320037841797}
CommandDispatcher::handleSeek: position set to 0.4663s
Command executed: seek, result: {
  "status": "ok",
  "message": "Seek executed",
  "position_seconds": 0.466320037841797
}
VitHeadlessService: command reply (truncated): {
  "status": "ok",
  "message": "Seek executed",
  "position_seconds": 0.466320037841797
}
ZmqGateway: received command payload: {"cmd":"seek","time":0.466320037841797}
ZmqGateway: dispatching payload to JUCE message thread.
VitHeadlessService: processing queued command on JUCE message thread: {"cmd":"seek","time":0.466320037841797}
Command received: {"cmd":"seek","time":0.466320037841797}
CommandDispatcher::handleSeek: position set to 0.4663s
Command executed: seek, result: {
  "status": "ok",
  "message": "Seek executed",
  "position_seconds": 0.466320037841797
}
VitHeadlessService: command reply (truncated): {
  "status": "ok",
  "message": "Seek executed",
  "position_seconds": 0.466320037841797
}
ZmqGateway: received command payload: {"cmd":"seek","time":0.466320037841797}
ZmqGateway: dispatching payload to JUCE message thread.
VitHeadlessService: processing queued command on JUCE message thread: {"cmd":"seek","time":0.466320037841797}
Command received: {"cmd":"seek","time":0.466320037841797}
CommandDispatcher::handleSeek: position set to 0.4663s
Command executed: seek, result: {
  "status": "ok",
  "message": "Seek executed",
  "position_seconds": 0.466320037841797
}
VitHeadlessService: command reply (truncated): {
  "status": "ok",
  "message": "Seek executed",
  "position_seconds": 0.466320037841797
}
ZmqGateway: received command payload: {"cmd":"seek","time":0.466320037841797}
ZmqGateway: dispatching payload to JUCE message thread.
VitHeadlessService: processing queued command on JUCE message thread: {"cmd":"seek","time":0.466320037841797}
Command received: {"cmd":"seek","time":0.466320037841797}
CommandDispatcher::handleSeek: position set to 0.4663s
Command executed: seek, result: {
  "status": "ok",
  "message": "Seek executed",
  "position_seconds": 0.466320037841797
}
VitHeadlessService: command reply (truncated): {
  "status": "ok",
  "message": "Seek executed",
  "position_seconds": 0.466320037841797
}
ZmqGateway: received command payload: {"cmd":"seek","time":0.466320037841797}
ZmqGateway: dispatching payload to JUCE message thread.
VitHeadlessService: processing queued command on JUCE message thread: {"cmd":"seek","time":0.466320037841797}
Command received: {"cmd":"seek","time":0.466320037841797}
CommandDispatcher::handleSeek: position set to 0.4663s
Command executed: seek, result: {
  "status": "ok",
  "message": "Seek executed",
  "position_seconds": 0.466320037841797
}
VitHeadlessService: command reply (truncated): {
  "status": "ok",
  "message": "Seek executed",
  "position_seconds": 0.466320037841797
}
ZmqGateway: received command payload: {"cmd":"seek","time":0.466320037841797}
ZmqGateway: dispatching payload to JUCE message thread.
VitHeadlessService: processing queued command on JUCE message thread: {"cmd":"seek","time":0.466320037841797}
Command received: {"cmd":"seek","time":0.466320037841797}
CommandDispatcher::handleSeek: position set to 0.4663s
Command executed: seek, result: {
  "status": "ok",
  "message": "Seek executed",
  "position_seconds": 0.466320037841797
}
VitHeadlessService: command reply (truncated): {
  "status": "ok",
  "message": "Seek executed",
  "position_seconds": 0.466320037841797
}
ZmqGateway: received command payload: {"cmd":"seek","time":0.466320037841797}
ZmqGateway: dispatching payload to JUCE message thread.
VitHeadlessService: processing queued command on JUCE message thread: {"cmd":"seek","time":0.466320037841797}
Command received: {"cmd":"seek","time":0.466320037841797}
CommandDispatcher::handleSeek: position set to 0.4663s
Command executed: seek, result: {
  "status": "ok",
  "message": "Seek executed",
  "position_seconds": 0.466320037841797
}
VitHeadlessService: command reply (truncated): {
  "status": "ok",
  "message": "Seek executed",
  "position_seconds": 0.466320037841797
}
ZmqGateway: received command payload: {"cmd":"seek","time":0.466320037841797}
ZmqGateway: dispatching payload to JUCE message thread.
VitHeadlessService: processing queued command on JUCE message thread: {"cmd":"seek","time":0.466320037841797}
Command received: {"cmd":"seek","time":0.466320037841797}
CommandDispatcher::handleSeek: position set to 0.4663s
Command executed: seek, result: {
  "status": "ok",
  "message": "Seek executed",
  "position_seconds": 0.466320037841797
}
VitHeadlessService: command reply (truncated): {
  "status": "ok",
  "message": "Seek executed",
  "position_seconds": 0.466320037841797
}
ZmqGateway: received command payload: {"cmd":"seek","time":0.466320037841797}
ZmqGateway: dispatching payload to JUCE message thread.
VitHeadlessService: processing queued command on JUCE message thread: {"cmd":"seek","time":0.466320037841797}
Command received: {"cmd":"seek","time":0.466320037841797}
CommandDispatcher::handleSeek: position set to 0.4663s
Command executed: seek, result: {
  "status": "ok",
  "message": "Seek executed",
  "position_seconds": 0.466320037841797
}
VitHeadlessService: command reply (truncated): {
  "status": "ok",
  "message": "Seek executed",
  "position_seconds": 0.466320037841797
}
ZmqGateway: received command payload: {"cmd":"seek","time":0.466320037841797}
ZmqGateway: dispatching payload to JUCE message thread.
VitHeadlessService: processing queued command on JUCE message thread: {"cmd":"seek","time":0.466320037841797}
Command received: {"cmd":"seek","time":0.466320037841797}
CommandDispatcher::handleSeek: position set to 0.4663s
Command executed: seek, result: {
  "status": "ok",
  "message": "Seek executed",
  "position_seconds": 0.466320037841797
}
VitHeadlessService: command reply (truncated): {
  "status": "ok",
  "message": "Seek executed",
  "position_seconds": 0.466320037841797
}
ZmqGateway: received command payload: {"cmd":"seek","time":0.466320037841797}
ZmqGateway: dispatching payload to JUCE message thread.
VitHeadlessService: processing queued command on JUCE message thread: {"cmd":"seek","time":0.466320037841797}
Command received: {"cmd":"seek","time":0.466320037841797}
CommandDispatcher::handleSeek: position set to 0.4663s
Command executed: seek, result: {
  "status": "ok",
  "message": "Seek executed",
  "position_seconds": 0.466320037841797
}
VitHeadlessService: command reply (truncated): {
  "status": "ok",
  "message": "Seek executed",
  "position_seconds": 0.466320037841797
}
ZmqGateway: received command payload: {"cmd":"seek","time":0.466320037841797}
ZmqGateway: dispatching payload to JUCE message thread.
VitHeadlessService: processing queued command on JUCE message thread: {"cmd":"seek","time":0.466320037841797}
Command received: {"cmd":"seek","time":0.466320037841797}
CommandDispatcher::handleSeek: position set to 0.4663s
Command executed: seek, result: {
  "status": "ok",
  "message": "Seek executed",
  "position_seconds": 0.466320037841797
}
VitHeadlessService: command reply (truncated): {
  "status": "ok",
  "message": "Seek executed",
  "position_seconds": 0.466320037841797
}
ZmqGateway: received command payload: {"cmd":"seek","time":0.466320037841797}
ZmqGateway: dispatching payload to JUCE message thread.
VitHeadlessService: processing queued command on JUCE message thread: {"cmd":"seek","time":0.466320037841797}
Command received: {"cmd":"seek","time":0.466320037841797}
CommandDispatcher::handleSeek: position set to 0.4663s
Command executed: seek, result: {
  "status": "ok",
  "message": "Seek executed",
  "position_seconds": 0.466320037841797
}
VitHeadlessService: command reply (truncated): {
  "status": "ok",
  "message": "Seek executed",
  "position_seconds": 0.466320037841797
}
ZmqGateway: received command payload: {"cmd":"seek","time":0.466320037841797}
ZmqGateway: dispatching payload to JUCE message thread.
VitHeadlessService: processing queued command on JUCE message thread: {"cmd":"seek","time":0.466320037841797}
Command received: {"cmd":"seek","time":0.466320037841797}
CommandDispatcher::handleSeek: position set to 0.4663s
Command executed: seek, result: {
  "status": "ok",
  "message": "Seek executed",
  "position_seconds": 0.466320037841797
}
VitHeadlessService: command reply (truncated): {
  "status": "ok",
  "message": "Seek executed",
  "position_seconds": 0.466320037841797
}
ZmqGateway: received command payload: {"cmd":"seek","time":0.466320037841797}
ZmqGateway: dispatching payload to JUCE message thread.
VitHeadlessService: processing queued command on JUCE message thread: {"cmd":"seek","time":0.466320037841797}
Command received: {"cmd":"seek","time":0.466320037841797}
CommandDispatcher::handleSeek: position set to 0.4663s
Command executed: seek, result: {
  "status": "ok",
  "message": "Seek executed",
  "position_seconds": 0.466320037841797
}
VitHeadlessService: command reply (truncated): {
  "status": "ok",
  "message": "Seek executed",
  "position_seconds": 0.466320037841797
}
ZmqGateway: received command payload: {"cmd":"seek","time":0.466320037841797}
ZmqGateway: dispatching payload to JUCE message thread.
VitHeadlessService: processing queued command on JUCE message thread: {"cmd":"seek","time":0.466320037841797}
Command received: {"cmd":"seek","time":0.466320037841797}
CommandDispatcher::handleSeek: position set to 0.4663s
Command executed: seek, result: {
  "status": "ok",
  "message": "Seek executed",
  "position_seconds": 0.466320037841797
}
VitHeadlessService: command reply (truncated): {
  "status": "ok",
  "message": "Seek executed",
  "position_seconds": 0.466320037841797
}
ZmqGateway: received command payload: {"cmd":"seek","time":0.466320037841797}
ZmqGateway: dispatching payload to JUCE message thread.
VitHeadlessService: processing queued command on JUCE message thread: {"cmd":"seek","time":0.466320037841797}
Command received: {"cmd":"seek","time":0.466320037841797}
CommandDispatcher::handleSeek: position set to 0.4663s
Command executed: seek, result: {
  "status": "ok",
  "message": "Seek executed",
  "position_seconds": 0.466320037841797
}
VitHeadlessService: command reply (truncated): {
  "status": "ok",
  "message": "Seek executed",
  "position_seconds": 0.466320037841797
}
ZmqGateway: received command payload: {"cmd":"seek","time":0.466320037841797}
ZmqGateway: dispatching payload to JUCE message thread.
VitHeadlessService: processing queued command on JUCE message thread: {"cmd":"seek","time":0.466320037841797}
Command received: {"cmd":"seek","time":0.466320037841797}
CommandDispatcher::handleSeek: position set to 0.4663s
Command executed: seek, result: {
  "status": "ok",
  "message": "Seek executed",
  "position_seconds": 0.466320037841797
}
VitHeadlessService: command reply (truncated): {
  "status": "ok",
  "message": "Seek executed",
  "position_seconds": 0.466320037841797
}
ZmqGateway: received command payload: {"cmd":"seek","time":0.466320037841797}
ZmqGateway: dispatching payload to JUCE message thread.
VitHeadlessService: processing queued command on JUCE message thread: {"cmd":"seek","time":0.466320037841797}
Command received: {"cmd":"seek","time":0.466320037841797}
CommandDispatcher::handleSeek: position set to 0.4663s
Command executed: seek, result: {
  "status": "ok",
  "message": "Seek executed",
  "position_seconds": 0.466320037841797
}
VitHeadlessService: command reply (truncated): {
  "status": "ok",
  "message": "Seek executed",
  "position_seconds": 0.466320037841797
}
ZmqGateway: received command payload: {"cmd":"seek","time":0.466320037841797}
ZmqGateway: dispatching payload to JUCE message thread.
VitHeadlessService: processing queued command on JUCE message thread: {"cmd":"seek","time":0.466320037841797}
Command received: {"cmd":"seek","time":0.466320037841797}
CommandDispatcher::handleSeek: position set to 0.4663s
Command executed: seek, result: {
  "status": "ok",
  "message": "Seek executed",
  "position_seconds": 0.466320037841797
}
VitHeadlessService: command reply (truncated): {
  "status": "ok",
  "message": "Seek executed",
  "position_seconds": 0.466320037841797
}
ZmqGateway: received command payload: {"cmd":"seek","time":0.466320037841797}
ZmqGateway: dispatching payload to JUCE message thread.
VitHeadlessService: processing queued command on JUCE message thread: {"cmd":"seek","time":0.466320037841797}
Command received: {"cmd":"seek","time":0.466320037841797}
CommandDispatcher::handleSeek: position set to 0.4663s
Command executed: seek, result: {
  "status": "ok",
  "message": "Seek executed",
  "position_seconds": 0.466320037841797
}
VitHeadlessService: command reply (truncated): {
  "status": "ok",
  "message": "Seek executed",
  "position_seconds": 0.466320037841797
}
ZmqGateway: received command payload: {"cmd":"seek","time":0.466320037841797}
ZmqGateway: dispatching payload to JUCE message thread.
VitHeadlessService: processing queued command on JUCE message thread: {"cmd":"seek","time":0.466320037841797}
Command received: {"cmd":"seek","time":0.466320037841797}
CommandDispatcher::handleSeek: position set to 0.4663s
Command executed: seek, result: {
  "status": "ok",
  "message": "Seek executed",
  "position_seconds": 0.466320037841797
}
VitHeadlessService: command reply (truncated): {
  "status": "ok",
  "message": "Seek executed",
  "position_seconds": 0.466320037841797
}
ZmqGateway: received command payload: {"cmd":"seek","time":0.466320037841797}
ZmqGateway: dispatching payload to JUCE message thread.
VitHeadlessService: processing queued command on JUCE message thread: {"cmd":"seek","time":0.466320037841797}
Command received: {"cmd":"seek","time":0.466320037841797}
CommandDispatcher::handleSeek: position set to 0.4663s
Command executed: seek, result: {
  "status": "ok",
  "message": "Seek executed",
  "position_seconds": 0.466320037841797
}
VitHeadlessService: command reply (truncated): {
  "status": "ok",
  "message": "Seek executed",
  "position_seconds": 0.466320037841797
}
ZmqGateway: received command payload: {"cmd":"seek","time":0.466320037841797}
ZmqGateway: dispatching payload to JUCE message thread.
VitHeadlessService: processing queued command on JUCE message thread: {"cmd":"seek","time":0.466320037841797}
Command received: {"cmd":"seek","time":0.466320037841797}
CommandDispatcher::handleSeek: position set to 0.4663s
Command executed: seek, result: {
  "status": "ok",
  "message": "Seek executed",
  "position_seconds": 0.466320037841797
}
VitHeadlessService: command reply (truncated): {
  "status": "ok",
  "message": "Seek executed",
  "position_seconds": 0.466320037841797
}
ZmqGateway: received command payload: {"cmd":"seek","time":0.466320037841797}
ZmqGateway: dispatching payload to JUCE message thread.
VitHeadlessService: processing queued command on JUCE message thread: {"cmd":"seek","time":0.466320037841797}
Command received: {"cmd":"seek","time":0.466320037841797}
CommandDispatcher::handleSeek: position set to 0.4663s
Command executed: seek, result: {
  "status": "ok",
  "message": "Seek executed",
  "position_seconds": 0.466320037841797
}
VitHeadlessService: command reply (truncated): {
  "status": "ok",
  "message": "Seek executed",
  "position_seconds": 0.466320037841797
}
ZmqGateway: received command payload: {"cmd":"seek","time":0.466320037841797}
ZmqGateway: dispatching payload to JUCE message thread.
VitHeadlessService: processing queued command on JUCE message thread: {"cmd":"seek","time":0.466320037841797}
Command received: {"cmd":"seek","time":0.466320037841797}
CommandDispatcher::handleSeek: position set to 0.4663s
Command executed: seek, result: {
  "status": "ok",
  "message": "Seek executed",
  "position_seconds": 0.466320037841797
}
VitHeadlessService: command reply (truncated): {
  "status": "ok",
  "message": "Seek executed",
  "position_seconds": 0.466320037841797
}
ZmqGateway: received command payload: {"cmd":"seek","time":0.466320037841797}
ZmqGateway: dispatching payload to JUCE message thread.
VitHeadlessService: processing queued command on JUCE message thread: {"cmd":"seek","time":0.466320037841797}
Command received: {"cmd":"seek","time":0.466320037841797}
CommandDispatcher::handleSeek: position set to 0.4663s
Command executed: seek, result: {
  "status": "ok",
  "message": "Seek executed",
  "position_seconds": 0.466320037841797
}
VitHeadlessService: command reply (truncated): {
  "status": "ok",
  "message": "Seek executed",
  "position_seconds": 0.466320037841797
}
ZmqGateway: received command payload: {"cmd":"seek","time":0.466320037841797}
ZmqGateway: dispatching payload to JUCE message thread.
VitHeadlessService: processing queued command on JUCE message thread: {"cmd":"seek","time":0.466320037841797}
Command received: {"cmd":"seek","time":0.466320037841797}
CommandDispatcher::handleSeek: position set to 0.4663s
Command executed: seek, result: {
  "status": "ok",
  "message": "Seek executed",
  "position_seconds": 0.466320037841797
}
VitHeadlessService: command reply (truncated): {
  "status": "ok",
  "message": "Seek executed",
  "position_seconds": 0.466320037841797
}
ZmqGateway: received command payload: {"cmd":"seek","time":0.466320037841797}
ZmqGateway: dispatching payload to JUCE message thread.
VitHeadlessService: processing queued command on JUCE message thread: {"cmd":"seek","time":0.466320037841797}
Command received: {"cmd":"seek","time":0.466320037841797}
CommandDispatcher::handleSeek: position set to 0.4663s
Command executed: seek, result: {
  "status": "ok",
  "message": "Seek executed",
  "position_seconds": 0.466320037841797
}
VitHeadlessService: command reply (truncated): {
  "status": "ok",
  "message": "Seek executed",
  "position_seconds": 0.466320037841797
}
ZmqGateway: received command payload: {"cmd":"seek","time":0.466320037841797}
ZmqGateway: dispatching payload to JUCE message thread.
VitHeadlessService: processing queued command on JUCE message thread: {"cmd":"seek","time":0.466320037841797}
Command received: {"cmd":"seek","time":0.466320037841797}
CommandDispatcher::handleSeek: position set to 0.4663s
Command executed: seek, result: {
  "status": "ok",
  "message": "Seek executed",
  "position_seconds": 0.466320037841797
}
VitHeadlessService: command reply (truncated): {
  "status": "ok",
  "message": "Seek executed",
  "position_seconds": 0.466320037841797
}
ZmqGateway: received command payload: {"cmd":"seek","time":0.466320037841797}
ZmqGateway: dispatching payload to JUCE message thread.
VitHeadlessService: processing queued command on JUCE message thread: {"cmd":"seek","time":0.466320037841797}
Command received: {"cmd":"seek","time":0.466320037841797}
CommandDispatcher::handleSeek: position set to 0.4663s
Command executed: seek, result: {
  "status": "ok",
  "message": "Seek executed",
  "position_seconds": 0.466320037841797
}
VitHeadlessService: command reply (truncated): {
  "status": "ok",
  "message": "Seek executed",
  "position_seconds": 0.466320037841797
}
ZmqGateway: received command payload: {"cmd":"seek","time":0.466320037841797}
ZmqGateway: dispatching payload to JUCE message thread.
VitHeadlessService: processing queued command on JUCE message thread: {"cmd":"seek","time":0.466320037841797}
Command received: {"cmd":"seek","time":0.466320037841797}
CommandDispatcher::handleSeek: position set to 0.4663s
Command executed: seek, result: {
  "status": "ok",
  "message": "Seek executed",
  "position_seconds": 0.466320037841797
}
VitHeadlessService: command reply (truncated): {
  "status": "ok",
  "message": "Seek executed",
  "position_seconds": 0.466320037841797
}
ZmqGateway: received command payload: {"cmd":"seek","time":0.466320037841797}
ZmqGateway: dispatching payload to JUCE message thread.
VitHeadlessService: processing queued command on JUCE message thread: {"cmd":"seek","time":0.466320037841797}
Command received: {"cmd":"seek","time":0.466320037841797}
CommandDispatcher::handleSeek: position set to 0.4663s
Command executed: seek, result: {
  "status": "ok",
  "message": "Seek executed",
  "position_seconds": 0.466320037841797
}
VitHeadlessService: command reply (truncated): {
  "status": "ok",
  "message": "Seek executed",
  "position_seconds": 0.466320037841797
}
ZmqGateway: received command payload: {"cmd":"seek","time":0.466320037841797}
ZmqGateway: dispatching payload to JUCE message thread.
VitHeadlessService: processing queued command on JUCE message thread: {"cmd":"seek","time":0.466320037841797}
Command received: {"cmd":"seek","time":0.466320037841797}
CommandDispatcher::handleSeek: position set to 0.4663s
Command executed: seek, result: {
  "status": "ok",
  "message": "Seek executed",
  "position_seconds": 0.466320037841797
}
VitHeadlessService: command reply (truncated): {
  "status": "ok",
  "message": "Seek executed",
  "position_seconds": 0.466320037841797
}
ZmqGateway: received command payload: {"cmd":"seek","time":0.466320037841797}
ZmqGateway: dispatching payload to JUCE message thread.
VitHeadlessService: processing queued command on JUCE message thread: {"cmd":"seek","time":0.466320037841797}
Command received: {"cmd":"seek","time":0.466320037841797}
CommandDispatcher::handleSeek: position set to 0.4663s
Command executed: seek, result: {
  "status": "ok",
  "message": "Seek executed",
  "position_seconds": 0.466320037841797
}
VitHeadlessService: command reply (truncated): {
  "status": "ok",
  "message": "Seek executed",
  "position_seconds": 0.466320037841797
}
ZmqGateway: received command payload: {"cmd":"seek","time":0.466320037841797}
ZmqGateway: dispatching payload to JUCE message thread.
VitHeadlessService: processing queued command on JUCE message thread: {"cmd":"seek","time":0.466320037841797}
Command received: {"cmd":"seek","time":0.466320037841797}
CommandDispatcher::handleSeek: position set to 0.4663s
Command executed: seek, result: {
  "status": "ok",
  "message": "Seek executed",
  "position_seconds": 0.466320037841797
}
VitHeadlessService: command reply (truncated): {
  "status": "ok",
  "message": "Seek executed",
  "position_seconds": 0.466320037841797
}
ZmqGateway: received command payload: {"cmd":"seek","time":0.466320037841797}
ZmqGateway: dispatching payload to JUCE message thread.
VitHeadlessService: processing queued command on JUCE message thread: {"cmd":"seek","time":0.466320037841797}
Command received: {"cmd":"seek","time":0.466320037841797}
CommandDispatcher::handleSeek: position set to 0.4663s
Command executed: seek, result: {
  "status": "ok",
  "message": "Seek executed",
  "position_seconds": 0.466320037841797
}
VitHeadlessService: command reply (truncated): {
  "status": "ok",
  "message": "Seek executed",
  "position_seconds": 0.466320037841797
}
ZmqGateway: received command payload: {"cmd":"seek","time":0.466320037841797}
ZmqGateway: dispatching payload to JUCE message thread.
VitHeadlessService: processing queued command on JUCE message thread: {"cmd":"seek","time":0.466320037841797}
Command received: {"cmd":"seek","time":0.466320037841797}
CommandDispatcher::handleSeek: position set to 0.4663s
Command executed: seek, result: {
  "status": "ok",
  "message": "Seek executed",
  "position_seconds": 0.466320037841797
}
VitHeadlessService: command reply (truncated): {
  "status": "ok",
  "message": "Seek executed",
  "position_seconds": 0.466320037841797
}
ZmqGateway: received command payload: {"cmd":"seek","time":0.419687271118164}
ZmqGateway: dispatching payload to JUCE message thread.
VitHeadlessService: processing queued command on JUCE message thread: {"cmd":"seek","time":0.419687271118164}
Command received: {"cmd":"seek","time":0.419687271118164}
CommandDispatcher::handleSeek: position set to 0.4197s
Command executed: seek, result: {
  "status": "ok",
  "message": "Seek executed",
  "position_seconds": 0.419687271118164
}
VitHeadlessService: command reply (truncated): {
  "status": "ok",
  "message": "Seek executed",
  "position_seconds": 0.419687271118164
}
ZmqGateway: received command payload: {"cmd":"seek","time":0.341967582702637}
ZmqGateway: dispatching payload to JUCE message thread.
VitHeadlessService: processing queued command on JUCE message thread: {"cmd":"seek","time":0.341967582702637}
Command received: {"cmd":"seek","time":0.341967582702637}
CommandDispatcher::handleSeek: position set to 0.3420s
Command executed: seek, result: {
  "status": "ok",
  "message": "Seek executed",
  "position_seconds": 0.341967582702637
}
VitHeadlessService: command reply (truncated): {
  "status": "ok",
  "message": "Seek executed",
  "position_seconds": 0.341967582702637
}
ZmqGateway: received command payload: {"cmd":"seek","time":0.279790878295898}
ZmqGateway: dispatching payload to JUCE message thread.
VitHeadlessService: processing queued command on JUCE message thread: {"cmd":"seek","time":0.279790878295898}
Command received: {"cmd":"seek","time":0.279790878295898}
CommandDispatcher::handleSeek: position set to 0.2798s
Command executed: seek, result: {
  "status": "ok",
  "message": "Seek executed",
  "position_seconds": 0.279790878295898
}
VitHeadlessService: command reply (truncated): {
  "status": "ok",
  "message": "Seek executed",
  "position_seconds": 0.279790878295898
}
ZmqGateway: received command payload: {"cmd":"seek","time":0.248703002929688}
ZmqGateway: dispatching payload to JUCE message thread.
VitHeadlessService: processing queued command on JUCE message thread: {"cmd":"seek","time":0.248703002929688}
Command received: {"cmd":"seek","time":0.248703002929688}
CommandDispatcher::handleSeek: position set to 0.2487s
Command executed: seek, result: {
  "status": "ok",
  "message": "Seek executed",
  "position_seconds": 0.248703002929688
}
VitHeadlessService: command reply (truncated): {
  "status": "ok",
  "message": "Seek executed",
  "position_seconds": 0.248703002929688
}
ZmqGateway: received command payload: {"cmd":"seek","time":0.202071189880371}
ZmqGateway: dispatching payload to JUCE message thread.
VitHeadlessService: processing queued command on JUCE message thread: {"cmd":"seek","time":0.202071189880371}
Command received: {"cmd":"seek","time":0.202071189880371}
CommandDispatcher::handleSeek: position set to 0.2021s
Command executed: seek, result: {
  "status": "ok",
  "message": "Seek executed",
  "position_seconds": 0.202071189880371
}
VitHeadlessService: command reply (truncated): {
  "status": "ok",
  "message": "Seek executed",
  "position_seconds": 0.202071189880371
}
ZmqGateway: received command payload: {"cmd":"seek","time":0.17098331451416}
ZmqGateway: dispatching payload to JUCE message thread.
VitHeadlessService: processing queued command on JUCE message thread: {"cmd":"seek","time":0.17098331451416}
Command received: {"cmd":"seek","time":0.17098331451416}
CommandDispatcher::handleSeek: position set to 0.1710s
Command executed: seek, result: {
  "status": "ok",
  "message": "Seek executed",
  "position_seconds": 0.17098331451416
}
VitHeadlessService: command reply (truncated): {
  "status": "ok",
  "message": "Seek executed",
  "position_seconds": 0.17098331451416
}
ZmqGateway: received command payload: {"cmd":"seek","time":0.155439376831055}
ZmqGateway: dispatching payload to JUCE message thread.
VitHeadlessService: processing queued command on JUCE message thread: {"cmd":"seek","time":0.155439376831055}
Command received: {"cmd":"seek","time":0.155439376831055}
CommandDispatcher::handleSeek: position set to 0.1554s
Command executed: seek, result: {
  "status": "ok",
  "message": "Seek executed",
  "position_seconds": 0.155439376831055
}
VitHeadlessService: command reply (truncated): {
  "status": "ok",
  "message": "Seek executed",
  "position_seconds": 0.155439376831055
}
ZmqGateway: received command payload: {"cmd":"seek","time":0.155439376831055}
ZmqGateway: dispatching payload to JUCE message thread.
VitHeadlessService: processing queued command on JUCE message thread: {"cmd":"seek","time":0.155439376831055}
Command received: {"cmd":"seek","time":0.155439376831055}
CommandDispatcher::handleSeek: position set to 0.1554s
Command executed: seek, result: {
  "status": "ok",
  "message": "Seek executed",
  "position_seconds": 0.155439376831055
}
VitHeadlessService: command reply (truncated): {
  "status": "ok",
  "message": "Seek executed",
  "position_seconds": 0.155439376831055
}
ZmqGateway: received command payload: {"cmd":"seek","time":0.155439376831055}
ZmqGateway: dispatching payload to JUCE message thread.
VitHeadlessService: processing queued command on JUCE message thread: {"cmd":"seek","time":0.155439376831055}
Command received: {"cmd":"seek","time":0.155439376831055}
CommandDispatcher::handleSeek: position set to 0.1554s
Command executed: seek, result: {
  "status": "ok",
  "message": "Seek executed",
  "position_seconds": 0.155439376831055
}
VitHeadlessService: command reply (truncated): {
  "status": "ok",
  "message": "Seek executed",
  "position_seconds": 0.155439376831055
}
ZmqGateway: received command payload: {"cmd":"seek","time":0.155439376831055}
ZmqGateway: dispatching payload to JUCE message thread.
VitHeadlessService: processing queued command on JUCE message thread: {"cmd":"seek","time":0.155439376831055}
Command received: {"cmd":"seek","time":0.155439376831055}
CommandDispatcher::handleSeek: position set to 0.1554s
Command executed: seek, result: {
  "status": "ok",
  "message": "Seek executed",
  "position_seconds": 0.155439376831055
}
VitHeadlessService: command reply (truncated): {
  "status": "ok",
  "message": "Seek executed",
  "position_seconds": 0.155439376831055
}
ZmqGateway: received command payload: {"cmd":"seek","time":0.155439376831055}
ZmqGateway: dispatching payload to JUCE message thread.
VitHeadlessService: processing queued command on JUCE message thread: {"cmd":"seek","time":0.155439376831055}
Command received: {"cmd":"seek","time":0.155439376831055}
CommandDispatcher::handleSeek: position set to 0.1554s
Command executed: seek, result: {
  "status": "ok",
  "message": "Seek executed",
  "position_seconds": 0.155439376831055
}
VitHeadlessService: command reply (truncated): {
  "status": "ok",
  "message": "Seek executed",
  "position_seconds": 0.155439376831055
}
ZmqGateway: received command payload: {"cmd":"seek","time":0.155439376831055}
ZmqGateway: dispatching payload to JUCE message thread.
VitHeadlessService: processing queued command on JUCE message thread: {"cmd":"seek","time":0.155439376831055}
Command received: {"cmd":"seek","time":0.155439376831055}
CommandDispatcher::handleSeek: position set to 0.1554s
Command executed: seek, result: {
  "status": "ok",
  "message": "Seek executed",
  "position_seconds": 0.155439376831055
}
VitHeadlessService: command reply (truncated): {
  "status": "ok",
  "message": "Seek executed",
  "position_seconds": 0.155439376831055
}
ZmqGateway: received command payload: {"cmd":"seek","time":0.155439376831055}
ZmqGateway: dispatching payload to JUCE message thread.
VitHeadlessService: processing queued command on JUCE message thread: {"cmd":"seek","time":0.155439376831055}
Command received: {"cmd":"seek","time":0.155439376831055}
CommandDispatcher::handleSeek: position set to 0.1554s
Command executed: seek, result: {
  "status": "ok",
  "message": "Seek executed",
  "position_seconds": 0.155439376831055
}
VitHeadlessService: command reply (truncated): {
  "status": "ok",
  "message": "Seek executed",
  "position_seconds": 0.155439376831055
}
ZmqGateway: received command payload: {"cmd":"seek","time":0.155439376831055}
ZmqGateway: dispatching payload to JUCE message thread.
VitHeadlessService: processing queued command on JUCE message thread: {"cmd":"seek","time":0.155439376831055}
Command received: {"cmd":"seek","time":0.155439376831055}
CommandDispatcher::handleSeek: position set to 0.1554s
Command executed: seek, result: {
  "status": "ok",
  "message": "Seek executed",
  "position_seconds": 0.155439376831055
}
VitHeadlessService: command reply (truncated): {
  "status": "ok",
  "message": "Seek executed",
  "position_seconds": 0.155439376831055
}
ZmqGateway: received command payload: {"cmd":"seek","time":0.155439376831055}
ZmqGateway: dispatching payload to JUCE message thread.
VitHeadlessService: processing queued command on JUCE message thread: {"cmd":"seek","time":0.155439376831055}
Command received: {"cmd":"seek","time":0.155439376831055}
CommandDispatcher::handleSeek: position set to 0.1554s
Command executed: seek, result: {
  "status": "ok",
  "message": "Seek executed",
  "position_seconds": 0.155439376831055
}
VitHeadlessService: command reply (truncated): {
  "status": "ok",
  "message": "Seek executed",
  "position_seconds": 0.155439376831055
}
ZmqGateway: received command payload: {"cmd":"seek","time":0.155439376831055}
ZmqGateway: dispatching payload to JUCE message thread.
VitHeadlessService: processing queued command on JUCE message thread: {"cmd":"seek","time":0.155439376831055}
Command received: {"cmd":"seek","time":0.155439376831055}
CommandDispatcher::handleSeek: position set to 0.1554s
Command executed: seek, result: {
  "status": "ok",
  "message": "Seek executed",
  "position_seconds": 0.155439376831055
}
VitHeadlessService: command reply (truncated): {
  "status": "ok",
  "message": "Seek executed",
  "position_seconds": 0.155439376831055
}
ZmqGateway: received command payload: {"cmd":"seek","time":0.155439376831055}
ZmqGateway: dispatching payload to JUCE message thread.
VitHeadlessService: processing queued command on JUCE message thread: {"cmd":"seek","time":0.155439376831055}
Command received: {"cmd":"seek","time":0.155439376831055}
CommandDispatcher::handleSeek: position set to 0.1554s
Command executed: seek, result: {
  "status": "ok",
  "message": "Seek executed",
  "position_seconds": 0.155439376831055
}
VitHeadlessService: command reply (truncated): {
  "status": "ok",
  "message": "Seek executed",
  "position_seconds": 0.155439376831055
}
ZmqGateway: received command payload: {"cmd":"seek","time":0.155439376831055}
ZmqGateway: dispatching payload to JUCE message thread.
VitHeadlessService: processing queued command on JUCE message thread: {"cmd":"seek","time":0.155439376831055}
Command received: {"cmd":"seek","time":0.155439376831055}
CommandDispatcher::handleSeek: position set to 0.1554s
Command executed: seek, result: {
  "status": "ok",
  "message": "Seek executed",
  "position_seconds": 0.155439376831055
}
VitHeadlessService: command reply (truncated): {
  "status": "ok",
  "message": "Seek executed",
  "position_seconds": 0.155439376831055
}
ZmqGateway: received command payload: {"cmd":"seek","time":0.155439376831055}
ZmqGateway: dispatching payload to JUCE message thread.
VitHeadlessService: processing queued command on JUCE message thread: {"cmd":"seek","time":0.155439376831055}
Command received: {"cmd":"seek","time":0.155439376831055}
CommandDispatcher::handleSeek: position set to 0.1554s
Command executed: seek, result: {
  "status": "ok",
  "message": "Seek executed",
  "position_seconds": 0.155439376831055
}
VitHeadlessService: command reply (truncated): {
  "status": "ok",
  "message": "Seek executed",
  "position_seconds": 0.155439376831055
}
ZmqGateway: received command payload: {"cmd":"seek","time":0.155439376831055}
ZmqGateway: dispatching payload to JUCE message thread.
VitHeadlessService: processing queued command on JUCE message thread: {"cmd":"seek","time":0.155439376831055}
Command received: {"cmd":"seek","time":0.155439376831055}
CommandDispatcher::handleSeek: position set to 0.1554s
Command executed: seek, result: {
  "status": "ok",
  "message": "Seek executed",
  "position_seconds": 0.155439376831055
}
VitHeadlessService: command reply (truncated): {
  "status": "ok",
  "message": "Seek executed",
  "position_seconds": 0.155439376831055
}
ZmqGateway: received command payload: {"cmd":"seek","time":0.155439376831055}
ZmqGateway: dispatching payload to JUCE message thread.
VitHeadlessService: processing queued command on JUCE message thread: {"cmd":"seek","time":0.155439376831055}
Command received: {"cmd":"seek","time":0.155439376831055}
CommandDispatcher::handleSeek: position set to 0.1554s
Command executed: seek, result: {
  "status": "ok",
  "message": "Seek executed",
  "position_seconds": 0.155439376831055
}
VitHeadlessService: command reply (truncated): {
  "status": "ok",
  "message": "Seek executed",
  "position_seconds": 0.155439376831055
}
ZmqGateway: received command payload: {"cmd":"seek","time":0.155439376831055}
ZmqGateway: dispatching payload to JUCE message thread.
VitHeadlessService: processing queued command on JUCE message thread: {"cmd":"seek","time":0.155439376831055}
Command received: {"cmd":"seek","time":0.155439376831055}
CommandDispatcher::handleSeek: position set to 0.1554s
Command executed: seek, result: {
  "status": "ok",
  "message": "Seek executed",
  "position_seconds": 0.155439376831055
}
VitHeadlessService: command reply (truncated): {
  "status": "ok",
  "message": "Seek executed",
  "position_seconds": 0.155439376831055
}
ZmqGateway: received command payload: {"cmd":"seek","time":0.155439376831055}
ZmqGateway: dispatching payload to JUCE message thread.
VitHeadlessService: processing queued command on JUCE message thread: {"cmd":"seek","time":0.155439376831055}
Command received: {"cmd":"seek","time":0.155439376831055}
CommandDispatcher::handleSeek: position set to 0.1554s
Command executed: seek, result: {
  "status": "ok",
  "message": "Seek executed",
  "position_seconds": 0.155439376831055
}
VitHeadlessService: command reply (truncated): {
  "status": "ok",
  "message": "Seek executed",
  "position_seconds": 0.155439376831055
}
ZmqGateway: received command payload: {"cmd":"seek","time":0.155439376831055}
ZmqGateway: dispatching payload to JUCE message thread.
VitHeadlessService: processing queued command on JUCE message thread: {"cmd":"seek","time":0.155439376831055}
Command received: {"cmd":"seek","time":0.155439376831055}
CommandDispatcher::handleSeek: position set to 0.1554s
Command executed: seek, result: {
  "status": "ok",
  "message": "Seek executed",
  "position_seconds": 0.155439376831055
}
VitHeadlessService: command reply (truncated): {
  "status": "ok",
  "message": "Seek executed",
  "position_seconds": 0.155439376831055
}
ZmqGateway: received command payload: {"cmd":"seek","time":0.155439376831055}
ZmqGateway: dispatching payload to JUCE message thread.
VitHeadlessService: processing queued command on JUCE message thread: {"cmd":"seek","time":0.155439376831055}
Command received: {"cmd":"seek","time":0.155439376831055}
CommandDispatcher::handleSeek: position set to 0.1554s
Command executed: seek, result: {
  "status": "ok",
  "message": "Seek executed",
  "position_seconds": 0.155439376831055
}
VitHeadlessService: command reply (truncated): {
  "status": "ok",
  "message": "Seek executed",
  "position_seconds": 0.155439376831055
}
ZmqGateway: received command payload: {"cmd":"seek","time":0.155439376831055}
ZmqGateway: dispatching payload to JUCE message thread.
VitHeadlessService: processing queued command on JUCE message thread: {"cmd":"seek","time":0.155439376831055}
Command received: {"cmd":"seek","time":0.155439376831055}
CommandDispatcher::handleSeek: position set to 0.1554s
Command executed: seek, result: {
  "status": "ok",
  "message": "Seek executed",
  "position_seconds": 0.155439376831055
}
VitHeadlessService: command reply (truncated): {
  "status": "ok",
  "message": "Seek executed",
  "position_seconds": 0.155439376831055
}
ZmqGateway: received command payload: {"cmd":"seek","time":0.155439376831055}
ZmqGateway: dispatching payload to JUCE message thread.
VitHeadlessService: processing queued command on JUCE message thread: {"cmd":"seek","time":0.155439376831055}
Command received: {"cmd":"seek","time":0.155439376831055}
CommandDispatcher::handleSeek: position set to 0.1554s
Command executed: seek, result: {
  "status": "ok",
  "message": "Seek executed",
  "position_seconds": 0.155439376831055
}
VitHeadlessService: command reply (truncated): {
  "status": "ok",
  "message": "Seek executed",
  "position_seconds": 0.155439376831055
}
ZmqGateway: received command payload: {"cmd":"seek","time":0.155439376831055}
ZmqGateway: dispatching payload to JUCE message thread.
VitHeadlessService: processing queued command on JUCE message thread: {"cmd":"seek","time":0.155439376831055}
Command received: {"cmd":"seek","time":0.155439376831055}
CommandDispatcher::handleSeek: position set to 0.1554s
Command executed: seek, result: {
  "status": "ok",
  "message": "Seek executed",
  "position_seconds": 0.155439376831055
}
VitHeadlessService: command reply (truncated): {
  "status": "ok",
  "message": "Seek executed",
  "position_seconds": 0.155439376831055
}
ZmqGateway: received command payload: {"cmd":"seek","time":0.155439376831055}
ZmqGateway: dispatching payload to JUCE message thread.
VitHeadlessService: processing queued command on JUCE message thread: {"cmd":"seek","time":0.155439376831055}
Command received: {"cmd":"seek","time":0.155439376831055}
CommandDispatcher::handleSeek: position set to 0.1554s
Command executed: seek, result: {
  "status": "ok",
  "message": "Seek executed",
  "position_seconds": 0.155439376831055
}
VitHeadlessService: command reply (truncated): {
  "status": "ok",
  "message": "Seek executed",
  "position_seconds": 0.155439376831055
}
ZmqGateway: received command payload: {"cmd":"seek","time":0.155439376831055}
ZmqGateway: dispatching payload to JUCE message thread.
VitHeadlessService: processing queued command on JUCE message thread: {"cmd":"seek","time":0.155439376831055}
Command received: {"cmd":"seek","time":0.155439376831055}
CommandDispatcher::handleSeek: position set to 0.1554s
Command executed: seek, result: {
  "status": "ok",
  "message": "Seek executed",
  "position_seconds": 0.155439376831055
}
VitHeadlessService: command reply (truncated): {
  "status": "ok",
  "message": "Seek executed",
  "position_seconds": 0.155439376831055
}
ZmqGateway: received command payload: {"cmd":"seek","time":0.155439376831055}
ZmqGateway: dispatching payload to JUCE message thread.
VitHeadlessService: processing queued command on JUCE message thread: {"cmd":"seek","time":0.155439376831055}
Command received: {"cmd":"seek","time":0.155439376831055}
CommandDispatcher::handleSeek: position set to 0.1554s
Command executed: seek, result: {
  "status": "ok",
  "message": "Seek executed",
  "position_seconds": 0.155439376831055
}
VitHeadlessService: command reply (truncated): {
  "status": "ok",
  "message": "Seek executed",
  "position_seconds": 0.155439376831055
}
ZmqGateway: received command payload: {"cmd":"seek","time":0.155439376831055}
ZmqGateway: dispatching payload to JUCE message thread.
VitHeadlessService: processing queued command on JUCE message thread: {"cmd":"seek","time":0.155439376831055}
Command received: {"cmd":"seek","time":0.155439376831055}
CommandDispatcher::handleSeek: position set to 0.1554s
Command executed: seek, result: {
  "status": "ok",
  "message": "Seek executed",
  "position_seconds": 0.155439376831055
}
VitHeadlessService: command reply (truncated): {
  "status": "ok",
  "message": "Seek executed",
  "position_seconds": 0.155439376831055
}
ZmqGateway: received command payload: {"cmd":"seek","time":0.155439376831055}
ZmqGateway: dispatching payload to JUCE message thread.
VitHeadlessService: processing queued command on JUCE message thread: {"cmd":"seek","time":0.155439376831055}
Command received: {"cmd":"seek","time":0.155439376831055}
CommandDispatcher::handleSeek: position set to 0.1554s
Command executed: seek, result: {
  "status": "ok",
  "message": "Seek executed",
  "position_seconds": 0.155439376831055
}
VitHeadlessService: command reply (truncated): {
  "status": "ok",
  "message": "Seek executed",
  "position_seconds": 0.155439376831055
}
ZmqGateway: received command payload: {"cmd":"seek","time":0.155439376831055}
ZmqGateway: dispatching payload to JUCE message thread.
VitHeadlessService: processing queued command on JUCE message thread: {"cmd":"seek","time":0.155439376831055}
Command received: {"cmd":"seek","time":0.155439376831055}
CommandDispatcher::handleSeek: position set to 0.1554s
Command executed: seek, result: {
  "status": "ok",
  "message": "Seek executed",
  "position_seconds": 0.155439376831055
}
VitHeadlessService: command reply (truncated): {
  "status": "ok",
  "message": "Seek executed",
  "position_seconds": 0.155439376831055
}
ZmqGateway: received command payload: {"cmd":"seek","time":0.155439376831055}
ZmqGateway: dispatching payload to JUCE message thread.
VitHeadlessService: processing queued command on JUCE message thread: {"cmd":"seek","time":0.155439376831055}
Command received: {"cmd":"seek","time":0.155439376831055}
CommandDispatcher::handleSeek: position set to 0.1554s
Command executed: seek, result: {
  "status": "ok",
  "message": "Seek executed",
  "position_seconds": 0.155439376831055
}
VitHeadlessService: command reply (truncated): {
  "status": "ok",
  "message": "Seek executed",
  "position_seconds": 0.155439376831055
}
ZmqGateway: received command payload: {"cmd":"seek","time":0.155439376831055}
ZmqGateway: dispatching payload to JUCE message thread.
VitHeadlessService: processing queued command on JUCE message thread: {"cmd":"seek","time":0.155439376831055}
Command received: {"cmd":"seek","time":0.155439376831055}
CommandDispatcher::handleSeek: position set to 0.1554s
Command executed: seek, result: {
  "status": "ok",
  "message": "Seek executed",
  "position_seconds": 0.155439376831055
}
VitHeadlessService: command reply (truncated): {
  "status": "ok",
  "message": "Seek executed",
  "position_seconds": 0.155439376831055
}
ZmqGateway: received command payload: {"cmd":"seek","time":0.155439376831055}
ZmqGateway: dispatching payload to JUCE message thread.
VitHeadlessService: processing queued command on JUCE message thread: {"cmd":"seek","time":0.155439376831055}
Command received: {"cmd":"seek","time":0.155439376831055}
CommandDispatcher::handleSeek: position set to 0.1554s
Command executed: seek, result: {
  "status": "ok",
  "message": "Seek executed",
  "position_seconds": 0.155439376831055
}
VitHeadlessService: command reply (truncated): {
  "status": "ok",
  "message": "Seek executed",
  "position_seconds": 0.155439376831055
}
ZmqGateway: received command payload: {"cmd":"seek","time":0.155439376831055}
ZmqGateway: dispatching payload to JUCE message thread.
VitHeadlessService: processing queued command on JUCE message thread: {"cmd":"seek","time":0.155439376831055}
Command received: {"cmd":"seek","time":0.155439376831055}
CommandDispatcher::handleSeek: position set to 0.1554s
Command executed: seek, result: {
  "status": "ok",
  "message": "Seek executed",
  "position_seconds": 0.155439376831055
}
VitHeadlessService: command reply (truncated): {
  "status": "ok",
  "message": "Seek executed",
  "position_seconds": 0.155439376831055
}
ZmqGateway: received command payload: {"cmd":"seek","time":0.139894485473633}
ZmqGateway: dispatching payload to JUCE message thread.
VitHeadlessService: processing queued command on JUCE message thread: {"cmd":"seek","time":0.139894485473633}
Command received: {"cmd":"seek","time":0.139894485473633}
CommandDispatcher::handleSeek: position set to 0.1399s
Command executed: seek, result: {
  "status": "ok",
  "message": "Seek executed",
  "position_seconds": 0.139894485473633
}
VitHeadlessService: command reply (truncated): {
  "status": "ok",
  "message": "Seek executed",
  "position_seconds": 0.139894485473633
}
ZmqGateway: received command payload: {"cmd":"seek","time":0.124350547790527}
ZmqGateway: dispatching payload to JUCE message thread.
VitHeadlessService: processing queued command on JUCE message thread: {"cmd":"seek","time":0.124350547790527}
Command received: {"cmd":"seek","time":0.124350547790527}
CommandDispatcher::handleSeek: position set to 0.1244s
Command executed: seek, result: {
  "status": "ok",
  "message": "Seek executed",
  "position_seconds": 0.124350547790527
}
VitHeadlessService: command reply (truncated): {
  "status": "ok",
  "message": "Seek executed",
  "position_seconds": 0.124350547790527
}
ZmqGateway: received command payload: {"cmd":"seek","time":0.108806610107422}
ZmqGateway: dispatching payload to JUCE message thread.
VitHeadlessService: processing queued command on JUCE message thread: {"cmd":"seek","time":0.108806610107422}
Command received: {"cmd":"seek","time":0.108806610107422}
CommandDispatcher::handleSeek: position set to 0.1088s
Command executed: seek, result: {
  "status": "ok",
  "message": "Seek executed",
  "position_seconds": 0.108806610107422
}
VitHeadlessService: command reply (truncated): {
  "status": "ok",
  "message": "Seek executed",
  "position_seconds": 0.108806610107422
}
ZmqGateway: received command payload: {"cmd":"seek","time":0.108806610107422}
ZmqGateway: dispatching payload to JUCE message thread.
VitHeadlessService: processing queued command on JUCE message thread: {"cmd":"seek","time":0.108806610107422}
Command received: {"cmd":"seek","time":0.108806610107422}
CommandDispatcher::handleSeek: position set to 0.1088s
Command executed: seek, result: {
  "status": "ok",
  "message": "Seek executed",
  "position_seconds": 0.108806610107422
}
VitHeadlessService: command reply (truncated): {
  "status": "ok",
  "message": "Seek executed",
  "position_seconds": 0.108806610107422
}
ZmqGateway: received command payload: {"cmd":"seek","time":0.108806610107422}
ZmqGateway: dispatching payload to JUCE message thread.
VitHeadlessService: processing queued command on JUCE message thread: {"cmd":"seek","time":0.108806610107422}
Command received: {"cmd":"seek","time":0.108806610107422}
CommandDispatcher::handleSeek: position set to 0.1088s
Command executed: seek, result: {
  "status": "ok",
  "message": "Seek executed",
  "position_seconds": 0.108806610107422
}
VitHeadlessService: command reply (truncated): {
  "status": "ok",
  "message": "Seek executed",
  "position_seconds": 0.108806610107422
}
ZmqGateway: received command payload: {"cmd":"seek","time":0.108806610107422}
ZmqGateway: dispatching payload to JUCE message thread.
VitHeadlessService: processing queued command on JUCE message thread: {"cmd":"seek","time":0.108806610107422}
Command received: {"cmd":"seek","time":0.108806610107422}
CommandDispatcher::handleSeek: position set to 0.1088s
Command executed: seek, result: {
  "status": "ok",
  "message": "Seek executed",
  "position_seconds": 0.108806610107422
}
VitHeadlessService: command reply (truncated): {
  "status": "ok",
  "message": "Seek executed",
  "position_seconds": 0.108806610107422
}
ZmqGateway: received command payload: {"cmd":"seek","time":0.108806610107422}
ZmqGateway: dispatching payload to JUCE message thread.
VitHeadlessService: processing queued command on JUCE message thread: {"cmd":"seek","time":0.108806610107422}
Command received: {"cmd":"seek","time":0.108806610107422}
CommandDispatcher::handleSeek: position set to 0.1088s
Command executed: seek, result: {
  "status": "ok",
  "message": "Seek executed",
  "position_seconds": 0.108806610107422
}
VitHeadlessService: command reply (truncated): {
  "status": "ok",
  "message": "Seek executed",
  "position_seconds": 0.108806610107422
}
ZmqGateway: received command payload: {"cmd":"seek","time":0.108806610107422}
ZmqGateway: dispatching payload to JUCE message thread.
VitHeadlessService: processing queued command on JUCE message thread: {"cmd":"seek","time":0.108806610107422}
Command received: {"cmd":"seek","time":0.108806610107422}
CommandDispatcher::handleSeek: position set to 0.1088s
Command executed: seek, result: {
  "status": "ok",
  "message": "Seek executed",
  "position_seconds": 0.108806610107422
}
VitHeadlessService: command reply (truncated): {
  "status": "ok",
  "message": "Seek executed",
  "position_seconds": 0.108806610107422
}
ZmqGateway: received command payload: {"cmd":"seek","time":0.108806610107422}
ZmqGateway: dispatching payload to JUCE message thread.
VitHeadlessService: processing queued command on JUCE message thread: {"cmd":"seek","time":0.108806610107422}
Command received: {"cmd":"seek","time":0.108806610107422}
CommandDispatcher::handleSeek: position set to 0.1088s
Command executed: seek, result: {
  "status": "ok",
  "message": "Seek executed",
  "position_seconds": 0.108806610107422
}
VitHeadlessService: command reply (truncated): {
  "status": "ok",
  "message": "Seek executed",
  "position_seconds": 0.108806610107422
}
ZmqGateway: received command payload: {"cmd":"seek","time":0.108806610107422}
ZmqGateway: dispatching payload to JUCE message thread.
VitHeadlessService: processing queued command on JUCE message thread: {"cmd":"seek","time":0.108806610107422}
Command received: {"cmd":"seek","time":0.108806610107422}
CommandDispatcher::handleSeek: position set to 0.1088s
Command executed: seek, result: {
  "status": "ok",
  "message": "Seek executed",
  "position_seconds": 0.108806610107422
}
VitHeadlessService: command reply (truncated): {
  "status": "ok",
  "message": "Seek executed",
  "position_seconds": 0.108806610107422
}
ZmqGateway: received command payload: {"cmd":"seek","time":0.108806610107422}
ZmqGateway: dispatching payload to JUCE message thread.
VitHeadlessService: processing queued command on JUCE message thread: {"cmd":"seek","time":0.108806610107422}
Command received: {"cmd":"seek","time":0.108806610107422}
CommandDispatcher::handleSeek: position set to 0.1088s
Command executed: seek, result: {
  "status": "ok",
  "message": "Seek executed",
  "position_seconds": 0.108806610107422
}
VitHeadlessService: command reply (truncated): {
  "status": "ok",
  "message": "Seek executed",
  "position_seconds": 0.108806610107422
}
ZmqGateway: received command payload: {"cmd":"seek","time":0.108806610107422}
ZmqGateway: dispatching payload to JUCE message thread.
VitHeadlessService: processing queued command on JUCE message thread: {"cmd":"seek","time":0.108806610107422}
Command received: {"cmd":"seek","time":0.108806610107422}
CommandDispatcher::handleSeek: position set to 0.1088s
Command executed: seek, result: {
  "status": "ok",
  "message": "Seek executed",
  "position_seconds": 0.108806610107422
}
VitHeadlessService: command reply (truncated): {
  "status": "ok",
  "message": "Seek executed",
  "position_seconds": 0.108806610107422
}
ZmqGateway: received command payload: {"cmd":"seek","time":0.108806610107422}
ZmqGateway: dispatching payload to JUCE message thread.
VitHeadlessService: processing queued command on JUCE message thread: {"cmd":"seek","time":0.108806610107422}
Command received: {"cmd":"seek","time":0.108806610107422}
CommandDispatcher::handleSeek: position set to 0.1088s
Command executed: seek, result: {
  "status": "ok",
  "message": "Seek executed",
  "position_seconds": 0.108806610107422
}
VitHeadlessService: command reply (truncated): {
  "status": "ok",
  "message": "Seek executed",
  "position_seconds": 0.108806610107422
}
ZmqGateway: received command payload: {"cmd":"seek","time":0.108806610107422}
ZmqGateway: dispatching payload to JUCE message thread.
VitHeadlessService: processing queued command on JUCE message thread: {"cmd":"seek","time":0.108806610107422}
Command received: {"cmd":"seek","time":0.108806610107422}
CommandDispatcher::handleSeek: position set to 0.1088s
Command executed: seek, result: {
  "status": "ok",
  "message": "Seek executed",
  "position_seconds": 0.108806610107422
}
VitHeadlessService: command reply (truncated): {
  "status": "ok",
  "message": "Seek executed",
  "position_seconds": 0.108806610107422
}
ZmqGateway: received command payload: {"cmd":"seek","time":0.108806610107422}
ZmqGateway: dispatching payload to JUCE message thread.
VitHeadlessService: processing queued command on JUCE message thread: {"cmd":"seek","time":0.108806610107422}
Command received: {"cmd":"seek","time":0.108806610107422}
CommandDispatcher::handleSeek: position set to 0.1088s
Command executed: seek, result: {
  "status": "ok",
  "message": "Seek executed",
  "position_seconds": 0.108806610107422
}
VitHeadlessService: command reply (truncated): {
  "status": "ok",
  "message": "Seek executed",
  "position_seconds": 0.108806610107422
}
ZmqGateway: received command payload: {"cmd":"seek","time":0.108806610107422}
ZmqGateway: dispatching payload to JUCE message thread.
VitHeadlessService: processing queued command on JUCE message thread: {"cmd":"seek","time":0.108806610107422}
Command received: {"cmd":"seek","time":0.108806610107422}
CommandDispatcher::handleSeek: position set to 0.1088s
Command executed: seek, result: {
  "status": "ok",
  "message": "Seek executed",
  "position_seconds": 0.108806610107422
}
VitHeadlessService: command reply (truncated): {
  "status": "ok",
  "message": "Seek executed",
  "position_seconds": 0.108806610107422
}
ZmqGateway: received command payload: {"cmd":"seek","time":0.108806610107422}
ZmqGateway: dispatching payload to JUCE message thread.
VitHeadlessService: processing queued command on JUCE message thread: {"cmd":"seek","time":0.108806610107422}
Command received: {"cmd":"seek","time":0.108806610107422}
CommandDispatcher::handleSeek: position set to 0.1088s
Command executed: seek, result: {
  "status": "ok",
  "message": "Seek executed",
  "position_seconds": 0.108806610107422
}
VitHeadlessService: command reply (truncated): {
  "status": "ok",
  "message": "Seek executed",
  "position_seconds": 0.108806610107422
}
ZmqGateway: received command payload: {"cmd":"seek","time":0.108806610107422}
ZmqGateway: dispatching payload to JUCE message thread.
VitHeadlessService: processing queued command on JUCE message thread: {"cmd":"seek","time":0.108806610107422}
Command received: {"cmd":"seek","time":0.108806610107422}
CommandDispatcher::handleSeek: position set to 0.1088s
Command executed: seek, result: {
  "status": "ok",
  "message": "Seek executed",
  "position_seconds": 0.108806610107422
}
VitHeadlessService: command reply (truncated): {
  "status": "ok",
  "message": "Seek executed",
  "position_seconds": 0.108806610107422
}
ZmqGateway: received command payload: {"cmd":"seek","time":0.108806610107422}
ZmqGateway: dispatching payload to JUCE message thread.
VitHeadlessService: processing queued command on JUCE message thread: {"cmd":"seek","time":0.108806610107422}
Command received: {"cmd":"seek","time":0.108806610107422}
CommandDispatcher::handleSeek: position set to 0.1088s
Command executed: seek, result: {
  "status": "ok",
  "message": "Seek executed",
  "position_seconds": 0.108806610107422
}
VitHeadlessService: command reply (truncated): {
  "status": "ok",
  "message": "Seek executed",
  "position_seconds": 0.108806610107422
}
ZmqGateway: received command payload: {"cmd":"seek","time":0.108806610107422}
ZmqGateway: dispatching payload to JUCE message thread.
VitHeadlessService: processing queued command on JUCE message thread: {"cmd":"seek","time":0.108806610107422}
Command received: {"cmd":"seek","time":0.108806610107422}
CommandDispatcher::handleSeek: position set to 0.1088s
Command executed: seek, result: {
  "status": "ok",
  "message": "Seek executed",
  "position_seconds": 0.108806610107422
}
VitHeadlessService: command reply (truncated): {
  "status": "ok",
  "message": "Seek executed",
  "position_seconds": 0.108806610107422
}
ZmqGateway: received command payload: {"cmd":"seek","time":0.108806610107422}
ZmqGateway: dispatching payload to JUCE message thread.
VitHeadlessService: processing queued command on JUCE message thread: {"cmd":"seek","time":0.108806610107422}
Command received: {"cmd":"seek","time":0.108806610107422}
CommandDispatcher::handleSeek: position set to 0.1088s
Command executed: seek, result: {
  "status": "ok",
  "message": "Seek executed",
  "position_seconds": 0.108806610107422
}
VitHeadlessService: command reply (truncated): {
  "status": "ok",
  "message": "Seek executed",
  "position_seconds": 0.108806610107422
}
ZmqGateway: received command payload: {"cmd":"seek","time":0.108806610107422}
ZmqGateway: dispatching payload to JUCE message thread.
VitHeadlessService: processing queued command on JUCE message thread: {"cmd":"seek","time":0.108806610107422}
Command received: {"cmd":"seek","time":0.108806610107422}
CommandDispatcher::handleSeek: position set to 0.1088s
Command executed: seek, result: {
  "status": "ok",
  "message": "Seek executed",
  "position_seconds": 0.108806610107422
}
VitHeadlessService: command reply (truncated): {
  "status": "ok",
  "message": "Seek executed",
  "position_seconds": 0.108806610107422
}
ZmqGateway: received command payload: {"cmd":"seek","time":0.108806610107422}
ZmqGateway: dispatching payload to JUCE message thread.
VitHeadlessService: processing queued command on JUCE message thread: {"cmd":"seek","time":0.108806610107422}
Command received: {"cmd":"seek","time":0.108806610107422}
CommandDispatcher::handleSeek: position set to 0.1088s
Command executed: seek, result: {
  "status": "ok",
  "message": "Seek executed",
  "position_seconds": 0.108806610107422
}
VitHeadlessService: command reply (truncated): {
  "status": "ok",
  "message": "Seek executed",
  "position_seconds": 0.108806610107422
}
ZmqGateway: received command payload: {"cmd":"seek","time":0.108806610107422}
ZmqGateway: dispatching payload to JUCE message thread.
VitHeadlessService: processing queued command on JUCE message thread: {"cmd":"seek","time":0.108806610107422}
Command received: {"cmd":"seek","time":0.108806610107422}
CommandDispatcher::handleSeek: position set to 0.1088s
Command executed: seek, result: {
  "status": "ok",
  "message": "Seek executed",
  "position_seconds": 0.108806610107422
}
VitHeadlessService: command reply (truncated): {
  "status": "ok",
  "message": "Seek executed",
  "position_seconds": 0.108806610107422
}
ZmqGateway: received command payload: {"cmd":"seek","time":0.108806610107422}
ZmqGateway: dispatching payload to JUCE message thread.
VitHeadlessService: processing queued command on JUCE message thread: {"cmd":"seek","time":0.108806610107422}
Command received: {"cmd":"seek","time":0.108806610107422}
CommandDispatcher::handleSeek: position set to 0.1088s
Command executed: seek, result: {
  "status": "ok",
  "message": "Seek executed",
  "position_seconds": 0.108806610107422
}
VitHeadlessService: command reply (truncated): {
  "status": "ok",
  "message": "Seek executed",
  "position_seconds": 0.108806610107422
}
ZmqGateway: received command payload: {"cmd":"seek","time":0.108806610107422}
ZmqGateway: dispatching payload to JUCE message thread.
VitHeadlessService: processing queued command on JUCE message thread: {"cmd":"seek","time":0.108806610107422}
Command received: {"cmd":"seek","time":0.108806610107422}
CommandDispatcher::handleSeek: position set to 0.1088s
Command executed: seek, result: {
  "status": "ok",
  "message": "Seek executed",
  "position_seconds": 0.108806610107422
}
VitHeadlessService: command reply (truncated): {
  "status": "ok",
  "message": "Seek executed",
  "position_seconds": 0.108806610107422
}
ZmqGateway: received command payload: {"cmd":"seek","time":0.108806610107422}
ZmqGateway: dispatching payload to JUCE message thread.
VitHeadlessService: processing queued command on JUCE message thread: {"cmd":"seek","time":0.108806610107422}
Command received: {"cmd":"seek","time":0.108806610107422}
CommandDispatcher::handleSeek: position set to 0.1088s
Command executed: seek, result: {
  "status": "ok",
  "message": "Seek executed",
  "position_seconds": 0.108806610107422
}
VitHeadlessService: command reply (truncated): {
  "status": "ok",
  "message": "Seek executed",
  "position_seconds": 0.108806610107422
}
ZmqGateway: received command payload: {"cmd":"seek","time":0.108806610107422}
ZmqGateway: dispatching payload to JUCE message thread.
VitHeadlessService: processing queued command on JUCE message thread: {"cmd":"seek","time":0.108806610107422}
Command received: {"cmd":"seek","time":0.108806610107422}
CommandDispatcher::handleSeek: position set to 0.1088s
Command executed: seek, result: {
  "status": "ok",
  "message": "Seek executed",
  "position_seconds": 0.108806610107422
}
VitHeadlessService: command reply (truncated): {
  "status": "ok",
  "message": "Seek executed",
  "position_seconds": 0.108806610107422
}
ZmqGateway: received command payload: {"cmd":"seek","time":0.621760368347168}
ZmqGateway: dispatching payload to JUCE message thread.
VitHeadlessService: processing queued command on JUCE message thread: {"cmd":"seek","time":0.621760368347168}
Command received: {"cmd":"seek","time":0.621760368347168}
CommandDispatcher::handleSeek: position set to 0.6218s
Command executed: seek, result: {
  "status": "ok",
  "message": "Seek executed",
  "position_seconds": 0.621760368347168
}
VitHeadlessService: command reply (truncated): {
  "status": "ok",
  "message": "Seek executed",
  "position_seconds": 0.621760368347168
}
ZmqGateway: received command payload: {"cmd":"seek","time":0.621760368347168}
ZmqGateway: dispatching payload to JUCE message thread.
VitHeadlessService: processing queued command on JUCE message thread: {"cmd":"seek","time":0.621760368347168}
Command received: {"cmd":"seek","time":0.621760368347168}
CommandDispatcher::handleSeek: position set to 0.6218s
Command executed: seek, result: {
  "status": "ok",
  "message": "Seek executed",
  "position_seconds": 0.621760368347168
}
VitHeadlessService: command reply (truncated): {
  "status": "ok",
  "message": "Seek executed",
  "position_seconds": 0.621760368347168
}
ZmqGateway: received command payload: {"cmd":"seek","time":0.621760368347168}
ZmqGateway: dispatching payload to JUCE message thread.
VitHeadlessService: processing queued command on JUCE message thread: {"cmd":"seek","time":0.621760368347168}
Command received: {"cmd":"seek","time":0.621760368347168}
CommandDispatcher::handleSeek: position set to 0.6218s
Command executed: seek, result: {
  "status": "ok",
  "message": "Seek executed",
  "position_seconds": 0.621760368347168
}
VitHeadlessService: command reply (truncated): {
  "status": "ok",
  "message": "Seek executed",
  "position_seconds": 0.621760368347168
}
ZmqGateway: received command payload: {"cmd":"seek","time":0.621760368347168}
ZmqGateway: dispatching payload to JUCE message thread.
VitHeadlessService: processing queued command on JUCE message thread: {"cmd":"seek","time":0.621760368347168}
Command received: {"cmd":"seek","time":0.621760368347168}
CommandDispatcher::handleSeek: position set to 0.6218s
Command executed: seek, result: {
  "status": "ok",
  "message": "Seek executed",
  "position_seconds": 0.621760368347168
}
VitHeadlessService: command reply (truncated): {
  "status": "ok",
  "message": "Seek executed",
  "position_seconds": 0.621760368347168
}
ZmqGateway: received command payload: {"cmd":"seek","time":0.621760368347168}
ZmqGateway: dispatching payload to JUCE message thread.
VitHeadlessService: processing queued command on JUCE message thread: {"cmd":"seek","time":0.621760368347168}
Command received: {"cmd":"seek","time":0.621760368347168}
CommandDispatcher::handleSeek: position set to 0.6218s
Command executed: seek, result: {
  "status": "ok",
  "message": "Seek executed",
  "position_seconds": 0.621760368347168
}
VitHeadlessService: command reply (truncated): {
  "status": "ok",
  "message": "Seek executed",
  "position_seconds": 0.621760368347168
}
ZmqGateway: received command payload: {"cmd":"seek","time":0.621760368347168}
ZmqGateway: dispatching payload to JUCE message thread.
VitHeadlessService: processing queued command on JUCE message thread: {"cmd":"seek","time":0.621760368347168}
Command received: {"cmd":"seek","time":0.621760368347168}
CommandDispatcher::handleSeek: position set to 0.6218s
Command executed: seek, result: {
  "status": "ok",
  "message": "Seek executed",
  "position_seconds": 0.621760368347168
}
VitHeadlessService: command reply (truncated): {
  "status": "ok",
  "message": "Seek executed",
  "position_seconds": 0.621760368347168
}
ZmqGateway: received command payload: {"cmd":"seek","time":0.621760368347168}
ZmqGateway: dispatching payload to JUCE message thread.
VitHeadlessService: processing queued command on JUCE message thread: {"cmd":"seek","time":0.621760368347168}
Command received: {"cmd":"seek","time":0.621760368347168}
CommandDispatcher::handleSeek: position set to 0.6218s
Command executed: seek, result: {
  "status": "ok",
  "message": "Seek executed",
  "position_seconds": 0.621760368347168
}
VitHeadlessService: command reply (truncated): {
  "status": "ok",
  "message": "Seek executed",
  "position_seconds": 0.621760368347168
}
ZmqGateway: received command payload: {"cmd":"seek","time":0.621760368347168}
ZmqGateway: dispatching payload to JUCE message thread.
VitHeadlessService: processing queued command on JUCE message thread: {"cmd":"seek","time":0.621760368347168}
Command received: {"cmd":"seek","time":0.621760368347168}
CommandDispatcher::handleSeek: position set to 0.6218s
Command executed: seek, result: {
  "status": "ok",
  "message": "Seek executed",
  "position_seconds": 0.621760368347168
}
VitHeadlessService: command reply (truncated): {
  "status": "ok",
  "message": "Seek executed",
  "position_seconds": 0.621760368347168
}
ZmqGateway: received command payload: {"cmd":"seek","time":0.621760368347168}
ZmqGateway: dispatching payload to JUCE message thread.
VitHeadlessService: processing queued command on JUCE message thread: {"cmd":"seek","time":0.621760368347168}
Command received: {"cmd":"seek","time":0.621760368347168}
CommandDispatcher::handleSeek: position set to 0.6218s
Command executed: seek, result: {
  "status": "ok",
  "message": "Seek executed",
  "position_seconds": 0.621760368347168
}
VitHeadlessService: command reply (truncated): {
  "status": "ok",
  "message": "Seek executed",
  "position_seconds": 0.621760368347168
}
ZmqGateway: received command payload: {"cmd":"seek","time":0.621760368347168}
ZmqGateway: dispatching payload to JUCE message thread.
VitHeadlessService: processing queued command on JUCE message thread: {"cmd":"seek","time":0.621760368347168}
Command received: {"cmd":"seek","time":0.621760368347168}
CommandDispatcher::handleSeek: position set to 0.6218s
Command executed: seek, result: {
  "status": "ok",
  "message": "Seek executed",
  "position_seconds": 0.621760368347168
}
VitHeadlessService: command reply (truncated): {
  "status": "ok",
  "message": "Seek executed",
  "position_seconds": 0.621760368347168
}
ZmqGateway: received command payload: {"cmd":"seek","time":0.621760368347168}
ZmqGateway: dispatching payload to JUCE message thread.
VitHeadlessService: processing queued command on JUCE message thread: {"cmd":"seek","time":0.621760368347168}
Command received: {"cmd":"seek","time":0.621760368347168}
CommandDispatcher::handleSeek: position set to 0.6218s
Command executed: seek, result: {
  "status": "ok",
  "message": "Seek executed",
  "position_seconds": 0.621760368347168
}
VitHeadlessService: command reply (truncated): {
  "status": "ok",
  "message": "Seek executed",
  "position_seconds": 0.621760368347168
}
ZmqGateway: received command payload: {"cmd":"seek","time":0.621760368347168}
ZmqGateway: dispatching payload to JUCE message thread.
VitHeadlessService: processing queued command on JUCE message thread: {"cmd":"seek","time":0.621760368347168}
Command received: {"cmd":"seek","time":0.621760368347168}
CommandDispatcher::handleSeek: position set to 0.6218s
Command executed: seek, result: {
  "status": "ok",
  "message": "Seek executed",
  "position_seconds": 0.621760368347168
}
VitHeadlessService: command reply (truncated): {
  "status": "ok",
  "message": "Seek executed",
  "position_seconds": 0.621760368347168
}
ZmqGateway: received command payload: {"cmd":"seek","time":0.621760368347168}
ZmqGateway: dispatching payload to JUCE message thread.
VitHeadlessService: processing queued command on JUCE message thread: {"cmd":"seek","time":0.621760368347168}
Command received: {"cmd":"seek","time":0.621760368347168}
CommandDispatcher::handleSeek: position set to 0.6218s
Command executed: seek, result: {
  "status": "ok",
  "message": "Seek executed",
  "position_seconds": 0.621760368347168
}
VitHeadlessService: command reply (truncated): {
  "status": "ok",
  "message": "Seek executed",
  "position_seconds": 0.621760368347168
}
ZmqGateway: received command payload: {"cmd":"seek","time":0.621760368347168}
ZmqGateway: dispatching payload to JUCE message thread.
VitHeadlessService: processing queued command on JUCE message thread: {"cmd":"seek","time":0.621760368347168}
Command received: {"cmd":"seek","time":0.621760368347168}
CommandDispatcher::handleSeek: position set to 0.6218s
Command executed: seek, result: {
  "status": "ok",
  "message": "Seek executed",
  "position_seconds": 0.621760368347168
}
VitHeadlessService: command reply (truncated): {
  "status": "ok",
  "message": "Seek executed",
  "position_seconds": 0.621760368347168
}
ZmqGateway: received command payload: {"cmd":"seek","time":0.621760368347168}
ZmqGateway: dispatching payload to JUCE message thread.
VitHeadlessService: processing queued command on JUCE message thread: {"cmd":"seek","time":0.621760368347168}
Command received: {"cmd":"seek","time":0.621760368347168}
CommandDispatcher::handleSeek: position set to 0.6218s
Command executed: seek, result: {
  "status": "ok",
  "message": "Seek executed",
  "position_seconds": 0.621760368347168
}
VitHeadlessService: command reply (truncated): {
  "status": "ok",
  "message": "Seek executed",
  "position_seconds": 0.621760368347168
}
ZmqGateway: received command payload: {"cmd":"seek","time":0.621760368347168}
ZmqGateway: dispatching payload to JUCE message thread.
VitHeadlessService: processing queued command on JUCE message thread: {"cmd":"seek","time":0.621760368347168}
Command received: {"cmd":"seek","time":0.621760368347168}
CommandDispatcher::handleSeek: position set to 0.6218s
Command executed: seek, result: {
  "status": "ok",
  "message": "Seek executed",
  "position_seconds": 0.621760368347168
}
VitHeadlessService: command reply (truncated): {
  "status": "ok",
  "message": "Seek executed",
  "position_seconds": 0.621760368347168
}
ZmqGateway: received command payload: {"cmd":"seek","time":0.621760368347168}
ZmqGateway: dispatching payload to JUCE message thread.
VitHeadlessService: processing queued command on JUCE message thread: {"cmd":"seek","time":0.621760368347168}
Command received: {"cmd":"seek","time":0.621760368347168}
CommandDispatcher::handleSeek: position set to 0.6218s
Command executed: seek, result: {
  "status": "ok",
  "message": "Seek executed",
  "position_seconds": 0.621760368347168
}
VitHeadlessService: command reply (truncated): {
  "status": "ok",
  "message": "Seek executed",
  "position_seconds": 0.621760368347168
}
ZmqGateway: received command payload: {"cmd":"seek","time":0.621760368347168}
ZmqGateway: dispatching payload to JUCE message thread.
VitHeadlessService: processing queued command on JUCE message thread: {"cmd":"seek","time":0.621760368347168}
Command received: {"cmd":"seek","time":0.621760368347168}
CommandDispatcher::handleSeek: position set to 0.6218s
Command executed: seek, result: {
  "status": "ok",
  "message": "Seek executed",
  "position_seconds": 0.621760368347168
}
VitHeadlessService: command reply (truncated): {
  "status": "ok",
  "message": "Seek executed",
  "position_seconds": 0.621760368347168
}
ZmqGateway: received command payload: {"cmd":"seek","time":0.621760368347168}
ZmqGateway: dispatching payload to JUCE message thread.
VitHeadlessService: processing queued command on JUCE message thread: {"cmd":"seek","time":0.621760368347168}
Command received: {"cmd":"seek","time":0.621760368347168}
CommandDispatcher::handleSeek: position set to 0.6218s
Command executed: seek, result: {
  "status": "ok",
  "message": "Seek executed",
  "position_seconds": 0.621760368347168
}
VitHeadlessService: command reply (truncated): {
  "status": "ok",
  "message": "Seek executed",
  "position_seconds": 0.621760368347168
}
ZmqGateway: received command payload: {"cmd":"seek","time":0.621760368347168}
ZmqGateway: dispatching payload to JUCE message thread.
VitHeadlessService: processing queued command on JUCE message thread: {"cmd":"seek","time":0.621760368347168}
Command received: {"cmd":"seek","time":0.621760368347168}
CommandDispatcher::handleSeek: position set to 0.6218s
Command executed: seek, result: {
  "status": "ok",
  "message": "Seek executed",
  "position_seconds": 0.621760368347168
}
VitHeadlessService: command reply (truncated): {
  "status": "ok",
  "message": "Seek executed",
  "position_seconds": 0.621760368347168
}
ZmqGateway: received command payload: {"cmd":"seek","time":0.621760368347168}
ZmqGateway: dispatching payload to JUCE message thread.
VitHeadlessService: processing queued command on JUCE message thread: {"cmd":"seek","time":0.621760368347168}
Command received: {"cmd":"seek","time":0.621760368347168}
CommandDispatcher::handleSeek: position set to 0.6218s
Command executed: seek, result: {
  "status": "ok",
  "message": "Seek executed",
  "position_seconds": 0.621760368347168
}
VitHeadlessService: command reply (truncated): {
  "status": "ok",
  "message": "Seek executed",
  "position_seconds": 0.621760368347168
}
ZmqGateway: received command payload: {"cmd":"seek","time":0.621760368347168}
ZmqGateway: dispatching payload to JUCE message thread.
VitHeadlessService: processing queued command on JUCE message thread: {"cmd":"seek","time":0.621760368347168}
Command received: {"cmd":"seek","time":0.621760368347168}
CommandDispatcher::handleSeek: position set to 0.6218s
Command executed: seek, result: {
  "status": "ok",
  "message": "Seek executed",
  "position_seconds": 0.621760368347168
}
VitHeadlessService: command reply (truncated): {
  "status": "ok",
  "message": "Seek executed",
  "position_seconds": 0.621760368347168
}
ZmqGateway: received command payload: {"cmd":"seek","time":0.621760368347168}
ZmqGateway: dispatching payload to JUCE message thread.
VitHeadlessService: processing queued command on JUCE message thread: {"cmd":"seek","time":0.621760368347168}
Command received: {"cmd":"seek","time":0.621760368347168}
CommandDispatcher::handleSeek: position set to 0.6218s
Command executed: seek, result: {
  "status": "ok",
  "message": "Seek executed",
  "position_seconds": 0.621760368347168
}
VitHeadlessService: command reply (truncated): {
  "status": "ok",
  "message": "Seek executed",
  "position_seconds": 0.621760368347168
}
ZmqGateway: received command payload: {"cmd":"seek","time":0.621760368347168}
ZmqGateway: dispatching payload to JUCE message thread.
VitHeadlessService: processing queued command on JUCE message thread: {"cmd":"seek","time":0.621760368347168}
Command received: {"cmd":"seek","time":0.621760368347168}
CommandDispatcher::handleSeek: position set to 0.6218s
Command executed: seek, result: {
  "status": "ok",
  "message": "Seek executed",
  "position_seconds": 0.621760368347168
}
VitHeadlessService: command reply (truncated): {
  "status": "ok",
  "message": "Seek executed",
  "position_seconds": 0.621760368347168
}
ZmqGateway: received command payload: {"cmd":"seek","time":0.621760368347168}
ZmqGateway: dispatching payload to JUCE message thread.
VitHeadlessService: processing queued command on JUCE message thread: {"cmd":"seek","time":0.621760368347168}
Command received: {"cmd":"seek","time":0.621760368347168}
CommandDispatcher::handleSeek: position set to 0.6218s
Command executed: seek, result: {
  "status": "ok",
  "message": "Seek executed",
  "position_seconds": 0.621760368347168
}
VitHeadlessService: command reply (truncated): {
  "status": "ok",
  "message": "Seek executed",
  "position_seconds": 0.621760368347168
}
ZmqGateway: received command payload: {"cmd":"seek","time":0.621760368347168}
ZmqGateway: dispatching payload to JUCE message thread.
VitHeadlessService: processing queued command on JUCE message thread: {"cmd":"seek","time":0.621760368347168}
Command received: {"cmd":"seek","time":0.621760368347168}
CommandDispatcher::handleSeek: position set to 0.6218s
Command executed: seek, result: {
  "status": "ok",
  "message": "Seek executed",
  "position_seconds": 0.621760368347168
}
VitHeadlessService: command reply (truncated): {
  "status": "ok",
  "message": "Seek executed",
  "position_seconds": 0.621760368347168
}
ZmqGateway: received command payload: {"cmd":"seek","time":0.621760368347168}
ZmqGateway: dispatching payload to JUCE message thread.
VitHeadlessService: processing queued command on JUCE message thread: {"cmd":"seek","time":0.621760368347168}
Command received: {"cmd":"seek","time":0.621760368347168}
CommandDispatcher::handleSeek: position set to 0.6218s
Command executed: seek, result: {
  "status": "ok",
  "message": "Seek executed",
  "position_seconds": 0.621760368347168
}
VitHeadlessService: command reply (truncated): {
  "status": "ok",
  "message": "Seek executed",
  "position_seconds": 0.621760368347168
}
ZmqGateway: received command payload: {"cmd":"seek","time":0.621760368347168}
ZmqGateway: dispatching payload to JUCE message thread.
VitHeadlessService: processing queued command on JUCE message thread: {"cmd":"seek","time":0.621760368347168}
Command received: {"cmd":"seek","time":0.621760368347168}
CommandDispatcher::handleSeek: position set to 0.6218s
Command executed: seek, result: {
  "status": "ok",
  "message": "Seek executed",
  "position_seconds": 0.621760368347168
}
VitHeadlessService: command reply (truncated): {
  "status": "ok",
  "message": "Seek executed",
  "position_seconds": 0.621760368347168
}
ZmqGateway: received command payload: {"cmd":"seek","time":0.621760368347168}
ZmqGateway: dispatching payload to JUCE message thread.
VitHeadlessService: processing queued command on JUCE message thread: {"cmd":"seek","time":0.621760368347168}
Command received: {"cmd":"seek","time":0.621760368347168}
CommandDispatcher::handleSeek: position set to 0.6218s
Command executed: seek, result: {
  "status": "ok",
  "message": "Seek executed",
  "position_seconds": 0.621760368347168
}
VitHeadlessService: command reply (truncated): {
  "status": "ok",
  "message": "Seek executed",
  "position_seconds": 0.621760368347168
}
ZmqGateway: received command payload: {"cmd":"seek","time":0.621760368347168}
ZmqGateway: dispatching payload to JUCE message thread.
VitHeadlessService: processing queued command on JUCE message thread: {"cmd":"seek","time":0.621760368347168}
Command received: {"cmd":"seek","time":0.621760368347168}
CommandDispatcher::handleSeek: position set to 0.6218s
Command executed: seek, result: {
  "status": "ok",
  "message": "Seek executed",
  "position_seconds": 0.621760368347168
}
VitHeadlessService: command reply (truncated): {
  "status": "ok",
  "message": "Seek executed",
  "position_seconds": 0.621760368347168
}
ZmqGateway: received command payload: {"cmd":"seek","time":0.621760368347168}
ZmqGateway: dispatching payload to JUCE message thread.
VitHeadlessService: processing queued command on JUCE message thread: {"cmd":"seek","time":0.621760368347168}
Command received: {"cmd":"seek","time":0.621760368347168}
CommandDispatcher::handleSeek: position set to 0.6218s
Command executed: seek, result: {
  "status": "ok",
  "message": "Seek executed",
  "position_seconds": 0.621760368347168
}
VitHeadlessService: command reply (truncated): {
  "status": "ok",
  "message": "Seek executed",
  "position_seconds": 0.621760368347168
}
ZmqGateway: received command payload: {"cmd":"seek","time":0.621760368347168}
ZmqGateway: dispatching payload to JUCE message thread.
VitHeadlessService: processing queued command on JUCE message thread: {"cmd":"seek","time":0.621760368347168}
Command received: {"cmd":"seek","time":0.621760368347168}
CommandDispatcher::handleSeek: position set to 0.6218s
Command executed: seek, result: {
  "status": "ok",
  "message": "Seek executed",
  "position_seconds": 0.621760368347168
}
VitHeadlessService: command reply (truncated): {
  "status": "ok",
  "message": "Seek executed",
  "position_seconds": 0.621760368347168
}
ZmqGateway: received command payload: {"cmd":"seek","time":0.621760368347168}
ZmqGateway: dispatching payload to JUCE message thread.
VitHeadlessService: processing queued command on JUCE message thread: {"cmd":"seek","time":0.621760368347168}
Command received: {"cmd":"seek","time":0.621760368347168}
CommandDispatcher::handleSeek: position set to 0.6218s
Command executed: seek, result: {
  "status": "ok",
  "message": "Seek executed",
  "position_seconds": 0.621760368347168
}
VitHeadlessService: command reply (truncated): {
  "status": "ok",
  "message": "Seek executed",
  "position_seconds": 0.621760368347168
}
ZmqGateway: received command payload: {"cmd":"seek","time":0.621760368347168}
ZmqGateway: dispatching payload to JUCE message thread.
VitHeadlessService: processing queued command on JUCE message thread: {"cmd":"seek","time":0.621760368347168}
Command received: {"cmd":"seek","time":0.621760368347168}
CommandDispatcher::handleSeek: position set to 0.6218s
Command executed: seek, result: {
  "status": "ok",
  "message": "Seek executed",
  "position_seconds": 0.621760368347168
}
VitHeadlessService: command reply (truncated): {
  "status": "ok",
  "message": "Seek executed",
  "position_seconds": 0.621760368347168
}
ZmqGateway: received command payload: {"cmd":"seek","time":0.621760368347168}
ZmqGateway: dispatching payload to JUCE message thread.
VitHeadlessService: processing queued command on JUCE message thread: {"cmd":"seek","time":0.621760368347168}
Command received: {"cmd":"seek","time":0.621760368347168}
CommandDispatcher::handleSeek: position set to 0.6218s
Command executed: seek, result: {
  "status": "ok",
  "message": "Seek executed",
  "position_seconds": 0.621760368347168
}
VitHeadlessService: command reply (truncated): {
  "status": "ok",
  "message": "Seek executed",
  "position_seconds": 0.621760368347168
}
ZmqGateway: received command payload: {"cmd":"seek","time":0.621760368347168}
ZmqGateway: dispatching payload to JUCE message thread.
VitHeadlessService: processing queued command on JUCE message thread: {"cmd":"seek","time":0.621760368347168}
Command received: {"cmd":"seek","time":0.621760368347168}
CommandDispatcher::handleSeek: position set to 0.6218s
Command executed: seek, result: {
  "status": "ok",
  "message": "Seek executed",
  "position_seconds": 0.621760368347168
}
VitHeadlessService: command reply (truncated): {
  "status": "ok",
  "message": "Seek executed",
  "position_seconds": 0.621760368347168
}
ZmqGateway: received command payload: {"cmd":"seek","time":0.621760368347168}
ZmqGateway: dispatching payload to JUCE message thread.
VitHeadlessService: processing queued command on JUCE message thread: {"cmd":"seek","time":0.621760368347168}
Command received: {"cmd":"seek","time":0.621760368347168}
CommandDispatcher::handleSeek: position set to 0.6218s
Command executed: seek, result: {
  "status": "ok",
  "message": "Seek executed",
  "position_seconds": 0.621760368347168
}
VitHeadlessService: command reply (truncated): {
  "status": "ok",
  "message": "Seek executed",
  "position_seconds": 0.621760368347168
}
ZmqGateway: received command payload: {"cmd":"seek","time":0.621760368347168}
ZmqGateway: dispatching payload to JUCE message thread.
VitHeadlessService: processing queued command on JUCE message thread: {"cmd":"seek","time":0.621760368347168}
Command received: {"cmd":"seek","time":0.621760368347168}
CommandDispatcher::handleSeek: position set to 0.6218s
Command executed: seek, result: {
  "status": "ok",
  "message": "Seek executed",
  "position_seconds": 0.621760368347168
}
VitHeadlessService: command reply (truncated): {
  "status": "ok",
  "message": "Seek executed",
  "position_seconds": 0.621760368347168
}
ZmqGateway: received command payload: {"cmd":"seek","time":0.637304306030273}
ZmqGateway: dispatching payload to JUCE message thread.
VitHeadlessService: processing queued command on JUCE message thread: {"cmd":"seek","time":0.637304306030273}
Command received: {"cmd":"seek","time":0.637304306030273}
CommandDispatcher::handleSeek: position set to 0.6373s
Command executed: seek, result: {
  "status": "ok",
  "message": "Seek executed",
  "position_seconds": 0.637304306030273
}
VitHeadlessService: command reply (truncated): {
  "status": "ok",
  "message": "Seek executed",
  "position_seconds": 0.637304306030273
}
ZmqGateway: received command payload: {"cmd":"seek","time":0.68393611907959}
ZmqGateway: dispatching payload to JUCE message thread.
VitHeadlessService: processing queued command on JUCE message thread: {"cmd":"seek","time":0.68393611907959}
Command received: {"cmd":"seek","time":0.68393611907959}
CommandDispatcher::handleSeek: position set to 0.6839s
Command executed: seek, result: {
  "status": "ok",
  "message": "Seek executed",
  "position_seconds": 0.68393611907959
}
VitHeadlessService: command reply (truncated): {
  "status": "ok",
  "message": "Seek executed",
  "position_seconds": 0.68393611907959
}
ZmqGateway: received command payload: {"cmd":"seek","time":0.761656761169434}
ZmqGateway: dispatching payload to JUCE message thread.
VitHeadlessService: processing queued command on JUCE message thread: {"cmd":"seek","time":0.761656761169434}
Command received: {"cmd":"seek","time":0.761656761169434}
CommandDispatcher::handleSeek: position set to 0.7617s
Command executed: seek, result: {
  "status": "ok",
  "message": "Seek executed",
  "position_seconds": 0.761656761169434
}
VitHeadlessService: command reply (truncated): {
  "status": "ok",
  "message": "Seek executed",
  "position_seconds": 0.761656761169434
}
ZmqGateway: received command payload: {"cmd":"seek","time":0.823832511901855}
ZmqGateway: dispatching payload to JUCE message thread.
VitHeadlessService: processing queued command on JUCE message thread: {"cmd":"seek","time":0.823832511901855}
Command received: {"cmd":"seek","time":0.823832511901855}
CommandDispatcher::handleSeek: position set to 0.8238s
Command executed: seek, result: {
  "status": "ok",
  "message": "Seek executed",
  "position_seconds": 0.823832511901855
}
VitHeadlessService: command reply (truncated): {
  "status": "ok",
  "message": "Seek executed",
  "position_seconds": 0.823832511901855
}
ZmqGateway: received command payload: {"cmd":"seek","time":0.886009216308594}
ZmqGateway: dispatching payload to JUCE message thread.
VitHeadlessService: processing queued command on JUCE message thread: {"cmd":"seek","time":0.886009216308594}
Command received: {"cmd":"seek","time":0.886009216308594}
CommandDispatcher::handleSeek: position set to 0.8860s
Command executed: seek, result: {
  "status": "ok",
  "message": "Seek executed",
  "position_seconds": 0.886009216308594
}
VitHeadlessService: command reply (truncated): {
  "status": "ok",
  "message": "Seek executed",
  "position_seconds": 0.886009216308594
}
ZmqGateway: received command payload: {"cmd":"seek","time":0.93264102935791}
ZmqGateway: dispatching payload to JUCE message thread.
VitHeadlessService: processing queued command on JUCE message thread: {"cmd":"seek","time":0.93264102935791}
Command received: {"cmd":"seek","time":0.93264102935791}
CommandDispatcher::handleSeek: position set to 0.9326s
Command executed: seek, result: {
  "status": "ok",
  "message": "Seek executed",
  "position_seconds": 0.93264102935791
}
VitHeadlessService: command reply (truncated): {
  "status": "ok",
  "message": "Seek executed",
  "position_seconds": 0.93264102935791
}
ZmqGateway: received command payload: {"cmd":"seek","time":1.01036167144775}
ZmqGateway: dispatching payload to JUCE message thread.
VitHeadlessService: processing queued command on JUCE message thread: {"cmd":"seek","time":1.01036167144775}
Command received: {"cmd":"seek","time":1.01036167144775}
CommandDispatcher::handleSeek: position set to 1.0104s
Command executed: seek, result: {
  "status": "ok",
  "message": "Seek executed",
  "position_seconds": 1.01036167144775
}
VitHeadlessService: command reply (truncated): {
  "status": "ok",
  "message": "Seek executed",
  "position_seconds": 1.01036167144775
}
ZmqGateway: received command payload: {"cmd":"seek","time":1.05699348449707}
ZmqGateway: dispatching payload to JUCE message thread.
VitHeadlessService: processing queued command on JUCE message thread: {"cmd":"seek","time":1.05699348449707}
Command received: {"cmd":"seek","time":1.05699348449707}
CommandDispatcher::handleSeek: position set to 1.0570s
Command executed: seek, result: {
  "status": "ok",
  "message": "Seek executed",
  "position_seconds": 1.05699348449707
}
VitHeadlessService: command reply (truncated): {
  "status": "ok",
  "message": "Seek executed",
  "position_seconds": 1.05699348449707
}
ZmqGateway: received command payload: {"cmd":"seek","time":1.11916923522949}
ZmqGateway: dispatching payload to JUCE message thread.
VitHeadlessService: processing queued command on JUCE message thread: {"cmd":"seek","time":1.11916923522949}
Command received: {"cmd":"seek","time":1.11916923522949}
CommandDispatcher::handleSeek: position set to 1.1192s
Command executed: seek, result: {
  "status": "ok",
  "message": "Seek executed",
  "position_seconds": 1.11916923522949
}
VitHeadlessService: command reply (truncated): {
  "status": "ok",
  "message": "Seek executed",
  "position_seconds": 1.11916923522949
}
ZmqGateway: received command payload: {"cmd":"seek","time":1.16580200195313}
ZmqGateway: dispatching payload to JUCE message thread.
VitHeadlessService: processing queued command on JUCE message thread: {"cmd":"seek","time":1.16580200195313}
Command received: {"cmd":"seek","time":1.16580200195313}
CommandDispatcher::handleSeek: position set to 1.1658s
Command executed: seek, result: {
  "status": "ok",
  "message": "Seek executed",
  "position_seconds": 1.16580200195313
}
VitHeadlessService: command reply (truncated): {
  "status": "ok",
  "message": "Seek executed",
  "position_seconds": 1.16580200195313
}
ZmqGateway: received command payload: {"cmd":"seek","time":1.19688987731934}
ZmqGateway: dispatching payload to JUCE message thread.
VitHeadlessService: processing queued command on JUCE message thread: {"cmd":"seek","time":1.19688987731934}
Command received: {"cmd":"seek","time":1.19688987731934}
CommandDispatcher::handleSeek: position set to 1.1969s
Command executed: seek, result: {
  "status": "ok",
  "message": "Seek executed",
  "position_seconds": 1.19688987731934
}
VitHeadlessService: command reply (truncated): {
  "status": "ok",
  "message": "Seek executed",
  "position_seconds": 1.19688987731934
}
ZmqGateway: received command payload: {"cmd":"seek","time":1.21243381500244}
ZmqGateway: dispatching payload to JUCE message thread.
VitHeadlessService: processing queued command on JUCE message thread: {"cmd":"seek","time":1.21243381500244}
Command received: {"cmd":"seek","time":1.21243381500244}
CommandDispatcher::handleSeek: position set to 1.2124s
Command executed: seek, result: {
  "status": "ok",
  "message": "Seek executed",
  "position_seconds": 1.21243381500244
}
VitHeadlessService: command reply (truncated): {
  "status": "ok",
  "message": "Seek executed",
  "position_seconds": 1.21243381500244
}
ZmqGateway: received command payload: {"cmd":"seek","time":1.22797775268555}
ZmqGateway: dispatching payload to JUCE message thread.
VitHeadlessService: processing queued command on JUCE message thread: {"cmd":"seek","time":1.22797775268555}
Command received: {"cmd":"seek","time":1.22797775268555}
CommandDispatcher::handleSeek: position set to 1.2280s
Command executed: seek, result: {
  "status": "ok",
  "message": "Seek executed",
  "position_seconds": 1.22797775268555
}
VitHeadlessService: command reply (truncated): {
  "status": "ok",
  "message": "Seek executed",
  "position_seconds": 1.22797775268555
}
ZmqGateway: received command payload: {"cmd":"seek","time":1.22797775268555}
ZmqGateway: dispatching payload to JUCE message thread.
VitHeadlessService: processing queued command on JUCE message thread: {"cmd":"seek","time":1.22797775268555}
Command received: {"cmd":"seek","time":1.22797775268555}
CommandDispatcher::handleSeek: position set to 1.2280s
Command executed: seek, result: {
  "status": "ok",
  "message": "Seek executed",
  "position_seconds": 1.22797775268555
}
VitHeadlessService: command reply (truncated): {
  "status": "ok",
  "message": "Seek executed",
  "position_seconds": 1.22797775268555
}
ZmqGateway: received command payload: {"cmd":"seek","time":1.24352169036865}
ZmqGateway: dispatching payload to JUCE message thread.
VitHeadlessService: processing queued command on JUCE message thread: {"cmd":"seek","time":1.24352169036865}
Command received: {"cmd":"seek","time":1.24352169036865}
CommandDispatcher::handleSeek: position set to 1.2435s
Command executed: seek, result: {
  "status": "ok",
  "message": "Seek executed",
  "position_seconds": 1.24352169036865
}
VitHeadlessService: command reply (truncated): {
  "status": "ok",
  "message": "Seek executed",
  "position_seconds": 1.24352169036865
}
ZmqGateway: received command payload: {"cmd":"seek","time":1.27460956573486}
ZmqGateway: dispatching payload to JUCE message thread.
VitHeadlessService: processing queued command on JUCE message thread: {"cmd":"seek","time":1.27460956573486}
Command received: {"cmd":"seek","time":1.27460956573486}
CommandDispatcher::handleSeek: position set to 1.2746s
Command executed: seek, result: {
  "status": "ok",
  "message": "Seek executed",
  "position_seconds": 1.27460956573486
}
VitHeadlessService: command reply (truncated): {
  "status": "ok",
  "message": "Seek executed",
  "position_seconds": 1.27460956573486
}
ZmqGateway: received command payload: {"cmd":"seek","time":1.29015350341797}
ZmqGateway: dispatching payload to JUCE message thread.
VitHeadlessService: processing queued command on JUCE message thread: {"cmd":"seek","time":1.29015350341797}
Command received: {"cmd":"seek","time":1.29015350341797}
CommandDispatcher::handleSeek: position set to 1.2902s
Command executed: seek, result: {
  "status": "ok",
  "message": "Seek executed",
  "position_seconds": 1.29015350341797
}
VitHeadlessService: command reply (truncated): {
  "status": "ok",
  "message": "Seek executed",
  "position_seconds": 1.29015350341797
}
ZmqGateway: received command payload: {"cmd":"seek","time":1.3212423324585}
ZmqGateway: dispatching payload to JUCE message thread.
VitHeadlessService: processing queued command on JUCE message thread: {"cmd":"seek","time":1.3212423324585}
Command received: {"cmd":"seek","time":1.3212423324585}
CommandDispatcher::handleSeek: position set to 1.3212s
Command executed: seek, result: {
  "status": "ok",
  "message": "Seek executed",
  "position_seconds": 1.3212423324585
}
VitHeadlessService: command reply (truncated): {
  "status": "ok",
  "message": "Seek executed",
  "position_seconds": 1.3212423324585
}
ZmqGateway: received command payload: {"cmd":"seek","time":1.3367862701416}
ZmqGateway: dispatching payload to JUCE message thread.
VitHeadlessService: processing queued command on JUCE message thread: {"cmd":"seek","time":1.3367862701416}
Command received: {"cmd":"seek","time":1.3367862701416}
CommandDispatcher::handleSeek: position set to 1.3368s
Command executed: seek, result: {
  "status": "ok",
  "message": "Seek executed",
  "position_seconds": 1.3367862701416
}
VitHeadlessService: command reply (truncated): {
  "status": "ok",
  "message": "Seek executed",
  "position_seconds": 1.3367862701416
}
ZmqGateway: received command payload: {"cmd":"seek","time":1.36787414550781}
ZmqGateway: dispatching payload to JUCE message thread.
VitHeadlessService: processing queued command on JUCE message thread: {"cmd":"seek","time":1.36787414550781}
Command received: {"cmd":"seek","time":1.36787414550781}
CommandDispatcher::handleSeek: position set to 1.3679s
Command executed: seek, result: {
  "status": "ok",
  "message": "Seek executed",
  "position_seconds": 1.36787414550781
}
VitHeadlessService: command reply (truncated): {
  "status": "ok",
  "message": "Seek executed",
  "position_seconds": 1.36787414550781
}
ZmqGateway: received command payload: {"cmd":"seek","time":1.39896202087402}
ZmqGateway: dispatching payload to JUCE message thread.
VitHeadlessService: processing queued command on JUCE message thread: {"cmd":"seek","time":1.39896202087402}
Command received: {"cmd":"seek","time":1.39896202087402}
CommandDispatcher::handleSeek: position set to 1.3990s
Command executed: seek, result: {
  "status": "ok",
  "message": "Seek executed",
  "position_seconds": 1.39896202087402
}
VitHeadlessService: command reply (truncated): {
  "status": "ok",
  "message": "Seek executed",
  "position_seconds": 1.39896202087402
}
ZmqGateway: received command payload: {"cmd":"seek","time":1.46113872528076}
ZmqGateway: dispatching payload to JUCE message thread.
VitHeadlessService: processing queued command on JUCE message thread: {"cmd":"seek","time":1.46113872528076}
Command received: {"cmd":"seek","time":1.46113872528076}
CommandDispatcher::handleSeek: position set to 1.4611s
Command executed: seek, result: {
  "status": "ok",
  "message": "Seek executed",
  "position_seconds": 1.46113872528076
}
VitHeadlessService: command reply (truncated): {
  "status": "ok",
  "message": "Seek executed",
  "position_seconds": 1.46113872528076
}
ZmqGateway: received command payload: {"cmd":"seek","time":1.50777053833008}
ZmqGateway: dispatching payload to JUCE message thread.
VitHeadlessService: processing queued command on JUCE message thread: {"cmd":"seek","time":1.50777053833008}
Command received: {"cmd":"seek","time":1.50777053833008}
CommandDispatcher::handleSeek: position set to 1.5078s
Command executed: seek, result: {
  "status": "ok",
  "message": "Seek executed",
  "position_seconds": 1.50777053833008
}
VitHeadlessService: command reply (truncated): {
  "status": "ok",
  "message": "Seek executed",
  "position_seconds": 1.50777053833008
}
ZmqGateway: received command payload: {"cmd":"seek","time":1.5699462890625}
ZmqGateway: dispatching payload to JUCE message thread.
VitHeadlessService: processing queued command on JUCE message thread: {"cmd":"seek","time":1.5699462890625}
Command received: {"cmd":"seek","time":1.5699462890625}
CommandDispatcher::handleSeek: position set to 1.5699s
Command executed: seek, result: {
  "status": "ok",
  "message": "Seek executed",
  "position_seconds": 1.5699462890625
}
VitHeadlessService: command reply (truncated): {
  "status": "ok",
  "message": "Seek executed",
  "position_seconds": 1.5699462890625
}
ZmqGateway: received command payload: {"cmd":"seek","time":1.61657905578613}
ZmqGateway: dispatching payload to JUCE message thread.
VitHeadlessService: processing queued command on JUCE message thread: {"cmd":"seek","time":1.61657905578613}
Command received: {"cmd":"seek","time":1.61657905578613}
CommandDispatcher::handleSeek: position set to 1.6166s
Command executed: seek, result: {
  "status": "ok",
  "message": "Seek executed",
  "position_seconds": 1.61657905578613
}
VitHeadlessService: command reply (truncated): {
  "status": "ok",
  "message": "Seek executed",
  "position_seconds": 1.61657905578613
}
ZmqGateway: received command payload: {"cmd":"seek","time":1.66321086883545}
ZmqGateway: dispatching payload to JUCE message thread.
VitHeadlessService: processing queued command on JUCE message thread: {"cmd":"seek","time":1.66321086883545}
Command received: {"cmd":"seek","time":1.66321086883545}
CommandDispatcher::handleSeek: position set to 1.6632s
Command executed: seek, result: {
  "status": "ok",
  "message": "Seek executed",
  "position_seconds": 1.66321086883545
}
VitHeadlessService: command reply (truncated): {
  "status": "ok",
  "message": "Seek executed",
  "position_seconds": 1.66321086883545
}
ZmqGateway: received command payload: {"cmd":"seek","time":1.72538757324219}
ZmqGateway: dispatching payload to JUCE message thread.
VitHeadlessService: processing queued command on JUCE message thread: {"cmd":"seek","time":1.72538757324219}
Command received: {"cmd":"seek","time":1.72538757324219}
CommandDispatcher::handleSeek: position set to 1.7254s
Command executed: seek, result: {
  "status": "ok",
  "message": "Seek executed",
  "position_seconds": 1.72538757324219
}
VitHeadlessService: command reply (truncated): {
  "status": "ok",
  "message": "Seek executed",
  "position_seconds": 1.72538757324219
}
ZmqGateway: received command payload: {"cmd":"seek","time":1.7564754486084}
ZmqGateway: dispatching payload to JUCE message thread.
VitHeadlessService: processing queued command on JUCE message thread: {"cmd":"seek","time":1.7564754486084}
Command received: {"cmd":"seek","time":1.7564754486084}
CommandDispatcher::handleSeek: position set to 1.7565s
Command executed: seek, result: {
  "status": "ok",
  "message": "Seek executed",
  "position_seconds": 1.7564754486084
}
VitHeadlessService: command reply (truncated): {
  "status": "ok",
  "message": "Seek executed",
  "position_seconds": 1.7564754486084
}
ZmqGateway: received command payload: {"cmd":"seek","time":1.80310726165771}
ZmqGateway: dispatching payload to JUCE message thread.
VitHeadlessService: processing queued command on JUCE message thread: {"cmd":"seek","time":1.80310726165771}
Command received: {"cmd":"seek","time":1.80310726165771}
CommandDispatcher::handleSeek: position set to 1.8031s
Command executed: seek, result: {
  "status": "ok",
  "message": "Seek executed",
  "position_seconds": 1.80310726165771
}
VitHeadlessService: command reply (truncated): {
  "status": "ok",
  "message": "Seek executed",
  "position_seconds": 1.80310726165771
}
ZmqGateway: received command payload: {"cmd":"seek","time":1.83419609069824}
ZmqGateway: dispatching payload to JUCE message thread.
VitHeadlessService: processing queued command on JUCE message thread: {"cmd":"seek","time":1.83419609069824}
Command received: {"cmd":"seek","time":1.83419609069824}
CommandDispatcher::handleSeek: position set to 1.8342s
Command executed: seek, result: {
  "status": "ok",
  "message": "Seek executed",
  "position_seconds": 1.83419609069824
}
VitHeadlessService: command reply (truncated): {
  "status": "ok",
  "message": "Seek executed",
  "position_seconds": 1.83419609069824
}
ZmqGateway: received command payload: {"cmd":"seek","time":1.84973907470703}
ZmqGateway: dispatching payload to JUCE message thread.
VitHeadlessService: processing queued command on JUCE message thread: {"cmd":"seek","time":1.84973907470703}
Command received: {"cmd":"seek","time":1.84973907470703}
CommandDispatcher::handleSeek: position set to 1.8497s
Command executed: seek, result: {
  "status": "ok",
  "message": "Seek executed",
  "position_seconds": 1.84973907470703
}
VitHeadlessService: command reply (truncated): {
  "status": "ok",
  "message": "Seek executed",
  "position_seconds": 1.84973907470703
}
ZmqGateway: received command payload: {"cmd":"seek","time":1.88082790374756}
ZmqGateway: dispatching payload to JUCE message thread.
VitHeadlessService: processing queued command on JUCE message thread: {"cmd":"seek","time":1.88082790374756}
Command received: {"cmd":"seek","time":1.88082790374756}
CommandDispatcher::handleSeek: position set to 1.8808s
Command executed: seek, result: {
  "status": "ok",
  "message": "Seek executed",
  "position_seconds": 1.88082790374756
}
VitHeadlessService: command reply (truncated): {
  "status": "ok",
  "message": "Seek executed",
  "position_seconds": 1.88082790374756
}
ZmqGateway: received command payload: {"cmd":"seek","time":1.91191577911377}
ZmqGateway: dispatching payload to JUCE message thread.
VitHeadlessService: processing queued command on JUCE message thread: {"cmd":"seek","time":1.91191577911377}
Command received: {"cmd":"seek","time":1.91191577911377}
CommandDispatcher::handleSeek: position set to 1.9119s
Command executed: seek, result: {
  "status": "ok",
  "message": "Seek executed",
  "position_seconds": 1.91191577911377
}
VitHeadlessService: command reply (truncated): {
  "status": "ok",
  "message": "Seek executed",
  "position_seconds": 1.91191577911377
}
ZmqGateway: received command payload: {"cmd":"seek","time":1.94300365447998}
ZmqGateway: dispatching payload to JUCE message thread.
VitHeadlessService: processing queued command on JUCE message thread: {"cmd":"seek","time":1.94300365447998}
Command received: {"cmd":"seek","time":1.94300365447998}
CommandDispatcher::handleSeek: position set to 1.9430s
Command executed: seek, result: {
  "status": "ok",
  "message": "Seek executed",
  "position_seconds": 1.94300365447998
}
VitHeadlessService: command reply (truncated): {
  "status": "ok",
  "message": "Seek executed",
  "position_seconds": 1.94300365447998
}
ZmqGateway: received command payload: {"cmd":"seek","time":2.00518035888672}
ZmqGateway: dispatching payload to JUCE message thread.
VitHeadlessService: processing queued command on JUCE message thread: {"cmd":"seek","time":2.00518035888672}
Command received: {"cmd":"seek","time":2.00518035888672}
CommandDispatcher::handleSeek: position set to 2.0052s
Command executed: seek, result: {
  "status": "ok",
  "message": "Seek executed",
  "position_seconds": 2.00518035888672
}
VitHeadlessService: command reply (truncated): {
  "status": "ok",
  "message": "Seek executed",
  "position_seconds": 2.00518035888672
}
ZmqGateway: received command payload: {"cmd":"seek","time":2.09844398498535}
ZmqGateway: dispatching payload to JUCE message thread.
VitHeadlessService: processing queued command on JUCE message thread: {"cmd":"seek","time":2.09844398498535}
Command received: {"cmd":"seek","time":2.09844398498535}
CommandDispatcher::handleSeek: position set to 2.0984s
Command executed: seek, result: {
  "status": "ok",
  "message": "Seek executed",
  "position_seconds": 2.09844398498535
}
VitHeadlessService: command reply (truncated): {
  "status": "ok",
  "message": "Seek executed",
  "position_seconds": 2.09844398498535
}
ZmqGateway: received command payload: {"cmd":"seek","time":2.1917085647583}
ZmqGateway: dispatching payload to JUCE message thread.
VitHeadlessService: processing queued command on JUCE message thread: {"cmd":"seek","time":2.1917085647583}
Command received: {"cmd":"seek","time":2.1917085647583}
CommandDispatcher::handleSeek: position set to 2.1917s
Command executed: seek, result: {
  "status": "ok",
  "message": "Seek executed",
  "position_seconds": 2.1917085647583
}
VitHeadlessService: command reply (truncated): {
  "status": "ok",
  "message": "Seek executed",
  "position_seconds": 2.1917085647583
}
ZmqGateway: received command payload: {"cmd":"seek","time":2.26942825317383}
ZmqGateway: dispatching payload to JUCE message thread.
VitHeadlessService: processing queued command on JUCE message thread: {"cmd":"seek","time":2.26942825317383}
Command received: {"cmd":"seek","time":2.26942825317383}
CommandDispatcher::handleSeek: position set to 2.2694s
Command executed: seek, result: {
  "status": "ok",
  "message": "Seek executed",
  "position_seconds": 2.26942825317383
}
VitHeadlessService: command reply (truncated): {
  "status": "ok",
  "message": "Seek executed",
  "position_seconds": 2.26942825317383
}
ZmqGateway: received command payload: {"cmd":"seek","time":2.37823677062988}
ZmqGateway: dispatching payload to JUCE message thread.
VitHeadlessService: processing queued command on JUCE message thread: {"cmd":"seek","time":2.37823677062988}
Command received: {"cmd":"seek","time":2.37823677062988}
CommandDispatcher::handleSeek: position set to 2.3782s
Command executed: seek, result: {
  "status": "ok",
  "message": "Seek executed",
  "position_seconds": 2.37823677062988
}
VitHeadlessService: command reply (truncated): {
  "status": "ok",
  "message": "Seek executed",
  "position_seconds": 2.37823677062988
}
ZmqGateway: received command payload: {"cmd":"seek","time":2.45595741271973}
ZmqGateway: dispatching payload to JUCE message thread.
VitHeadlessService: processing queued command on JUCE message thread: {"cmd":"seek","time":2.45595741271973}
Command received: {"cmd":"seek","time":2.45595741271973}
CommandDispatcher::handleSeek: position set to 2.4560s
Command executed: seek, result: {
  "status": "ok",
  "message": "Seek executed",
  "position_seconds": 2.45595741271973
}
VitHeadlessService: command reply (truncated): {
  "status": "ok",
  "message": "Seek executed",
  "position_seconds": 2.45595741271973
}
ZmqGateway: received command payload: {"cmd":"seek","time":2.54922103881836}
ZmqGateway: dispatching payload to JUCE message thread.
VitHeadlessService: processing queued command on JUCE message thread: {"cmd":"seek","time":2.54922103881836}
Command received: {"cmd":"seek","time":2.54922103881836}
CommandDispatcher::handleSeek: position set to 2.5492s
Command executed: seek, result: {
  "status": "ok",
  "message": "Seek executed",
  "position_seconds": 2.54922103881836
}
VitHeadlessService: command reply (truncated): {
  "status": "ok",
  "message": "Seek executed",
  "position_seconds": 2.54922103881836
}
ZmqGateway: received command payload: {"cmd":"seek","time":2.64248561859131}
ZmqGateway: dispatching payload to JUCE message thread.
VitHeadlessService: processing queued command on JUCE message thread: {"cmd":"seek","time":2.64248561859131}
Command received: {"cmd":"seek","time":2.64248561859131}
CommandDispatcher::handleSeek: position set to 2.6425s
Command executed: seek, result: {
  "status": "ok",
  "message": "Seek executed",
  "position_seconds": 2.64248561859131
}
VitHeadlessService: command reply (truncated): {
  "status": "ok",
  "message": "Seek executed",
  "position_seconds": 2.64248561859131
}
ZmqGateway: received command payload: {"cmd":"seek","time":2.73575019836426}
ZmqGateway: dispatching payload to JUCE message thread.
VitHeadlessService: processing queued command on JUCE message thread: {"cmd":"seek","time":2.73575019836426}
Command received: {"cmd":"seek","time":2.73575019836426}
CommandDispatcher::handleSeek: position set to 2.7358s
Command executed: seek, result: {
  "status": "ok",
  "message": "Seek executed",
  "position_seconds": 2.73575019836426
}
VitHeadlessService: command reply (truncated): {
  "status": "ok",
  "message": "Seek executed",
  "position_seconds": 2.73575019836426
}
ZmqGateway: received command payload: {"cmd":"seek","time":2.81346988677979}
ZmqGateway: dispatching payload to JUCE message thread.
VitHeadlessService: processing queued command on JUCE message thread: {"cmd":"seek","time":2.81346988677979}
Command received: {"cmd":"seek","time":2.81346988677979}
CommandDispatcher::handleSeek: position set to 2.8135s
Command executed: seek, result: {
  "status": "ok",
  "message": "Seek executed",
  "position_seconds": 2.81346988677979
}
VitHeadlessService: command reply (truncated): {
  "status": "ok",
  "message": "Seek executed",
  "position_seconds": 2.81346988677979
}
ZmqGateway: received command payload: {"cmd":"seek","time":2.87564659118652}
ZmqGateway: dispatching payload to JUCE message thread.
VitHeadlessService: processing queued command on JUCE message thread: {"cmd":"seek","time":2.87564659118652}
Command received: {"cmd":"seek","time":2.87564659118652}
CommandDispatcher::handleSeek: position set to 2.8756s
Command executed: seek, result: {
  "status": "ok",
  "message": "Seek executed",
  "position_seconds": 2.87564659118652
}
VitHeadlessService: command reply (truncated): {
  "status": "ok",
  "message": "Seek executed",
  "position_seconds": 2.87564659118652
}
ZmqGateway: received command payload: {"cmd":"seek","time":2.92227840423584}
ZmqGateway: dispatching payload to JUCE message thread.
VitHeadlessService: processing queued command on JUCE message thread: {"cmd":"seek","time":2.92227840423584}
Command received: {"cmd":"seek","time":2.92227840423584}
CommandDispatcher::handleSeek: position set to 2.9223s
Command executed: seek, result: {
  "status": "ok",
  "message": "Seek executed",
  "position_seconds": 2.92227840423584
}
VitHeadlessService: command reply (truncated): {
  "status": "ok",
  "message": "Seek executed",
  "position_seconds": 2.92227840423584
}
ZmqGateway: received command payload: {"cmd":"seek","time":2.93782234191895}
ZmqGateway: dispatching payload to JUCE message thread.
VitHeadlessService: processing queued command on JUCE message thread: {"cmd":"seek","time":2.93782234191895}
Command received: {"cmd":"seek","time":2.93782234191895}
CommandDispatcher::handleSeek: position set to 2.9378s
Command executed: seek, result: {
  "status": "ok",
  "message": "Seek executed",
  "position_seconds": 2.93782234191895
}
VitHeadlessService: command reply (truncated): {
  "status": "ok",
  "message": "Seek executed",
  "position_seconds": 2.93782234191895
}
ZmqGateway: received command payload: {"cmd":"seek","time":2.93782234191895}
ZmqGateway: dispatching payload to JUCE message thread.
VitHeadlessService: processing queued command on JUCE message thread: {"cmd":"seek","time":2.93782234191895}
Command received: {"cmd":"seek","time":2.93782234191895}
CommandDispatcher::handleSeek: position set to 2.9378s
Command executed: seek, result: {
  "status": "ok",
  "message": "Seek executed",
  "position_seconds": 2.93782234191895
}
VitHeadlessService: command reply (truncated): {
  "status": "ok",
  "message": "Seek executed",
  "position_seconds": 2.93782234191895
}
ZmqGateway: received command payload: {"cmd":"seek","time":2.93782234191895}
ZmqGateway: dispatching payload to JUCE message thread.
VitHeadlessService: processing queued command on JUCE message thread: {"cmd":"seek","time":2.93782234191895}
Command received: {"cmd":"seek","time":2.93782234191895}
CommandDispatcher::handleSeek: position set to 2.9378s
Command executed: seek, result: {
  "status": "ok",
  "message": "Seek executed",
  "position_seconds": 2.93782234191895
}
VitHeadlessService: command reply (truncated): {
  "status": "ok",
  "message": "Seek executed",
  "position_seconds": 2.93782234191895
}
ZmqGateway: received command payload: {"cmd":"seek","time":2.93782234191895}
ZmqGateway: dispatching payload to JUCE message thread.
VitHeadlessService: processing queued command on JUCE message thread: {"cmd":"seek","time":2.93782234191895}
Command received: {"cmd":"seek","time":2.93782234191895}
CommandDispatcher::handleSeek: position set to 2.9378s
Command executed: seek, result: {
  "status": "ok",
  "message": "Seek executed",
  "position_seconds": 2.93782234191895
}
VitHeadlessService: command reply (truncated): {
  "status": "ok",
  "message": "Seek executed",
  "position_seconds": 2.93782234191895
}
ZmqGateway: received command payload: {"cmd":"seek","time":2.93782234191895}
ZmqGateway: dispatching payload to JUCE message thread.
VitHeadlessService: processing queued command on JUCE message thread: {"cmd":"seek","time":2.93782234191895}
Command received: {"cmd":"seek","time":2.93782234191895}
CommandDispatcher::handleSeek: position set to 2.9378s
Command executed: seek, result: {
  "status": "ok",
  "message": "Seek executed",
  "position_seconds": 2.93782234191895
}
VitHeadlessService: command reply (truncated): {
  "status": "ok",
  "message": "Seek executed",
  "position_seconds": 2.93782234191895
}
ZmqGateway: received command payload: {"cmd":"seek","time":2.93782234191895}
ZmqGateway: dispatching payload to JUCE message thread.
VitHeadlessService: processing queued command on JUCE message thread: {"cmd":"seek","time":2.93782234191895}
Command received: {"cmd":"seek","time":2.93782234191895}
CommandDispatcher::handleSeek: position set to 2.9378s
Command executed: seek, result: {
  "status": "ok",
  "message": "Seek executed",
  "position_seconds": 2.93782234191895
}
VitHeadlessService: command reply (truncated): {
  "status": "ok",
  "message": "Seek executed",
  "position_seconds": 2.93782234191895
}
ZmqGateway: received command payload: {"cmd":"seek","time":2.93782234191895}
ZmqGateway: dispatching payload to JUCE message thread.
VitHeadlessService: processing queued command on JUCE message thread: {"cmd":"seek","time":2.93782234191895}
Command received: {"cmd":"seek","time":2.93782234191895}
CommandDispatcher::handleSeek: position set to 2.9378s
Command executed: seek, result: {
  "status": "ok",
  "message": "Seek executed",
  "position_seconds": 2.93782234191895
}
VitHeadlessService: command reply (truncated): {
  "status": "ok",
  "message": "Seek executed",
  "position_seconds": 2.93782234191895
}
ZmqGateway: received command payload: {"cmd":"seek","time":2.93782234191895}
ZmqGateway: dispatching payload to JUCE message thread.
VitHeadlessService: processing queued command on JUCE message thread: {"cmd":"seek","time":2.93782234191895}
Command received: {"cmd":"seek","time":2.93782234191895}
CommandDispatcher::handleSeek: position set to 2.9378s
Command executed: seek, result: {
  "status": "ok",
  "message": "Seek executed",
  "position_seconds": 2.93782234191895
}
VitHeadlessService: command reply (truncated): {
  "status": "ok",
  "message": "Seek executed",
  "position_seconds": 2.93782234191895
}
ZmqGateway: received command payload: {"cmd":"seek","time":2.93782234191895}
ZmqGateway: dispatching payload to JUCE message thread.
VitHeadlessService: processing queued command on JUCE message thread: {"cmd":"seek","time":2.93782234191895}
Command received: {"cmd":"seek","time":2.93782234191895}
CommandDispatcher::handleSeek: position set to 2.9378s
Command executed: seek, result: {
  "status": "ok",
  "message": "Seek executed",
  "position_seconds": 2.93782234191895
}
VitHeadlessService: command reply (truncated): {
  "status": "ok",
  "message": "Seek executed",
  "position_seconds": 2.93782234191895
}
ZmqGateway: received command payload: {"cmd":"seek","time":2.93782234191895}
ZmqGateway: dispatching payload to JUCE message thread.
VitHeadlessService: processing queued command on JUCE message thread: {"cmd":"seek","time":2.93782234191895}
Command received: {"cmd":"seek","time":2.93782234191895}
CommandDispatcher::handleSeek: position set to 2.9378s
Command executed: seek, result: {
  "status": "ok",
  "message": "Seek executed",
  "position_seconds": 2.93782234191895
}
VitHeadlessService: command reply (truncated): {
  "status": "ok",
  "message": "Seek executed",
  "position_seconds": 2.93782234191895
}
ZmqGateway: received command payload: {"cmd":"seek","time":2.93782234191895}
ZmqGateway: dispatching payload to JUCE message thread.
VitHeadlessService: processing queued command on JUCE message thread: {"cmd":"seek","time":2.93782234191895}
Command received: {"cmd":"seek","time":2.93782234191895}
CommandDispatcher::handleSeek: position set to 2.9378s
Command executed: seek, result: {
  "status": "ok",
  "message": "Seek executed",
  "position_seconds": 2.93782234191895
}
VitHeadlessService: command reply (truncated): {
  "status": "ok",
  "message": "Seek executed",
  "position_seconds": 2.93782234191895
}
ZmqGateway: received command payload: {"cmd":"seek","time":2.93782234191895}
ZmqGateway: dispatching payload to JUCE message thread.
VitHeadlessService: processing queued command on JUCE message thread: {"cmd":"seek","time":2.93782234191895}
Command received: {"cmd":"seek","time":2.93782234191895}
CommandDispatcher::handleSeek: position set to 2.9378s
Command executed: seek, result: {
  "status": "ok",
  "message": "Seek executed",
  "position_seconds": 2.93782234191895
}
VitHeadlessService: command reply (truncated): {
  "status": "ok",
  "message": "Seek executed",
  "position_seconds": 2.93782234191895
}
ZmqGateway: received command payload: {"cmd":"seek","time":2.93782234191895}
ZmqGateway: dispatching payload to JUCE message thread.
VitHeadlessService: processing queued command on JUCE message thread: {"cmd":"seek","time":2.93782234191895}
Command received: {"cmd":"seek","time":2.93782234191895}
CommandDispatcher::handleSeek: position set to 2.9378s
Command executed: seek, result: {
  "status": "ok",
  "message": "Seek executed",
  "position_seconds": 2.93782234191895
}
VitHeadlessService: command reply (truncated): {
  "status": "ok",
  "message": "Seek executed",
  "position_seconds": 2.93782234191895
}
ZmqGateway: received command payload: {"cmd":"seek","time":2.93782234191895}
ZmqGateway: dispatching payload to JUCE message thread.
VitHeadlessService: processing queued command on JUCE message thread: {"cmd":"seek","time":2.93782234191895}
Command received: {"cmd":"seek","time":2.93782234191895}
CommandDispatcher::handleSeek: position set to 2.9378s
Command executed: seek, result: {
  "status": "ok",
  "message": "Seek executed",
  "position_seconds": 2.93782234191895
}
VitHeadlessService: command reply (truncated): {
  "status": "ok",
  "message": "Seek executed",
  "position_seconds": 2.93782234191895
}
ZmqGateway: received command payload: {"cmd":"seek","time":2.93782234191895}
ZmqGateway: dispatching payload to JUCE message thread.
VitHeadlessService: processing queued command on JUCE message thread: {"cmd":"seek","time":2.93782234191895}
Command received: {"cmd":"seek","time":2.93782234191895}
CommandDispatcher::handleSeek: position set to 2.9378s
Command executed: seek, result: {
  "status": "ok",
  "message": "Seek executed",
  "position_seconds": 2.93782234191895
}
VitHeadlessService: command reply (truncated): {
  "status": "ok",
  "message": "Seek executed",
  "position_seconds": 2.93782234191895
}
ZmqGateway: received command payload: {"cmd":"seek","time":2.93782234191895}
ZmqGateway: dispatching payload to JUCE message thread.
VitHeadlessService: processing queued command on JUCE message thread: {"cmd":"seek","time":2.93782234191895}
Command received: {"cmd":"seek","time":2.93782234191895}
CommandDispatcher::handleSeek: position set to 2.9378s
Command executed: seek, result: {
  "status": "ok",
  "message": "Seek executed",
  "position_seconds": 2.93782234191895
}
VitHeadlessService: command reply (truncated): {
  "status": "ok",
  "message": "Seek executed",
  "position_seconds": 2.93782234191895
}
ZmqGateway: received command payload: {"cmd":"seek","time":2.93782234191895}
ZmqGateway: dispatching payload to JUCE message thread.
VitHeadlessService: processing queued command on JUCE message thread: {"cmd":"seek","time":2.93782234191895}
Command received: {"cmd":"seek","time":2.93782234191895}
CommandDispatcher::handleSeek: position set to 2.9378s
Command executed: seek, result: {
  "status": "ok",
  "message": "Seek executed",
  "position_seconds": 2.93782234191895
}
VitHeadlessService: command reply (truncated): {
  "status": "ok",
  "message": "Seek executed",
  "position_seconds": 2.93782234191895
}
ZmqGateway: received command payload: {"cmd":"seek","time":2.93782234191895}
ZmqGateway: dispatching payload to JUCE message thread.
VitHeadlessService: processing queued command on JUCE message thread: {"cmd":"seek","time":2.93782234191895}
Command received: {"cmd":"seek","time":2.93782234191895}
CommandDispatcher::handleSeek: position set to 2.9378s
Command executed: seek, result: {
  "status": "ok",
  "message": "Seek executed",
  "position_seconds": 2.93782234191895
}
VitHeadlessService: command reply (truncated): {
  "status": "ok",
  "message": "Seek executed",
  "position_seconds": 2.93782234191895
}
ZmqGateway: received command payload: {"cmd":"seek","time":2.93782234191895}
ZmqGateway: dispatching payload to JUCE message thread.
VitHeadlessService: processing queued command on JUCE message thread: {"cmd":"seek","time":2.93782234191895}
Command received: {"cmd":"seek","time":2.93782234191895}
CommandDispatcher::handleSeek: position set to 2.9378s
Command executed: seek, result: {
  "status": "ok",
  "message": "Seek executed",
  "position_seconds": 2.93782234191895
}
VitHeadlessService: command reply (truncated): {
  "status": "ok",
  "message": "Seek executed",
  "position_seconds": 2.93782234191895
}
ZmqGateway: received command payload: {"cmd":"seek","time":2.93782234191895}
ZmqGateway: dispatching payload to JUCE message thread.
VitHeadlessService: processing queued command on JUCE message thread: {"cmd":"seek","time":2.93782234191895}
Command received: {"cmd":"seek","time":2.93782234191895}
CommandDispatcher::handleSeek: position set to 2.9378s
Command executed: seek, result: {
  "status": "ok",
  "message": "Seek executed",
  "position_seconds": 2.93782234191895
}
VitHeadlessService: command reply (truncated): {
  "status": "ok",
  "message": "Seek executed",
  "position_seconds": 2.93782234191895
}
ZmqGateway: received command payload: {"cmd":"seek","time":2.93782234191895}
ZmqGateway: dispatching payload to JUCE message thread.
VitHeadlessService: processing queued command on JUCE message thread: {"cmd":"seek","time":2.93782234191895}
Command received: {"cmd":"seek","time":2.93782234191895}
CommandDispatcher::handleSeek: position set to 2.9378s
Command executed: seek, result: {
  "status": "ok",
  "message": "Seek executed",
  "position_seconds": 2.93782234191895
}
VitHeadlessService: command reply (truncated): {
  "status": "ok",
  "message": "Seek executed",
  "position_seconds": 2.93782234191895
}
ZmqGateway: received command payload: {"cmd":"seek","time":3.80828857421875}
ZmqGateway: dispatching payload to JUCE message thread.
VitHeadlessService: processing queued command on JUCE message thread: {"cmd":"seek","time":3.80828857421875}
Command received: {"cmd":"seek","time":3.80828857421875}
CommandDispatcher::handleSeek: position set to 3.8083s
Command executed: seek, result: {
  "status": "ok",
  "message": "Seek executed",
  "position_seconds": 3.80828857421875
}
VitHeadlessService: command reply (truncated): {
  "status": "ok",
  "message": "Seek executed",
  "position_seconds": 3.80828857421875
}
ZmqGateway: received command payload: {"cmd":"seek","time":3.80828857421875}
ZmqGateway: dispatching payload to JUCE message thread.
VitHeadlessService: processing queued command on JUCE message thread: {"cmd":"seek","time":3.80828857421875}
Command received: {"cmd":"seek","time":3.80828857421875}
CommandDispatcher::handleSeek: position set to 3.8083s
Command executed: seek, result: {
  "status": "ok",
  "message": "Seek executed",
  "position_seconds": 3.80828857421875
}
VitHeadlessService: command reply (truncated): {
  "status": "ok",
  "message": "Seek executed",
  "position_seconds": 3.80828857421875
}
ZmqGateway: received command payload: {"cmd":"seek","time":3.80828857421875}
ZmqGateway: dispatching payload to JUCE message thread.
VitHeadlessService: processing queued command on JUCE message thread: {"cmd":"seek","time":3.80828857421875}
Command received: {"cmd":"seek","time":3.80828857421875}
CommandDispatcher::handleSeek: position set to 3.8083s
Command executed: seek, result: {
  "status": "ok",
  "message": "Seek executed",
  "position_seconds": 3.80828857421875
}
VitHeadlessService: command reply (truncated): {
  "status": "ok",
  "message": "Seek executed",
  "position_seconds": 3.80828857421875
}
ZmqGateway: received command payload: {"cmd":"seek","time":3.80828857421875}
ZmqGateway: dispatching payload to JUCE message thread.
VitHeadlessService: processing queued command on JUCE message thread: {"cmd":"seek","time":3.80828857421875}
Command received: {"cmd":"seek","time":3.80828857421875}
CommandDispatcher::handleSeek: position set to 3.8083s
Command executed: seek, result: {
  "status": "ok",
  "message": "Seek executed",
  "position_seconds": 3.80828857421875
}
VitHeadlessService: command reply (truncated): {
  "status": "ok",
  "message": "Seek executed",
  "position_seconds": 3.80828857421875
}
ZmqGateway: received command payload: {"cmd":"seek","time":3.80828857421875}
ZmqGateway: dispatching payload to JUCE message thread.
VitHeadlessService: processing queued command on JUCE message thread: {"cmd":"seek","time":3.80828857421875}
Command received: {"cmd":"seek","time":3.80828857421875}
CommandDispatcher::handleSeek: position set to 3.8083s
Command executed: seek, result: {
  "status": "ok",
  "message": "Seek executed",
  "position_seconds": 3.80828857421875
}
VitHeadlessService: command reply (truncated): {
  "status": "ok",
  "message": "Seek executed",
  "position_seconds": 3.80828857421875
}
ZmqGateway: received command payload: {"cmd":"seek","time":3.80828857421875}
ZmqGateway: dispatching payload to JUCE message thread.
VitHeadlessService: processing queued command on JUCE message thread: {"cmd":"seek","time":3.80828857421875}
Command received: {"cmd":"seek","time":3.80828857421875}
CommandDispatcher::handleSeek: position set to 3.8083s
Command executed: seek, result: {
  "status": "ok",
  "message": "Seek executed",
  "position_seconds": 3.80828857421875
}
VitHeadlessService: command reply (truncated): {
  "status": "ok",
  "message": "Seek executed",
  "position_seconds": 3.80828857421875
}
ZmqGateway: received command payload: {"cmd":"seek","time":3.80828857421875}
ZmqGateway: dispatching payload to JUCE message thread.
VitHeadlessService: processing queued command on JUCE message thread: {"cmd":"seek","time":3.80828857421875}
Command received: {"cmd":"seek","time":3.80828857421875}
CommandDispatcher::handleSeek: position set to 3.8083s
Command executed: seek, result: {
  "status": "ok",
  "message": "Seek executed",
  "position_seconds": 3.80828857421875
}
VitHeadlessService: command reply (truncated): {
  "status": "ok",
  "message": "Seek executed",
  "position_seconds": 3.80828857421875
}
ZmqGateway: received command payload: {"cmd":"seek","time":3.80828857421875}
ZmqGateway: dispatching payload to JUCE message thread.
VitHeadlessService: processing queued command on JUCE message thread: {"cmd":"seek","time":3.80828857421875}
Command received: {"cmd":"seek","time":3.80828857421875}
CommandDispatcher::handleSeek: position set to 3.8083s
Command executed: seek, result: {
  "status": "ok",
  "message": "Seek executed",
  "position_seconds": 3.80828857421875
}
VitHeadlessService: command reply (truncated): {
  "status": "ok",
  "message": "Seek executed",
  "position_seconds": 3.80828857421875
}
ZmqGateway: received command payload: {"cmd":"seek","time":3.80828857421875}
ZmqGateway: dispatching payload to JUCE message thread.
VitHeadlessService: processing queued command on JUCE message thread: {"cmd":"seek","time":3.80828857421875}
Command received: {"cmd":"seek","time":3.80828857421875}
CommandDispatcher::handleSeek: position set to 3.8083s
Command executed: seek, result: {
  "status": "ok",
  "message": "Seek executed",
  "position_seconds": 3.80828857421875
}
VitHeadlessService: command reply (truncated): {
  "status": "ok",
  "message": "Seek executed",
  "position_seconds": 3.80828857421875
}
ZmqGateway: received command payload: {"cmd":"seek","time":3.80828857421875}
ZmqGateway: dispatching payload to JUCE message thread.
VitHeadlessService: processing queued command on JUCE message thread: {"cmd":"seek","time":3.80828857421875}
Command received: {"cmd":"seek","time":3.80828857421875}
CommandDispatcher::handleSeek: position set to 3.8083s
Command executed: seek, result: {
  "status": "ok",
  "message": "Seek executed",
  "position_seconds": 3.80828857421875
}
VitHeadlessService: command reply (truncated): {
  "status": "ok",
  "message": "Seek executed",
  "position_seconds": 3.80828857421875
}
ZmqGateway: received command payload: {"cmd":"seek","time":3.80828857421875}
ZmqGateway: dispatching payload to JUCE message thread.
VitHeadlessService: processing queued command on JUCE message thread: {"cmd":"seek","time":3.80828857421875}
Command received: {"cmd":"seek","time":3.80828857421875}
CommandDispatcher::handleSeek: position set to 3.8083s
Command executed: seek, result: {
  "status": "ok",
  "message": "Seek executed",
  "position_seconds": 3.80828857421875
}
VitHeadlessService: command reply (truncated): {
  "status": "ok",
  "message": "Seek executed",
  "position_seconds": 3.80828857421875
}
ZmqGateway: received command payload: {"cmd":"seek","time":3.80828857421875}
ZmqGateway: dispatching payload to JUCE message thread.
VitHeadlessService: processing queued command on JUCE message thread: {"cmd":"seek","time":3.80828857421875}
Command received: {"cmd":"seek","time":3.80828857421875}
CommandDispatcher::handleSeek: position set to 3.8083s
Command executed: seek, result: {
  "status": "ok",
  "message": "Seek executed",
  "position_seconds": 3.80828857421875
}
VitHeadlessService: command reply (truncated): {
  "status": "ok",
  "message": "Seek executed",
  "position_seconds": 3.80828857421875
}
ZmqGateway: received command payload: {"cmd":"seek","time":3.80828857421875}
ZmqGateway: dispatching payload to JUCE message thread.
VitHeadlessService: processing queued command on JUCE message thread: {"cmd":"seek","time":3.80828857421875}
Command received: {"cmd":"seek","time":3.80828857421875}
CommandDispatcher::handleSeek: position set to 3.8083s
Command executed: seek, result: {
  "status": "ok",
  "message": "Seek executed",
  "position_seconds": 3.80828857421875
}
VitHeadlessService: command reply (truncated): {
  "status": "ok",
  "message": "Seek executed",
  "position_seconds": 3.80828857421875
}
ZmqGateway: received command payload: {"cmd":"seek","time":3.80828857421875}
ZmqGateway: dispatching payload to JUCE message thread.
VitHeadlessService: processing queued command on JUCE message thread: {"cmd":"seek","time":3.80828857421875}
Command received: {"cmd":"seek","time":3.80828857421875}
CommandDispatcher::handleSeek: position set to 3.8083s
Command executed: seek, result: {
  "status": "ok",
  "message": "Seek executed",
  "position_seconds": 3.80828857421875
}
VitHeadlessService: command reply (truncated): {
  "status": "ok",
  "message": "Seek executed",
  "position_seconds": 3.80828857421875
}
ZmqGateway: received command payload: {"cmd":"seek","time":3.80828857421875}
ZmqGateway: dispatching payload to JUCE message thread.
VitHeadlessService: processing queued command on JUCE message thread: {"cmd":"seek","time":3.80828857421875}
Command received: {"cmd":"seek","time":3.80828857421875}
CommandDispatcher::handleSeek: position set to 3.8083s
Command executed: seek, result: {
  "status": "ok",
  "message": "Seek executed",
  "position_seconds": 3.80828857421875
}
VitHeadlessService: command reply (truncated): {
  "status": "ok",
  "message": "Seek executed",
  "position_seconds": 3.80828857421875
}
ZmqGateway: received command payload: {"cmd":"seek","time":3.80828857421875}
ZmqGateway: dispatching payload to JUCE message thread.
VitHeadlessService: processing queued command on JUCE message thread: {"cmd":"seek","time":3.80828857421875}
Command received: {"cmd":"seek","time":3.80828857421875}
CommandDispatcher::handleSeek: position set to 3.8083s
Command executed: seek, result: {
  "status": "ok",
  "message": "Seek executed",
  "position_seconds": 3.80828857421875
}
VitHeadlessService: command reply (truncated): {
  "status": "ok",
  "message": "Seek executed",
  "position_seconds": 3.80828857421875
}
ZmqGateway: received command payload: {"cmd":"seek","time":3.80828857421875}
ZmqGateway: dispatching payload to JUCE message thread.
VitHeadlessService: processing queued command on JUCE message thread: {"cmd":"seek","time":3.80828857421875}
Command received: {"cmd":"seek","time":3.80828857421875}
CommandDispatcher::handleSeek: position set to 3.8083s
Command executed: seek, result: {
  "status": "ok",
  "message": "Seek executed",
  "position_seconds": 3.80828857421875
}
VitHeadlessService: command reply (truncated): {
  "status": "ok",
  "message": "Seek executed",
  "position_seconds": 3.80828857421875
}
ZmqGateway: received command payload: {"cmd":"seek","time":3.80828857421875}
ZmqGateway: dispatching payload to JUCE message thread.
VitHeadlessService: processing queued command on JUCE message thread: {"cmd":"seek","time":3.80828857421875}
Command received: {"cmd":"seek","time":3.80828857421875}
CommandDispatcher::handleSeek: position set to 3.8083s
Command executed: seek, result: {
  "status": "ok",
  "message": "Seek executed",
  "position_seconds": 3.80828857421875
}
VitHeadlessService: command reply (truncated): {
  "status": "ok",
  "message": "Seek executed",
  "position_seconds": 3.80828857421875
}
ZmqGateway: received command payload: {"cmd":"seek","time":3.82383251190186}
ZmqGateway: dispatching payload to JUCE message thread.
VitHeadlessService: processing queued command on JUCE message thread: {"cmd":"seek","time":3.82383251190186}
Command received: {"cmd":"seek","time":3.82383251190186}
CommandDispatcher::handleSeek: position set to 3.8238s
Command executed: seek, result: {
  "status": "ok",
  "message": "Seek executed",
  "position_seconds": 3.82383251190186
}
VitHeadlessService: command reply (truncated): {
  "status": "ok",
  "message": "Seek executed",
  "position_seconds": 3.82383251190186
}
ZmqGateway: received command payload: {"cmd":"seek","time":3.82383251190186}
ZmqGateway: dispatching payload to JUCE message thread.
VitHeadlessService: processing queued command on JUCE message thread: {"cmd":"seek","time":3.82383251190186}
Command received: {"cmd":"seek","time":3.82383251190186}
CommandDispatcher::handleSeek: position set to 3.8238s
Command executed: seek, result: {
  "status": "ok",
  "message": "Seek executed",
  "position_seconds": 3.82383251190186
}
VitHeadlessService: command reply (truncated): {
  "status": "ok",
  "message": "Seek executed",
  "position_seconds": 3.82383251190186
}
ZmqGateway: received command payload: {"cmd":"seek","time":3.82383251190186}
ZmqGateway: dispatching payload to JUCE message thread.
VitHeadlessService: processing queued command on JUCE message thread: {"cmd":"seek","time":3.82383251190186}
Command received: {"cmd":"seek","time":3.82383251190186}
CommandDispatcher::handleSeek: position set to 3.8238s
Command executed: seek, result: {
  "status": "ok",
  "message": "Seek executed",
  "position_seconds": 3.82383251190186
}
VitHeadlessService: command reply (truncated): {
  "status": "ok",
  "message": "Seek executed",
  "position_seconds": 3.82383251190186
}
ZmqGateway: received command payload: {"cmd":"seek","time":3.82383251190186}
ZmqGateway: dispatching payload to JUCE message thread.
VitHeadlessService: processing queued command on JUCE message thread: {"cmd":"seek","time":3.82383251190186}
Command received: {"cmd":"seek","time":3.82383251190186}
CommandDispatcher::handleSeek: position set to 3.8238s
Command executed: seek, result: {
  "status": "ok",
  "message": "Seek executed",
  "position_seconds": 3.82383251190186
}
VitHeadlessService: command reply (truncated): {
  "status": "ok",
  "message": "Seek executed",
  "position_seconds": 3.82383251190186
}
ZmqGateway: received command payload: {"cmd":"seek","time":3.82383251190186}
ZmqGateway: dispatching payload to JUCE message thread.
VitHeadlessService: processing queued command on JUCE message thread: {"cmd":"seek","time":3.82383251190186}
Command received: {"cmd":"seek","time":3.82383251190186}
CommandDispatcher::handleSeek: position set to 3.8238s
Command executed: seek, result: {
  "status": "ok",
  "message": "Seek executed",
  "position_seconds": 3.82383251190186
}
VitHeadlessService: command reply (truncated): {
  "status": "ok",
  "message": "Seek executed",
  "position_seconds": 3.82383251190186
}
ZmqGateway: received command payload: {"cmd":"seek","time":3.82383251190186}
ZmqGateway: dispatching payload to JUCE message thread.
VitHeadlessService: processing queued command on JUCE message thread: {"cmd":"seek","time":3.82383251190186}
Command received: {"cmd":"seek","time":3.82383251190186}
CommandDispatcher::handleSeek: position set to 3.8238s
Command executed: seek, result: {
  "status": "ok",
  "message": "Seek executed",
  "position_seconds": 3.82383251190186
}
VitHeadlessService: command reply (truncated): {
  "status": "ok",
  "message": "Seek executed",
  "position_seconds": 3.82383251190186
}
ZmqGateway: received command payload: {"cmd":"seek","time":3.82383251190186}
ZmqGateway: dispatching payload to JUCE message thread.
VitHeadlessService: processing queued command on JUCE message thread: {"cmd":"seek","time":3.82383251190186}
Command received: {"cmd":"seek","time":3.82383251190186}
CommandDispatcher::handleSeek: position set to 3.8238s
Command executed: seek, result: {
  "status": "ok",
  "message": "Seek executed",
  "position_seconds": 3.82383251190186
}
VitHeadlessService: command reply (truncated): {
  "status": "ok",
  "message": "Seek executed",
  "position_seconds": 3.82383251190186
}
ZmqGateway: received command payload: {"cmd":"seek","time":3.82383251190186}
ZmqGateway: dispatching payload to JUCE message thread.
VitHeadlessService: processing queued command on JUCE message thread: {"cmd":"seek","time":3.82383251190186}
Command received: {"cmd":"seek","time":3.82383251190186}
CommandDispatcher::handleSeek: position set to 3.8238s
Command executed: seek, result: {
  "status": "ok",
  "message": "Seek executed",
  "position_seconds": 3.82383251190186
}
VitHeadlessService: command reply (truncated): {
  "status": "ok",
  "message": "Seek executed",
  "position_seconds": 3.82383251190186
}
ZmqGateway: received command payload: {"cmd":"seek","time":3.83937644958496}
ZmqGateway: dispatching payload to JUCE message thread.
VitHeadlessService: processing queued command on JUCE message thread: {"cmd":"seek","time":3.83937644958496}
Command received: {"cmd":"seek","time":3.83937644958496}
CommandDispatcher::handleSeek: position set to 3.8394s
Command executed: seek, result: {
  "status": "ok",
  "message": "Seek executed",
  "position_seconds": 3.83937644958496
}
VitHeadlessService: command reply (truncated): {
  "status": "ok",
  "message": "Seek executed",
  "position_seconds": 3.83937644958496
}
ZmqGateway: received command payload: {"cmd":"seek","time":3.90155220031738}
ZmqGateway: dispatching payload to JUCE message thread.
VitHeadlessService: processing queued command on JUCE message thread: {"cmd":"seek","time":3.90155220031738}
Command received: {"cmd":"seek","time":3.90155220031738}
CommandDispatcher::handleSeek: position set to 3.9016s
Command executed: seek, result: {
  "status": "ok",
  "message": "Seek executed",
  "position_seconds": 3.90155220031738
}
VitHeadlessService: command reply (truncated): {
  "status": "ok",
  "message": "Seek executed",
  "position_seconds": 3.90155220031738
}
ZmqGateway: received command payload: {"cmd":"seek","time":3.94818496704102}
ZmqGateway: dispatching payload to JUCE message thread.
VitHeadlessService: processing queued command on JUCE message thread: {"cmd":"seek","time":3.94818496704102}
Command received: {"cmd":"seek","time":3.94818496704102}
CommandDispatcher::handleSeek: position set to 3.9482s
Command executed: seek, result: {
  "status": "ok",
  "message": "Seek executed",
  "position_seconds": 3.94818496704102
}
VitHeadlessService: command reply (truncated): {
  "status": "ok",
  "message": "Seek executed",
  "position_seconds": 3.94818496704102
}
ZmqGateway: received command payload: {"cmd":"seek","time":4.01036167144775}
ZmqGateway: dispatching payload to JUCE message thread.
VitHeadlessService: processing queued command on JUCE message thread: {"cmd":"seek","time":4.01036167144775}
Command received: {"cmd":"seek","time":4.01036167144775}
CommandDispatcher::handleSeek: position set to 4.0104s
Command executed: seek, result: {
  "status": "ok",
  "message": "Seek executed",
  "position_seconds": 4.01036167144775
}
VitHeadlessService: command reply (truncated): {
  "status": "ok",
  "message": "Seek executed",
  "position_seconds": 4.01036167144775
}
ZmqGateway: received command payload: {"cmd":"seek","time":4.07253837585449}
ZmqGateway: dispatching payload to JUCE message thread.
VitHeadlessService: processing queued command on JUCE message thread: {"cmd":"seek","time":4.07253837585449}
Command received: {"cmd":"seek","time":4.07253837585449}
CommandDispatcher::handleSeek: position set to 4.0725s
Command executed: seek, result: {
  "status": "ok",
  "message": "Seek executed",
  "position_seconds": 4.07253837585449
}
VitHeadlessService: command reply (truncated): {
  "status": "ok",
  "message": "Seek executed",
  "position_seconds": 4.07253837585449
}
ZmqGateway: received command payload: {"cmd":"seek","time":4.18134593963623}
ZmqGateway: dispatching payload to JUCE message thread.
VitHeadlessService: processing queued command on JUCE message thread: {"cmd":"seek","time":4.18134593963623}
Command received: {"cmd":"seek","time":4.18134593963623}
CommandDispatcher::handleSeek: position set to 4.1813s
Command executed: seek, result: {
  "status": "ok",
  "message": "Seek executed",
  "position_seconds": 4.18134593963623
}
VitHeadlessService: command reply (truncated): {
  "status": "ok",
  "message": "Seek executed",
  "position_seconds": 4.18134593963623
}
ZmqGateway: received command payload: {"cmd":"seek","time":4.3212423324585}
ZmqGateway: dispatching payload to JUCE message thread.
VitHeadlessService: processing queued command on JUCE message thread: {"cmd":"seek","time":4.3212423324585}
Command received: {"cmd":"seek","time":4.3212423324585}
CommandDispatcher::handleSeek: position set to 4.3212s
Command executed: seek, result: {
  "status": "ok",
  "message": "Seek executed",
  "position_seconds": 4.3212423324585
}
VitHeadlessService: command reply (truncated): {
  "status": "ok",
  "message": "Seek executed",
  "position_seconds": 4.3212423324585
}
ZmqGateway: received command payload: {"cmd":"seek","time":4.41450691223145}
ZmqGateway: dispatching payload to JUCE message thread.
VitHeadlessService: processing queued command on JUCE message thread: {"cmd":"seek","time":4.41450691223145}
Command received: {"cmd":"seek","time":4.41450691223145}
CommandDispatcher::handleSeek: position set to 4.4145s
Command executed: seek, result: {
  "status": "ok",
  "message": "Seek executed",
  "position_seconds": 4.41450691223145
}
VitHeadlessService: command reply (truncated): {
  "status": "ok",
  "message": "Seek executed",
  "position_seconds": 4.41450691223145
}
ZmqGateway: received command payload: {"cmd":"seek","time":4.50777053833008}
ZmqGateway: dispatching payload to JUCE message thread.
VitHeadlessService: processing queued command on JUCE message thread: {"cmd":"seek","time":4.50777053833008}
Command received: {"cmd":"seek","time":4.50777053833008}
CommandDispatcher::handleSeek: position set to 4.5078s
Command executed: seek, result: {
  "status": "ok",
  "message": "Seek executed",
  "position_seconds": 4.50777053833008
}
VitHeadlessService: command reply (truncated): {
  "status": "ok",
  "message": "Seek executed",
  "position_seconds": 4.50777053833008
}
ZmqGateway: received command payload: {"cmd":"seek","time":4.5699462890625}
ZmqGateway: dispatching payload to JUCE message thread.
VitHeadlessService: processing queued command on JUCE message thread: {"cmd":"seek","time":4.5699462890625}
Command received: {"cmd":"seek","time":4.5699462890625}
CommandDispatcher::handleSeek: position set to 4.5699s
Command executed: seek, result: {
  "status": "ok",
  "message": "Seek executed",
  "position_seconds": 4.5699462890625
}
VitHeadlessService: command reply (truncated): {
  "status": "ok",
  "message": "Seek executed",
  "position_seconds": 4.5699462890625
}
ZmqGateway: received command payload: {"cmd":"seek","time":4.63212299346924}
ZmqGateway: dispatching payload to JUCE message thread.
VitHeadlessService: processing queued command on JUCE message thread: {"cmd":"seek","time":4.63212299346924}
Command received: {"cmd":"seek","time":4.63212299346924}
CommandDispatcher::handleSeek: position set to 4.6321s
Command executed: seek, result: {
  "status": "ok",
  "message": "Seek executed",
  "position_seconds": 4.63212299346924
}
VitHeadlessService: command reply (truncated): {
  "status": "ok",
  "message": "Seek executed",
  "position_seconds": 4.63212299346924
}
ZmqGateway: received command payload: {"cmd":"seek","time":4.69429969787598}
ZmqGateway: dispatching payload to JUCE message thread.
VitHeadlessService: processing queued command on JUCE message thread: {"cmd":"seek","time":4.69429969787598}
Command received: {"cmd":"seek","time":4.69429969787598}
CommandDispatcher::handleSeek: position set to 4.6943s
Command executed: seek, result: {
  "status": "ok",
  "message": "Seek executed",
  "position_seconds": 4.69429969787598
}
VitHeadlessService: command reply (truncated): {
  "status": "ok",
  "message": "Seek executed",
  "position_seconds": 4.69429969787598
}
ZmqGateway: received command payload: {"cmd":"seek","time":4.74093055725098}
ZmqGateway: dispatching payload to JUCE message thread.
VitHeadlessService: processing queued command on JUCE message thread: {"cmd":"seek","time":4.74093055725098}
Command received: {"cmd":"seek","time":4.74093055725098}
CommandDispatcher::handleSeek: position set to 4.7409s
Command executed: seek, result: {
  "status": "ok",
  "message": "Seek executed",
  "position_seconds": 4.74093055725098
}
VitHeadlessService: command reply (truncated): {
  "status": "ok",
  "message": "Seek executed",
  "position_seconds": 4.74093055725098
}
ZmqGateway: received command payload: {"cmd":"seek","time":4.78756332397461}
ZmqGateway: dispatching payload to JUCE message thread.
VitHeadlessService: processing queued command on JUCE message thread: {"cmd":"seek","time":4.78756332397461}
Command received: {"cmd":"seek","time":4.78756332397461}
CommandDispatcher::handleSeek: position set to 4.7876s
Command executed: seek, result: {
  "status": "ok",
  "message": "Seek executed",
  "position_seconds": 4.78756332397461
}
VitHeadlessService: command reply (truncated): {
  "status": "ok",
  "message": "Seek executed",
  "position_seconds": 4.78756332397461
}
ZmqGateway: received command payload: {"cmd":"seek","time":4.80310726165771}
ZmqGateway: dispatching payload to JUCE message thread.
VitHeadlessService: processing queued command on JUCE message thread: {"cmd":"seek","time":4.80310726165771}
Command received: {"cmd":"seek","time":4.80310726165771}
CommandDispatcher::handleSeek: position set to 4.8031s
Command executed: seek, result: {
  "status": "ok",
  "message": "Seek executed",
  "position_seconds": 4.80310726165771
}
VitHeadlessService: command reply (truncated): {
  "status": "ok",
  "message": "Seek executed",
  "position_seconds": 4.80310726165771
}
ZmqGateway: received command payload: {"cmd":"seek","time":4.83419609069824}
ZmqGateway: dispatching payload to JUCE message thread.
VitHeadlessService: processing queued command on JUCE message thread: {"cmd":"seek","time":4.83419609069824}
Command received: {"cmd":"seek","time":4.83419609069824}
CommandDispatcher::handleSeek: position set to 4.8342s
Command executed: seek, result: {
  "status": "ok",
  "message": "Seek executed",
  "position_seconds": 4.83419609069824
}
VitHeadlessService: command reply (truncated): {
  "status": "ok",
  "message": "Seek executed",
  "position_seconds": 4.83419609069824
}
ZmqGateway: received command payload: {"cmd":"seek","time":4.84973907470703}
ZmqGateway: dispatching payload to JUCE message thread.
VitHeadlessService: processing queued command on JUCE message thread: {"cmd":"seek","time":4.84973907470703}
Command received: {"cmd":"seek","time":4.84973907470703}
CommandDispatcher::handleSeek: position set to 4.8497s
Command executed: seek, result: {
  "status": "ok",
  "message": "Seek executed",
  "position_seconds": 4.84973907470703
}
VitHeadlessService: command reply (truncated): {
  "status": "ok",
  "message": "Seek executed",
  "position_seconds": 4.84973907470703
}
ZmqGateway: received command payload: {"cmd":"seek","time":4.84973907470703}
ZmqGateway: dispatching payload to JUCE message thread.
VitHeadlessService: processing queued command on JUCE message thread: {"cmd":"seek","time":4.84973907470703}
Command received: {"cmd":"seek","time":4.84973907470703}
CommandDispatcher::handleSeek: position set to 4.8497s
Command executed: seek, result: {
  "status": "ok",
  "message": "Seek executed",
  "position_seconds": 4.84973907470703
}
VitHeadlessService: command reply (truncated): {
  "status": "ok",
  "message": "Seek executed",
  "position_seconds": 4.84973907470703
}
ZmqGateway: received command payload: {"cmd":"seek","time":4.86528396606445}
ZmqGateway: dispatching payload to JUCE message thread.
VitHeadlessService: processing queued command on JUCE message thread: {"cmd":"seek","time":4.86528396606445}
Command received: {"cmd":"seek","time":4.86528396606445}
CommandDispatcher::handleSeek: position set to 4.8653s
Command executed: seek, result: {
  "status": "ok",
  "message": "Seek executed",
  "position_seconds": 4.86528396606445
}
VitHeadlessService: command reply (truncated): {
  "status": "ok",
  "message": "Seek executed",
  "position_seconds": 4.86528396606445
}
ZmqGateway: received command payload: {"cmd":"seek","time":4.88082695007324}
ZmqGateway: dispatching payload to JUCE message thread.
VitHeadlessService: processing queued command on JUCE message thread: {"cmd":"seek","time":4.88082695007324}
Command received: {"cmd":"seek","time":4.88082695007324}
CommandDispatcher::handleSeek: position set to 4.8808s
Command executed: seek, result: {
  "status": "ok",
  "message": "Seek executed",
  "position_seconds": 4.88082695007324
}
VitHeadlessService: command reply (truncated): {
  "status": "ok",
  "message": "Seek executed",
  "position_seconds": 4.88082695007324
}
ZmqGateway: received command payload: {"cmd":"seek","time":4.92745971679688}
ZmqGateway: dispatching payload to JUCE message thread.
VitHeadlessService: processing queued command on JUCE message thread: {"cmd":"seek","time":4.92745971679688}
Command received: {"cmd":"seek","time":4.92745971679688}
CommandDispatcher::handleSeek: position set to 4.9275s
Command executed: seek, result: {
  "status": "ok",
  "message": "Seek executed",
  "position_seconds": 4.92745971679688
}
VitHeadlessService: command reply (truncated): {
  "status": "ok",
  "message": "Seek executed",
  "position_seconds": 4.92745971679688
}
ZmqGateway: received command payload: {"cmd":"seek","time":4.97409248352051}
ZmqGateway: dispatching payload to JUCE message thread.
VitHeadlessService: processing queued command on JUCE message thread: {"cmd":"seek","time":4.97409248352051}
Command received: {"cmd":"seek","time":4.97409248352051}
CommandDispatcher::handleSeek: position set to 4.9741s
Command executed: seek, result: {
  "status": "ok",
  "message": "Seek executed",
  "position_seconds": 4.97409248352051
}
VitHeadlessService: command reply (truncated): {
  "status": "ok",
  "message": "Seek executed",
  "position_seconds": 4.97409248352051
}
ZmqGateway: received command payload: {"cmd":"seek","time":5.06735610961914}
ZmqGateway: dispatching payload to JUCE message thread.
VitHeadlessService: processing queued command on JUCE message thread: {"cmd":"seek","time":5.06735610961914}
Command received: {"cmd":"seek","time":5.06735610961914}
CommandDispatcher::handleSeek: position set to 5.0674s
Command executed: seek, result: {
  "status": "ok",
  "message": "Seek executed",
  "position_seconds": 5.06735610961914
}
VitHeadlessService: command reply (truncated): {
  "status": "ok",
  "message": "Seek executed",
  "position_seconds": 5.06735610961914
}
ZmqGateway: received command payload: {"cmd":"seek","time":5.16062068939209}
ZmqGateway: dispatching payload to JUCE message thread.
VitHeadlessService: processing queued command on JUCE message thread: {"cmd":"seek","time":5.16062068939209}
Command received: {"cmd":"seek","time":5.16062068939209}
CommandDispatcher::handleSeek: position set to 5.1606s
Command executed: seek, result: {
  "status": "ok",
  "message": "Seek executed",
  "position_seconds": 5.16062068939209
}
VitHeadlessService: command reply (truncated): {
  "status": "ok",
  "message": "Seek executed",
  "position_seconds": 5.16062068939209
}
ZmqGateway: received command payload: {"cmd":"seek","time":5.26942825317383}
ZmqGateway: dispatching payload to JUCE message thread.
VitHeadlessService: processing queued command on JUCE message thread: {"cmd":"seek","time":5.26942825317383}
Command received: {"cmd":"seek","time":5.26942825317383}
CommandDispatcher::handleSeek: position set to 5.2694s
Command executed: seek, result: {
  "status": "ok",
  "message": "Seek executed",
  "position_seconds": 5.26942825317383
}
VitHeadlessService: command reply (truncated): {
  "status": "ok",
  "message": "Seek executed",
  "position_seconds": 5.26942825317383
}
ZmqGateway: received command payload: {"cmd":"seek","time":5.36269283294678}
ZmqGateway: dispatching payload to JUCE message thread.
VitHeadlessService: processing queued command on JUCE message thread: {"cmd":"seek","time":5.36269283294678}
Command received: {"cmd":"seek","time":5.36269283294678}
CommandDispatcher::handleSeek: position set to 5.3627s
Command executed: seek, result: {
  "status": "ok",
  "message": "Seek executed",
  "position_seconds": 5.36269283294678
}
VitHeadlessService: command reply (truncated): {
  "status": "ok",
  "message": "Seek executed",
  "position_seconds": 5.36269283294678
}
ZmqGateway: received command payload: {"cmd":"seek","time":5.47150135040283}
ZmqGateway: dispatching payload to JUCE message thread.
VitHeadlessService: processing queued command on JUCE message thread: {"cmd":"seek","time":5.47150135040283}
Command received: {"cmd":"seek","time":5.47150135040283}
CommandDispatcher::handleSeek: position set to 5.4715s
Command executed: seek, result: {
  "status": "ok",
  "message": "Seek executed",
  "position_seconds": 5.47150135040283
}
VitHeadlessService: command reply (truncated): {
  "status": "ok",
  "message": "Seek executed",
  "position_seconds": 5.47150135040283
}
ZmqGateway: received command payload: {"cmd":"seek","time":5.58030891418457}
ZmqGateway: dispatching payload to JUCE message thread.
VitHeadlessService: processing queued command on JUCE message thread: {"cmd":"seek","time":5.58030891418457}
Command received: {"cmd":"seek","time":5.58030891418457}
CommandDispatcher::handleSeek: position set to 5.5803s
Command executed: seek, result: {
  "status": "ok",
  "message": "Seek executed",
  "position_seconds": 5.58030891418457
}
VitHeadlessService: command reply (truncated): {
  "status": "ok",
  "message": "Seek executed",
  "position_seconds": 5.58030891418457
}
ZmqGateway: received command payload: {"cmd":"seek","time":5.67357349395752}
ZmqGateway: dispatching payload to JUCE message thread.
VitHeadlessService: processing queued command on JUCE message thread: {"cmd":"seek","time":5.67357349395752}
Command received: {"cmd":"seek","time":5.67357349395752}
CommandDispatcher::handleSeek: position set to 5.6736s
Command executed: seek, result: {
  "status": "ok",
  "message": "Seek executed",
  "position_seconds": 5.67357349395752
}
VitHeadlessService: command reply (truncated): {
  "status": "ok",
  "message": "Seek executed",
  "position_seconds": 5.67357349395752
}
ZmqGateway: received command payload: {"cmd":"seek","time":5.78238201141357}
ZmqGateway: dispatching payload to JUCE message thread.
VitHeadlessService: processing queued command on JUCE message thread: {"cmd":"seek","time":5.78238201141357}
Command received: {"cmd":"seek","time":5.78238201141357}
CommandDispatcher::handleSeek: position set to 5.7824s
Command executed: seek, result: {
  "status": "ok",
  "message": "Seek executed",
  "position_seconds": 5.78238201141357
}
VitHeadlessService: command reply (truncated): {
  "status": "ok",
  "message": "Seek executed",
  "position_seconds": 5.78238201141357
}
ZmqGateway: received command payload: {"cmd":"seek","time":5.84455871582031}
ZmqGateway: dispatching payload to JUCE message thread.
VitHeadlessService: processing queued command on JUCE message thread: {"cmd":"seek","time":5.84455871582031}
Command received: {"cmd":"seek","time":5.84455871582031}
CommandDispatcher::handleSeek: position set to 5.8446s
Command executed: seek, result: {
  "status": "ok",
  "message": "Seek executed",
  "position_seconds": 5.84455871582031
}
VitHeadlessService: command reply (truncated): {
  "status": "ok",
  "message": "Seek executed",
  "position_seconds": 5.84455871582031
}
ZmqGateway: received command payload: {"cmd":"seek","time":5.92227935791016}
ZmqGateway: dispatching payload to JUCE message thread.
VitHeadlessService: processing queued command on JUCE message thread: {"cmd":"seek","time":5.92227935791016}
Command received: {"cmd":"seek","time":5.92227935791016}
CommandDispatcher::handleSeek: position set to 5.9223s
Command executed: seek, result: {
  "status": "ok",
  "message": "Seek executed",
  "position_seconds": 5.92227935791016
}
VitHeadlessService: command reply (truncated): {
  "status": "ok",
  "message": "Seek executed",
  "position_seconds": 5.92227935791016
}
ZmqGateway: received command payload: {"cmd":"seek","time":5.96891021728516}
ZmqGateway: dispatching payload to JUCE message thread.
VitHeadlessService: processing queued command on JUCE message thread: {"cmd":"seek","time":5.96891021728516}
Command received: {"cmd":"seek","time":5.96891021728516}
CommandDispatcher::handleSeek: position set to 5.9689s
Command executed: seek, result: {
  "status": "ok",
  "message": "Seek executed",
  "position_seconds": 5.96891021728516
}
VitHeadlessService: command reply (truncated): {
  "status": "ok",
  "message": "Seek executed",
  "position_seconds": 5.96891021728516
}
ZmqGateway: received command payload: {"cmd":"seek","time":6.03108692169189}
ZmqGateway: dispatching payload to JUCE message thread.
VitHeadlessService: processing queued command on JUCE message thread: {"cmd":"seek","time":6.03108692169189}
Command received: {"cmd":"seek","time":6.03108692169189}
CommandDispatcher::handleSeek: position set to 6.0311s
Command executed: seek, result: {
  "status": "ok",
  "message": "Seek executed",
  "position_seconds": 6.03108692169189
}
VitHeadlessService: command reply (truncated): {
  "status": "ok",
  "message": "Seek executed",
  "position_seconds": 6.03108692169189
}
ZmqGateway: received command payload: {"cmd":"seek","time":6.046630859375}
ZmqGateway: dispatching payload to JUCE message thread.
VitHeadlessService: processing queued command on JUCE message thread: {"cmd":"seek","time":6.046630859375}
Command received: {"cmd":"seek","time":6.046630859375}
CommandDispatcher::handleSeek: position set to 6.0466s
Command executed: seek, result: {
  "status": "ok",
  "message": "Seek executed",
  "position_seconds": 6.046630859375
}
VitHeadlessService: command reply (truncated): {
  "status": "ok",
  "message": "Seek executed",
  "position_seconds": 6.046630859375
}
ZmqGateway: received command payload: {"cmd":"seek","time":6.09326362609863}
ZmqGateway: dispatching payload to JUCE message thread.
VitHeadlessService: processing queued command on JUCE message thread: {"cmd":"seek","time":6.09326362609863}
Command received: {"cmd":"seek","time":6.09326362609863}
CommandDispatcher::handleSeek: position set to 6.0933s
Command executed: seek, result: {
  "status": "ok",
  "message": "Seek executed",
  "position_seconds": 6.09326362609863
}
VitHeadlessService: command reply (truncated): {
  "status": "ok",
  "message": "Seek executed",
  "position_seconds": 6.09326362609863
}
ZmqGateway: received command payload: {"cmd":"seek","time":6.12435150146484}
ZmqGateway: dispatching payload to JUCE message thread.
VitHeadlessService: processing queued command on JUCE message thread: {"cmd":"seek","time":6.12435150146484}
Command received: {"cmd":"seek","time":6.12435150146484}
CommandDispatcher::handleSeek: position set to 6.1244s
Command executed: seek, result: {
  "status": "ok",
  "message": "Seek executed",
  "position_seconds": 6.12435150146484
}
VitHeadlessService: command reply (truncated): {
  "status": "ok",
  "message": "Seek executed",
  "position_seconds": 6.12435150146484
}
ZmqGateway: received command payload: {"cmd":"seek","time":6.15543937683105}
ZmqGateway: dispatching payload to JUCE message thread.
VitHeadlessService: processing queued command on JUCE message thread: {"cmd":"seek","time":6.15543937683105}
Command received: {"cmd":"seek","time":6.15543937683105}
CommandDispatcher::handleSeek: position set to 6.1554s
Command executed: seek, result: {
  "status": "ok",
  "message": "Seek executed",
  "position_seconds": 6.15543937683105
}
VitHeadlessService: command reply (truncated): {
  "status": "ok",
  "message": "Seek executed",
  "position_seconds": 6.15543937683105
}
ZmqGateway: received command payload: {"cmd":"seek","time":6.20207118988037}
ZmqGateway: dispatching payload to JUCE message thread.
VitHeadlessService: processing queued command on JUCE message thread: {"cmd":"seek","time":6.20207118988037}
Command received: {"cmd":"seek","time":6.20207118988037}
CommandDispatcher::handleSeek: position set to 6.2021s
Command executed: seek, result: {
  "status": "ok",
  "message": "Seek executed",
  "position_seconds": 6.20207118988037
}
VitHeadlessService: command reply (truncated): {
  "status": "ok",
  "message": "Seek executed",
  "position_seconds": 6.20207118988037
}
ZmqGateway: received command payload: {"cmd":"seek","time":6.2331600189209}
ZmqGateway: dispatching payload to JUCE message thread.
VitHeadlessService: processing queued command on JUCE message thread: {"cmd":"seek","time":6.2331600189209}
Command received: {"cmd":"seek","time":6.2331600189209}
CommandDispatcher::handleSeek: position set to 6.2332s
Command executed: seek, result: {
  "status": "ok",
  "message": "Seek executed",
  "position_seconds": 6.2331600189209
}
VitHeadlessService: command reply (truncated): {
  "status": "ok",
  "message": "Seek executed",
  "position_seconds": 6.2331600189209
}
ZmqGateway: received command payload: {"cmd":"seek","time":6.29533576965332}
ZmqGateway: dispatching payload to JUCE message thread.
VitHeadlessService: processing queued command on JUCE message thread: {"cmd":"seek","time":6.29533576965332}
Command received: {"cmd":"seek","time":6.29533576965332}
CommandDispatcher::handleSeek: position set to 6.2953s
Command executed: seek, result: {
  "status": "ok",
  "message": "Seek executed",
  "position_seconds": 6.29533576965332
}
VitHeadlessService: command reply (truncated): {
  "status": "ok",
  "message": "Seek executed",
  "position_seconds": 6.29533576965332
}
ZmqGateway: received command payload: {"cmd":"seek","time":6.37305641174316}
ZmqGateway: dispatching payload to JUCE message thread.
VitHeadlessService: processing queued command on JUCE message thread: {"cmd":"seek","time":6.37305641174316}
Command received: {"cmd":"seek","time":6.37305641174316}
CommandDispatcher::handleSeek: position set to 6.3731s
Command executed: seek, result: {
  "status": "ok",
  "message": "Seek executed",
  "position_seconds": 6.37305641174316
}
VitHeadlessService: command reply (truncated): {
  "status": "ok",
  "message": "Seek executed",
  "position_seconds": 6.37305641174316
}
ZmqGateway: received command payload: {"cmd":"seek","time":6.45077610015869}
ZmqGateway: dispatching payload to JUCE message thread.
VitHeadlessService: processing queued command on JUCE message thread: {"cmd":"seek","time":6.45077610015869}
Command received: {"cmd":"seek","time":6.45077610015869}
CommandDispatcher::handleSeek: position set to 6.4508s
Command executed: seek, result: {
  "status": "ok",
  "message": "Seek executed",
  "position_seconds": 6.45077610015869
}
VitHeadlessService: command reply (truncated): {
  "status": "ok",
  "message": "Seek executed",
  "position_seconds": 6.45077610015869
}
ZmqGateway: received command payload: {"cmd":"seek","time":6.55958366394043}
ZmqGateway: dispatching payload to JUCE message thread.
VitHeadlessService: processing queued command on JUCE message thread: {"cmd":"seek","time":6.55958366394043}
Command received: {"cmd":"seek","time":6.55958366394043}
CommandDispatcher::handleSeek: position set to 6.5596s
Command executed: seek, result: {
  "status": "ok",
  "message": "Seek executed",
  "position_seconds": 6.55958366394043
}
VitHeadlessService: command reply (truncated): {
  "status": "ok",
  "message": "Seek executed",
  "position_seconds": 6.55958366394043
}
ZmqGateway: received command payload: {"cmd":"seek","time":6.65284824371338}
ZmqGateway: dispatching payload to JUCE message thread.
VitHeadlessService: processing queued command on JUCE message thread: {"cmd":"seek","time":6.65284824371338}
Command received: {"cmd":"seek","time":6.65284824371338}
CommandDispatcher::handleSeek: position set to 6.6528s
Command executed: seek, result: {
  "status": "ok",
  "message": "Seek executed",
  "position_seconds": 6.65284824371338
}
VitHeadlessService: command reply (truncated): {
  "status": "ok",
  "message": "Seek executed",
  "position_seconds": 6.65284824371338
}
ZmqGateway: received command payload: {"cmd":"seek","time":6.77720069885254}
ZmqGateway: dispatching payload to JUCE message thread.
VitHeadlessService: processing queued command on JUCE message thread: {"cmd":"seek","time":6.77720069885254}
Command received: {"cmd":"seek","time":6.77720069885254}
CommandDispatcher::handleSeek: position set to 6.7772s
Command executed: seek, result: {
  "status": "ok",
  "message": "Seek executed",
  "position_seconds": 6.77720069885254
}
VitHeadlessService: command reply (truncated): {
  "status": "ok",
  "message": "Seek executed",
  "position_seconds": 6.77720069885254
}
ZmqGateway: received command payload: {"cmd":"seek","time":6.9015531539917}
ZmqGateway: dispatching payload to JUCE message thread.
VitHeadlessService: processing queued command on JUCE message thread: {"cmd":"seek","time":6.9015531539917}
Command received: {"cmd":"seek","time":6.9015531539917}
CommandDispatcher::handleSeek: position set to 6.9016s
Command executed: seek, result: {
  "status": "ok",
  "message": "Seek executed",
  "position_seconds": 6.9015531539917
}
VitHeadlessService: command reply (truncated): {
  "status": "ok",
  "message": "Seek executed",
  "position_seconds": 6.9015531539917
}
ZmqGateway: received command payload: {"cmd":"seek","time":7.02590560913086}
ZmqGateway: dispatching payload to JUCE message thread.
VitHeadlessService: processing queued command on JUCE message thread: {"cmd":"seek","time":7.02590560913086}
Command received: {"cmd":"seek","time":7.02590560913086}
CommandDispatcher::handleSeek: position set to 7.0259s
Command executed: seek, result: {
  "status": "ok",
  "message": "Seek executed",
  "position_seconds": 7.02590560913086
}
VitHeadlessService: command reply (truncated): {
  "status": "ok",
  "message": "Seek executed",
  "position_seconds": 7.02590560913086
}
ZmqGateway: received command payload: {"cmd":"seek","time":7.13471412658691}
ZmqGateway: dispatching payload to JUCE message thread.
VitHeadlessService: processing queued command on JUCE message thread: {"cmd":"seek","time":7.13471412658691}
Command received: {"cmd":"seek","time":7.13471412658691}
CommandDispatcher::handleSeek: position set to 7.1347s
Command executed: seek, result: {
  "status": "ok",
  "message": "Seek executed",
  "position_seconds": 7.13471412658691
}
VitHeadlessService: command reply (truncated): {
  "status": "ok",
  "message": "Seek executed",
  "position_seconds": 7.13471412658691
}
ZmqGateway: received command payload: {"cmd":"seek","time":7.22797775268555}
ZmqGateway: dispatching payload to JUCE message thread.
VitHeadlessService: processing queued command on JUCE message thread: {"cmd":"seek","time":7.22797775268555}
Command received: {"cmd":"seek","time":7.22797775268555}
CommandDispatcher::handleSeek: position set to 7.2280s
Command executed: seek, result: {
  "status": "ok",
  "message": "Seek executed",
  "position_seconds": 7.22797775268555
}
VitHeadlessService: command reply (truncated): {
  "status": "ok",
  "message": "Seek executed",
  "position_seconds": 7.22797775268555
}
ZmqGateway: received command payload: {"cmd":"seek","time":7.30569839477539}
ZmqGateway: dispatching payload to JUCE message thread.
VitHeadlessService: processing queued command on JUCE message thread: {"cmd":"seek","time":7.30569839477539}
Command received: {"cmd":"seek","time":7.30569839477539}
CommandDispatcher::handleSeek: position set to 7.3057s
Command executed: seek, result: {
  "status": "ok",
  "message": "Seek executed",
  "position_seconds": 7.30569839477539
}
VitHeadlessService: command reply (truncated): {
  "status": "ok",
  "message": "Seek executed",
  "position_seconds": 7.30569839477539
}
ZmqGateway: received command payload: {"cmd":"seek","time":7.36787462234497}
ZmqGateway: dispatching payload to JUCE message thread.
VitHeadlessService: processing queued command on JUCE message thread: {"cmd":"seek","time":7.36787462234497}
Command received: {"cmd":"seek","time":7.36787462234497}
CommandDispatcher::handleSeek: position set to 7.3679s
Command executed: seek, result: {
  "status": "ok",
  "message": "Seek executed",
  "position_seconds": 7.36787462234497
}
VitHeadlessService: command reply (truncated): {
  "status": "ok",
  "message": "Seek executed",
  "position_seconds": 7.36787462234497
}
ZmqGateway: received command payload: {"cmd":"seek","time":7.41450643539429}
ZmqGateway: dispatching payload to JUCE message thread.
VitHeadlessService: processing queued command on JUCE message thread: {"cmd":"seek","time":7.41450643539429}
Command received: {"cmd":"seek","time":7.41450643539429}
CommandDispatcher::handleSeek: position set to 7.4145s
Command executed: seek, result: {
  "status": "ok",
  "message": "Seek executed",
  "position_seconds": 7.41450643539429
}
VitHeadlessService: command reply (truncated): {
  "status": "ok",
  "message": "Seek executed",
  "position_seconds": 7.41450643539429
}
ZmqGateway: received command payload: {"cmd":"seek","time":7.44559478759766}
ZmqGateway: dispatching payload to JUCE message thread.
VitHeadlessService: processing queued command on JUCE message thread: {"cmd":"seek","time":7.44559478759766}
Command received: {"cmd":"seek","time":7.44559478759766}
CommandDispatcher::handleSeek: position set to 7.4456s
Command executed: seek, result: {
  "status": "ok",
  "message": "Seek executed",
  "position_seconds": 7.44559478759766
}
VitHeadlessService: command reply (truncated): {
  "status": "ok",
  "message": "Seek executed",
  "position_seconds": 7.44559478759766
}
ZmqGateway: received command payload: {"cmd":"seek","time":7.47668266296387}
ZmqGateway: dispatching payload to JUCE message thread.
VitHeadlessService: processing queued command on JUCE message thread: {"cmd":"seek","time":7.47668266296387}
Command received: {"cmd":"seek","time":7.47668266296387}
CommandDispatcher::handleSeek: position set to 7.4767s
Command executed: seek, result: {
  "status": "ok",
  "message": "Seek executed",
  "position_seconds": 7.47668266296387
}
VitHeadlessService: command reply (truncated): {
  "status": "ok",
  "message": "Seek executed",
  "position_seconds": 7.47668266296387
}
ZmqGateway: received command payload: {"cmd":"seek","time":7.49222660064697}
ZmqGateway: dispatching payload to JUCE message thread.
VitHeadlessService: processing queued command on JUCE message thread: {"cmd":"seek","time":7.49222660064697}
Command received: {"cmd":"seek","time":7.49222660064697}
CommandDispatcher::handleSeek: position set to 7.4922s
Command executed: seek, result: {
  "status": "ok",
  "message": "Seek executed",
  "position_seconds": 7.49222660064697
}
VitHeadlessService: command reply (truncated): {
  "status": "ok",
  "message": "Seek executed",
  "position_seconds": 7.49222660064697
}
ZmqGateway: received command payload: {"cmd":"seek","time":7.49222660064697}
ZmqGateway: dispatching payload to JUCE message thread.
VitHeadlessService: processing queued command on JUCE message thread: {"cmd":"seek","time":7.49222660064697}
Command received: {"cmd":"seek","time":7.49222660064697}
CommandDispatcher::handleSeek: position set to 7.4922s
Command executed: seek, result: {
  "status": "ok",
  "message": "Seek executed",
  "position_seconds": 7.49222660064697
}
VitHeadlessService: command reply (truncated): {
  "status": "ok",
  "message": "Seek executed",
  "position_seconds": 7.49222660064697
}
ZmqGateway: received command payload: {"cmd":"seek","time":7.50777053833008}
ZmqGateway: dispatching payload to JUCE message thread.
VitHeadlessService: processing queued command on JUCE message thread: {"cmd":"seek","time":7.50777053833008}
Command received: {"cmd":"seek","time":7.50777053833008}
CommandDispatcher::handleSeek: position set to 7.5078s
Command executed: seek, result: {
  "status": "ok",
  "message": "Seek executed",
  "position_seconds": 7.50777053833008
}
VitHeadlessService: command reply (truncated): {
  "status": "ok",
  "message": "Seek executed",
  "position_seconds": 7.50777053833008
}
ZmqGateway: received command payload: {"cmd":"seek","time":7.53885841369629}
ZmqGateway: dispatching payload to JUCE message thread.
VitHeadlessService: processing queued command on JUCE message thread: {"cmd":"seek","time":7.53885841369629}
Command received: {"cmd":"seek","time":7.53885841369629}
CommandDispatcher::handleSeek: position set to 7.5389s
Command executed: seek, result: {
  "status": "ok",
  "message": "Seek executed",
  "position_seconds": 7.53885841369629
}
VitHeadlessService: command reply (truncated): {
  "status": "ok",
  "message": "Seek executed",
  "position_seconds": 7.53885841369629
}
ZmqGateway: received command payload: {"cmd":"seek","time":7.56994724273682}
ZmqGateway: dispatching payload to JUCE message thread.
VitHeadlessService: processing queued command on JUCE message thread: {"cmd":"seek","time":7.56994724273682}
Command received: {"cmd":"seek","time":7.56994724273682}
CommandDispatcher::handleSeek: position set to 7.5699s
Command executed: seek, result: {
  "status": "ok",
  "message": "Seek executed",
  "position_seconds": 7.56994724273682
}
VitHeadlessService: command reply (truncated): {
  "status": "ok",
  "message": "Seek executed",
  "position_seconds": 7.56994724273682
}
ZmqGateway: received command payload: {"cmd":"seek","time":7.61657905578613}
ZmqGateway: dispatching payload to JUCE message thread.
VitHeadlessService: processing queued command on JUCE message thread: {"cmd":"seek","time":7.61657905578613}
Command received: {"cmd":"seek","time":7.61657905578613}
CommandDispatcher::handleSeek: position set to 7.6166s
Command executed: seek, result: {
  "status": "ok",
  "message": "Seek executed",
  "position_seconds": 7.61657905578613
}
VitHeadlessService: command reply (truncated): {
  "status": "ok",
  "message": "Seek executed",
  "position_seconds": 7.61657905578613
}
ZmqGateway: received command payload: {"cmd":"seek","time":7.66321086883545}
ZmqGateway: dispatching payload to JUCE message thread.
VitHeadlessService: processing queued command on JUCE message thread: {"cmd":"seek","time":7.66321086883545}
Command received: {"cmd":"seek","time":7.66321086883545}
CommandDispatcher::handleSeek: position set to 7.6632s
Command executed: seek, result: {
  "status": "ok",
  "message": "Seek executed",
  "position_seconds": 7.66321086883545
}
VitHeadlessService: command reply (truncated): {
  "status": "ok",
  "message": "Seek executed",
  "position_seconds": 7.66321086883545
}
ZmqGateway: received command payload: {"cmd":"seek","time":7.72538757324219}
ZmqGateway: dispatching payload to JUCE message thread.
VitHeadlessService: processing queued command on JUCE message thread: {"cmd":"seek","time":7.72538757324219}
Command received: {"cmd":"seek","time":7.72538757324219}
CommandDispatcher::handleSeek: position set to 7.7254s
Command executed: seek, result: {
  "status": "ok",
  "message": "Seek executed",
  "position_seconds": 7.72538757324219
}
VitHeadlessService: command reply (truncated): {
  "status": "ok",
  "message": "Seek executed",
  "position_seconds": 7.72538757324219
}
ZmqGateway: received command payload: {"cmd":"seek","time":7.80310726165771}
ZmqGateway: dispatching payload to JUCE message thread.
VitHeadlessService: processing queued command on JUCE message thread: {"cmd":"seek","time":7.80310726165771}
Command received: {"cmd":"seek","time":7.80310726165771}
CommandDispatcher::handleSeek: position set to 7.8031s
Command executed: seek, result: {
  "status": "ok",
  "message": "Seek executed",
  "position_seconds": 7.80310726165771
}
VitHeadlessService: command reply (truncated): {
  "status": "ok",
  "message": "Seek executed",
  "position_seconds": 7.80310726165771
}
ZmqGateway: received command payload: {"cmd":"seek","time":7.86528396606445}
ZmqGateway: dispatching payload to JUCE message thread.
VitHeadlessService: processing queued command on JUCE message thread: {"cmd":"seek","time":7.86528396606445}
Command received: {"cmd":"seek","time":7.86528396606445}
CommandDispatcher::handleSeek: position set to 7.8653s
Command executed: seek, result: {
  "status": "ok",
  "message": "Seek executed",
  "position_seconds": 7.86528396606445
}
VitHeadlessService: command reply (truncated): {
  "status": "ok",
  "message": "Seek executed",
  "position_seconds": 7.86528396606445
}
ZmqGateway: received command payload: {"cmd":"seek","time":7.92745971679688}
ZmqGateway: dispatching payload to JUCE message thread.
VitHeadlessService: processing queued command on JUCE message thread: {"cmd":"seek","time":7.92745971679688}
Command received: {"cmd":"seek","time":7.92745971679688}
CommandDispatcher::handleSeek: position set to 7.9275s
Command executed: seek, result: {
  "status": "ok",
  "message": "Seek executed",
  "position_seconds": 7.92745971679688
}
VitHeadlessService: command reply (truncated): {
  "status": "ok",
  "message": "Seek executed",
  "position_seconds": 7.92745971679688
}
ZmqGateway: received command payload: {"cmd":"seek","time":8.0051794052124}
ZmqGateway: dispatching payload to JUCE message thread.
VitHeadlessService: processing queued command on JUCE message thread: {"cmd":"seek","time":8.0051794052124}
Command received: {"cmd":"seek","time":8.0051794052124}
CommandDispatcher::handleSeek: position set to 8.0052s
Command executed: seek, result: {
  "status": "ok",
  "message": "Seek executed",
  "position_seconds": 8.005179405212401
}
VitHeadlessService: command reply (truncated): {
  "status": "ok",
  "message": "Seek executed",
  "position_seconds": 8.005179405212401
}
ZmqGateway: received command payload: {"cmd":"seek","time":8.08290004730225}
ZmqGateway: dispatching payload to JUCE message thread.
VitHeadlessService: processing queued command on JUCE message thread: {"cmd":"seek","time":8.08290004730225}
Command received: {"cmd":"seek","time":8.08290004730225}
CommandDispatcher::handleSeek: position set to 8.0829s
Command executed: seek, result: {
  "status": "ok",
  "message": "Seek executed",
  "position_seconds": 8.08290004730225
}
VitHeadlessService: command reply (truncated): {
  "status": "ok",
  "message": "Seek executed",
  "position_seconds": 8.08290004730225
}
ZmqGateway: received command payload: {"cmd":"seek","time":8.16061973571777}
ZmqGateway: dispatching payload to JUCE message thread.
VitHeadlessService: processing queued command on JUCE message thread: {"cmd":"seek","time":8.16061973571777}
Command received: {"cmd":"seek","time":8.16061973571777}
CommandDispatcher::handleSeek: position set to 8.1606s
Command executed: seek, result: {
  "status": "ok",
  "message": "Seek executed",
  "position_seconds": 8.16061973571777
}
VitHeadlessService: command reply (truncated): {
  "status": "ok",
  "message": "Seek executed",
  "position_seconds": 8.16061973571777
}
ZmqGateway: received command payload: {"cmd":"seek","time":8.20725250244141}
ZmqGateway: dispatching payload to JUCE message thread.
VitHeadlessService: processing queued command on JUCE message thread: {"cmd":"seek","time":8.20725250244141}
Command received: {"cmd":"seek","time":8.20725250244141}
CommandDispatcher::handleSeek: position set to 8.2073s
Command executed: seek, result: {
  "status": "ok",
  "message": "Seek executed",
  "position_seconds": 8.20725250244141
}
VitHeadlessService: command reply (truncated): {
  "status": "ok",
  "message": "Seek executed",
  "position_seconds": 8.20725250244141
}
ZmqGateway: received command payload: {"cmd":"seek","time":8.25388431549072}
ZmqGateway: dispatching payload to JUCE message thread.
VitHeadlessService: processing queued command on JUCE message thread: {"cmd":"seek","time":8.25388431549072}
Command received: {"cmd":"seek","time":8.25388431549072}
CommandDispatcher::handleSeek: position set to 8.2539s
Command executed: seek, result: {
  "status": "ok",
  "message": "Seek executed",
  "position_seconds": 8.253884315490721
}
VitHeadlessService: command reply (truncated): {
  "status": "ok",
  "message": "Seek executed",
  "position_seconds": 8.253884315490721
}
ZmqGateway: received command payload: {"cmd":"seek","time":8.28497219085693}
ZmqGateway: dispatching payload to JUCE message thread.
VitHeadlessService: processing queued command on JUCE message thread: {"cmd":"seek","time":8.28497219085693}
Command received: {"cmd":"seek","time":8.28497219085693}
CommandDispatcher::handleSeek: position set to 8.2850s
Command executed: seek, result: {
  "status": "ok",
  "message": "Seek executed",
  "position_seconds": 8.28497219085693
}
VitHeadlessService: command reply (truncated): {
  "status": "ok",
  "message": "Seek executed",
  "position_seconds": 8.28497219085693
}
ZmqGateway: received command payload: {"cmd":"seek","time":8.30051612854004}
ZmqGateway: dispatching payload to JUCE message thread.
VitHeadlessService: processing queued command on JUCE message thread: {"cmd":"seek","time":8.30051612854004}
Command received: {"cmd":"seek","time":8.30051612854004}
CommandDispatcher::handleSeek: position set to 8.3005s
Command executed: seek, result: {
  "status": "ok",
  "message": "Seek executed",
  "position_seconds": 8.300516128540041
}
VitHeadlessService: command reply (truncated): {
  "status": "ok",
  "message": "Seek executed",
  "position_seconds": 8.300516128540041
}
ZmqGateway: received command payload: {"cmd":"seek","time":8.31606006622314}
ZmqGateway: dispatching payload to JUCE message thread.
VitHeadlessService: processing queued command on JUCE message thread: {"cmd":"seek","time":8.31606006622314}
Command received: {"cmd":"seek","time":8.31606006622314}
CommandDispatcher::handleSeek: position set to 8.3161s
Command executed: seek, result: {
  "status": "ok",
  "message": "Seek executed",
  "position_seconds": 8.316060066223139
}
VitHeadlessService: command reply (truncated): {
  "status": "ok",
  "message": "Seek executed",
  "position_seconds": 8.316060066223139
}
ZmqGateway: received command payload: {"cmd":"seek","time":8.31606006622314}
ZmqGateway: dispatching payload to JUCE message thread.
VitHeadlessService: processing queued command on JUCE message thread: {"cmd":"seek","time":8.31606006622314}
Command received: {"cmd":"seek","time":8.31606006622314}
CommandDispatcher::handleSeek: position set to 8.3161s
Command executed: seek, result: {
  "status": "ok",
  "message": "Seek executed",
  "position_seconds": 8.316060066223139
}
VitHeadlessService: command reply (truncated): {
  "status": "ok",
  "message": "Seek executed",
  "position_seconds": 8.316060066223139
}
ZmqGateway: received command payload: {"cmd":"seek","time":8.31606006622314}
ZmqGateway: dispatching payload to JUCE message thread.
VitHeadlessService: processing queued command on JUCE message thread: {"cmd":"seek","time":8.31606006622314}
Command received: {"cmd":"seek","time":8.31606006622314}
CommandDispatcher::handleSeek: position set to 8.3161s
Command executed: seek, result: {
  "status": "ok",
  "message": "Seek executed",
  "position_seconds": 8.316060066223139
}
VitHeadlessService: command reply (truncated): {
  "status": "ok",
  "message": "Seek executed",
  "position_seconds": 8.316060066223139
}
ZmqGateway: received command payload: {"cmd":"seek","time":8.31606006622314}
ZmqGateway: dispatching payload to JUCE message thread.
VitHeadlessService: processing queued command on JUCE message thread: {"cmd":"seek","time":8.31606006622314}
Command received: {"cmd":"seek","time":8.31606006622314}
CommandDispatcher::handleSeek: position set to 8.3161s
Command executed: seek, result: {
  "status": "ok",
  "message": "Seek executed",
  "position_seconds": 8.316060066223139
}
VitHeadlessService: command reply (truncated): {
  "status": "ok",
  "message": "Seek executed",
  "position_seconds": 8.316060066223139
}
ZmqGateway: received command payload: {"cmd":"seek","time":8.31606006622314}
ZmqGateway: dispatching payload to JUCE message thread.
VitHeadlessService: processing queued command on JUCE message thread: {"cmd":"seek","time":8.31606006622314}
Command received: {"cmd":"seek","time":8.31606006622314}
CommandDispatcher::handleSeek: position set to 8.3161s
Command executed: seek, result: {
  "status": "ok",
  "message": "Seek executed",
  "position_seconds": 8.316060066223139
}
VitHeadlessService: command reply (truncated): {
  "status": "ok",
  "message": "Seek executed",
  "position_seconds": 8.316060066223139
}
ZmqGateway: received command payload: {"cmd":"seek","time":8.31606006622314}
ZmqGateway: dispatching payload to JUCE message thread.
VitHeadlessService: processing queued command on JUCE message thread: {"cmd":"seek","time":8.31606006622314}
Command received: {"cmd":"seek","time":8.31606006622314}
CommandDispatcher::handleSeek: position set to 8.3161s
Command executed: seek, result: {
  "status": "ok",
  "message": "Seek executed",
  "position_seconds": 8.316060066223139
}
VitHeadlessService: command reply (truncated): {
  "status": "ok",
  "message": "Seek executed",
  "position_seconds": 8.316060066223139
}
ZmqGateway: received command payload: {"cmd":"seek","time":8.31606006622314}
ZmqGateway: dispatching payload to JUCE message thread.
VitHeadlessService: processing queued command on JUCE message thread: {"cmd":"seek","time":8.31606006622314}
Command received: {"cmd":"seek","time":8.31606006622314}
CommandDispatcher::handleSeek: position set to 8.3161s
Command executed: seek, result: {
  "status": "ok",
  "message": "Seek executed",
  "position_seconds": 8.316060066223139
}
VitHeadlessService: command reply (truncated): {
  "status": "ok",
  "message": "Seek executed",
  "position_seconds": 8.316060066223139
}
ZmqGateway: received command payload: {"cmd":"seek","time":8.31606006622314}
ZmqGateway: dispatching payload to JUCE message thread.
VitHeadlessService: processing queued command on JUCE message thread: {"cmd":"seek","time":8.31606006622314}
Command received: {"cmd":"seek","time":8.31606006622314}
CommandDispatcher::handleSeek: position set to 8.3161s
Command executed: seek, result: {
  "status": "ok",
  "message": "Seek executed",
  "position_seconds": 8.316060066223139
}
VitHeadlessService: command reply (truncated): {
  "status": "ok",
  "message": "Seek executed",
  "position_seconds": 8.316060066223139
}
ZmqGateway: received command payload: {"cmd":"seek","time":8.31606006622314}
ZmqGateway: dispatching payload to JUCE message thread.
VitHeadlessService: processing queued command on JUCE message thread: {"cmd":"seek","time":8.31606006622314}
Command received: {"cmd":"seek","time":8.31606006622314}
CommandDispatcher::handleSeek: position set to 8.3161s
Command executed: seek, result: {
  "status": "ok",
  "message": "Seek executed",
  "position_seconds": 8.316060066223139
}
VitHeadlessService: command reply (truncated): {
  "status": "ok",
  "message": "Seek executed",
  "position_seconds": 8.316060066223139
}
ZmqGateway: received command payload: {"cmd":"seek","time":8.31606006622314}
ZmqGateway: dispatching payload to JUCE message thread.
VitHeadlessService: processing queued command on JUCE message thread: {"cmd":"seek","time":8.31606006622314}
Command received: {"cmd":"seek","time":8.31606006622314}
CommandDispatcher::handleSeek: position set to 8.3161s
Command executed: seek, result: {
  "status": "ok",
  "message": "Seek executed",
  "position_seconds": 8.316060066223139
}
VitHeadlessService: command reply (truncated): {
  "status": "ok",
  "message": "Seek executed",
  "position_seconds": 8.316060066223139
}
ZmqGateway: received command payload: {"cmd":"seek","time":8.31606006622314}
ZmqGateway: dispatching payload to JUCE message thread.
VitHeadlessService: processing queued command on JUCE message thread: {"cmd":"seek","time":8.31606006622314}
Command received: {"cmd":"seek","time":8.31606006622314}
CommandDispatcher::handleSeek: position set to 8.3161s
Command executed: seek, result: {
  "status": "ok",
  "message": "Seek executed",
  "position_seconds": 8.316060066223139
}
VitHeadlessService: command reply (truncated): {
  "status": "ok",
  "message": "Seek executed",
  "position_seconds": 8.316060066223139
}
ZmqGateway: received command payload: {"cmd":"seek","time":8.31606006622314}
ZmqGateway: dispatching payload to JUCE message thread.
VitHeadlessService: processing queued command on JUCE message thread: {"cmd":"seek","time":8.31606006622314}
Command received: {"cmd":"seek","time":8.31606006622314}
CommandDispatcher::handleSeek: position set to 8.3161s
Command executed: seek, result: {
  "status": "ok",
  "message": "Seek executed",
  "position_seconds": 8.316060066223139
}
VitHeadlessService: command reply (truncated): {
  "status": "ok",
  "message": "Seek executed",
  "position_seconds": 8.316060066223139
}
ZmqGateway: received command payload: {"cmd":"seek","time":8.31606006622314}
ZmqGateway: dispatching payload to JUCE message thread.
VitHeadlessService: processing queued command on JUCE message thread: {"cmd":"seek","time":8.31606006622314}
Command received: {"cmd":"seek","time":8.31606006622314}
CommandDispatcher::handleSeek: position set to 8.3161s
Command executed: seek, result: {
  "status": "ok",
  "message": "Seek executed",
  "position_seconds": 8.316060066223139
}
VitHeadlessService: command reply (truncated): {
  "status": "ok",
  "message": "Seek executed",
  "position_seconds": 8.316060066223139
}
ZmqGateway: received command payload: {"cmd":"seek","time":8.31606006622314}
ZmqGateway: dispatching payload to JUCE message thread.
VitHeadlessService: processing queued command on JUCE message thread: {"cmd":"seek","time":8.31606006622314}
Command received: {"cmd":"seek","time":8.31606006622314}
CommandDispatcher::handleSeek: position set to 8.3161s
Command executed: seek, result: {
  "status": "ok",
  "message": "Seek executed",
  "position_seconds": 8.316060066223139
}
VitHeadlessService: command reply (truncated): {
  "status": "ok",
  "message": "Seek executed",
  "position_seconds": 8.316060066223139
}
ZmqGateway: received command payload: {"cmd":"seek","time":8.31606006622314}
ZmqGateway: dispatching payload to JUCE message thread.
VitHeadlessService: processing queued command on JUCE message thread: {"cmd":"seek","time":8.31606006622314}
Command received: {"cmd":"seek","time":8.31606006622314}
CommandDispatcher::handleSeek: position set to 8.3161s
Command executed: seek, result: {
  "status": "ok",
  "message": "Seek executed",
  "position_seconds": 8.316060066223139
}
VitHeadlessService: command reply (truncated): {
  "status": "ok",
  "message": "Seek executed",
  "position_seconds": 8.316060066223139
}
ZmqGateway: received command payload: {"cmd":"seek","time":8.31606006622314}
ZmqGateway: dispatching payload to JUCE message thread.
VitHeadlessService: processing queued command on JUCE message thread: {"cmd":"seek","time":8.31606006622314}
Command received: {"cmd":"seek","time":8.31606006622314}
CommandDispatcher::handleSeek: position set to 8.3161s
Command executed: seek, result: {
  "status": "ok",
  "message": "Seek executed",
  "position_seconds": 8.316060066223139
}
VitHeadlessService: command reply (truncated): {
  "status": "ok",
  "message": "Seek executed",
  "position_seconds": 8.316060066223139
}
ZmqGateway: received command payload: {"cmd":"seek","time":8.31606006622314}
ZmqGateway: dispatching payload to JUCE message thread.
VitHeadlessService: processing queued command on JUCE message thread: {"cmd":"seek","time":8.31606006622314}
Command received: {"cmd":"seek","time":8.31606006622314}
CommandDispatcher::handleSeek: position set to 8.3161s
Command executed: seek, result: {
  "status": "ok",
  "message": "Seek executed",
  "position_seconds": 8.316060066223139
}
VitHeadlessService: command reply (truncated): {
  "status": "ok",
  "message": "Seek executed",
  "position_seconds": 8.316060066223139
}
ZmqGateway: received command payload: {"cmd":"seek","time":8.31606006622314}
ZmqGateway: dispatching payload to JUCE message thread.
VitHeadlessService: processing queued command on JUCE message thread: {"cmd":"seek","time":8.31606006622314}
Command received: {"cmd":"seek","time":8.31606006622314}
CommandDispatcher::handleSeek: position set to 8.3161s
Command executed: seek, result: {
  "status": "ok",
  "message": "Seek executed",
  "position_seconds": 8.316060066223139
}
VitHeadlessService: command reply (truncated): {
  "status": "ok",
  "message": "Seek executed",
  "position_seconds": 8.316060066223139
}
ZmqGateway: received command payload: {"cmd":"seek","time":8.31606006622314}
ZmqGateway: dispatching payload to JUCE message thread.
VitHeadlessService: processing queued command on JUCE message thread: {"cmd":"seek","time":8.31606006622314}
Command received: {"cmd":"seek","time":8.31606006622314}
CommandDispatcher::handleSeek: position set to 8.3161s
Command executed: seek, result: {
  "status": "ok",
  "message": "Seek executed",
  "position_seconds": 8.316060066223139
}
VitHeadlessService: command reply (truncated): {
  "status": "ok",
  "message": "Seek executed",
  "position_seconds": 8.316060066223139
}
ZmqGateway: received command payload: {"cmd":"seek","time":8.31606006622314}
ZmqGateway: dispatching payload to JUCE message thread.
VitHeadlessService: processing queued command on JUCE message thread: {"cmd":"seek","time":8.31606006622314}
Command received: {"cmd":"seek","time":8.31606006622314}
CommandDispatcher::handleSeek: position set to 8.3161s
Command executed: seek, result: {
  "status": "ok",
  "message": "Seek executed",
  "position_seconds": 8.316060066223139
}
VitHeadlessService: command reply (truncated): {
  "status": "ok",
  "message": "Seek executed",
  "position_seconds": 8.316060066223139
}
ZmqGateway: received command payload: {"cmd":"seek","time":8.26942825317383}
ZmqGateway: dispatching payload to JUCE message thread.
VitHeadlessService: processing queued command on JUCE message thread: {"cmd":"seek","time":8.26942825317383}
Command received: {"cmd":"seek","time":8.26942825317383}
CommandDispatcher::handleSeek: position set to 8.2694s
Command executed: seek, result: {
  "status": "ok",
  "message": "Seek executed",
  "position_seconds": 8.26942825317383
}
VitHeadlessService: command reply (truncated): {
  "status": "ok",
  "message": "Seek executed",
  "position_seconds": 8.26942825317383
}
ZmqGateway: received command payload: {"cmd":"seek","time":8.1917085647583}
ZmqGateway: dispatching payload to JUCE message thread.
VitHeadlessService: processing queued command on JUCE message thread: {"cmd":"seek","time":8.1917085647583}
Command received: {"cmd":"seek","time":8.1917085647583}
CommandDispatcher::handleSeek: position set to 8.1917s
Command executed: seek, result: {
  "status": "ok",
  "message": "Seek executed",
  "position_seconds": 8.191708564758301
}
VitHeadlessService: command reply (truncated): {
  "status": "ok",
  "message": "Seek executed",
  "position_seconds": 8.191708564758301
}
ZmqGateway: received command payload: {"cmd":"seek","time":8.09844398498535}
ZmqGateway: dispatching payload to JUCE message thread.
VitHeadlessService: processing queued command on JUCE message thread: {"cmd":"seek","time":8.09844398498535}
Command received: {"cmd":"seek","time":8.09844398498535}
CommandDispatcher::handleSeek: position set to 8.0984s
Command executed: seek, result: {
  "status": "ok",
  "message": "Seek executed",
  "position_seconds": 8.09844398498535
}
VitHeadlessService: command reply (truncated): {
  "status": "ok",
  "message": "Seek executed",
  "position_seconds": 8.09844398498535
}
ZmqGateway: received command payload: {"cmd":"seek","time":7.97409152984619}
ZmqGateway: dispatching payload to JUCE message thread.
VitHeadlessService: processing queued command on JUCE message thread: {"cmd":"seek","time":7.97409152984619}
Command received: {"cmd":"seek","time":7.97409152984619}
CommandDispatcher::handleSeek: position set to 7.9741s
Command executed: seek, result: {
  "status": "ok",
  "message": "Seek executed",
  "position_seconds": 7.97409152984619
}
VitHeadlessService: command reply (truncated): {
  "status": "ok",
  "message": "Seek executed",
  "position_seconds": 7.97409152984619
}
ZmqGateway: received command payload: {"cmd":"seek","time":7.84973907470703}
ZmqGateway: dispatching payload to JUCE message thread.
VitHeadlessService: processing queued command on JUCE message thread: {"cmd":"seek","time":7.84973907470703}
Command received: {"cmd":"seek","time":7.84973907470703}
CommandDispatcher::handleSeek: position set to 7.8497s
Command executed: seek, result: {
  "status": "ok",
  "message": "Seek executed",
  "position_seconds": 7.84973907470703
}
VitHeadlessService: command reply (truncated): {
  "status": "ok",
  "message": "Seek executed",
  "position_seconds": 7.84973907470703
}
ZmqGateway: received command payload: {"cmd":"seek","time":7.72538757324219}
ZmqGateway: dispatching payload to JUCE message thread.
VitHeadlessService: processing queued command on JUCE message thread: {"cmd":"seek","time":7.72538757324219}
Command received: {"cmd":"seek","time":7.72538757324219}
CommandDispatcher::handleSeek: position set to 7.7254s
Command executed: seek, result: {
  "status": "ok",
  "message": "Seek executed",
  "position_seconds": 7.72538757324219
}
VitHeadlessService: command reply (truncated): {
  "status": "ok",
  "message": "Seek executed",
  "position_seconds": 7.72538757324219
}
ZmqGateway: received command payload: {"cmd":"seek","time":7.60103511810303}
ZmqGateway: dispatching payload to JUCE message thread.
VitHeadlessService: processing queued command on JUCE message thread: {"cmd":"seek","time":7.60103511810303}
Command received: {"cmd":"seek","time":7.60103511810303}
CommandDispatcher::handleSeek: position set to 7.6010s
Command executed: seek, result: {
  "status": "ok",
  "message": "Seek executed",
  "position_seconds": 7.60103511810303
}
VitHeadlessService: command reply (truncated): {
  "status": "ok",
  "message": "Seek executed",
  "position_seconds": 7.60103511810303
}
ZmqGateway: received command payload: {"cmd":"seek","time":7.47668266296387}
ZmqGateway: dispatching payload to JUCE message thread.
VitHeadlessService: processing queued command on JUCE message thread: {"cmd":"seek","time":7.47668266296387}
Command received: {"cmd":"seek","time":7.47668266296387}
CommandDispatcher::handleSeek: position set to 7.4767s
Command executed: seek, result: {
  "status": "ok",
  "message": "Seek executed",
  "position_seconds": 7.47668266296387
}
VitHeadlessService: command reply (truncated): {
  "status": "ok",
  "message": "Seek executed",
  "position_seconds": 7.47668266296387
}
ZmqGateway: received command payload: {"cmd":"seek","time":7.35233020782471}
ZmqGateway: dispatching payload to JUCE message thread.
VitHeadlessService: processing queued command on JUCE message thread: {"cmd":"seek","time":7.35233020782471}
Command received: {"cmd":"seek","time":7.35233020782471}
CommandDispatcher::handleSeek: position set to 7.3523s
Command executed: seek, result: {
  "status": "ok",
  "message": "Seek executed",
  "position_seconds": 7.35233020782471
}
VitHeadlessService: command reply (truncated): {
  "status": "ok",
  "message": "Seek executed",
  "position_seconds": 7.35233020782471
}
ZmqGateway: received command payload: {"cmd":"seek","time":7.21243476867676}
ZmqGateway: dispatching payload to JUCE message thread.
VitHeadlessService: processing queued command on JUCE message thread: {"cmd":"seek","time":7.21243476867676}
Command received: {"cmd":"seek","time":7.21243476867676}
CommandDispatcher::handleSeek: position set to 7.2124s
Command executed: seek, result: {
  "status": "ok",
  "message": "Seek executed",
  "position_seconds": 7.21243476867676
}
VitHeadlessService: command reply (truncated): {
  "status": "ok",
  "message": "Seek executed",
  "position_seconds": 7.21243476867676
}
ZmqGateway: received command payload: {"cmd":"seek","time":7.08808135986328}
ZmqGateway: dispatching payload to JUCE message thread.
VitHeadlessService: processing queued command on JUCE message thread: {"cmd":"seek","time":7.08808135986328}
Command received: {"cmd":"seek","time":7.08808135986328}
CommandDispatcher::handleSeek: position set to 7.0881s
Command executed: seek, result: {
  "status": "ok",
  "message": "Seek executed",
  "position_seconds": 7.08808135986328
}
VitHeadlessService: command reply (truncated): {
  "status": "ok",
  "message": "Seek executed",
  "position_seconds": 7.08808135986328
}
ZmqGateway: received command payload: {"cmd":"seek","time":6.96372985839844}
ZmqGateway: dispatching payload to JUCE message thread.
VitHeadlessService: processing queued command on JUCE message thread: {"cmd":"seek","time":6.96372985839844}
Command received: {"cmd":"seek","time":6.96372985839844}
CommandDispatcher::handleSeek: position set to 6.9637s
Command executed: seek, result: {
  "status": "ok",
  "message": "Seek executed",
  "position_seconds": 6.96372985839844
}
VitHeadlessService: command reply (truncated): {
  "status": "ok",
  "message": "Seek executed",
  "position_seconds": 6.96372985839844
}
ZmqGateway: received command payload: {"cmd":"seek","time":6.83937644958496}
ZmqGateway: dispatching payload to JUCE message thread.
VitHeadlessService: processing queued command on JUCE message thread: {"cmd":"seek","time":6.83937644958496}
Command received: {"cmd":"seek","time":6.83937644958496}
CommandDispatcher::handleSeek: position set to 6.8394s
Command executed: seek, result: {
  "status": "ok",
  "message": "Seek executed",
  "position_seconds": 6.83937644958496
}
VitHeadlessService: command reply (truncated): {
  "status": "ok",
  "message": "Seek executed",
  "position_seconds": 6.83937644958496
}
ZmqGateway: received command payload: {"cmd":"seek","time":6.71502494812012}
ZmqGateway: dispatching payload to JUCE message thread.
VitHeadlessService: processing queued command on JUCE message thread: {"cmd":"seek","time":6.71502494812012}
Command received: {"cmd":"seek","time":6.71502494812012}
CommandDispatcher::handleSeek: position set to 6.7150s
Command executed: seek, result: {
  "status": "ok",
  "message": "Seek executed",
  "position_seconds": 6.71502494812012
}
VitHeadlessService: command reply (truncated): {
  "status": "ok",
  "message": "Seek executed",
  "position_seconds": 6.71502494812012
}
ZmqGateway: received command payload: {"cmd":"seek","time":6.62176036834717}
ZmqGateway: dispatching payload to JUCE message thread.
VitHeadlessService: processing queued command on JUCE message thread: {"cmd":"seek","time":6.62176036834717}
Command received: {"cmd":"seek","time":6.62176036834717}
CommandDispatcher::handleSeek: position set to 6.6218s
Command executed: seek, result: {
  "status": "ok",
  "message": "Seek executed",
  "position_seconds": 6.62176036834717
}
VitHeadlessService: command reply (truncated): {
  "status": "ok",
  "message": "Seek executed",
  "position_seconds": 6.62176036834717
}
ZmqGateway: received command payload: {"cmd":"seek","time":6.51295185089111}
ZmqGateway: dispatching payload to JUCE message thread.
VitHeadlessService: processing queued command on JUCE message thread: {"cmd":"seek","time":6.51295185089111}
Command received: {"cmd":"seek","time":6.51295185089111}
CommandDispatcher::handleSeek: position set to 6.5130s
Command executed: seek, result: {
  "status": "ok",
  "message": "Seek executed",
  "position_seconds": 6.51295185089111
}
VitHeadlessService: command reply (truncated): {
  "status": "ok",
  "message": "Seek executed",
  "position_seconds": 6.51295185089111
}
ZmqGateway: received command payload: {"cmd":"seek","time":6.40414428710938}
ZmqGateway: dispatching payload to JUCE message thread.
VitHeadlessService: processing queued command on JUCE message thread: {"cmd":"seek","time":6.40414428710938}
Command received: {"cmd":"seek","time":6.40414428710938}
CommandDispatcher::handleSeek: position set to 6.4041s
Command executed: seek, result: {
  "status": "ok",
  "message": "Seek executed",
  "position_seconds": 6.40414428710938
}
VitHeadlessService: command reply (truncated): {
  "status": "ok",
  "message": "Seek executed",
  "position_seconds": 6.40414428710938
}
ZmqGateway: received command payload: {"cmd":"seek","time":6.31087970733643}
ZmqGateway: dispatching payload to JUCE message thread.
VitHeadlessService: processing queued command on JUCE message thread: {"cmd":"seek","time":6.31087970733643}
Command received: {"cmd":"seek","time":6.31087970733643}
CommandDispatcher::handleSeek: position set to 6.3109s
Command executed: seek, result: {
  "status": "ok",
  "message": "Seek executed",
  "position_seconds": 6.31087970733643
}
VitHeadlessService: command reply (truncated): {
  "status": "ok",
  "message": "Seek executed",
  "position_seconds": 6.31087970733643
}
ZmqGateway: received command payload: {"cmd":"seek","time":6.21761512756348}
ZmqGateway: dispatching payload to JUCE message thread.
VitHeadlessService: processing queued command on JUCE message thread: {"cmd":"seek","time":6.21761512756348}
Command received: {"cmd":"seek","time":6.21761512756348}
CommandDispatcher::handleSeek: position set to 6.2176s
Command executed: seek, result: {
  "status": "ok",
  "message": "Seek executed",
  "position_seconds": 6.21761512756348
}
VitHeadlessService: command reply (truncated): {
  "status": "ok",
  "message": "Seek executed",
  "position_seconds": 6.21761512756348
}
ZmqGateway: received command payload: {"cmd":"seek","time":6.17098331451416}
ZmqGateway: dispatching payload to JUCE message thread.
VitHeadlessService: processing queued command on JUCE message thread: {"cmd":"seek","time":6.17098331451416}
Command received: {"cmd":"seek","time":6.17098331451416}
CommandDispatcher::handleSeek: position set to 6.1710s
Command executed: seek, result: {
  "status": "ok",
  "message": "Seek executed",
  "position_seconds": 6.17098331451416
}
VitHeadlessService: command reply (truncated): {
  "status": "ok",
  "message": "Seek executed",
  "position_seconds": 6.17098331451416
}
ZmqGateway: received command payload: {"cmd":"seek","time":6.12435150146484}
ZmqGateway: dispatching payload to JUCE message thread.
VitHeadlessService: processing queued command on JUCE message thread: {"cmd":"seek","time":6.12435150146484}
Command received: {"cmd":"seek","time":6.12435150146484}
CommandDispatcher::handleSeek: position set to 6.1244s
Command executed: seek, result: {
  "status": "ok",
  "message": "Seek executed",
  "position_seconds": 6.12435150146484
}
VitHeadlessService: command reply (truncated): {
  "status": "ok",
  "message": "Seek executed",
  "position_seconds": 6.12435150146484
}
ZmqGateway: received command payload: {"cmd":"seek","time":6.09326362609863}
ZmqGateway: dispatching payload to JUCE message thread.
VitHeadlessService: processing queued command on JUCE message thread: {"cmd":"seek","time":6.09326362609863}
Command received: {"cmd":"seek","time":6.09326362609863}
CommandDispatcher::handleSeek: position set to 6.0933s
Command executed: seek, result: {
  "status": "ok",
  "message": "Seek executed",
  "position_seconds": 6.09326362609863
}
VitHeadlessService: command reply (truncated): {
  "status": "ok",
  "message": "Seek executed",
  "position_seconds": 6.09326362609863
}
ZmqGateway: received command payload: {"cmd":"seek","time":6.09326362609863}
ZmqGateway: dispatching payload to JUCE message thread.
VitHeadlessService: processing queued command on JUCE message thread: {"cmd":"seek","time":6.09326362609863}
Command received: {"cmd":"seek","time":6.09326362609863}
CommandDispatcher::handleSeek: position set to 6.0933s
Command executed: seek, result: {
  "status": "ok",
  "message": "Seek executed",
  "position_seconds": 6.09326362609863
}
VitHeadlessService: command reply (truncated): {
  "status": "ok",
  "message": "Seek executed",
  "position_seconds": 6.09326362609863
}
ZmqGateway: received command payload: {"cmd":"seek","time":6.09326362609863}
ZmqGateway: dispatching payload to JUCE message thread.
VitHeadlessService: processing queued command on JUCE message thread: {"cmd":"seek","time":6.09326362609863}
Command received: {"cmd":"seek","time":6.09326362609863}
CommandDispatcher::handleSeek: position set to 6.0933s
Command executed: seek, result: {
  "status": "ok",
  "message": "Seek executed",
  "position_seconds": 6.09326362609863
}
VitHeadlessService: command reply (truncated): {
  "status": "ok",
  "message": "Seek executed",
  "position_seconds": 6.09326362609863
}
ZmqGateway: received command payload: {"cmd":"seek","time":6.09326362609863}
ZmqGateway: dispatching payload to JUCE message thread.
VitHeadlessService: processing queued command on JUCE message thread: {"cmd":"seek","time":6.09326362609863}
Command received: {"cmd":"seek","time":6.09326362609863}
CommandDispatcher::handleSeek: position set to 6.0933s
Command executed: seek, result: {
  "status": "ok",
  "message": "Seek executed",
  "position_seconds": 6.09326362609863
}
VitHeadlessService: command reply (truncated): {
  "status": "ok",
  "message": "Seek executed",
  "position_seconds": 6.09326362609863
}
ZmqGateway: received command payload: {"cmd":"seek","time":6.09326362609863}
ZmqGateway: dispatching payload to JUCE message thread.
VitHeadlessService: processing queued command on JUCE message thread: {"cmd":"seek","time":6.09326362609863}
Command received: {"cmd":"seek","time":6.09326362609863}
CommandDispatcher::handleSeek: position set to 6.0933s
Command executed: seek, result: {
  "status": "ok",
  "message": "Seek executed",
  "position_seconds": 6.09326362609863
}
VitHeadlessService: command reply (truncated): {
  "status": "ok",
  "message": "Seek executed",
  "position_seconds": 6.09326362609863
}
ZmqGateway: received command payload: {"cmd":"seek","time":6.09326362609863}
ZmqGateway: dispatching payload to JUCE message thread.
VitHeadlessService: processing queued command on JUCE message thread: {"cmd":"seek","time":6.09326362609863}
Command received: {"cmd":"seek","time":6.09326362609863}
CommandDispatcher::handleSeek: position set to 6.0933s
Command executed: seek, result: {
  "status": "ok",
  "message": "Seek executed",
  "position_seconds": 6.09326362609863
}
VitHeadlessService: command reply (truncated): {
  "status": "ok",
  "message": "Seek executed",
  "position_seconds": 6.09326362609863
}
ZmqGateway: received command payload: {"cmd":"seek","time":6.09326362609863}
ZmqGateway: dispatching payload to JUCE message thread.
VitHeadlessService: processing queued command on JUCE message thread: {"cmd":"seek","time":6.09326362609863}
Command received: {"cmd":"seek","time":6.09326362609863}
CommandDispatcher::handleSeek: position set to 6.0933s
Command executed: seek, result: {
  "status": "ok",
  "message": "Seek executed",
  "position_seconds": 6.09326362609863
}
VitHeadlessService: command reply (truncated): {
  "status": "ok",
  "message": "Seek executed",
  "position_seconds": 6.09326362609863
}
ZmqGateway: received command payload: {"cmd":"seek","time":6.09326362609863}
ZmqGateway: dispatching payload to JUCE message thread.
VitHeadlessService: processing queued command on JUCE message thread: {"cmd":"seek","time":6.09326362609863}
Command received: {"cmd":"seek","time":6.09326362609863}
CommandDispatcher::handleSeek: position set to 6.0933s
Command executed: seek, result: {
  "status": "ok",
  "message": "Seek executed",
  "position_seconds": 6.09326362609863
}
VitHeadlessService: command reply (truncated): {
  "status": "ok",
  "message": "Seek executed",
  "position_seconds": 6.09326362609863
}
ZmqGateway: received command payload: {"cmd":"seek","time":6.09326362609863}
ZmqGateway: dispatching payload to JUCE message thread.
VitHeadlessService: processing queued command on JUCE message thread: {"cmd":"seek","time":6.09326362609863}
Command received: {"cmd":"seek","time":6.09326362609863}
CommandDispatcher::handleSeek: position set to 6.0933s
Command executed: seek, result: {
  "status": "ok",
  "message": "Seek executed",
  "position_seconds": 6.09326362609863
}
VitHeadlessService: command reply (truncated): {
  "status": "ok",
  "message": "Seek executed",
  "position_seconds": 6.09326362609863
}
ZmqGateway: received command payload: {"cmd":"seek","time":6.09326362609863}
ZmqGateway: dispatching payload to JUCE message thread.
VitHeadlessService: processing queued command on JUCE message thread: {"cmd":"seek","time":6.09326362609863}
Command received: {"cmd":"seek","time":6.09326362609863}
CommandDispatcher::handleSeek: position set to 6.0933s
Command executed: seek, result: {
  "status": "ok",
  "message": "Seek executed",
  "position_seconds": 6.09326362609863
}
VitHeadlessService: command reply (truncated): {
  "status": "ok",
  "message": "Seek executed",
  "position_seconds": 6.09326362609863
}
ZmqGateway: received command payload: {"cmd":"seek","time":6.09326362609863}
ZmqGateway: dispatching payload to JUCE message thread.
VitHeadlessService: processing queued command on JUCE message thread: {"cmd":"seek","time":6.09326362609863}
Command received: {"cmd":"seek","time":6.09326362609863}
CommandDispatcher::handleSeek: position set to 6.0933s
Command executed: seek, result: {
  "status": "ok",
  "message": "Seek executed",
  "position_seconds": 6.09326362609863
}
VitHeadlessService: command reply (truncated): {
  "status": "ok",
  "message": "Seek executed",
  "position_seconds": 6.09326362609863
}
ZmqGateway: received command payload: {"cmd":"seek","time":6.09326362609863}
ZmqGateway: dispatching payload to JUCE message thread.
VitHeadlessService: processing queued command on JUCE message thread: {"cmd":"seek","time":6.09326362609863}
Command received: {"cmd":"seek","time":6.09326362609863}
CommandDispatcher::handleSeek: position set to 6.0933s
Command executed: seek, result: {
  "status": "ok",
  "message": "Seek executed",
  "position_seconds": 6.09326362609863
}
VitHeadlessService: command reply (truncated): {
  "status": "ok",
  "message": "Seek executed",
  "position_seconds": 6.09326362609863
}
ZmqGateway: received command payload: {"cmd":"seek","time":6.09326362609863}
ZmqGateway: dispatching payload to JUCE message thread.
VitHeadlessService: processing queued command on JUCE message thread: {"cmd":"seek","time":6.09326362609863}
Command received: {"cmd":"seek","time":6.09326362609863}
CommandDispatcher::handleSeek: position set to 6.0933s
Command executed: seek, result: {
  "status": "ok",
  "message": "Seek executed",
  "position_seconds": 6.09326362609863
}
VitHeadlessService: command reply (truncated): {
  "status": "ok",
  "message": "Seek executed",
  "position_seconds": 6.09326362609863
}
ZmqGateway: received command payload: {"cmd":"seek","time":6.09326362609863}
ZmqGateway: dispatching payload to JUCE message thread.
VitHeadlessService: processing queued command on JUCE message thread: {"cmd":"seek","time":6.09326362609863}
Command received: {"cmd":"seek","time":6.09326362609863}
CommandDispatcher::handleSeek: position set to 6.0933s
Command executed: seek, result: {
  "status": "ok",
  "message": "Seek executed",
  "position_seconds": 6.09326362609863
}
VitHeadlessService: command reply (truncated): {
  "status": "ok",
  "message": "Seek executed",
  "position_seconds": 6.09326362609863
}
ZmqGateway: received command payload: {"cmd":"seek","time":6.09326362609863}
ZmqGateway: dispatching payload to JUCE message thread.
VitHeadlessService: processing queued command on JUCE message thread: {"cmd":"seek","time":6.09326362609863}
Command received: {"cmd":"seek","time":6.09326362609863}
CommandDispatcher::handleSeek: position set to 6.0933s
Command executed: seek, result: {
  "status": "ok",
  "message": "Seek executed",
  "position_seconds": 6.09326362609863
}
VitHeadlessService: command reply (truncated): {
  "status": "ok",
  "message": "Seek executed",
  "position_seconds": 6.09326362609863
}
ZmqGateway: received command payload: {"cmd":"seek","time":6.09326362609863}
ZmqGateway: dispatching payload to JUCE message thread.
VitHeadlessService: processing queued command on JUCE message thread: {"cmd":"seek","time":6.09326362609863}
Command received: {"cmd":"seek","time":6.09326362609863}
CommandDispatcher::handleSeek: position set to 6.0933s
Command executed: seek, result: {
  "status": "ok",
  "message": "Seek executed",
  "position_seconds": 6.09326362609863
}
VitHeadlessService: command reply (truncated): {
  "status": "ok",
  "message": "Seek executed",
  "position_seconds": 6.09326362609863
}
ZmqGateway: received command payload: {"cmd":"seek","time":6.09326362609863}
ZmqGateway: dispatching payload to JUCE message thread.
VitHeadlessService: processing queued command on JUCE message thread: {"cmd":"seek","time":6.09326362609863}
Command received: {"cmd":"seek","time":6.09326362609863}
CommandDispatcher::handleSeek: position set to 6.0933s
Command executed: seek, result: {
  "status": "ok",
  "message": "Seek executed",
  "position_seconds": 6.09326362609863
}
VitHeadlessService: command reply (truncated): {
  "status": "ok",
  "message": "Seek executed",
  "position_seconds": 6.09326362609863
}
ZmqGateway: received command payload: {"cmd":"seek","time":6.09326362609863}
ZmqGateway: dispatching payload to JUCE message thread.
VitHeadlessService: processing queued command on JUCE message thread: {"cmd":"seek","time":6.09326362609863}
Command received: {"cmd":"seek","time":6.09326362609863}
CommandDispatcher::handleSeek: position set to 6.0933s
Command executed: seek, result: {
  "status": "ok",
  "message": "Seek executed",
  "position_seconds": 6.09326362609863
}
VitHeadlessService: command reply (truncated): {
  "status": "ok",
  "message": "Seek executed",
  "position_seconds": 6.09326362609863
}
ZmqGateway: received command payload: {"cmd":"seek","time":6.09326362609863}
ZmqGateway: dispatching payload to JUCE message thread.
VitHeadlessService: processing queued command on JUCE message thread: {"cmd":"seek","time":6.09326362609863}
Command received: {"cmd":"seek","time":6.09326362609863}
CommandDispatcher::handleSeek: position set to 6.0933s
Command executed: seek, result: {
  "status": "ok",
  "message": "Seek executed",
  "position_seconds": 6.09326362609863
}
VitHeadlessService: command reply (truncated): {
  "status": "ok",
  "message": "Seek executed",
  "position_seconds": 6.09326362609863
}
ZmqGateway: received command payload: {"cmd":"seek","time":6.09326362609863}
ZmqGateway: dispatching payload to JUCE message thread.
VitHeadlessService: processing queued command on JUCE message thread: {"cmd":"seek","time":6.09326362609863}
Command received: {"cmd":"seek","time":6.09326362609863}
CommandDispatcher::handleSeek: position set to 6.0933s
Command executed: seek, result: {
  "status": "ok",
  "message": "Seek executed",
  "position_seconds": 6.09326362609863
}
VitHeadlessService: command reply (truncated): {
  "status": "ok",
  "message": "Seek executed",
  "position_seconds": 6.09326362609863
}
ZmqGateway: received command payload: {"cmd":"seek","time":6.09326362609863}
ZmqGateway: dispatching payload to JUCE message thread.
VitHeadlessService: processing queued command on JUCE message thread: {"cmd":"seek","time":6.09326362609863}
Command received: {"cmd":"seek","time":6.09326362609863}
CommandDispatcher::handleSeek: position set to 6.0933s
Command executed: seek, result: {
  "status": "ok",
  "message": "Seek executed",
  "position_seconds": 6.09326362609863
}
VitHeadlessService: command reply (truncated): {
  "status": "ok",
  "message": "Seek executed",
  "position_seconds": 6.09326362609863
}
ZmqGateway: received command payload: {"cmd":"seek","time":6.09326362609863}
ZmqGateway: dispatching payload to JUCE message thread.
VitHeadlessService: processing queued command on JUCE message thread: {"cmd":"seek","time":6.09326362609863}
Command received: {"cmd":"seek","time":6.09326362609863}
CommandDispatcher::handleSeek: position set to 6.0933s
Command executed: seek, result: {
  "status": "ok",
  "message": "Seek executed",
  "position_seconds": 6.09326362609863
}
VitHeadlessService: command reply (truncated): {
  "status": "ok",
  "message": "Seek executed",
  "position_seconds": 6.09326362609863
}
ZmqGateway: received command payload: {"cmd":"seek","time":6.09326362609863}
ZmqGateway: dispatching payload to JUCE message thread.
VitHeadlessService: processing queued command on JUCE message thread: {"cmd":"seek","time":6.09326362609863}
Command received: {"cmd":"seek","time":6.09326362609863}
CommandDispatcher::handleSeek: position set to 6.0933s
Command executed: seek, result: {
  "status": "ok",
  "message": "Seek executed",
  "position_seconds": 6.09326362609863
}
VitHeadlessService: command reply (truncated): {
  "status": "ok",
  "message": "Seek executed",
  "position_seconds": 6.09326362609863
}
ZmqGateway: received command payload: {"cmd":"seek","time":6.09326362609863}
ZmqGateway: dispatching payload to JUCE message thread.
VitHeadlessService: processing queued command on JUCE message thread: {"cmd":"seek","time":6.09326362609863}
Command received: {"cmd":"seek","time":6.09326362609863}
CommandDispatcher::handleSeek: position set to 6.0933s
Command executed: seek, result: {
  "status": "ok",
  "message": "Seek executed",
  "position_seconds": 6.09326362609863
}
VitHeadlessService: command reply (truncated): {
  "status": "ok",
  "message": "Seek executed",
  "position_seconds": 6.09326362609863
}
ZmqGateway: received command payload: {"cmd":"seek","time":6.09326362609863}
ZmqGateway: dispatching payload to JUCE message thread.
VitHeadlessService: processing queued command on JUCE message thread: {"cmd":"seek","time":6.09326362609863}
Command received: {"cmd":"seek","time":6.09326362609863}
CommandDispatcher::handleSeek: position set to 6.0933s
Command executed: seek, result: {
  "status": "ok",
  "message": "Seek executed",
  "position_seconds": 6.09326362609863
}
VitHeadlessService: command reply (truncated): {
  "status": "ok",
  "message": "Seek executed",
  "position_seconds": 6.09326362609863
}
ZmqGateway: received command payload: {"cmd":"seek","time":6.09326362609863}
ZmqGateway: dispatching payload to JUCE message thread.
VitHeadlessService: processing queued command on JUCE message thread: {"cmd":"seek","time":6.09326362609863}
Command received: {"cmd":"seek","time":6.09326362609863}
CommandDispatcher::handleSeek: position set to 6.0933s
Command executed: seek, result: {
  "status": "ok",
  "message": "Seek executed",
  "position_seconds": 6.09326362609863
}
VitHeadlessService: command reply (truncated): {
  "status": "ok",
  "message": "Seek executed",
  "position_seconds": 6.09326362609863
}
ZmqGateway: received command payload: {"cmd":"seek","time":6.09326362609863}
ZmqGateway: dispatching payload to JUCE message thread.
VitHeadlessService: processing queued command on JUCE message thread: {"cmd":"seek","time":6.09326362609863}
Command received: {"cmd":"seek","time":6.09326362609863}
CommandDispatcher::handleSeek: position set to 6.0933s
Command executed: seek, result: {
  "status": "ok",
  "message": "Seek executed",
  "position_seconds": 6.09326362609863
}
VitHeadlessService: command reply (truncated): {
  "status": "ok",
  "message": "Seek executed",
  "position_seconds": 6.09326362609863
}
ZmqGateway: received command payload: {"cmd":"seek","time":6.09326362609863}
ZmqGateway: dispatching payload to JUCE message thread.
VitHeadlessService: processing queued command on JUCE message thread: {"cmd":"seek","time":6.09326362609863}
Command received: {"cmd":"seek","time":6.09326362609863}
CommandDispatcher::handleSeek: position set to 6.0933s
Command executed: seek, result: {
  "status": "ok",
  "message": "Seek executed",
  "position_seconds": 6.09326362609863
}
VitHeadlessService: command reply (truncated): {
  "status": "ok",
  "message": "Seek executed",
  "position_seconds": 6.09326362609863
}
ZmqGateway: received command payload: {"cmd":"seek","time":6.09326362609863}
ZmqGateway: dispatching payload to JUCE message thread.
VitHeadlessService: processing queued command on JUCE message thread: {"cmd":"seek","time":6.09326362609863}
Command received: {"cmd":"seek","time":6.09326362609863}
CommandDispatcher::handleSeek: position set to 6.0933s
Command executed: seek, result: {
  "status": "ok",
  "message": "Seek executed",
  "position_seconds": 6.09326362609863
}
VitHeadlessService: command reply (truncated): {
  "status": "ok",
  "message": "Seek executed",
  "position_seconds": 6.09326362609863
}
ZmqGateway: received command payload: {"cmd":"seek","time":6.09326362609863}
ZmqGateway: dispatching payload to JUCE message thread.
VitHeadlessService: processing queued command on JUCE message thread: {"cmd":"seek","time":6.09326362609863}
Command received: {"cmd":"seek","time":6.09326362609863}
CommandDispatcher::handleSeek: position set to 6.0933s
Command executed: seek, result: {
  "status": "ok",
  "message": "Seek executed",
  "position_seconds": 6.09326362609863
}
VitHeadlessService: command reply (truncated): {
  "status": "ok",
  "message": "Seek executed",
  "position_seconds": 6.09326362609863
}
ZmqGateway: received command payload: {"cmd":"seek","time":6.09326362609863}
ZmqGateway: dispatching payload to JUCE message thread.
VitHeadlessService: processing queued command on JUCE message thread: {"cmd":"seek","time":6.09326362609863}
Command received: {"cmd":"seek","time":6.09326362609863}
CommandDispatcher::handleSeek: position set to 6.0933s
Command executed: seek, result: {
  "status": "ok",
  "message": "Seek executed",
  "position_seconds": 6.09326362609863
}
VitHeadlessService: command reply (truncated): {
  "status": "ok",
  "message": "Seek executed",
  "position_seconds": 6.09326362609863
}
ZmqGateway: received command payload: {"cmd":"seek","time":6.09326362609863}
ZmqGateway: dispatching payload to JUCE message thread.
VitHeadlessService: processing queued command on JUCE message thread: {"cmd":"seek","time":6.09326362609863}
Command received: {"cmd":"seek","time":6.09326362609863}
CommandDispatcher::handleSeek: position set to 6.0933s
Command executed: seek, result: {
  "status": "ok",
  "message": "Seek executed",
  "position_seconds": 6.09326362609863
}
VitHeadlessService: command reply (truncated): {
  "status": "ok",
  "message": "Seek executed",
  "position_seconds": 6.09326362609863
}
ZmqGateway: received command payload: {"cmd":"seek","time":6.09326362609863}
ZmqGateway: dispatching payload to JUCE message thread.
VitHeadlessService: processing queued command on JUCE message thread: {"cmd":"seek","time":6.09326362609863}
Command received: {"cmd":"seek","time":6.09326362609863}
CommandDispatcher::handleSeek: position set to 6.0933s
Command executed: seek, result: {
  "status": "ok",
  "message": "Seek executed",
  "position_seconds": 6.09326362609863
}
VitHeadlessService: command reply (truncated): {
  "status": "ok",
  "message": "Seek executed",
  "position_seconds": 6.09326362609863
}
ZmqGateway: received command payload: {"cmd":"seek","time":6.09326362609863}
ZmqGateway: dispatching payload to JUCE message thread.
VitHeadlessService: processing queued command on JUCE message thread: {"cmd":"seek","time":6.09326362609863}
Command received: {"cmd":"seek","time":6.09326362609863}
CommandDispatcher::handleSeek: position set to 6.0933s
Command executed: seek, result: {
  "status": "ok",
  "message": "Seek executed",
  "position_seconds": 6.09326362609863
}
VitHeadlessService: command reply (truncated): {
  "status": "ok",
  "message": "Seek executed",
  "position_seconds": 6.09326362609863
}
ZmqGateway: received command payload: {"cmd":"seek","time":6.09326362609863}
ZmqGateway: dispatching payload to JUCE message thread.
VitHeadlessService: processing queued command on JUCE message thread: {"cmd":"seek","time":6.09326362609863}
Command received: {"cmd":"seek","time":6.09326362609863}
CommandDispatcher::handleSeek: position set to 6.0933s
Command executed: seek, result: {
  "status": "ok",
  "message": "Seek executed",
  "position_seconds": 6.09326362609863
}
VitHeadlessService: command reply (truncated): {
  "status": "ok",
  "message": "Seek executed",
  "position_seconds": 6.09326362609863
}
ZmqGateway: received command payload: {"cmd":"seek","time":6.09326362609863}
ZmqGateway: dispatching payload to JUCE message thread.
VitHeadlessService: processing queued command on JUCE message thread: {"cmd":"seek","time":6.09326362609863}
Command received: {"cmd":"seek","time":6.09326362609863}
CommandDispatcher::handleSeek: position set to 6.0933s
Command executed: seek, result: {
  "status": "ok",
  "message": "Seek executed",
  "position_seconds": 6.09326362609863
}
VitHeadlessService: command reply (truncated): {
  "status": "ok",
  "message": "Seek executed",
  "position_seconds": 6.09326362609863
}
ZmqGateway: received command payload: {"cmd":"seek","time":6.09326362609863}
ZmqGateway: dispatching payload to JUCE message thread.
VitHeadlessService: processing queued command on JUCE message thread: {"cmd":"seek","time":6.09326362609863}
Command received: {"cmd":"seek","time":6.09326362609863}
CommandDispatcher::handleSeek: position set to 6.0933s
Command executed: seek, result: {
  "status": "ok",
  "message": "Seek executed",
  "position_seconds": 6.09326362609863
}
VitHeadlessService: command reply (truncated): {
  "status": "ok",
  "message": "Seek executed",
  "position_seconds": 6.09326362609863
}
ZmqGateway: received command payload: {"cmd":"seek","time":6.09326362609863}
ZmqGateway: dispatching payload to JUCE message thread.
VitHeadlessService: processing queued command on JUCE message thread: {"cmd":"seek","time":6.09326362609863}
Command received: {"cmd":"seek","time":6.09326362609863}
CommandDispatcher::handleSeek: position set to 6.0933s
Command executed: seek, result: {
  "status": "ok",
  "message": "Seek executed",
  "position_seconds": 6.09326362609863
}
VitHeadlessService: command reply (truncated): {
  "status": "ok",
  "message": "Seek executed",
  "position_seconds": 6.09326362609863
}
ZmqGateway: received command payload: {"cmd":"seek","time":6.09326362609863}
ZmqGateway: dispatching payload to JUCE message thread.
VitHeadlessService: processing queued command on JUCE message thread: {"cmd":"seek","time":6.09326362609863}
Command received: {"cmd":"seek","time":6.09326362609863}
CommandDispatcher::handleSeek: position set to 6.0933s
Command executed: seek, result: {
  "status": "ok",
  "message": "Seek executed",
  "position_seconds": 6.09326362609863
}
VitHeadlessService: command reply (truncated): {
  "status": "ok",
  "message": "Seek executed",
  "position_seconds": 6.09326362609863
}
ZmqGateway: received command payload: {"cmd":"seek","time":6.06217575073242}
ZmqGateway: dispatching payload to JUCE message thread.
VitHeadlessService: processing queued command on JUCE message thread: {"cmd":"seek","time":6.06217575073242}
Command received: {"cmd":"seek","time":6.06217575073242}
CommandDispatcher::handleSeek: position set to 6.0622s
Command executed: seek, result: {
  "status": "ok",
  "message": "Seek executed",
  "position_seconds": 6.06217575073242
}
VitHeadlessService: command reply (truncated): {
  "status": "ok",
  "message": "Seek executed",
  "position_seconds": 6.06217575073242
}
ZmqGateway: received command payload: {"cmd":"seek","time":5.99999904632568}
ZmqGateway: dispatching payload to JUCE message thread.
VitHeadlessService: processing queued command on JUCE message thread: {"cmd":"seek","time":5.99999904632568}
Command received: {"cmd":"seek","time":5.99999904632568}
CommandDispatcher::handleSeek: position set to 6.0000s
Command executed: seek, result: {
  "status": "ok",
  "message": "Seek executed",
  "position_seconds": 5.99999904632568
}
VitHeadlessService: command reply (truncated): {
  "status": "ok",
  "message": "Seek executed",
  "position_seconds": 5.99999904632568
}
ZmqGateway: received command payload: {"cmd":"seek","time":5.92227935791016}
ZmqGateway: dispatching payload to JUCE message thread.
VitHeadlessService: processing queued command on JUCE message thread: {"cmd":"seek","time":5.92227935791016}
Command received: {"cmd":"seek","time":5.92227935791016}
CommandDispatcher::handleSeek: position set to 5.9223s
Command executed: seek, result: {
  "status": "ok",
  "message": "Seek executed",
  "position_seconds": 5.92227935791016
}
VitHeadlessService: command reply (truncated): {
  "status": "ok",
  "message": "Seek executed",
  "position_seconds": 5.92227935791016
}
ZmqGateway: received command payload: {"cmd":"seek","time":5.82901382446289}
ZmqGateway: dispatching payload to JUCE message thread.
VitHeadlessService: processing queued command on JUCE message thread: {"cmd":"seek","time":5.82901382446289}
Command received: {"cmd":"seek","time":5.82901382446289}
CommandDispatcher::handleSeek: position set to 5.8290s
Command executed: seek, result: {
  "status": "ok",
  "message": "Seek executed",
  "position_seconds": 5.82901382446289
}
VitHeadlessService: command reply (truncated): {
  "status": "ok",
  "message": "Seek executed",
  "position_seconds": 5.82901382446289
}
ZmqGateway: received command payload: {"cmd":"seek","time":5.73575019836426}
ZmqGateway: dispatching payload to JUCE message thread.
VitHeadlessService: processing queued command on JUCE message thread: {"cmd":"seek","time":5.73575019836426}
Command received: {"cmd":"seek","time":5.73575019836426}
CommandDispatcher::handleSeek: position set to 5.7358s
Command executed: seek, result: {
  "status": "ok",
  "message": "Seek executed",
  "position_seconds": 5.73575019836426
}
VitHeadlessService: command reply (truncated): {
  "status": "ok",
  "message": "Seek executed",
  "position_seconds": 5.73575019836426
}
ZmqGateway: received command payload: {"cmd":"seek","time":5.64248561859131}
ZmqGateway: dispatching payload to JUCE message thread.
VitHeadlessService: processing queued command on JUCE message thread: {"cmd":"seek","time":5.64248561859131}
Command received: {"cmd":"seek","time":5.64248561859131}
CommandDispatcher::handleSeek: position set to 5.6425s
Command executed: seek, result: {
  "status": "ok",
  "message": "Seek executed",
  "position_seconds": 5.64248561859131
}
VitHeadlessService: command reply (truncated): {
  "status": "ok",
  "message": "Seek executed",
  "position_seconds": 5.64248561859131
}
ZmqGateway: received command payload: {"cmd":"seek","time":5.53367805480957}
ZmqGateway: dispatching payload to JUCE message thread.
VitHeadlessService: processing queued command on JUCE message thread: {"cmd":"seek","time":5.53367805480957}
Command received: {"cmd":"seek","time":5.53367805480957}
CommandDispatcher::handleSeek: position set to 5.5337s
Command executed: seek, result: {
  "status": "ok",
  "message": "Seek executed",
  "position_seconds": 5.53367805480957
}
VitHeadlessService: command reply (truncated): {
  "status": "ok",
  "message": "Seek executed",
  "position_seconds": 5.53367805480957
}
ZmqGateway: received command payload: {"cmd":"seek","time":5.45595741271973}
ZmqGateway: dispatching payload to JUCE message thread.
VitHeadlessService: processing queued command on JUCE message thread: {"cmd":"seek","time":5.45595741271973}
Command received: {"cmd":"seek","time":5.45595741271973}
CommandDispatcher::handleSeek: position set to 5.4560s
Command executed: seek, result: {
  "status": "ok",
  "message": "Seek executed",
  "position_seconds": 5.45595741271973
}
VitHeadlessService: command reply (truncated): {
  "status": "ok",
  "message": "Seek executed",
  "position_seconds": 5.45595741271973
}
ZmqGateway: received command payload: {"cmd":"seek","time":5.37823677062988}
ZmqGateway: dispatching payload to JUCE message thread.
VitHeadlessService: processing queued command on JUCE message thread: {"cmd":"seek","time":5.37823677062988}
Command received: {"cmd":"seek","time":5.37823677062988}
CommandDispatcher::handleSeek: position set to 5.3782s
Command executed: seek, result: {
  "status": "ok",
  "message": "Seek executed",
  "position_seconds": 5.37823677062988
}
VitHeadlessService: command reply (truncated): {
  "status": "ok",
  "message": "Seek executed",
  "position_seconds": 5.37823677062988
}
ZmqGateway: received command payload: {"cmd":"seek","time":5.30051708221436}
ZmqGateway: dispatching payload to JUCE message thread.
VitHeadlessService: processing queued command on JUCE message thread: {"cmd":"seek","time":5.30051708221436}
Command received: {"cmd":"seek","time":5.30051708221436}
CommandDispatcher::handleSeek: position set to 5.3005s
Command executed: seek, result: {
  "status": "ok",
  "message": "Seek executed",
  "position_seconds": 5.30051708221436
}
VitHeadlessService: command reply (truncated): {
  "status": "ok",
  "message": "Seek executed",
  "position_seconds": 5.30051708221436
}
ZmqGateway: received command payload: {"cmd":"seek","time":5.25388526916504}
ZmqGateway: dispatching payload to JUCE message thread.
VitHeadlessService: processing queued command on JUCE message thread: {"cmd":"seek","time":5.25388526916504}
Command received: {"cmd":"seek","time":5.25388526916504}
CommandDispatcher::handleSeek: position set to 5.2539s
Command executed: seek, result: {
  "status": "ok",
  "message": "Seek executed",
  "position_seconds": 5.25388526916504
}
VitHeadlessService: command reply (truncated): {
  "status": "ok",
  "message": "Seek executed",
  "position_seconds": 5.25388526916504
}
ZmqGateway: received command payload: {"cmd":"seek","time":5.22279739379883}
ZmqGateway: dispatching payload to JUCE message thread.
VitHeadlessService: processing queued command on JUCE message thread: {"cmd":"seek","time":5.22279739379883}
Command received: {"cmd":"seek","time":5.22279739379883}
CommandDispatcher::handleSeek: position set to 5.2228s
Command executed: seek, result: {
  "status": "ok",
  "message": "Seek executed",
  "position_seconds": 5.22279739379883
}
VitHeadlessService: command reply (truncated): {
  "status": "ok",
  "message": "Seek executed",
  "position_seconds": 5.22279739379883
}
ZmqGateway: received command payload: {"cmd":"seek","time":5.1761646270752}
ZmqGateway: dispatching payload to JUCE message thread.
VitHeadlessService: processing queued command on JUCE message thread: {"cmd":"seek","time":5.1761646270752}
Command received: {"cmd":"seek","time":5.1761646270752}
CommandDispatcher::handleSeek: position set to 5.1762s
Command executed: seek, result: {
  "status": "ok",
  "message": "Seek executed",
  "position_seconds": 5.1761646270752
}
VitHeadlessService: command reply (truncated): {
  "status": "ok",
  "message": "Seek executed",
  "position_seconds": 5.1761646270752
}
ZmqGateway: received command payload: {"cmd":"seek","time":5.14507675170898}
ZmqGateway: dispatching payload to JUCE message thread.
VitHeadlessService: processing queued command on JUCE message thread: {"cmd":"seek","time":5.14507675170898}
Command received: {"cmd":"seek","time":5.14507675170898}
CommandDispatcher::handleSeek: position set to 5.1451s
Command executed: seek, result: {
  "status": "ok",
  "message": "Seek executed",
  "position_seconds": 5.14507675170898
}
VitHeadlessService: command reply (truncated): {
  "status": "ok",
  "message": "Seek executed",
  "position_seconds": 5.14507675170898
}
ZmqGateway: received command payload: {"cmd":"seek","time":5.11398887634277}
ZmqGateway: dispatching payload to JUCE message thread.
VitHeadlessService: processing queued command on JUCE message thread: {"cmd":"seek","time":5.11398887634277}
Command received: {"cmd":"seek","time":5.11398887634277}
CommandDispatcher::handleSeek: position set to 5.1140s
Command executed: seek, result: {
  "status": "ok",
  "message": "Seek executed",
  "position_seconds": 5.11398887634277
}
VitHeadlessService: command reply (truncated): {
  "status": "ok",
  "message": "Seek executed",
  "position_seconds": 5.11398887634277
}
ZmqGateway: received command payload: {"cmd":"seek","time":5.08290100097656}
ZmqGateway: dispatching payload to JUCE message thread.
VitHeadlessService: processing queued command on JUCE message thread: {"cmd":"seek","time":5.08290100097656}
Command received: {"cmd":"seek","time":5.08290100097656}
CommandDispatcher::handleSeek: position set to 5.0829s
Command executed: seek, result: {
  "status": "ok",
  "message": "Seek executed",
  "position_seconds": 5.08290100097656
}
VitHeadlessService: command reply (truncated): {
  "status": "ok",
  "message": "Seek executed",
  "position_seconds": 5.08290100097656
}
ZmqGateway: received command payload: {"cmd":"seek","time":5.05181217193604}
ZmqGateway: dispatching payload to JUCE message thread.
VitHeadlessService: processing queued command on JUCE message thread: {"cmd":"seek","time":5.05181217193604}
Command received: {"cmd":"seek","time":5.05181217193604}
CommandDispatcher::handleSeek: position set to 5.0518s
Command executed: seek, result: {
  "status": "ok",
  "message": "Seek executed",
  "position_seconds": 5.05181217193604
}
VitHeadlessService: command reply (truncated): {
  "status": "ok",
  "message": "Seek executed",
  "position_seconds": 5.05181217193604
}
ZmqGateway: received command payload: {"cmd":"seek","time":5.02072429656982}
ZmqGateway: dispatching payload to JUCE message thread.
VitHeadlessService: processing queued command on JUCE message thread: {"cmd":"seek","time":5.02072429656982}
Command received: {"cmd":"seek","time":5.02072429656982}
CommandDispatcher::handleSeek: position set to 5.0207s
Command executed: seek, result: {
  "status": "ok",
  "message": "Seek executed",
  "position_seconds": 5.02072429656982
}
VitHeadlessService: command reply (truncated): {
  "status": "ok",
  "message": "Seek executed",
  "position_seconds": 5.02072429656982
}
ZmqGateway: received command payload: {"cmd":"seek","time":4.98963642120361}
ZmqGateway: dispatching payload to JUCE message thread.
VitHeadlessService: processing queued command on JUCE message thread: {"cmd":"seek","time":4.98963642120361}
Command received: {"cmd":"seek","time":4.98963642120361}
CommandDispatcher::handleSeek: position set to 4.9896s
Command executed: seek, result: {
  "status": "ok",
  "message": "Seek executed",
  "position_seconds": 4.98963642120361
}
VitHeadlessService: command reply (truncated): {
  "status": "ok",
  "message": "Seek executed",
  "position_seconds": 4.98963642120361
}
ZmqGateway: received command payload: {"cmd":"seek","time":4.9430046081543}
ZmqGateway: dispatching payload to JUCE message thread.
VitHeadlessService: processing queued command on JUCE message thread: {"cmd":"seek","time":4.9430046081543}
Command received: {"cmd":"seek","time":4.9430046081543}
CommandDispatcher::handleSeek: position set to 4.9430s
Command executed: seek, result: {
  "status": "ok",
  "message": "Seek executed",
  "position_seconds": 4.9430046081543
}
VitHeadlessService: command reply (truncated): {
  "status": "ok",
  "message": "Seek executed",
  "position_seconds": 4.9430046081543
}
ZmqGateway: received command payload: {"cmd":"seek","time":4.88082695007324}
ZmqGateway: dispatching payload to JUCE message thread.
VitHeadlessService: processing queued command on JUCE message thread: {"cmd":"seek","time":4.88082695007324}
Command received: {"cmd":"seek","time":4.88082695007324}
CommandDispatcher::handleSeek: position set to 4.8808s
Command executed: seek, result: {
  "status": "ok",
  "message": "Seek executed",
  "position_seconds": 4.88082695007324
}
VitHeadlessService: command reply (truncated): {
  "status": "ok",
  "message": "Seek executed",
  "position_seconds": 4.88082695007324
}
ZmqGateway: received command payload: {"cmd":"seek","time":4.83419609069824}
ZmqGateway: dispatching payload to JUCE message thread.
VitHeadlessService: processing queued command on JUCE message thread: {"cmd":"seek","time":4.83419609069824}
Command received: {"cmd":"seek","time":4.83419609069824}
CommandDispatcher::handleSeek: position set to 4.8342s
Command executed: seek, result: {
  "status": "ok",
  "message": "Seek executed",
  "position_seconds": 4.83419609069824
}
VitHeadlessService: command reply (truncated): {
  "status": "ok",
  "message": "Seek executed",
  "position_seconds": 4.83419609069824
}
ZmqGateway: received command payload: {"cmd":"seek","time":4.7564754486084}
ZmqGateway: dispatching payload to JUCE message thread.
VitHeadlessService: processing queued command on JUCE message thread: {"cmd":"seek","time":4.7564754486084}
Command received: {"cmd":"seek","time":4.7564754486084}
CommandDispatcher::handleSeek: position set to 4.7565s
Command executed: seek, result: {
  "status": "ok",
  "message": "Seek executed",
  "position_seconds": 4.7564754486084
}
VitHeadlessService: command reply (truncated): {
  "status": "ok",
  "message": "Seek executed",
  "position_seconds": 4.7564754486084
}
ZmqGateway: received command payload: {"cmd":"seek","time":4.69429969787598}
ZmqGateway: dispatching payload to JUCE message thread.
VitHeadlessService: processing queued command on JUCE message thread: {"cmd":"seek","time":4.69429969787598}
Command received: {"cmd":"seek","time":4.69429969787598}
CommandDispatcher::handleSeek: position set to 4.6943s
Command executed: seek, result: {
  "status": "ok",
  "message": "Seek executed",
  "position_seconds": 4.69429969787598
}
VitHeadlessService: command reply (truncated): {
  "status": "ok",
  "message": "Seek executed",
  "position_seconds": 4.69429969787598
}
ZmqGateway: received command payload: {"cmd":"seek","time":4.60103511810303}
ZmqGateway: dispatching payload to JUCE message thread.
VitHeadlessService: processing queued command on JUCE message thread: {"cmd":"seek","time":4.60103511810303}
Command received: {"cmd":"seek","time":4.60103511810303}
CommandDispatcher::handleSeek: position set to 4.6010s
Command executed: seek, result: {
  "status": "ok",
  "message": "Seek executed",
  "position_seconds": 4.60103511810303
}
VitHeadlessService: command reply (truncated): {
  "status": "ok",
  "message": "Seek executed",
  "position_seconds": 4.60103511810303
}
ZmqGateway: received command payload: {"cmd":"seek","time":4.50777053833008}
ZmqGateway: dispatching payload to JUCE message thread.
VitHeadlessService: processing queued command on JUCE message thread: {"cmd":"seek","time":4.50777053833008}
Command received: {"cmd":"seek","time":4.50777053833008}
CommandDispatcher::handleSeek: position set to 4.5078s
Command executed: seek, result: {
  "status": "ok",
  "message": "Seek executed",
  "position_seconds": 4.50777053833008
}
VitHeadlessService: command reply (truncated): {
  "status": "ok",
  "message": "Seek executed",
  "position_seconds": 4.50777053833008
}
ZmqGateway: received command payload: {"cmd":"seek","time":4.41450691223145}
ZmqGateway: dispatching payload to JUCE message thread.
VitHeadlessService: processing queued command on JUCE message thread: {"cmd":"seek","time":4.41450691223145}
Command received: {"cmd":"seek","time":4.41450691223145}
CommandDispatcher::handleSeek: position set to 4.4145s
Command executed: seek, result: {
  "status": "ok",
  "message": "Seek executed",
  "position_seconds": 4.41450691223145
}
VitHeadlessService: command reply (truncated): {
  "status": "ok",
  "message": "Seek executed",
  "position_seconds": 4.41450691223145
}
ZmqGateway: received command payload: {"cmd":"seek","time":4.3367862701416}
ZmqGateway: dispatching payload to JUCE message thread.
VitHeadlessService: processing queued command on JUCE message thread: {"cmd":"seek","time":4.3367862701416}
Command received: {"cmd":"seek","time":4.3367862701416}
CommandDispatcher::handleSeek: position set to 4.3368s
Command executed: seek, result: {
  "status": "ok",
  "message": "Seek executed",
  "position_seconds": 4.3367862701416
}
VitHeadlessService: command reply (truncated): {
  "status": "ok",
  "message": "Seek executed",
  "position_seconds": 4.3367862701416
}
ZmqGateway: received command payload: {"cmd":"seek","time":4.24352264404297}
ZmqGateway: dispatching payload to JUCE message thread.
VitHeadlessService: processing queued command on JUCE message thread: {"cmd":"seek","time":4.24352264404297}
Command received: {"cmd":"seek","time":4.24352264404297}
CommandDispatcher::handleSeek: position set to 4.2435s
Command executed: seek, result: {
  "status": "ok",
  "message": "Seek executed",
  "position_seconds": 4.24352264404297
}
VitHeadlessService: command reply (truncated): {
  "status": "ok",
  "message": "Seek executed",
  "position_seconds": 4.24352264404297
}
ZmqGateway: received command payload: {"cmd":"seek","time":4.15025806427002}
ZmqGateway: dispatching payload to JUCE message thread.
VitHeadlessService: processing queued command on JUCE message thread: {"cmd":"seek","time":4.15025806427002}
Command received: {"cmd":"seek","time":4.15025806427002}
CommandDispatcher::handleSeek: position set to 4.1503s
Command executed: seek, result: {
  "status": "ok",
  "message": "Seek executed",
  "position_seconds": 4.15025806427002
}
VitHeadlessService: command reply (truncated): {
  "status": "ok",
  "message": "Seek executed",
  "position_seconds": 4.15025806427002
}
ZmqGateway: received command payload: {"cmd":"seek","time":4.07253837585449}
ZmqGateway: dispatching payload to JUCE message thread.
VitHeadlessService: processing queued command on JUCE message thread: {"cmd":"seek","time":4.07253837585449}
Command received: {"cmd":"seek","time":4.07253837585449}
CommandDispatcher::handleSeek: position set to 4.0725s
Command executed: seek, result: {
  "status": "ok",
  "message": "Seek executed",
  "position_seconds": 4.07253837585449
}
VitHeadlessService: command reply (truncated): {
  "status": "ok",
  "message": "Seek executed",
  "position_seconds": 4.07253837585449
}
ZmqGateway: received command payload: {"cmd":"seek","time":3.96372985839844}
ZmqGateway: dispatching payload to JUCE message thread.
VitHeadlessService: processing queued command on JUCE message thread: {"cmd":"seek","time":3.96372985839844}
Command received: {"cmd":"seek","time":3.96372985839844}
CommandDispatcher::handleSeek: position set to 3.9637s
Command executed: seek, result: {
  "status": "ok",
  "message": "Seek executed",
  "position_seconds": 3.96372985839844
}
VitHeadlessService: command reply (truncated): {
  "status": "ok",
  "message": "Seek executed",
  "position_seconds": 3.96372985839844
}
ZmqGateway: received command payload: {"cmd":"seek","time":3.87046432495117}
ZmqGateway: dispatching payload to JUCE message thread.
VitHeadlessService: processing queued command on JUCE message thread: {"cmd":"seek","time":3.87046432495117}
Command received: {"cmd":"seek","time":3.87046432495117}
CommandDispatcher::handleSeek: position set to 3.8705s
Command executed: seek, result: {
  "status": "ok",
  "message": "Seek executed",
  "position_seconds": 3.87046432495117
}
VitHeadlessService: command reply (truncated): {
  "status": "ok",
  "message": "Seek executed",
  "position_seconds": 3.87046432495117
}
ZmqGateway: received command payload: {"cmd":"seek","time":3.79274463653564}
ZmqGateway: dispatching payload to JUCE message thread.
VitHeadlessService: processing queued command on JUCE message thread: {"cmd":"seek","time":3.79274463653564}
Command received: {"cmd":"seek","time":3.79274463653564}
CommandDispatcher::handleSeek: position set to 3.7927s
Command executed: seek, result: {
  "status": "ok",
  "message": "Seek executed",
  "position_seconds": 3.79274463653564
}
VitHeadlessService: command reply (truncated): {
  "status": "ok",
  "message": "Seek executed",
  "position_seconds": 3.79274463653564
}
ZmqGateway: received command payload: {"cmd":"seek","time":3.6994800567627}
ZmqGateway: dispatching payload to JUCE message thread.
VitHeadlessService: processing queued command on JUCE message thread: {"cmd":"seek","time":3.6994800567627}
Command received: {"cmd":"seek","time":3.6994800567627}
CommandDispatcher::handleSeek: position set to 3.6995s
Command executed: seek, result: {
  "status": "ok",
  "message": "Seek executed",
  "position_seconds": 3.6994800567627
}
VitHeadlessService: command reply (truncated): {
  "status": "ok",
  "message": "Seek executed",
  "position_seconds": 3.6994800567627
}
ZmqGateway: received command payload: {"cmd":"seek","time":3.60621643066406}
ZmqGateway: dispatching payload to JUCE message thread.
VitHeadlessService: processing queued command on JUCE message thread: {"cmd":"seek","time":3.60621643066406}
Command received: {"cmd":"seek","time":3.60621643066406}
CommandDispatcher::handleSeek: position set to 3.6062s
Command executed: seek, result: {
  "status": "ok",
  "message": "Seek executed",
  "position_seconds": 3.60621643066406
}
VitHeadlessService: command reply (truncated): {
  "status": "ok",
  "message": "Seek executed",
  "position_seconds": 3.60621643066406
}
ZmqGateway: received command payload: {"cmd":"seek","time":3.49740791320801}
ZmqGateway: dispatching payload to JUCE message thread.
VitHeadlessService: processing queued command on JUCE message thread: {"cmd":"seek","time":3.49740791320801}
Command received: {"cmd":"seek","time":3.49740791320801}
CommandDispatcher::handleSeek: position set to 3.4974s
Command executed: seek, result: {
  "status": "ok",
  "message": "Seek executed",
  "position_seconds": 3.49740791320801
}
VitHeadlessService: command reply (truncated): {
  "status": "ok",
  "message": "Seek executed",
  "position_seconds": 3.49740791320801
}
ZmqGateway: received command payload: {"cmd":"seek","time":3.38859939575195}
ZmqGateway: dispatching payload to JUCE message thread.
VitHeadlessService: processing queued command on JUCE message thread: {"cmd":"seek","time":3.38859939575195}
Command received: {"cmd":"seek","time":3.38859939575195}
CommandDispatcher::handleSeek: position set to 3.3886s
Command executed: seek, result: {
  "status": "ok",
  "message": "Seek executed",
  "position_seconds": 3.38859939575195
}
VitHeadlessService: command reply (truncated): {
  "status": "ok",
  "message": "Seek executed",
  "position_seconds": 3.38859939575195
}
ZmqGateway: received command payload: {"cmd":"seek","time":3.27979183197021}
ZmqGateway: dispatching payload to JUCE message thread.
VitHeadlessService: processing queued command on JUCE message thread: {"cmd":"seek","time":3.27979183197021}
Command received: {"cmd":"seek","time":3.27979183197021}
CommandDispatcher::handleSeek: position set to 3.2798s
Command executed: seek, result: {
  "status": "ok",
  "message": "Seek executed",
  "position_seconds": 3.27979183197021
}
VitHeadlessService: command reply (truncated): {
  "status": "ok",
  "message": "Seek executed",
  "position_seconds": 3.27979183197021
}
ZmqGateway: received command payload: {"cmd":"seek","time":3.17098331451416}
ZmqGateway: dispatching payload to JUCE message thread.
VitHeadlessService: processing queued command on JUCE message thread: {"cmd":"seek","time":3.17098331451416}
Command received: {"cmd":"seek","time":3.17098331451416}
CommandDispatcher::handleSeek: position set to 3.1710s
Command executed: seek, result: {
  "status": "ok",
  "message": "Seek executed",
  "position_seconds": 3.17098331451416
}
VitHeadlessService: command reply (truncated): {
  "status": "ok",
  "message": "Seek executed",
  "position_seconds": 3.17098331451416
}
ZmqGateway: received command payload: {"cmd":"seek","time":3.03108692169189}
ZmqGateway: dispatching payload to JUCE message thread.
VitHeadlessService: processing queued command on JUCE message thread: {"cmd":"seek","time":3.03108692169189}
Command received: {"cmd":"seek","time":3.03108692169189}
CommandDispatcher::handleSeek: position set to 3.0311s
Command executed: seek, result: {
  "status": "ok",
  "message": "Seek executed",
  "position_seconds": 3.03108692169189
}
VitHeadlessService: command reply (truncated): {
  "status": "ok",
  "message": "Seek executed",
  "position_seconds": 3.03108692169189
}
ZmqGateway: received command payload: {"cmd":"seek","time":2.93782234191895}
ZmqGateway: dispatching payload to JUCE message thread.
VitHeadlessService: processing queued command on JUCE message thread: {"cmd":"seek","time":2.93782234191895}
Command received: {"cmd":"seek","time":2.93782234191895}
CommandDispatcher::handleSeek: position set to 2.9378s
Command executed: seek, result: {
  "status": "ok",
  "message": "Seek executed",
  "position_seconds": 2.93782234191895
}
VitHeadlessService: command reply (truncated): {
  "status": "ok",
  "message": "Seek executed",
  "position_seconds": 2.93782234191895
}
ZmqGateway: received command payload: {"cmd":"seek","time":2.81346988677979}
ZmqGateway: dispatching payload to JUCE message thread.
VitHeadlessService: processing queued command on JUCE message thread: {"cmd":"seek","time":2.81346988677979}
Command received: {"cmd":"seek","time":2.81346988677979}
CommandDispatcher::handleSeek: position set to 2.8135s
Command executed: seek, result: {
  "status": "ok",
  "message": "Seek executed",
  "position_seconds": 2.81346988677979
}
VitHeadlessService: command reply (truncated): {
  "status": "ok",
  "message": "Seek executed",
  "position_seconds": 2.81346988677979
}
ZmqGateway: received command payload: {"cmd":"seek","time":2.70466232299805}
ZmqGateway: dispatching payload to JUCE message thread.
VitHeadlessService: processing queued command on JUCE message thread: {"cmd":"seek","time":2.70466232299805}
Command received: {"cmd":"seek","time":2.70466232299805}
CommandDispatcher::handleSeek: position set to 2.7047s
Command executed: seek, result: {
  "status": "ok",
  "message": "Seek executed",
  "position_seconds": 2.70466232299805
}
VitHeadlessService: command reply (truncated): {
  "status": "ok",
  "message": "Seek executed",
  "position_seconds": 2.70466232299805
}
ZmqGateway: received command payload: {"cmd":"seek","time":2.6113977432251}
ZmqGateway: dispatching payload to JUCE message thread.
VitHeadlessService: processing queued command on JUCE message thread: {"cmd":"seek","time":2.6113977432251}
Command received: {"cmd":"seek","time":2.6113977432251}
CommandDispatcher::handleSeek: position set to 2.6114s
Command executed: seek, result: {
  "status": "ok",
  "message": "Seek executed",
  "position_seconds": 2.6113977432251
}
VitHeadlessService: command reply (truncated): {
  "status": "ok",
  "message": "Seek executed",
  "position_seconds": 2.6113977432251
}
ZmqGateway: received command payload: {"cmd":"seek","time":2.54922103881836}
ZmqGateway: dispatching payload to JUCE message thread.
VitHeadlessService: processing queued command on JUCE message thread: {"cmd":"seek","time":2.54922103881836}
Command received: {"cmd":"seek","time":2.54922103881836}
CommandDispatcher::handleSeek: position set to 2.5492s
Command executed: seek, result: {
  "status": "ok",
  "message": "Seek executed",
  "position_seconds": 2.54922103881836
}
VitHeadlessService: command reply (truncated): {
  "status": "ok",
  "message": "Seek executed",
  "position_seconds": 2.54922103881836
}
ZmqGateway: received command payload: {"cmd":"seek","time":2.48704528808594}
ZmqGateway: dispatching payload to JUCE message thread.
VitHeadlessService: processing queued command on JUCE message thread: {"cmd":"seek","time":2.48704528808594}
Command received: {"cmd":"seek","time":2.48704528808594}
CommandDispatcher::handleSeek: position set to 2.4870s
Command executed: seek, result: {
  "status": "ok",
  "message": "Seek executed",
  "position_seconds": 2.48704528808594
}
VitHeadlessService: command reply (truncated): {
  "status": "ok",
  "message": "Seek executed",
  "position_seconds": 2.48704528808594
}
ZmqGateway: received command payload: {"cmd":"seek","time":2.44041347503662}
ZmqGateway: dispatching payload to JUCE message thread.
VitHeadlessService: processing queued command on JUCE message thread: {"cmd":"seek","time":2.44041347503662}
Command received: {"cmd":"seek","time":2.44041347503662}
CommandDispatcher::handleSeek: position set to 2.4404s
Command executed: seek, result: {
  "status": "ok",
  "message": "Seek executed",
  "position_seconds": 2.44041347503662
}
VitHeadlessService: command reply (truncated): {
  "status": "ok",
  "message": "Seek executed",
  "position_seconds": 2.44041347503662
}
ZmqGateway: received command payload: {"cmd":"seek","time":2.39378070831299}
ZmqGateway: dispatching payload to JUCE message thread.
VitHeadlessService: processing queued command on JUCE message thread: {"cmd":"seek","time":2.39378070831299}
Command received: {"cmd":"seek","time":2.39378070831299}
CommandDispatcher::handleSeek: position set to 2.3938s
Command executed: seek, result: {
  "status": "ok",
  "message": "Seek executed",
  "position_seconds": 2.39378070831299
}
VitHeadlessService: command reply (truncated): {
  "status": "ok",
  "message": "Seek executed",
  "position_seconds": 2.39378070831299
}
ZmqGateway: received command payload: {"cmd":"seek","time":2.37823677062988}
ZmqGateway: dispatching payload to JUCE message thread.
VitHeadlessService: processing queued command on JUCE message thread: {"cmd":"seek","time":2.37823677062988}
Command received: {"cmd":"seek","time":2.37823677062988}
CommandDispatcher::handleSeek: position set to 2.3782s
Command executed: seek, result: {
  "status": "ok",
  "message": "Seek executed",
  "position_seconds": 2.37823677062988
}
VitHeadlessService: command reply (truncated): {
  "status": "ok",
  "message": "Seek executed",
  "position_seconds": 2.37823677062988
}
ZmqGateway: received command payload: {"cmd":"seek","time":2.36269283294678}
ZmqGateway: dispatching payload to JUCE message thread.
VitHeadlessService: processing queued command on JUCE message thread: {"cmd":"seek","time":2.36269283294678}
Command received: {"cmd":"seek","time":2.36269283294678}
CommandDispatcher::handleSeek: position set to 2.3627s
Command executed: seek, result: {
  "status": "ok",
  "message": "Seek executed",
  "position_seconds": 2.36269283294678
}
VitHeadlessService: command reply (truncated): {
  "status": "ok",
  "message": "Seek executed",
  "position_seconds": 2.36269283294678
}
ZmqGateway: received command payload: {"cmd":"seek","time":2.36269283294678}
ZmqGateway: dispatching payload to JUCE message thread.
VitHeadlessService: processing queued command on JUCE message thread: {"cmd":"seek","time":2.36269283294678}
Command received: {"cmd":"seek","time":2.36269283294678}
CommandDispatcher::handleSeek: position set to 2.3627s
Command executed: seek, result: {
  "status": "ok",
  "message": "Seek executed",
  "position_seconds": 2.36269283294678
}
VitHeadlessService: command reply (truncated): {
  "status": "ok",
  "message": "Seek executed",
  "position_seconds": 2.36269283294678
}
ZmqGateway: received command payload: {"cmd":"seek","time":2.36269283294678}
ZmqGateway: dispatching payload to JUCE message thread.
VitHeadlessService: processing queued command on JUCE message thread: {"cmd":"seek","time":2.36269283294678}
Command received: {"cmd":"seek","time":2.36269283294678}
CommandDispatcher::handleSeek: position set to 2.3627s
Command executed: seek, result: {
  "status": "ok",
  "message": "Seek executed",
  "position_seconds": 2.36269283294678
}
VitHeadlessService: command reply (truncated): {
  "status": "ok",
  "message": "Seek executed",
  "position_seconds": 2.36269283294678
}
ZmqGateway: received command payload: {"cmd":"seek","time":2.36269283294678}
ZmqGateway: dispatching payload to JUCE message thread.
VitHeadlessService: processing queued command on JUCE message thread: {"cmd":"seek","time":2.36269283294678}
Command received: {"cmd":"seek","time":2.36269283294678}
CommandDispatcher::handleSeek: position set to 2.3627s
Command executed: seek, result: {
  "status": "ok",
  "message": "Seek executed",
  "position_seconds": 2.36269283294678
}
VitHeadlessService: command reply (truncated): {
  "status": "ok",
  "message": "Seek executed",
  "position_seconds": 2.36269283294678
}
ZmqGateway: received command payload: {"cmd":"seek","time":2.36269283294678}
ZmqGateway: dispatching payload to JUCE message thread.
VitHeadlessService: processing queued command on JUCE message thread: {"cmd":"seek","time":2.36269283294678}
Command received: {"cmd":"seek","time":2.36269283294678}
CommandDispatcher::handleSeek: position set to 2.3627s
Command executed: seek, result: {
  "status": "ok",
  "message": "Seek executed",
  "position_seconds": 2.36269283294678
}
VitHeadlessService: command reply (truncated): {
  "status": "ok",
  "message": "Seek executed",
  "position_seconds": 2.36269283294678
}
ZmqGateway: received command payload: {"cmd":"seek","time":2.36269283294678}
ZmqGateway: dispatching payload to JUCE message thread.
VitHeadlessService: processing queued command on JUCE message thread: {"cmd":"seek","time":2.36269283294678}
Command received: {"cmd":"seek","time":2.36269283294678}
CommandDispatcher::handleSeek: position set to 2.3627s
Command executed: seek, result: {
  "status": "ok",
  "message": "Seek executed",
  "position_seconds": 2.36269283294678
}
VitHeadlessService: command reply (truncated): {
  "status": "ok",
  "message": "Seek executed",
  "position_seconds": 2.36269283294678
}
ZmqGateway: received command payload: {"cmd":"seek","time":2.36269283294678}
ZmqGateway: dispatching payload to JUCE message thread.
VitHeadlessService: processing queued command on JUCE message thread: {"cmd":"seek","time":2.36269283294678}
Command received: {"cmd":"seek","time":2.36269283294678}
CommandDispatcher::handleSeek: position set to 2.3627s
Command executed: seek, result: {
  "status": "ok",
  "message": "Seek executed",
  "position_seconds": 2.36269283294678
}
VitHeadlessService: command reply (truncated): {
  "status": "ok",
  "message": "Seek executed",
  "position_seconds": 2.36269283294678
}
ZmqGateway: received command payload: {"cmd":"seek","time":2.36269283294678}
ZmqGateway: dispatching payload to JUCE message thread.
VitHeadlessService: processing queued command on JUCE message thread: {"cmd":"seek","time":2.36269283294678}
Command received: {"cmd":"seek","time":2.36269283294678}
CommandDispatcher::handleSeek: position set to 2.3627s
Command executed: seek, result: {
  "status": "ok",
  "message": "Seek executed",
  "position_seconds": 2.36269283294678
}
VitHeadlessService: command reply (truncated): {
  "status": "ok",
  "message": "Seek executed",
  "position_seconds": 2.36269283294678
}
ZmqGateway: received command payload: {"cmd":"seek","time":2.36269283294678}
ZmqGateway: dispatching payload to JUCE message thread.
VitHeadlessService: processing queued command on JUCE message thread: {"cmd":"seek","time":2.36269283294678}
Command received: {"cmd":"seek","time":2.36269283294678}
CommandDispatcher::handleSeek: position set to 2.3627s
Command executed: seek, result: {
  "status": "ok",
  "message": "Seek executed",
  "position_seconds": 2.36269283294678
}
VitHeadlessService: command reply (truncated): {
  "status": "ok",
  "message": "Seek executed",
  "position_seconds": 2.36269283294678
}
ZmqGateway: received command payload: {"cmd":"seek","time":2.36269283294678}
ZmqGateway: dispatching payload to JUCE message thread.
VitHeadlessService: processing queued command on JUCE message thread: {"cmd":"seek","time":2.36269283294678}
Command received: {"cmd":"seek","time":2.36269283294678}
CommandDispatcher::handleSeek: position set to 2.3627s
Command executed: seek, result: {
  "status": "ok",
  "message": "Seek executed",
  "position_seconds": 2.36269283294678
}
VitHeadlessService: command reply (truncated): {
  "status": "ok",
  "message": "Seek executed",
  "position_seconds": 2.36269283294678
}
ZmqGateway: received command payload: {"cmd":"seek","time":2.36269283294678}
ZmqGateway: dispatching payload to JUCE message thread.
VitHeadlessService: processing queued command on JUCE message thread: {"cmd":"seek","time":2.36269283294678}
Command received: {"cmd":"seek","time":2.36269283294678}
CommandDispatcher::handleSeek: position set to 2.3627s
Command executed: seek, result: {
  "status": "ok",
  "message": "Seek executed",
  "position_seconds": 2.36269283294678
}
VitHeadlessService: command reply (truncated): {
  "status": "ok",
  "message": "Seek executed",
  "position_seconds": 2.36269283294678
}
ZmqGateway: received command payload: {"cmd":"seek","time":2.36269283294678}
ZmqGateway: dispatching payload to JUCE message thread.
VitHeadlessService: processing queued command on JUCE message thread: {"cmd":"seek","time":2.36269283294678}
Command received: {"cmd":"seek","time":2.36269283294678}
CommandDispatcher::handleSeek: position set to 2.3627s
Command executed: seek, result: {
  "status": "ok",
  "message": "Seek executed",
  "position_seconds": 2.36269283294678
}
VitHeadlessService: command reply (truncated): {
  "status": "ok",
  "message": "Seek executed",
  "position_seconds": 2.36269283294678
}
ZmqGateway: received command payload: {"cmd":"seek","time":2.36269283294678}
ZmqGateway: dispatching payload to JUCE message thread.
VitHeadlessService: processing queued command on JUCE message thread: {"cmd":"seek","time":2.36269283294678}
Command received: {"cmd":"seek","time":2.36269283294678}
CommandDispatcher::handleSeek: position set to 2.3627s
Command executed: seek, result: {
  "status": "ok",
  "message": "Seek executed",
  "position_seconds": 2.36269283294678
}
VitHeadlessService: command reply (truncated): {
  "status": "ok",
  "message": "Seek executed",
  "position_seconds": 2.36269283294678
}
ZmqGateway: received command payload: {"cmd":"seek","time":2.36269283294678}
ZmqGateway: dispatching payload to JUCE message thread.
VitHeadlessService: processing queued command on JUCE message thread: {"cmd":"seek","time":2.36269283294678}
Command received: {"cmd":"seek","time":2.36269283294678}
CommandDispatcher::handleSeek: position set to 2.3627s
Command executed: seek, result: {
  "status": "ok",
  "message": "Seek executed",
  "position_seconds": 2.36269283294678
}
VitHeadlessService: command reply (truncated): {
  "status": "ok",
  "message": "Seek executed",
  "position_seconds": 2.36269283294678
}
ZmqGateway: received command payload: {"cmd":"seek","time":2.36269283294678}
ZmqGateway: dispatching payload to JUCE message thread.
VitHeadlessService: processing queued command on JUCE message thread: {"cmd":"seek","time":2.36269283294678}
Command received: {"cmd":"seek","time":2.36269283294678}
CommandDispatcher::handleSeek: position set to 2.3627s
Command executed: seek, result: {
  "status": "ok",
  "message": "Seek executed",
  "position_seconds": 2.36269283294678
}
VitHeadlessService: command reply (truncated): {
  "status": "ok",
  "message": "Seek executed",
  "position_seconds": 2.36269283294678
}
ZmqGateway: received command payload: {"cmd":"seek","time":2.36269283294678}
ZmqGateway: dispatching payload to JUCE message thread.
VitHeadlessService: processing queued command on JUCE message thread: {"cmd":"seek","time":2.36269283294678}
Command received: {"cmd":"seek","time":2.36269283294678}
CommandDispatcher::handleSeek: position set to 2.3627s
Command executed: seek, result: {
  "status": "ok",
  "message": "Seek executed",
  "position_seconds": 2.36269283294678
}
VitHeadlessService: command reply (truncated): {
  "status": "ok",
  "message": "Seek executed",
  "position_seconds": 2.36269283294678
}
ZmqGateway: received command payload: {"cmd":"seek","time":2.36269283294678}
ZmqGateway: dispatching payload to JUCE message thread.
VitHeadlessService: processing queued command on JUCE message thread: {"cmd":"seek","time":2.36269283294678}
Command received: {"cmd":"seek","time":2.36269283294678}
CommandDispatcher::handleSeek: position set to 2.3627s
Command executed: seek, result: {
  "status": "ok",
  "message": "Seek executed",
  "position_seconds": 2.36269283294678
}
VitHeadlessService: command reply (truncated): {
  "status": "ok",
  "message": "Seek executed",
  "position_seconds": 2.36269283294678
}
ZmqGateway: received command payload: {"cmd":"seek","time":2.36269283294678}
ZmqGateway: dispatching payload to JUCE message thread.
VitHeadlessService: processing queued command on JUCE message thread: {"cmd":"seek","time":2.36269283294678}
Command received: {"cmd":"seek","time":2.36269283294678}
CommandDispatcher::handleSeek: position set to 2.3627s
Command executed: seek, result: {
  "status": "ok",
  "message": "Seek executed",
  "position_seconds": 2.36269283294678
}
VitHeadlessService: command reply (truncated): {
  "status": "ok",
  "message": "Seek executed",
  "position_seconds": 2.36269283294678
}
ZmqGateway: received command payload: {"cmd":"seek","time":2.36269283294678}
ZmqGateway: dispatching payload to JUCE message thread.
VitHeadlessService: processing queued command on JUCE message thread: {"cmd":"seek","time":2.36269283294678}
Command received: {"cmd":"seek","time":2.36269283294678}
CommandDispatcher::handleSeek: position set to 2.3627s
Command executed: seek, result: {
  "status": "ok",
  "message": "Seek executed",
  "position_seconds": 2.36269283294678
}
VitHeadlessService: command reply (truncated): {
  "status": "ok",
  "message": "Seek executed",
  "position_seconds": 2.36269283294678
}
ZmqGateway: received command payload: {"cmd":"seek","time":2.36269283294678}
ZmqGateway: dispatching payload to JUCE message thread.
VitHeadlessService: processing queued command on JUCE message thread: {"cmd":"seek","time":2.36269283294678}
Command received: {"cmd":"seek","time":2.36269283294678}
CommandDispatcher::handleSeek: position set to 2.3627s
Command executed: seek, result: {
  "status": "ok",
  "message": "Seek executed",
  "position_seconds": 2.36269283294678
}
VitHeadlessService: command reply (truncated): {
  "status": "ok",
  "message": "Seek executed",
  "position_seconds": 2.36269283294678
}
ZmqGateway: received command payload: {"cmd":"seek","time":2.36269283294678}
ZmqGateway: dispatching payload to JUCE message thread.
VitHeadlessService: processing queued command on JUCE message thread: {"cmd":"seek","time":2.36269283294678}
Command received: {"cmd":"seek","time":2.36269283294678}
CommandDispatcher::handleSeek: position set to 2.3627s
Command executed: seek, result: {
  "status": "ok",
  "message": "Seek executed",
  "position_seconds": 2.36269283294678
}
VitHeadlessService: command reply (truncated): {
  "status": "ok",
  "message": "Seek executed",
  "position_seconds": 2.36269283294678
}
ZmqGateway: received command payload: {"cmd":"seek","time":2.36269283294678}
ZmqGateway: dispatching payload to JUCE message thread.
VitHeadlessService: processing queued command on JUCE message thread: {"cmd":"seek","time":2.36269283294678}
Command received: {"cmd":"seek","time":2.36269283294678}
CommandDispatcher::handleSeek: position set to 2.3627s
Command executed: seek, result: {
  "status": "ok",
  "message": "Seek executed",
  "position_seconds": 2.36269283294678
}
VitHeadlessService: command reply (truncated): {
  "status": "ok",
  "message": "Seek executed",
  "position_seconds": 2.36269283294678
}
ZmqGateway: received command payload: {"cmd":"seek","time":2.36269283294678}
ZmqGateway: dispatching payload to JUCE message thread.
VitHeadlessService: processing queued command on JUCE message thread: {"cmd":"seek","time":2.36269283294678}
Command received: {"cmd":"seek","time":2.36269283294678}
CommandDispatcher::handleSeek: position set to 2.3627s
Command executed: seek, result: {
  "status": "ok",
  "message": "Seek executed",
  "position_seconds": 2.36269283294678
}
VitHeadlessService: command reply (truncated): {
  "status": "ok",
  "message": "Seek executed",
  "position_seconds": 2.36269283294678
}
ZmqGateway: received command payload: {"cmd":"seek","time":2.36269283294678}
ZmqGateway: dispatching payload to JUCE message thread.
VitHeadlessService: processing queued command on JUCE message thread: {"cmd":"seek","time":2.36269283294678}
Command received: {"cmd":"seek","time":2.36269283294678}
CommandDispatcher::handleSeek: position set to 2.3627s
Command executed: seek, result: {
  "status": "ok",
  "message": "Seek executed",
  "position_seconds": 2.36269283294678
}
VitHeadlessService: command reply (truncated): {
  "status": "ok",
  "message": "Seek executed",
  "position_seconds": 2.36269283294678
}
ZmqGateway: received command payload: {"cmd":"seek","time":2.36269283294678}
ZmqGateway: dispatching payload to JUCE message thread.
VitHeadlessService: processing queued command on JUCE message thread: {"cmd":"seek","time":2.36269283294678}
Command received: {"cmd":"seek","time":2.36269283294678}
CommandDispatcher::handleSeek: position set to 2.3627s
Command executed: seek, result: {
  "status": "ok",
  "message": "Seek executed",
  "position_seconds": 2.36269283294678
}
VitHeadlessService: command reply (truncated): {
  "status": "ok",
  "message": "Seek executed",
  "position_seconds": 2.36269283294678
}
ZmqGateway: received command payload: {"cmd":"seek","time":2.36269283294678}
ZmqGateway: dispatching payload to JUCE message thread.
VitHeadlessService: processing queued command on JUCE message thread: {"cmd":"seek","time":2.36269283294678}
Command received: {"cmd":"seek","time":2.36269283294678}
CommandDispatcher::handleSeek: position set to 2.3627s
Command executed: seek, result: {
  "status": "ok",
  "message": "Seek executed",
  "position_seconds": 2.36269283294678
}
VitHeadlessService: command reply (truncated): {
  "status": "ok",
  "message": "Seek executed",
  "position_seconds": 2.36269283294678
}
ZmqGateway: received command payload: {"cmd":"seek","time":2.36269283294678}
ZmqGateway: dispatching payload to JUCE message thread.
VitHeadlessService: processing queued command on JUCE message thread: {"cmd":"seek","time":2.36269283294678}
Command received: {"cmd":"seek","time":2.36269283294678}
CommandDispatcher::handleSeek: position set to 2.3627s
Command executed: seek, result: {
  "status": "ok",
  "message": "Seek executed",
  "position_seconds": 2.36269283294678
}
VitHeadlessService: command reply (truncated): {
  "status": "ok",
  "message": "Seek executed",
  "position_seconds": 2.36269283294678
}
ZmqGateway: received command payload: {"cmd":"seek","time":2.36269283294678}
ZmqGateway: dispatching payload to JUCE message thread.
VitHeadlessService: processing queued command on JUCE message thread: {"cmd":"seek","time":2.36269283294678}
Command received: {"cmd":"seek","time":2.36269283294678}
CommandDispatcher::handleSeek: position set to 2.3627s
Command executed: seek, result: {
  "status": "ok",
  "message": "Seek executed",
  "position_seconds": 2.36269283294678
}
VitHeadlessService: command reply (truncated): {
  "status": "ok",
  "message": "Seek executed",
  "position_seconds": 2.36269283294678
}
ZmqGateway: received command payload: {"cmd":"seek","time":2.36269283294678}
ZmqGateway: dispatching payload to JUCE message thread.
VitHeadlessService: processing queued command on JUCE message thread: {"cmd":"seek","time":2.36269283294678}
Command received: {"cmd":"seek","time":2.36269283294678}
CommandDispatcher::handleSeek: position set to 2.3627s
Command executed: seek, result: {
  "status": "ok",
  "message": "Seek executed",
  "position_seconds": 2.36269283294678
}
VitHeadlessService: command reply (truncated): {
  "status": "ok",
  "message": "Seek executed",
  "position_seconds": 2.36269283294678
}
ZmqGateway: received command payload: {"cmd":"seek","time":2.36269283294678}
ZmqGateway: dispatching payload to JUCE message thread.
VitHeadlessService: processing queued command on JUCE message thread: {"cmd":"seek","time":2.36269283294678}
Command received: {"cmd":"seek","time":2.36269283294678}
CommandDispatcher::handleSeek: position set to 2.3627s
Command executed: seek, result: {
  "status": "ok",
  "message": "Seek executed",
  "position_seconds": 2.36269283294678
}
VitHeadlessService: command reply (truncated): {
  "status": "ok",
  "message": "Seek executed",
  "position_seconds": 2.36269283294678
}
ZmqGateway: received command payload: {"cmd":"seek","time":2.36269283294678}
ZmqGateway: dispatching payload to JUCE message thread.
VitHeadlessService: processing queued command on JUCE message thread: {"cmd":"seek","time":2.36269283294678}
Command received: {"cmd":"seek","time":2.36269283294678}
CommandDispatcher::handleSeek: position set to 2.3627s
Command executed: seek, result: {
  "status": "ok",
  "message": "Seek executed",
  "position_seconds": 2.36269283294678
}
VitHeadlessService: command reply (truncated): {
  "status": "ok",
  "message": "Seek executed",
  "position_seconds": 2.36269283294678
}
ZmqGateway: received command payload: {"cmd":"seek","time":2.36269283294678}
ZmqGateway: dispatching payload to JUCE message thread.
VitHeadlessService: processing queued command on JUCE message thread: {"cmd":"seek","time":2.36269283294678}
Command received: {"cmd":"seek","time":2.36269283294678}
CommandDispatcher::handleSeek: position set to 2.3627s
Command executed: seek, result: {
  "status": "ok",
  "message": "Seek executed",
  "position_seconds": 2.36269283294678
}
VitHeadlessService: command reply (truncated): {
  "status": "ok",
  "message": "Seek executed",
  "position_seconds": 2.36269283294678
}
ZmqGateway: received command payload: {"cmd":"seek","time":2.36269283294678}
ZmqGateway: dispatching payload to JUCE message thread.
VitHeadlessService: processing queued command on JUCE message thread: {"cmd":"seek","time":2.36269283294678}
Command received: {"cmd":"seek","time":2.36269283294678}
CommandDispatcher::handleSeek: position set to 2.3627s
Command executed: seek, result: {
  "status": "ok",
  "message": "Seek executed",
  "position_seconds": 2.36269283294678
}
VitHeadlessService: command reply (truncated): {
  "status": "ok",
  "message": "Seek executed",
  "position_seconds": 2.36269283294678
}
ZmqGateway: received command payload: {"cmd":"seek","time":2.36269283294678}
ZmqGateway: dispatching payload to JUCE message thread.
VitHeadlessService: processing queued command on JUCE message thread: {"cmd":"seek","time":2.36269283294678}
Command received: {"cmd":"seek","time":2.36269283294678}
CommandDispatcher::handleSeek: position set to 2.3627s
Command executed: seek, result: {
  "status": "ok",
  "message": "Seek executed",
  "position_seconds": 2.36269283294678
}
VitHeadlessService: command reply (truncated): {
  "status": "ok",
  "message": "Seek executed",
  "position_seconds": 2.36269283294678
}
ZmqGateway: received command payload: {"cmd":"seek","time":2.42486953735352}
ZmqGateway: dispatching payload to JUCE message thread.
VitHeadlessService: processing queued command on JUCE message thread: {"cmd":"seek","time":2.42486953735352}
Command received: {"cmd":"seek","time":2.42486953735352}
CommandDispatcher::handleSeek: position set to 2.4249s
Command executed: seek, result: {
  "status": "ok",
  "message": "Seek executed",
  "position_seconds": 2.42486953735352
}
VitHeadlessService: command reply (truncated): {
  "status": "ok",
  "message": "Seek executed",
  "position_seconds": 2.42486953735352
}
ZmqGateway: received command payload: {"cmd":"seek","time":2.51813316345215}
ZmqGateway: dispatching payload to JUCE message thread.
VitHeadlessService: processing queued command on JUCE message thread: {"cmd":"seek","time":2.51813316345215}
Command received: {"cmd":"seek","time":2.51813316345215}
CommandDispatcher::handleSeek: position set to 2.5181s
Command executed: seek, result: {
  "status": "ok",
  "message": "Seek executed",
  "position_seconds": 2.51813316345215
}
VitHeadlessService: command reply (truncated): {
  "status": "ok",
  "message": "Seek executed",
  "position_seconds": 2.51813316345215
}
ZmqGateway: received command payload: {"cmd":"seek","time":2.58030891418457}
ZmqGateway: dispatching payload to JUCE message thread.
VitHeadlessService: processing queued command on JUCE message thread: {"cmd":"seek","time":2.58030891418457}
Command received: {"cmd":"seek","time":2.58030891418457}
CommandDispatcher::handleSeek: position set to 2.5803s
Command executed: seek, result: {
  "status": "ok",
  "message": "Seek executed",
  "position_seconds": 2.58030891418457
}
VitHeadlessService: command reply (truncated): {
  "status": "ok",
  "message": "Seek executed",
  "position_seconds": 2.58030891418457
}
ZmqGateway: received command payload: {"cmd":"seek","time":2.67357349395752}
ZmqGateway: dispatching payload to JUCE message thread.
VitHeadlessService: processing queued command on JUCE message thread: {"cmd":"seek","time":2.67357349395752}
Command received: {"cmd":"seek","time":2.67357349395752}
CommandDispatcher::handleSeek: position set to 2.6736s
Command executed: seek, result: {
  "status": "ok",
  "message": "Seek executed",
  "position_seconds": 2.67357349395752
}
VitHeadlessService: command reply (truncated): {
  "status": "ok",
  "message": "Seek executed",
  "position_seconds": 2.67357349395752
}
ZmqGateway: received command payload: {"cmd":"seek","time":2.73575019836426}
ZmqGateway: dispatching payload to JUCE message thread.
VitHeadlessService: processing queued command on JUCE message thread: {"cmd":"seek","time":2.73575019836426}
Command received: {"cmd":"seek","time":2.73575019836426}
CommandDispatcher::handleSeek: position set to 2.7358s
Command executed: seek, result: {
  "status": "ok",
  "message": "Seek executed",
  "position_seconds": 2.73575019836426
}
VitHeadlessService: command reply (truncated): {
  "status": "ok",
  "message": "Seek executed",
  "position_seconds": 2.73575019836426
}
ZmqGateway: received command payload: {"cmd":"seek","time":2.78238201141357}
ZmqGateway: dispatching payload to JUCE message thread.
VitHeadlessService: processing queued command on JUCE message thread: {"cmd":"seek","time":2.78238201141357}
Command received: {"cmd":"seek","time":2.78238201141357}
CommandDispatcher::handleSeek: position set to 2.7824s
Command executed: seek, result: {
  "status": "ok",
  "message": "Seek executed",
  "position_seconds": 2.78238201141357
}
VitHeadlessService: command reply (truncated): {
  "status": "ok",
  "message": "Seek executed",
  "position_seconds": 2.78238201141357
}
ZmqGateway: received command payload: {"cmd":"seek","time":2.82901382446289}
ZmqGateway: dispatching payload to JUCE message thread.
VitHeadlessService: processing queued command on JUCE message thread: {"cmd":"seek","time":2.82901382446289}
Command received: {"cmd":"seek","time":2.82901382446289}
CommandDispatcher::handleSeek: position set to 2.8290s
Command executed: seek, result: {
  "status": "ok",
  "message": "Seek executed",
  "position_seconds": 2.82901382446289
}
VitHeadlessService: command reply (truncated): {
  "status": "ok",
  "message": "Seek executed",
  "position_seconds": 2.82901382446289
}
ZmqGateway: received command payload: {"cmd":"seek","time":2.86010265350342}
ZmqGateway: dispatching payload to JUCE message thread.
VitHeadlessService: processing queued command on JUCE message thread: {"cmd":"seek","time":2.86010265350342}
Command received: {"cmd":"seek","time":2.86010265350342}
CommandDispatcher::handleSeek: position set to 2.8601s
Command executed: seek, result: {
  "status": "ok",
  "message": "Seek executed",
  "position_seconds": 2.86010265350342
}
VitHeadlessService: command reply (truncated): {
  "status": "ok",
  "message": "Seek executed",
  "position_seconds": 2.86010265350342
}
ZmqGateway: received command payload: {"cmd":"seek","time":2.86010265350342}
ZmqGateway: dispatching payload to JUCE message thread.
VitHeadlessService: processing queued command on JUCE message thread: {"cmd":"seek","time":2.86010265350342}
Command received: {"cmd":"seek","time":2.86010265350342}
CommandDispatcher::handleSeek: position set to 2.8601s
Command executed: seek, result: {
  "status": "ok",
  "message": "Seek executed",
  "position_seconds": 2.86010265350342
}
VitHeadlessService: command reply (truncated): {
  "status": "ok",
  "message": "Seek executed",
  "position_seconds": 2.86010265350342
}
ZmqGateway: received command payload: {"cmd":"seek","time":2.86010265350342}
ZmqGateway: dispatching payload to JUCE message thread.
VitHeadlessService: processing queued command on JUCE message thread: {"cmd":"seek","time":2.86010265350342}
Command received: {"cmd":"seek","time":2.86010265350342}
CommandDispatcher::handleSeek: position set to 2.8601s
Command executed: seek, result: {
  "status": "ok",
  "message": "Seek executed",
  "position_seconds": 2.86010265350342
}
VitHeadlessService: command reply (truncated): {
  "status": "ok",
  "message": "Seek executed",
  "position_seconds": 2.86010265350342
}
ZmqGateway: received command payload: {"cmd":"seek","time":2.86010265350342}
ZmqGateway: dispatching payload to JUCE message thread.
VitHeadlessService: processing queued command on JUCE message thread: {"cmd":"seek","time":2.86010265350342}
Command received: {"cmd":"seek","time":2.86010265350342}
CommandDispatcher::handleSeek: position set to 2.8601s
Command executed: seek, result: {
  "status": "ok",
  "message": "Seek executed",
  "position_seconds": 2.86010265350342
}
VitHeadlessService: command reply (truncated): {
  "status": "ok",
  "message": "Seek executed",
  "position_seconds": 2.86010265350342
}
ZmqGateway: received command payload: {"cmd":"seek","time":2.86010265350342}
ZmqGateway: dispatching payload to JUCE message thread.
VitHeadlessService: processing queued command on JUCE message thread: {"cmd":"seek","time":2.86010265350342}
Command received: {"cmd":"seek","time":2.86010265350342}
CommandDispatcher::handleSeek: position set to 2.8601s
Command executed: seek, result: {
  "status": "ok",
  "message": "Seek executed",
  "position_seconds": 2.86010265350342
}
VitHeadlessService: command reply (truncated): {
  "status": "ok",
  "message": "Seek executed",
  "position_seconds": 2.86010265350342
}
ZmqGateway: received command payload: {"cmd":"seek","time":2.86010265350342}
ZmqGateway: dispatching payload to JUCE message thread.
VitHeadlessService: processing queued command on JUCE message thread: {"cmd":"seek","time":2.86010265350342}
Command received: {"cmd":"seek","time":2.86010265350342}
CommandDispatcher::handleSeek: position set to 2.8601s
Command executed: seek, result: {
  "status": "ok",
  "message": "Seek executed",
  "position_seconds": 2.86010265350342
}
VitHeadlessService: command reply (truncated): {
  "status": "ok",
  "message": "Seek executed",
  "position_seconds": 2.86010265350342
}
ZmqGateway: received command payload: {"cmd":"seek","time":2.86010265350342}
ZmqGateway: dispatching payload to JUCE message thread.
VitHeadlessService: processing queued command on JUCE message thread: {"cmd":"seek","time":2.86010265350342}
Command received: {"cmd":"seek","time":2.86010265350342}
CommandDispatcher::handleSeek: position set to 2.8601s
Command executed: seek, result: {
  "status": "ok",
  "message": "Seek executed",
  "position_seconds": 2.86010265350342
}
VitHeadlessService: command reply (truncated): {
  "status": "ok",
  "message": "Seek executed",
  "position_seconds": 2.86010265350342
}
ZmqGateway: received command payload: {"cmd":"seek","time":2.86010265350342}
ZmqGateway: dispatching payload to JUCE message thread.
VitHeadlessService: processing queued command on JUCE message thread: {"cmd":"seek","time":2.86010265350342}
Command received: {"cmd":"seek","time":2.86010265350342}
CommandDispatcher::handleSeek: position set to 2.8601s
Command executed: seek, result: {
  "status": "ok",
  "message": "Seek executed",
  "position_seconds": 2.86010265350342
}
VitHeadlessService: command reply (truncated): {
  "status": "ok",
  "message": "Seek executed",
  "position_seconds": 2.86010265350342
}
ZmqGateway: received command payload: {"cmd":"seek","time":2.86010265350342}
ZmqGateway: dispatching payload to JUCE message thread.
VitHeadlessService: processing queued command on JUCE message thread: {"cmd":"seek","time":2.86010265350342}
Command received: {"cmd":"seek","time":2.86010265350342}
CommandDispatcher::handleSeek: position set to 2.8601s
Command executed: seek, result: {
  "status": "ok",
  "message": "Seek executed",
  "position_seconds": 2.86010265350342
}
VitHeadlessService: command reply (truncated): {
  "status": "ok",
  "message": "Seek executed",
  "position_seconds": 2.86010265350342
}
ZmqGateway: received command payload: {"cmd":"seek","time":2.86010265350342}
ZmqGateway: dispatching payload to JUCE message thread.
VitHeadlessService: processing queued command on JUCE message thread: {"cmd":"seek","time":2.86010265350342}
Command received: {"cmd":"seek","time":2.86010265350342}
CommandDispatcher::handleSeek: position set to 2.8601s
Command executed: seek, result: {
  "status": "ok",
  "message": "Seek executed",
  "position_seconds": 2.86010265350342
}
VitHeadlessService: command reply (truncated): {
  "status": "ok",
  "message": "Seek executed",
  "position_seconds": 2.86010265350342
}
ZmqGateway: received command payload: {"cmd":"seek","time":2.86010265350342}
ZmqGateway: dispatching payload to JUCE message thread.
VitHeadlessService: processing queued command on JUCE message thread: {"cmd":"seek","time":2.86010265350342}
Command received: {"cmd":"seek","time":2.86010265350342}
CommandDispatcher::handleSeek: position set to 2.8601s
Command executed: seek, result: {
  "status": "ok",
  "message": "Seek executed",
  "position_seconds": 2.86010265350342
}
VitHeadlessService: command reply (truncated): {
  "status": "ok",
  "message": "Seek executed",
  "position_seconds": 2.86010265350342
}
ZmqGateway: received command payload: {"cmd":"seek","time":2.86010265350342}
ZmqGateway: dispatching payload to JUCE message thread.
VitHeadlessService: processing queued command on JUCE message thread: {"cmd":"seek","time":2.86010265350342}
Command received: {"cmd":"seek","time":2.86010265350342}
CommandDispatcher::handleSeek: position set to 2.8601s
Command executed: seek, result: {
  "status": "ok",
  "message": "Seek executed",
  "position_seconds": 2.86010265350342
}
VitHeadlessService: command reply (truncated): {
  "status": "ok",
  "message": "Seek executed",
  "position_seconds": 2.86010265350342
}
ZmqGateway: received command payload: {"cmd":"seek","time":2.86010265350342}
ZmqGateway: dispatching payload to JUCE message thread.
VitHeadlessService: processing queued command on JUCE message thread: {"cmd":"seek","time":2.86010265350342}
Command received: {"cmd":"seek","time":2.86010265350342}
CommandDispatcher::handleSeek: position set to 2.8601s
Command executed: seek, result: {
  "status": "ok",
  "message": "Seek executed",
  "position_seconds": 2.86010265350342
}
VitHeadlessService: command reply (truncated): {
  "status": "ok",
  "message": "Seek executed",
  "position_seconds": 2.86010265350342
}
ZmqGateway: received command payload: {"cmd":"seek","time":2.86010265350342}
ZmqGateway: dispatching payload to JUCE message thread.
VitHeadlessService: processing queued command on JUCE message thread: {"cmd":"seek","time":2.86010265350342}
Command received: {"cmd":"seek","time":2.86010265350342}
CommandDispatcher::handleSeek: position set to 2.8601s
Command executed: seek, result: {
  "status": "ok",
  "message": "Seek executed",
  "position_seconds": 2.86010265350342
}
VitHeadlessService: command reply (truncated): {
  "status": "ok",
  "message": "Seek executed",
  "position_seconds": 2.86010265350342
}
ZmqGateway: received command payload: {"cmd":"seek","time":2.86010265350342}
ZmqGateway: dispatching payload to JUCE message thread.
VitHeadlessService: processing queued command on JUCE message thread: {"cmd":"seek","time":2.86010265350342}
Command received: {"cmd":"seek","time":2.86010265350342}
CommandDispatcher::handleSeek: position set to 2.8601s
Command executed: seek, result: {
  "status": "ok",
  "message": "Seek executed",
  "position_seconds": 2.86010265350342
}
VitHeadlessService: command reply (truncated): {
  "status": "ok",
  "message": "Seek executed",
  "position_seconds": 2.86010265350342
}
ZmqGateway: received command payload: {"cmd":"seek","time":2.86010265350342}
ZmqGateway: dispatching payload to JUCE message thread.
VitHeadlessService: processing queued command on JUCE message thread: {"cmd":"seek","time":2.86010265350342}
Command received: {"cmd":"seek","time":2.86010265350342}
CommandDispatcher::handleSeek: position set to 2.8601s
Command executed: seek, result: {
  "status": "ok",
  "message": "Seek executed",
  "position_seconds": 2.86010265350342
}
VitHeadlessService: command reply (truncated): {
  "status": "ok",
  "message": "Seek executed",
  "position_seconds": 2.86010265350342
}
ZmqGateway: received command payload: {"cmd":"seek","time":2.86010265350342}
ZmqGateway: dispatching payload to JUCE message thread.
VitHeadlessService: processing queued command on JUCE message thread: {"cmd":"seek","time":2.86010265350342}
Command received: {"cmd":"seek","time":2.86010265350342}
CommandDispatcher::handleSeek: position set to 2.8601s
Command executed: seek, result: {
  "status": "ok",
  "message": "Seek executed",
  "position_seconds": 2.86010265350342
}
VitHeadlessService: command reply (truncated): {
  "status": "ok",
  "message": "Seek executed",
  "position_seconds": 2.86010265350342
}
ZmqGateway: received command payload: {"cmd":"seek","time":2.86010265350342}
ZmqGateway: dispatching payload to JUCE message thread.
VitHeadlessService: processing queued command on JUCE message thread: {"cmd":"seek","time":2.86010265350342}
Command received: {"cmd":"seek","time":2.86010265350342}
CommandDispatcher::handleSeek: position set to 2.8601s
Command executed: seek, result: {
  "status": "ok",
  "message": "Seek executed",
  "position_seconds": 2.86010265350342
}
VitHeadlessService: command reply (truncated): {
  "status": "ok",
  "message": "Seek executed",
  "position_seconds": 2.86010265350342
}
ZmqGateway: received command payload: {"cmd":"seek","time":2.86010265350342}
ZmqGateway: dispatching payload to JUCE message thread.
VitHeadlessService: processing queued command on JUCE message thread: {"cmd":"seek","time":2.86010265350342}
Command received: {"cmd":"seek","time":2.86010265350342}
CommandDispatcher::handleSeek: position set to 2.8601s
Command executed: seek, result: {
  "status": "ok",
  "message": "Seek executed",
  "position_seconds": 2.86010265350342
}
VitHeadlessService: command reply (truncated): {
  "status": "ok",
  "message": "Seek executed",
  "position_seconds": 2.86010265350342
}
ZmqGateway: received command payload: {"cmd":"seek","time":2.86010265350342}
ZmqGateway: dispatching payload to JUCE message thread.
VitHeadlessService: processing queued command on JUCE message thread: {"cmd":"seek","time":2.86010265350342}
Command received: {"cmd":"seek","time":2.86010265350342}
CommandDispatcher::handleSeek: position set to 2.8601s
Command executed: seek, result: {
  "status": "ok",
  "message": "Seek executed",
  "position_seconds": 2.86010265350342
}
VitHeadlessService: command reply (truncated): {
  "status": "ok",
  "message": "Seek executed",
  "position_seconds": 2.86010265350342
}
ZmqGateway: received command payload: {"cmd":"seek","time":2.86010265350342}
ZmqGateway: dispatching payload to JUCE message thread.
VitHeadlessService: processing queued command on JUCE message thread: {"cmd":"seek","time":2.86010265350342}
Command received: {"cmd":"seek","time":2.86010265350342}
CommandDispatcher::handleSeek: position set to 2.8601s
Command executed: seek, result: {
  "status": "ok",
  "message": "Seek executed",
  "position_seconds": 2.86010265350342
}
VitHeadlessService: command reply (truncated): {
  "status": "ok",
  "message": "Seek executed",
  "position_seconds": 2.86010265350342
}
ZmqGateway: received command payload: {"cmd":"seek","time":2.86010265350342}
ZmqGateway: dispatching payload to JUCE message thread.
VitHeadlessService: processing queued command on JUCE message thread: {"cmd":"seek","time":2.86010265350342}
Command received: {"cmd":"seek","time":2.86010265350342}
CommandDispatcher::handleSeek: position set to 2.8601s
Command executed: seek, result: {
  "status": "ok",
  "message": "Seek executed",
  "position_seconds": 2.86010265350342
}
VitHeadlessService: command reply (truncated): {
  "status": "ok",
  "message": "Seek executed",
  "position_seconds": 2.86010265350342
}
ZmqGateway: received command payload: {"cmd":"seek","time":2.86010265350342}
ZmqGateway: dispatching payload to JUCE message thread.
VitHeadlessService: processing queued command on JUCE message thread: {"cmd":"seek","time":2.86010265350342}
Command received: {"cmd":"seek","time":2.86010265350342}
CommandDispatcher::handleSeek: position set to 2.8601s
Command executed: seek, result: {
  "status": "ok",
  "message": "Seek executed",
  "position_seconds": 2.86010265350342
}
VitHeadlessService: command reply (truncated): {
  "status": "ok",
  "message": "Seek executed",
  "position_seconds": 2.86010265350342
}
ZmqGateway: received command payload: {"cmd":"seek","time":2.86010265350342}
ZmqGateway: dispatching payload to JUCE message thread.
VitHeadlessService: processing queued command on JUCE message thread: {"cmd":"seek","time":2.86010265350342}
Command received: {"cmd":"seek","time":2.86010265350342}
CommandDispatcher::handleSeek: position set to 2.8601s
Command executed: seek, result: {
  "status": "ok",
  "message": "Seek executed",
  "position_seconds": 2.86010265350342
}
VitHeadlessService: command reply (truncated): {
  "status": "ok",
  "message": "Seek executed",
  "position_seconds": 2.86010265350342
}
ZmqGateway: received command payload: {"cmd":"seek","time":2.86010265350342}
ZmqGateway: dispatching payload to JUCE message thread.
VitHeadlessService: processing queued command on JUCE message thread: {"cmd":"seek","time":2.86010265350342}
Command received: {"cmd":"seek","time":2.86010265350342}
CommandDispatcher::handleSeek: position set to 2.8601s
Command executed: seek, result: {
  "status": "ok",
  "message": "Seek executed",
  "position_seconds": 2.86010265350342
}
VitHeadlessService: command reply (truncated): {
  "status": "ok",
  "message": "Seek executed",
  "position_seconds": 2.86010265350342
}
ZmqGateway: received command payload: {"cmd":"seek","time":2.86010265350342}
ZmqGateway: dispatching payload to JUCE message thread.
VitHeadlessService: processing queued command on JUCE message thread: {"cmd":"seek","time":2.86010265350342}
Command received: {"cmd":"seek","time":2.86010265350342}
CommandDispatcher::handleSeek: position set to 2.8601s
Command executed: seek, result: {
  "status": "ok",
  "message": "Seek executed",
  "position_seconds": 2.86010265350342
}
VitHeadlessService: command reply (truncated): {
  "status": "ok",
  "message": "Seek executed",
  "position_seconds": 2.86010265350342
}
ZmqGateway: received command payload: {"cmd":"seek","time":2.86010265350342}
ZmqGateway: dispatching payload to JUCE message thread.
VitHeadlessService: processing queued command on JUCE message thread: {"cmd":"seek","time":2.86010265350342}
Command received: {"cmd":"seek","time":2.86010265350342}
CommandDispatcher::handleSeek: position set to 2.8601s
Command executed: seek, result: {
  "status": "ok",
  "message": "Seek executed",
  "position_seconds": 2.86010265350342
}
VitHeadlessService: command reply (truncated): {
  "status": "ok",
  "message": "Seek executed",
  "position_seconds": 2.86010265350342
}
ZmqGateway: received command payload: {"cmd":"seek","time":2.86010265350342}
ZmqGateway: dispatching payload to JUCE message thread.
VitHeadlessService: processing queued command on JUCE message thread: {"cmd":"seek","time":2.86010265350342}
Command received: {"cmd":"seek","time":2.86010265350342}
CommandDispatcher::handleSeek: position set to 2.8601s
Command executed: seek, result: {
  "status": "ok",
  "message": "Seek executed",
  "position_seconds": 2.86010265350342
}
VitHeadlessService: command reply (truncated): {
  "status": "ok",
  "message": "Seek executed",
  "position_seconds": 2.86010265350342
}
ZmqGateway: received command payload: {"cmd":"seek","time":2.86010265350342}
ZmqGateway: dispatching payload to JUCE message thread.
VitHeadlessService: processing queued command on JUCE message thread: {"cmd":"seek","time":2.86010265350342}
Command received: {"cmd":"seek","time":2.86010265350342}
CommandDispatcher::handleSeek: position set to 2.8601s
Command executed: seek, result: {
  "status": "ok",
  "message": "Seek executed",
  "position_seconds": 2.86010265350342
}
VitHeadlessService: command reply (truncated): {
  "status": "ok",
  "message": "Seek executed",
  "position_seconds": 2.86010265350342
}
ZmqGateway: received command payload: {"cmd":"seek","time":2.86010265350342}
ZmqGateway: dispatching payload to JUCE message thread.
VitHeadlessService: processing queued command on JUCE message thread: {"cmd":"seek","time":2.86010265350342}
Command received: {"cmd":"seek","time":2.86010265350342}
CommandDispatcher::handleSeek: position set to 2.8601s
Command executed: seek, result: {
  "status": "ok",
  "message": "Seek executed",
  "position_seconds": 2.86010265350342
}
VitHeadlessService: command reply (truncated): {
  "status": "ok",
  "message": "Seek executed",
  "position_seconds": 2.86010265350342
}
ZmqGateway: received command payload: {"cmd":"seek","time":2.86010265350342}
ZmqGateway: dispatching payload to JUCE message thread.
VitHeadlessService: processing queued command on JUCE message thread: {"cmd":"seek","time":2.86010265350342}
Command received: {"cmd":"seek","time":2.86010265350342}
CommandDispatcher::handleSeek: position set to 2.8601s
Command executed: seek, result: {
  "status": "ok",
  "message": "Seek executed",
  "position_seconds": 2.86010265350342
}
VitHeadlessService: command reply (truncated): {
  "status": "ok",
  "message": "Seek executed",
  "position_seconds": 2.86010265350342
}
ZmqGateway: received command payload: {"cmd":"seek","time":2.86010265350342}
ZmqGateway: dispatching payload to JUCE message thread.
VitHeadlessService: processing queued command on JUCE message thread: {"cmd":"seek","time":2.86010265350342}
Command received: {"cmd":"seek","time":2.86010265350342}
CommandDispatcher::handleSeek: position set to 2.8601s
Command executed: seek, result: {
  "status": "ok",
  "message": "Seek executed",
  "position_seconds": 2.86010265350342
}
VitHeadlessService: command reply (truncated): {
  "status": "ok",
  "message": "Seek executed",
  "position_seconds": 2.86010265350342
}
ZmqGateway: received command payload: {"cmd":"seek","time":2.86010265350342}
ZmqGateway: dispatching payload to JUCE message thread.
VitHeadlessService: processing queued command on JUCE message thread: {"cmd":"seek","time":2.86010265350342}
Command received: {"cmd":"seek","time":2.86010265350342}
CommandDispatcher::handleSeek: position set to 2.8601s
Command executed: seek, result: {
  "status": "ok",
  "message": "Seek executed",
  "position_seconds": 2.86010265350342
}
VitHeadlessService: command reply (truncated): {
  "status": "ok",
  "message": "Seek executed",
  "position_seconds": 2.86010265350342
}
ZmqGateway: received command payload: {"cmd":"seek","time":2.86010265350342}
ZmqGateway: dispatching payload to JUCE message thread.
VitHeadlessService: processing queued command on JUCE message thread: {"cmd":"seek","time":2.86010265350342}
Command received: {"cmd":"seek","time":2.86010265350342}
CommandDispatcher::handleSeek: position set to 2.8601s
Command executed: seek, result: {
  "status": "ok",
  "message": "Seek executed",
  "position_seconds": 2.86010265350342
}
VitHeadlessService: command reply (truncated): {
  "status": "ok",
  "message": "Seek executed",
  "position_seconds": 2.86010265350342
}
ZmqGateway: received command payload: {"cmd":"seek","time":2.86010265350342}
ZmqGateway: dispatching payload to JUCE message thread.
VitHeadlessService: processing queued command on JUCE message thread: {"cmd":"seek","time":2.86010265350342}
Command received: {"cmd":"seek","time":2.86010265350342}
CommandDispatcher::handleSeek: position set to 2.8601s
Command executed: seek, result: {
  "status": "ok",
  "message": "Seek executed",
  "position_seconds": 2.86010265350342
}
VitHeadlessService: command reply (truncated): {
  "status": "ok",
  "message": "Seek executed",
  "position_seconds": 2.86010265350342
}
ZmqGateway: received command payload: {"cmd":"seek","time":2.86010265350342}
ZmqGateway: dispatching payload to JUCE message thread.
VitHeadlessService: processing queued command on JUCE message thread: {"cmd":"seek","time":2.86010265350342}
Command received: {"cmd":"seek","time":2.86010265350342}
CommandDispatcher::handleSeek: position set to 2.8601s
Command executed: seek, result: {
  "status": "ok",
  "message": "Seek executed",
  "position_seconds": 2.86010265350342
}
VitHeadlessService: command reply (truncated): {
  "status": "ok",
  "message": "Seek executed",
  "position_seconds": 2.86010265350342
}
ZmqGateway: received command payload: {"cmd":"seek","time":2.86010265350342}
ZmqGateway: dispatching payload to JUCE message thread.
VitHeadlessService: processing queued command on JUCE message thread: {"cmd":"seek","time":2.86010265350342}
Command received: {"cmd":"seek","time":2.86010265350342}
CommandDispatcher::handleSeek: position set to 2.8601s
Command executed: seek, result: {
  "status": "ok",
  "message": "Seek executed",
  "position_seconds": 2.86010265350342
}
VitHeadlessService: command reply (truncated): {
  "status": "ok",
  "message": "Seek executed",
  "position_seconds": 2.86010265350342
}
ZmqGateway: received command payload: {"cmd":"seek","time":2.86010265350342}
ZmqGateway: dispatching payload to JUCE message thread.
VitHeadlessService: processing queued command on JUCE message thread: {"cmd":"seek","time":2.86010265350342}
Command received: {"cmd":"seek","time":2.86010265350342}
CommandDispatcher::handleSeek: position set to 2.8601s
Command executed: seek, result: {
  "status": "ok",
  "message": "Seek executed",
  "position_seconds": 2.86010265350342
}
VitHeadlessService: command reply (truncated): {
  "status": "ok",
  "message": "Seek executed",
  "position_seconds": 2.86010265350342
}
ZmqGateway: received command payload: {"cmd":"seek","time":2.86010265350342}
ZmqGateway: dispatching payload to JUCE message thread.
VitHeadlessService: processing queued command on JUCE message thread: {"cmd":"seek","time":2.86010265350342}
Command received: {"cmd":"seek","time":2.86010265350342}
CommandDispatcher::handleSeek: position set to 2.8601s
Command executed: seek, result: {
  "status": "ok",
  "message": "Seek executed",
  "position_seconds": 2.86010265350342
}
VitHeadlessService: command reply (truncated): {
  "status": "ok",
  "message": "Seek executed",
  "position_seconds": 2.86010265350342
}
ZmqGateway: received command payload: {"cmd":"seek","time":2.86010265350342}
ZmqGateway: dispatching payload to JUCE message thread.
VitHeadlessService: processing queued command on JUCE message thread: {"cmd":"seek","time":2.86010265350342}
Command received: {"cmd":"seek","time":2.86010265350342}
CommandDispatcher::handleSeek: position set to 2.8601s
Command executed: seek, result: {
  "status": "ok",
  "message": "Seek executed",
  "position_seconds": 2.86010265350342
}
VitHeadlessService: command reply (truncated): {
  "status": "ok",
  "message": "Seek executed",
  "position_seconds": 2.86010265350342
}
ZmqGateway: received command payload: {"cmd":"seek","time":2.86010265350342}
ZmqGateway: dispatching payload to JUCE message thread.
VitHeadlessService: processing queued command on JUCE message thread: {"cmd":"seek","time":2.86010265350342}
Command received: {"cmd":"seek","time":2.86010265350342}
CommandDispatcher::handleSeek: position set to 2.8601s
Command executed: seek, result: {
  "status": "ok",
  "message": "Seek executed",
  "position_seconds": 2.86010265350342
}
VitHeadlessService: command reply (truncated): {
  "status": "ok",
  "message": "Seek executed",
  "position_seconds": 2.86010265350342
}
ZmqGateway: received command payload: {"cmd":"seek","time":2.86010265350342}
ZmqGateway: dispatching payload to JUCE message thread.
VitHeadlessService: processing queued command on JUCE message thread: {"cmd":"seek","time":2.86010265350342}
Command received: {"cmd":"seek","time":2.86010265350342}
CommandDispatcher::handleSeek: position set to 2.8601s
Command executed: seek, result: {
  "status": "ok",
  "message": "Seek executed",
  "position_seconds": 2.86010265350342
}
VitHeadlessService: command reply (truncated): {
  "status": "ok",
  "message": "Seek executed",
  "position_seconds": 2.86010265350342
}
ZmqGateway: received command payload: {"cmd":"seek","time":2.86010265350342}
ZmqGateway: dispatching payload to JUCE message thread.
VitHeadlessService: processing queued command on JUCE message thread: {"cmd":"seek","time":2.86010265350342}
Command received: {"cmd":"seek","time":2.86010265350342}
CommandDispatcher::handleSeek: position set to 2.8601s
Command executed: seek, result: {
  "status": "ok",
  "message": "Seek executed",
  "position_seconds": 2.86010265350342
}
VitHeadlessService: command reply (truncated): {
  "status": "ok",
  "message": "Seek executed",
  "position_seconds": 2.86010265350342
}
ZmqGateway: received command payload: {"cmd":"seek","time":2.86010265350342}
ZmqGateway: dispatching payload to JUCE message thread.
VitHeadlessService: processing queued command on JUCE message thread: {"cmd":"seek","time":2.86010265350342}
Command received: {"cmd":"seek","time":2.86010265350342}
CommandDispatcher::handleSeek: position set to 2.8601s
Command executed: seek, result: {
  "status": "ok",
  "message": "Seek executed",
  "position_seconds": 2.86010265350342
}
VitHeadlessService: command reply (truncated): {
  "status": "ok",
  "message": "Seek executed",
  "position_seconds": 2.86010265350342
}
ZmqGateway: received command payload: {"cmd":"seek","time":2.86010265350342}
ZmqGateway: dispatching payload to JUCE message thread.
VitHeadlessService: processing queued command on JUCE message thread: {"cmd":"seek","time":2.86010265350342}
Command received: {"cmd":"seek","time":2.86010265350342}
CommandDispatcher::handleSeek: position set to 2.8601s
Command executed: seek, result: {
  "status": "ok",
  "message": "Seek executed",
  "position_seconds": 2.86010265350342
}
VitHeadlessService: command reply (truncated): {
  "status": "ok",
  "message": "Seek executed",
  "position_seconds": 2.86010265350342
}
ZmqGateway: received command payload: {"cmd":"seek","time":2.86010265350342}
ZmqGateway: dispatching payload to JUCE message thread.
VitHeadlessService: processing queued command on JUCE message thread: {"cmd":"seek","time":2.86010265350342}
Command received: {"cmd":"seek","time":2.86010265350342}
CommandDispatcher::handleSeek: position set to 2.8601s
Command executed: seek, result: {
  "status": "ok",
  "message": "Seek executed",
  "position_seconds": 2.86010265350342
}
VitHeadlessService: command reply (truncated): {
  "status": "ok",
  "message": "Seek executed",
  "position_seconds": 2.86010265350342
}
ZmqGateway: received command payload: {"cmd":"seek","time":2.86010265350342}
ZmqGateway: dispatching payload to JUCE message thread.
VitHeadlessService: processing queued command on JUCE message thread: {"cmd":"seek","time":2.86010265350342}
Command received: {"cmd":"seek","time":2.86010265350342}
CommandDispatcher::handleSeek: position set to 2.8601s
Command executed: seek, result: {
  "status": "ok",
  "message": "Seek executed",
  "position_seconds": 2.86010265350342
}
VitHeadlessService: command reply (truncated): {
  "status": "ok",
  "message": "Seek executed",
  "position_seconds": 2.86010265350342
}
ZmqGateway: received command payload: {"cmd":"seek","time":2.86010265350342}
ZmqGateway: dispatching payload to JUCE message thread.
VitHeadlessService: processing queued command on JUCE message thread: {"cmd":"seek","time":2.86010265350342}
Command received: {"cmd":"seek","time":2.86010265350342}
CommandDispatcher::handleSeek: position set to 2.8601s
Command executed: seek, result: {
  "status": "ok",
  "message": "Seek executed",
  "position_seconds": 2.86010265350342
}
VitHeadlessService: command reply (truncated): {
  "status": "ok",
  "message": "Seek executed",
  "position_seconds": 2.86010265350342
}
ZmqGateway: received command payload: {"cmd":"seek","time":2.86010265350342}
ZmqGateway: dispatching payload to JUCE message thread.
VitHeadlessService: processing queued command on JUCE message thread: {"cmd":"seek","time":2.86010265350342}
Command received: {"cmd":"seek","time":2.86010265350342}
CommandDispatcher::handleSeek: position set to 2.8601s
Command executed: seek, result: {
  "status": "ok",
  "message": "Seek executed",
  "position_seconds": 2.86010265350342
}
VitHeadlessService: command reply (truncated): {
  "status": "ok",
  "message": "Seek executed",
  "position_seconds": 2.86010265350342
}
ZmqGateway: received command payload: {"cmd":"seek","time":2.86010265350342}
ZmqGateway: dispatching payload to JUCE message thread.
VitHeadlessService: processing queued command on JUCE message thread: {"cmd":"seek","time":2.86010265350342}
Command received: {"cmd":"seek","time":2.86010265350342}
CommandDispatcher::handleSeek: position set to 2.8601s
Command executed: seek, result: {
  "status": "ok",
  "message": "Seek executed",
  "position_seconds": 2.86010265350342
}
VitHeadlessService: command reply (truncated): {
  "status": "ok",
  "message": "Seek executed",
  "position_seconds": 2.86010265350342
}
ZmqGateway: received command payload: {"cmd":"seek","time":2.86010265350342}
ZmqGateway: dispatching payload to JUCE message thread.
VitHeadlessService: processing queued command on JUCE message thread: {"cmd":"seek","time":2.86010265350342}
Command received: {"cmd":"seek","time":2.86010265350342}
CommandDispatcher::handleSeek: position set to 2.8601s
Command executed: seek, result: {
  "status": "ok",
  "message": "Seek executed",
  "position_seconds": 2.86010265350342
}
VitHeadlessService: command reply (truncated): {
  "status": "ok",
  "message": "Seek executed",
  "position_seconds": 2.86010265350342
}
ZmqGateway: received command payload: {"cmd":"seek","time":2.86010265350342}
ZmqGateway: dispatching payload to JUCE message thread.
VitHeadlessService: processing queued command on JUCE message thread: {"cmd":"seek","time":2.86010265350342}
Command received: {"cmd":"seek","time":2.86010265350342}
CommandDispatcher::handleSeek: position set to 2.8601s
Command executed: seek, result: {
  "status": "ok",
  "message": "Seek executed",
  "position_seconds": 2.86010265350342
}
VitHeadlessService: command reply (truncated): {
  "status": "ok",
  "message": "Seek executed",
  "position_seconds": 2.86010265350342
}
ZmqGateway: received command payload: {"cmd":"get_recent_projects"}
ZmqGateway: dispatching payload to JUCE message thread.
VitHeadlessService: processing queued command on JUCE message thread: {"cmd":"get_recent_projects"}
Command received: {"cmd":"get_recent_projects"}
Command executed: get_recent_projects, result: {
  "status": "ok",
  "recent_projects": [
    "D:\\Godot\\project\\vit-daw-frontend\\4.4.3.vit",
    "D:\\Godot\\project\\vit-daw-frontend\\4.4.2.vit",
    "D:\\Godot\\project\\vit-daw-frontend\\4.4.1.vit",
    "D:\\Godot\\project\\vit-daw-frontend\\4.4.vit",
    "D:\\4.1.tracktionedit"
  ]
}
VitHeadlessService: command reply (truncated): {
  "status": "ok",
  "recent_projects": [
    "D:\\Godot\\project\\vit-daw-frontend\\4.4.3.vit",
    "D:\\Godot\\project\\vit-daw-frontend\\4.4.2.vit",
    "D:\\Godot\\project\\vit-daw-frontend\\4.4.1.vit",
    "D
ZmqGateway: received command payload: {"cmd":"new_project"}
ZmqGateway: dispatching payload to JUCE message thread.
VitHeadlessService: processing queued command on JUCE message thread: {"cmd":"new_project"}
Command received: {"cmd":"new_project"}
VitEngineDevice: audio IO ready for playback graph: "扬声器 (USB AUDIO  CODEC)" 48000.00 Hz, block 480 samples
Command executed: new_project, result: {
  "status": "ok",
  "message": "Blank project created"
}
VitHeadlessService: command reply (truncated): {
  "status": "ok",
  "message": "Blank project created"
}
ZmqGateway: received command payload: {"cmd":"ping"}
ZmqGateway: dispatching payload to JUCE message thread.
VitHeadlessService: processing queued command on JUCE message thread: {"cmd":"ping"}
Command received: {"cmd":"ping"}
CommandDispatcher: handled ping command.
Command executed: ping, result: {
  "status": "ok",
  "message": "pong"
}
VitHeadlessService: command reply (truncated): {
  "status": "ok",
  "message": "pong"
}
ZmqGateway: received command payload: {"cmd":"get_project_state"}
ZmqGateway: dispatching payload to JUCE message thread.
VitHeadlessService: processing queued command on JUCE message thread: {"cmd":"get_project_state"}
Command received: {"cmd":"get_project_state"}
Command executed: get_project_state, result: {
  "status": "ok",
  "project_path": "",
  "tracks": [
    {
      "track_id": "1002",
      "track_name": "Arranger",
      "track_type": "track",
      "is_audio_track": false,
      "is_audio": false,
      "plugins": [],
      "clips": []
    },
    {
      "track_id": "1003",
      "track_name": "Chord",
      "track_type": "track",
      "is_audio_track": false,
      "is_audio": false,
      "plugins": [],
      "clips": []
    },
    {
      "track_id": "1004",
      "track_name": "Marker",
      "track_type": "track",
      "is_audio_track": false,
      "is_audio": false,
      "plugins": [],
      "clips": []
    },
    {
      "track_id": "1005",
      "track_name": "Tempo",
      "track_type": "track",
      "is_audio_track": false,
      "is_audio": false,
      "plugins": [],
      "clips": []
    },
    {
      "track_id": "1006",
      "track_name": "Master",
      "track_type": "master",
      "is_audio_track": false,
      "is_audio": false,
      "plugins": [],
      "clips": []
    }
  ]
}
VitHeadlessService: command reply (truncated): {
  "status": "ok",
  "project_path": "",
  "tracks": [
    {
      "track_id": "1002",
      "track_name": "Arranger",
      "track_type": "track",
      "is_audio_track": false,
      "is_audio": false,
     
ZmqGateway: received command payload: {"cmd":"list_tracks"}
ZmqGateway: dispatching payload to JUCE message thread.
VitHeadlessService: processing queued command on JUCE message thread: {"cmd":"list_tracks"}
Command received: {"cmd":"list_tracks"}
Command executed: list_tracks, result: {
  "status": "ok",
  "message": "Track list fetched",
  "tracks": [
    {
      "track_id": "1002",
      "name": "Arranger",
      "track_type": "track",
      "is_audio": false,
      "is_audio_track": false,
      "vit_type": "",
      "vit_intent": "",
      "plugin_count": 0,
      "plugins": []
    },
    {
      "track_id": "1003",
      "name": "Chord",
      "track_type": "track",
      "is_audio": false,
      "is_audio_track": false,
      "vit_type": "",
      "vit_intent": "",
      "plugin_count": 0,
      "plugins": []
    },
    {
      "track_id": "1004",
      "name": "Marker",
      "track_type": "track",
      "is_audio": false,
      "is_audio_track": false,
      "vit_type": "",
      "vit_intent": "",
      "plugin_count": 0,
      "plugins": []
    },
    {
      "track_id": "1005",
      "name": "Tempo",
      "track_type": "track",
      "is_audio": false,
      "is_audio_track": false,
      "vit_type": "",
      "vit_intent": "",
      "plugin_count": 0,
      "plugins": []
    },
    {
      "track_id": "1006",
      "name": "Master",
      "track_type": "master",
      "is_audio": false,
      "is_audio_track": false,
      "vit_type": "",
      "vit_intent": "",
      "plugin_count": 0,
      "plugins": []
    }
  ]
}
VitHeadlessService: command reply (truncated): {
  "status": "ok",
  "message": "Track list fetched",
  "tracks": [
    {
      "track_id": "1002",
      "name": "Arranger",
      "track_type": "track",
      "is_audio": false,
      "is_audio_track": false,
ZmqGateway: received command payload: {"cmd":"list_tracks"}
ZmqGateway: dispatching payload to JUCE message thread.
VitHeadlessService: processing queued command on JUCE message thread: {"cmd":"list_tracks"}
Command received: {"cmd":"list_tracks"}
Command executed: list_tracks, result: {
  "status": "ok",
  "message": "Track list fetched",
  "tracks": [
    {
      "track_id": "1002",
      "name": "Arranger",
      "track_type": "track",
      "is_audio": false,
      "is_audio_track": false,
      "vit_type": "",
      "vit_intent": "",
      "plugin_count": 0,
      "plugins": []
    },
    {
      "track_id": "1003",
      "name": "Chord",
      "track_type": "track",
      "is_audio": false,
      "is_audio_track": false,
      "vit_type": "",
      "vit_intent": "",
      "plugin_count": 0,
      "plugins": []
    },
    {
      "track_id": "1004",
      "name": "Marker",
      "track_type": "track",
      "is_audio": false,
      "is_audio_track": false,
      "vit_type": "",
      "vit_intent": "",
      "plugin_count": 0,
      "plugins": []
    },
    {
      "track_id": "1005",
      "name": "Tempo",
      "track_type": "track",
      "is_audio": false,
      "is_audio_track": false,
      "vit_type": "",
      "vit_intent": "",
      "plugin_count": 0,
      "plugins": []
    },
    {
      "track_id": "1006",
      "name": "Master",
      "track_type": "master",
      "is_audio": false,
      "is_audio_track": false,
      "vit_type": "",
      "vit_intent": "",
      "plugin_count": 0,
      "plugins": []
    }
  ]
}
VitHeadlessService: command reply (truncated): {
  "status": "ok",
  "message": "Track list fetched",
  "tracks": [
    {
      "track_id": "1002",
      "name": "Arranger",
      "track_type": "track",
      "is_audio": false,
      "is_audio_track": false,
ZmqGateway: received command payload: {"cmd":"add_track","type":"hybrid"}
ZmqGateway: dispatching payload to JUCE message thread.
VitHeadlessService: processing queued command on JUCE message thread: {"cmd":"add_track","type":"hybrid"}
Command received: {"cmd":"add_track","type":"hybrid"}
VitHeadlessService: project saved to D:\Vit_DAW\VitApp\Workspace\default_project.xml
Command executed: add_track, result: {
  "status": "ok",
  "message": "Track added",
  "track_id": "1007",
  "track_name": "Track 1"
}
VitHeadlessService: command reply (truncated): {
  "status": "ok",
  "message": "Track added",
  "track_id": "1007",
  "track_name": "Track 1"
}
ZmqGateway: received command payload: {"cmd":"list_tracks"}
ZmqGateway: dispatching payload to JUCE message thread.
VitHeadlessService: processing queued command on JUCE message thread: {"cmd":"list_tracks"}
Command received: {"cmd":"list_tracks"}
Command executed: list_tracks, result: {
  "status": "ok",
  "message": "Track list fetched",
  "tracks": [
    {
      "track_id": "1002",
      "name": "Arranger",
      "track_type": "track",
      "is_audio": false,
      "is_audio_track": false,
      "vit_type": "",
      "vit_intent": "",
      "plugin_count": 0,
      "plugins": []
    },
    {
      "track_id": "1003",
      "name": "Chord",
      "track_type": "track",
      "is_audio": false,
      "is_audio_track": false,
      "vit_type": "",
      "vit_intent": "",
      "plugin_count": 0,
      "plugins": []
    },
    {
      "track_id": "1004",
      "name": "Marker",
      "track_type": "track",
      "is_audio": false,
      "is_audio_track": false,
      "vit_type": "",
      "vit_intent": "",
      "plugin_count": 0,
      "plugins": []
    },
    {
      "track_id": "1005",
      "name": "Tempo",
      "track_type": "track",
      "is_audio": false,
      "is_audio_track": false,
      "vit_type": "",
      "vit_intent": "",
      "plugin_count": 0,
      "plugins": []
    },
    {
      "track_id": "1006",
      "name": "Master",
      "track_type": "master",
      "is_audio": false,
      "is_audio_track": false,
      "vit_type": "",
      "vit_intent": "",
      "plugin_count": 0,
      "plugins": []
    },
    {
      "track_id": "1007",
      "name": "Track 1",
      "track_type": "hybrid",
      "is_audio": true,
      "is_audio_track": true,
      "vit_type": "",
      "vit_intent": "",
      "plugin_count": 2,
      "plugins": [
        {
          "name": "Volume & Pan Plugin",
          "type": "volume",
          "enabled": true
        },
        {
          "name": "Level Meter",
          "type": "level",
          "enabled": true
        }
      ]
    }
  ]
}
VitHeadlessService: command reply (truncated): {
  "status": "ok",
  "message": "Track list fetched",
  "tracks": [
    {
      "track_id": "1002",
      "name": "Arranger",
      "track_type": "track",
      "is_audio": false,
      "is_audio_track": false,
ZmqGateway: received command payload: {"cmd":"get_project_state"}
ZmqGateway: dispatching payload to JUCE message thread.
VitHeadlessService: processing queued command on JUCE message thread: {"cmd":"get_project_state"}
Command received: {"cmd":"get_project_state"}
Command executed: get_project_state, result: {
  "status": "ok",
  "project_path": "",
  "tracks": [
    {
      "track_id": "1002",
      "track_name": "Arranger",
      "track_type": "track",
      "is_audio_track": false,
      "is_audio": false,
      "plugins": [],
      "clips": []
    },
    {
      "track_id": "1003",
      "track_name": "Chord",
      "track_type": "track",
      "is_audio_track": false,
      "is_audio": false,
      "plugins": [],
      "clips": []
    },
    {
      "track_id": "1004",
      "track_name": "Marker",
      "track_type": "track",
      "is_audio_track": false,
      "is_audio": false,
      "plugins": [],
      "clips": []
    },
    {
      "track_id": "1005",
      "track_name": "Tempo",
      "track_type": "track",
      "is_audio_track": false,
      "is_audio": false,
      "plugins": [],
      "clips": []
    },
    {
      "track_id": "1006",
      "track_name": "Master",
      "track_type": "master",
      "is_audio_track": false,
      "is_audio": false,
      "plugins": [],
      "clips": []
    },
    {
      "track_id": "1007",
      "track_name": "Track 1",
      "track_type": "hybrid",
      "is_audio_track": true,
      "is_audio": true,
      "plugins": [
        {
          "id": "1008",
          "item_id": "1008",
          "name": "Volume & Pan Plugin",
          "type": "volume",
          "enabled": true
        },
        {
          "id": "1009",
          "item_id": "1009",
          "name": "Level Meter",
          "type": "level",
          "enabled": true
        }
      ],
      "clips": [],
      "output_to_device_resolved": true,
      "output_device_enabled": true,
      "output_device_id": "out_b7a4b4c1",
      "output_routing_name": "(default audio output)"
    }
  ]
}
VitHeadlessService: command reply (truncated): {
  "status": "ok",
  "project_path": "",
  "tracks": [
    {
      "track_id": "1002",
      "track_name": "Arranger",
      "track_type": "track",
      "is_audio_track": false,
      "is_audio": false,
     
ZmqGateway: received command payload: {"cmd":"list_tracks"}
ZmqGateway: dispatching payload to JUCE message thread.
VitHeadlessService: processing queued command on JUCE message thread: {"cmd":"list_tracks"}
Command received: {"cmd":"list_tracks"}
Command executed: list_tracks, result: {
  "status": "ok",
  "message": "Track list fetched",
  "tracks": [
    {
      "track_id": "1002",
      "name": "Arranger",
      "track_type": "track",
      "is_audio": false,
      "is_audio_track": false,
      "vit_type": "",
      "vit_intent": "",
      "plugin_count": 0,
      "plugins": []
    },
    {
      "track_id": "1003",
      "name": "Chord",
      "track_type": "track",
      "is_audio": false,
      "is_audio_track": false,
      "vit_type": "",
      "vit_intent": "",
      "plugin_count": 0,
      "plugins": []
    },
    {
      "track_id": "1004",
      "name": "Marker",
      "track_type": "track",
      "is_audio": false,
      "is_audio_track": false,
      "vit_type": "",
      "vit_intent": "",
      "plugin_count": 0,
      "plugins": []
    },
    {
      "track_id": "1005",
      "name": "Tempo",
      "track_type": "track",
      "is_audio": false,
      "is_audio_track": false,
      "vit_type": "",
      "vit_intent": "",
      "plugin_count": 0,
      "plugins": []
    },
    {
      "track_id": "1006",
      "name": "Master",
      "track_type": "master",
      "is_audio": false,
      "is_audio_track": false,
      "vit_type": "",
      "vit_intent": "",
      "plugin_count": 0,
      "plugins": []
    },
    {
      "track_id": "1007",
      "name": "Track 1",
      "track_type": "hybrid",
      "is_audio": true,
      "is_audio_track": true,
      "vit_type": "",
      "vit_intent": "",
      "plugin_count": 2,
      "plugins": [
        {
          "name": "Volume & Pan Plugin",
          "type": "volume",
          "enabled": true
        },
        {
          "name": "Level Meter",
          "type": "level",
          "enabled": true
        }
      ]
    }
  ]
}
VitHeadlessService: command reply (truncated): {
  "status": "ok",
  "message": "Track list fetched",
  "tracks": [
    {
      "track_id": "1002",
      "name": "Arranger",
      "track_type": "track",
      "is_audio": false,
      "is_audio_track": false,
ZmqGateway: received command payload: {"action":"import_media_to_track","cmd":"import_media_to_track","file_path":"D:/Vit_DAW/test_100hz_10s.wav","media_type":"audio","start_time":1.22797298431396,"track_id":"1007"}
ZmqGateway: dispatching payload to JUCE message thread.
VitHeadlessService: processing queued command on JUCE message thread: {"action":"import_media_to_track","cmd":"import_media_to_track","file_path":"D:/Vit_DAW/test_100hz_10s.wav","media_type":"audio","start_time":1.22797298431396,"track_id":"1007"}
Command received: {"action":"import_media_to_track","cmd":"import_media_to_track","file_path":"D:/Vit_DAW/test_100hz_10s.wav","media_type":"audio","start_time":1.22797298431396,"track_id":"1007"}
VitHeadlessService: project saved to D:\Vit_DAW\VitApp\Workspace\default_project.xml
CommandDispatcher::handleImportMediaToTrack: clipId="1011" clip="test_100hz_10s" trackId="1007" source="D:\Vit_DAW\test_100hz_10s.wav" lengthSec=10.000 isPlaying=false isRecording=false playContextActive=true positionSeconds=0.000 editLengthSeconds=11.228
Command executed: import_media_to_track, result: {
  "status": "success",
  "action": "import_media_to_track",
  "clip_id": "1011",
  "track_id": "1007",
  "start_time": 1.22797298431396,
  "resolved_start_time": 1.22797298431396,
  "length": 10.0,
  "applied_mode": "destructive",
  "clip_name": "test_100hz_10s",
  "file_path": "D:\\Vit_DAW\\test_100hz_10s.wav",
  "edit_length_seconds": 11.22797298431396,
  "baking_status": "baking_started"
}
VitHeadlessService: command reply (truncated): {
  "status": "success",
  "action": "import_media_to_track",
  "clip_id": "1011",
  "track_id": "1007",
  "start_time": 1.22797298431396,
  "resolved_start_time": 1.22797298431396,
  "length": 10.0,
  "applied_m
ZmqGateway: received command payload: {"cmd":"get_project_state"}
ZmqGateway: dispatching payload to JUCE message thread.
VitHeadlessService: processing queued command on JUCE message thread: {"cmd":"get_project_state"}
Command received: {"cmd":"get_project_state"}
Command executed: get_project_state, result: {
  "status": "ok",
  "project_path": "",
  "tracks": [
    {
      "track_id": "1002",
      "track_name": "Arranger",
      "track_type": "track",
      "is_audio_track": false,
      "is_audio": false,
      "plugins": [],
      "clips": []
    },
    {
      "track_id": "1003",
      "track_name": "Chord",
      "track_type": "track",
      "is_audio_track": false,
      "is_audio": false,
      "plugins": [],
      "clips": []
    },
    {
      "track_id": "1004",
      "track_name": "Marker",
      "track_type": "track",
      "is_audio_track": false,
      "is_audio": false,
      "plugins": [],
      "clips": []
    },
    {
      "track_id": "1005",
      "track_name": "Tempo",
      "track_type": "track",
      "is_audio_track": false,
      "is_audio": false,
      "plugins": [],
      "clips": []
    },
    {
      "track_id": "1006",
      "track_name": "Master",
      "track_type": "master",
      "is_audio_track": false,
      "is_audio": false,
      "plugins": [],
      "clips": []
    },
    {
      "track_id": "1007",
      "track_name": "Track 1",
      "track_type": "hybrid",
      "is_audio_track": true,
      "is_audio": true,
      "plugins": [
        {
          "id": "1008",
          "item_id": "1008",
          "name": "Volume & Pan Plugin",
          "type": "volume",
          "enabled": true
        },
        {
          "id": "1009",
          "item_id": "1009",
          "name": "Level Meter",
          "type": "level",
          "enabled": true
        }
      ],
      "clips": [
        {
          "id": "1011",
          "name": "test_100hz_10s",
          "clip_type": "wave",
          "start_seconds": 1.22797298431396,
          "end_seconds": 11.22797298431396,
          "length_seconds": 10.0,
          "offset_in_source_seconds": 0.0,
          "file_path": "D:\\Vit_DAW\\test_100hz_10s.wav",
          "current_source_path": "D:\\Vit_DAW\\test_100hz_10s.wav",
          "playback_source_valid": true
        }
      ],
      "output_to_device_resolved": true,
      "output_device_enabled": true,
      "output_device_id": "out_b7a4b4c1",
      "output_routing_name": "(default audio output)"
    }
  ]
}
VitHeadlessService: command reply (truncated): {
  "status": "ok",
  "project_path": "",
  "tracks": [
    {
      "track_id": "1002",
      "track_name": "Arranger",
      "track_type": "track",
      "is_audio_track": false,
      "is_audio": false,
     
ZmqGateway: received command payload: {"cmd":"list_tracks"}
ZmqGateway: dispatching payload to JUCE message thread.
VitHeadlessService: processing queued command on JUCE message thread: {"cmd":"list_tracks"}
Command received: {"cmd":"list_tracks"}
Command executed: list_tracks, result: {
  "status": "ok",
  "message": "Track list fetched",
  "tracks": [
    {
      "track_id": "1002",
      "name": "Arranger",
      "track_type": "track",
      "is_audio": false,
      "is_audio_track": false,
      "vit_type": "",
      "vit_intent": "",
      "plugin_count": 0,
      "plugins": []
    },
    {
      "track_id": "1003",
      "name": "Chord",
      "track_type": "track",
      "is_audio": false,
      "is_audio_track": false,
      "vit_type": "",
      "vit_intent": "",
      "plugin_count": 0,
      "plugins": []
    },
    {
      "track_id": "1004",
      "name": "Marker",
      "track_type": "track",
      "is_audio": false,
      "is_audio_track": false,
      "vit_type": "",
      "vit_intent": "",
      "plugin_count": 0,
      "plugins": []
    },
    {
      "track_id": "1005",
      "name": "Tempo",
      "track_type": "track",
      "is_audio": false,
      "is_audio_track": false,
      "vit_type": "",
      "vit_intent": "",
      "plugin_count": 0,
      "plugins": []
    },
    {
      "track_id": "1006",
      "name": "Master",
      "track_type": "master",
      "is_audio": false,
      "is_audio_track": false,
      "vit_type": "",
      "vit_intent": "",
      "plugin_count": 0,
      "plugins": []
    },
    {
      "track_id": "1007",
      "name": "Track 1",
      "track_type": "hybrid",
      "is_audio": true,
      "is_audio_track": true,
      "vit_type": "",
      "vit_intent": "",
      "plugin_count": 2,
      "plugins": [
        {
          "name": "Volume & Pan Plugin",
          "type": "volume",
          "enabled": true
        },
        {
          "name": "Level Meter",
          "type": "level",
          "enabled": true
        }
      ]
    }
  ]
}
VitHeadlessService: command reply (truncated): {
  "status": "ok",
  "message": "Track list fetched",
  "tracks": [
    {
      "track_id": "1002",
      "name": "Arranger",
      "track_type": "track",
      "is_audio": false,
      "is_audio_track": false,
ZmqGateway: received command payload: {"clip_id":"1011","cmd":"resize_clip","new_length":19.4093189239502,"new_length_seconds":9.70465946197509,"new_start":3.04662704467773,"new_start_seconds":1.52331352233887,"offset_in_source":0.590681076049814,"offset_in_source_seconds":0.295340538024907,"overlap_mode":"cut","time_unit":"beats","track_id":"1007"}
ZmqGateway: dispatching payload to JUCE message thread.
VitHeadlessService: processing queued command on JUCE message thread: {"clip_id":"1011","cmd":"resize_clip","new_length":19.4093189239502,"new_length_seconds":9.70465946197509,"new_start":3.04662704467773,"new_start_seconds":1.52331352233887,"offset_in_source":0.590681076049814,"offset_in_source_seconds":0.295340538024907,"overlap_mode":"cut","time_unit":"beats","track_id":"1007"}
Command received: {"clip_id":"1011","cmd":"resize_clip","new_length":19.4093189239502,"new_length_seconds":9.70465946197509,"new_start":3.04662704467773,"new_start_seconds":1.52331352233887,"offset_in_source":0.590681076049814,"offset_in_source_seconds":0.295340538024907,"overlap_mode":"cut","time_unit":"beats","track_id":"1007"}
Command executed: resize_clip, result: {
  "status": "ok",
  "message": "Clip resized",
  "clip_id": "1011",
  "track_id": "1007",
  "affected_track_id": "1007",
  "new_start_seconds": 1.523313522338865,
  "new_length_seconds": 9.704659461975099,
  "offset_in_source_seconds": 0.295340538024907,
  "overlap_mode": "cut",
  "created_clip_ids": [],
  "removed_clip_ids": [],
  "affected_clip_ids": []
}
VitHeadlessService: command reply (truncated): {
  "status": "ok",
  "message": "Clip resized",
  "clip_id": "1011",
  "track_id": "1007",
  "affected_track_id": "1007",
  "new_start_seconds": 1.523313522338865,
  "new_length_seconds": 9.704659461975099,
  "o
ZmqGateway: received command payload: {"cmd":"get_project_state"}
ZmqGateway: dispatching payload to JUCE message thread.
VitHeadlessService: processing queued command on JUCE message thread: {"cmd":"get_project_state"}
Command received: {"cmd":"get_project_state"}
Command executed: get_project_state, result: {
  "status": "ok",
  "project_path": "",
  "tracks": [
    {
      "track_id": "1002",
      "track_name": "Arranger",
      "track_type": "track",
      "is_audio_track": false,
      "is_audio": false,
      "plugins": [],
      "clips": []
    },
    {
      "track_id": "1003",
      "track_name": "Chord",
      "track_type": "track",
      "is_audio_track": false,
      "is_audio": false,
      "plugins": [],
      "clips": []
    },
    {
      "track_id": "1004",
      "track_name": "Marker",
      "track_type": "track",
      "is_audio_track": false,
      "is_audio": false,
      "plugins": [],
      "clips": []
    },
    {
      "track_id": "1005",
      "track_name": "Tempo",
      "track_type": "track",
      "is_audio_track": false,
      "is_audio": false,
      "plugins": [],
      "clips": []
    },
    {
      "track_id": "1006",
      "track_name": "Master",
      "track_type": "master",
      "is_audio_track": false,
      "is_audio": false,
      "plugins": [],
      "clips": []
    },
    {
      "track_id": "1007",
      "track_name": "Track 1",
      "track_type": "hybrid",
      "is_audio_track": true,
      "is_audio": true,
      "plugins": [
        {
          "id": "1008",
          "item_id": "1008",
          "name": "Volume & Pan Plugin",
          "type": "volume",
          "enabled": true
        },
        {
          "id": "1009",
          "item_id": "1009",
          "name": "Level Meter",
          "type": "level",
          "enabled": true
        }
      ],
      "clips": [
        {
          "id": "1011",
          "name": "test_100hz_10s",
          "clip_type": "wave",
          "start_seconds": 1.523313522338865,
          "end_seconds": 11.227972984313965,
          "length_seconds": 9.704659461975099,
          "offset_in_source_seconds": 0.295340538024907,
          "file_path": "D:\\Vit_DAW\\test_100hz_10s.wav",
          "current_source_path": "D:\\Vit_DAW\\test_100hz_10s.wav",
          "playback_source_valid": true
        }
      ],
      "output_to_device_resolved": true,
      "output_device_enabled": true,
      "output_device_id": "out_b7a4b4c1",
      "output_routing_name": "(default audio output)"
    }
  ]
}
VitHeadlessService: command reply (truncated): {
  "status": "ok",
  "project_path": "",
  "tracks": [
    {
      "track_id": "1002",
      "track_name": "Arranger",
      "track_type": "track",
      "is_audio_track": false,
      "is_audio": false,
     
ZmqGateway: received command payload: {"clip_id":"1011","cmd":"warm_waveform_bake","file_path":"D:\\Vit_DAW\\test_100hz_10s.wav","track_id":"1007"}
ZmqGateway: dispatching payload to JUCE message thread.
VitHeadlessService: processing queued command on JUCE message thread: {"clip_id":"1011","cmd":"warm_waveform_bake","file_path":"D:\\Vit_DAW\\test_100hz_10s.wav","track_id":"1007"}
Command received: {"clip_id":"1011","cmd":"warm_waveform_bake","file_path":"D:\\Vit_DAW\\test_100hz_10s.wav","track_id":"1007"}
Command executed: warm_waveform_bake, result: {
  "status": "ok",
  "cmd": "warm_waveform_bake",
  "track_id": "1007",
  "clip_id": "1011",
  "file_path": "D:\\Vit_DAW\\test_100hz_10s.wav",
  "message": "Waveform bake started (no new clip inserted)"
}
VitHeadlessService: command reply (truncated): {
  "status": "ok",
  "cmd": "warm_waveform_bake",
  "track_id": "1007",
  "clip_id": "1011",
  "file_path": "D:\\Vit_DAW\\test_100hz_10s.wav",
  "message": "Waveform bake started (no new clip inserted)"
}
ZmqGateway: received command payload: {"cmd":"list_tracks"}
ZmqGateway: dispatching payload to JUCE message thread.
VitHeadlessService: processing queued command on JUCE message thread: {"cmd":"list_tracks"}
Command received: {"cmd":"list_tracks"}
Command executed: list_tracks, result: {
  "status": "ok",
  "message": "Track list fetched",
  "tracks": [
    {
      "track_id": "1002",
      "name": "Arranger",
      "track_type": "track",
      "is_audio": false,
      "is_audio_track": false,
      "vit_type": "",
      "vit_intent": "",
      "plugin_count": 0,
      "plugins": []
    },
    {
      "track_id": "1003",
      "name": "Chord",
      "track_type": "track",
      "is_audio": false,
      "is_audio_track": false,
      "vit_type": "",
      "vit_intent": "",
      "plugin_count": 0,
      "plugins": []
    },
    {
      "track_id": "1004",
      "name": "Marker",
      "track_type": "track",
      "is_audio": false,
      "is_audio_track": false,
      "vit_type": "",
      "vit_intent": "",
      "plugin_count": 0,
      "plugins": []
    },
    {
      "track_id": "1005",
      "name": "Tempo",
      "track_type": "track",
      "is_audio": false,
      "is_audio_track": false,
      "vit_type": "",
      "vit_intent": "",
      "plugin_count": 0,
      "plugins": []
    },
    {
      "track_id": "1006",
      "name": "Master",
      "track_type": "master",
      "is_audio": false,
      "is_audio_track": false,
      "vit_type": "",
      "vit_intent": "",
      "plugin_count": 0,
      "plugins": []
    },
    {
      "track_id": "1007",
      "name": "Track 1",
      "track_type": "hybrid",
      "is_audio": true,
      "is_audio_track": true,
      "vit_type": "",
      "vit_intent": "",
      "plugin_count": 2,
      "plugins": [
        {
          "name": "Volume & Pan Plugin",
          "type": "volume",
          "enabled": true
        },
        {
          "name": "Level Meter",
          "type": "level",
          "enabled": true
        }
      ]
    }
  ]
}
VitHeadlessService: command reply (truncated): {
  "status": "ok",
  "message": "Track list fetched",
  "tracks": [
    {
      "track_id": "1002",
      "name": "Arranger",
      "track_type": "track",
      "is_audio": false,
      "is_audio_track": false,
ZmqGateway: received command payload: {"cmd":"seek","time":1.41450595855713}
ZmqGateway: dispatching payload to JUCE message thread.
VitHeadlessService: processing queued command on JUCE message thread: {"cmd":"seek","time":1.41450595855713}
Command received: {"cmd":"seek","time":1.41450595855713}
CommandDispatcher::handleSeek: position set to 1.4145s
Command executed: seek, result: {
  "status": "ok",
  "message": "Seek executed",
  "position_seconds": 1.41450595855713
}
VitHeadlessService: command reply (truncated): {
  "status": "ok",
  "message": "Seek executed",
  "position_seconds": 1.41450595855713
}
ZmqGateway: received command payload: {"cmd":"seek","time":1.41450595855713}
ZmqGateway: dispatching payload to JUCE message thread.
VitHeadlessService: processing queued command on JUCE message thread: {"cmd":"seek","time":1.41450595855713}
Command received: {"cmd":"seek","time":1.41450595855713}
CommandDispatcher::handleSeek: position set to 1.4145s
Command executed: seek, result: {
  "status": "ok",
  "message": "Seek executed",
  "position_seconds": 1.41450595855713
}
VitHeadlessService: command reply (truncated): {
  "status": "ok",
  "message": "Seek executed",
  "position_seconds": 1.41450595855713
}
ZmqGateway: received command payload: {"cmd":"seek","time":1.41450595855713}
ZmqGateway: dispatching payload to JUCE message thread.
VitHeadlessService: processing queued command on JUCE message thread: {"cmd":"seek","time":1.41450595855713}
Command received: {"cmd":"seek","time":1.41450595855713}
CommandDispatcher::handleSeek: position set to 1.4145s
Command executed: seek, result: {
  "status": "ok",
  "message": "Seek executed",
  "position_seconds": 1.41450595855713
}
VitHeadlessService: command reply (truncated): {
  "status": "ok",
  "message": "Seek executed",
  "position_seconds": 1.41450595855713
}
ZmqGateway: received command payload: {"cmd":"seek","time":1.41450595855713}
ZmqGateway: dispatching payload to JUCE message thread.
VitHeadlessService: processing queued command on JUCE message thread: {"cmd":"seek","time":1.41450595855713}
Command received: {"cmd":"seek","time":1.41450595855713}
CommandDispatcher::handleSeek: position set to 1.4145s
Command executed: seek, result: {
  "status": "ok",
  "message": "Seek executed",
  "position_seconds": 1.41450595855713
}
VitHeadlessService: command reply (truncated): {
  "status": "ok",
  "message": "Seek executed",
  "position_seconds": 1.41450595855713
}
ZmqGateway: received command payload: {"cmd":"seek","time":1.41450595855713}
ZmqGateway: dispatching payload to JUCE message thread.
VitHeadlessService: processing queued command on JUCE message thread: {"cmd":"seek","time":1.41450595855713}
Command received: {"cmd":"seek","time":1.41450595855713}
CommandDispatcher::handleSeek: position set to 1.4145s
Command executed: seek, result: {
  "status": "ok",
  "message": "Seek executed",
  "position_seconds": 1.41450595855713
}
VitHeadlessService: command reply (truncated): {
  "status": "ok",
  "message": "Seek executed",
  "position_seconds": 1.41450595855713
}
ZmqGateway: received command payload: {"cmd":"seek","time":1.41450595855713}
ZmqGateway: dispatching payload to JUCE message thread.
VitHeadlessService: processing queued command on JUCE message thread: {"cmd":"seek","time":1.41450595855713}
Command received: {"cmd":"seek","time":1.41450595855713}
CommandDispatcher::handleSeek: position set to 1.4145s
Command executed: seek, result: {
  "status": "ok",
  "message": "Seek executed",
  "position_seconds": 1.41450595855713
}
VitHeadlessService: command reply (truncated): {
  "status": "ok",
  "message": "Seek executed",
  "position_seconds": 1.41450595855713
}
ZmqGateway: received command payload: {"cmd":"seek","time":1.41450595855713}
ZmqGateway: dispatching payload to JUCE message thread.
VitHeadlessService: processing queued command on JUCE message thread: {"cmd":"seek","time":1.41450595855713}
Command received: {"cmd":"seek","time":1.41450595855713}
CommandDispatcher::handleSeek: position set to 1.4145s
Command executed: seek, result: {
  "status": "ok",
  "message": "Seek executed",
  "position_seconds": 1.41450595855713
}
VitHeadlessService: command reply (truncated): {
  "status": "ok",
  "message": "Seek executed",
  "position_seconds": 1.41450595855713
}
ZmqGateway: received command payload: {"cmd":"seek","time":1.41450595855713}
ZmqGateway: dispatching payload to JUCE message thread.
VitHeadlessService: processing queued command on JUCE message thread: {"cmd":"seek","time":1.41450595855713}
Command received: {"cmd":"seek","time":1.41450595855713}
CommandDispatcher::handleSeek: position set to 1.4145s
Command executed: seek, result: {
  "status": "ok",
  "message": "Seek executed",
  "position_seconds": 1.41450595855713
}
VitHeadlessService: command reply (truncated): {
  "status": "ok",
  "message": "Seek executed",
  "position_seconds": 1.41450595855713
}
ZmqGateway: received command payload: {"cmd":"seek","time":1.41450595855713}
ZmqGateway: dispatching payload to JUCE message thread.
VitHeadlessService: processing queued command on JUCE message thread: {"cmd":"seek","time":1.41450595855713}
Command received: {"cmd":"seek","time":1.41450595855713}
CommandDispatcher::handleSeek: position set to 1.4145s
Command executed: seek, result: {
  "status": "ok",
  "message": "Seek executed",
  "position_seconds": 1.41450595855713
}
VitHeadlessService: command reply (truncated): {
  "status": "ok",
  "message": "Seek executed",
  "position_seconds": 1.41450595855713
}
ZmqGateway: received command payload: {"cmd":"seek","time":1.41450595855713}
ZmqGateway: dispatching payload to JUCE message thread.
VitHeadlessService: processing queued command on JUCE message thread: {"cmd":"seek","time":1.41450595855713}
Command received: {"cmd":"seek","time":1.41450595855713}
CommandDispatcher::handleSeek: position set to 1.4145s
Command executed: seek, result: {
  "status": "ok",
  "message": "Seek executed",
  "position_seconds": 1.41450595855713
}
VitHeadlessService: command reply (truncated): {
  "status": "ok",
  "message": "Seek executed",
  "position_seconds": 1.41450595855713
}
ZmqGateway: received command payload: {"cmd":"seek","time":1.41450595855713}
ZmqGateway: dispatching payload to JUCE message thread.
VitHeadlessService: processing queued command on JUCE message thread: {"cmd":"seek","time":1.41450595855713}
Command received: {"cmd":"seek","time":1.41450595855713}
CommandDispatcher::handleSeek: position set to 1.4145s
Command executed: seek, result: {
  "status": "ok",
  "message": "Seek executed",
  "position_seconds": 1.41450595855713
}
VitHeadlessService: command reply (truncated): {
  "status": "ok",
  "message": "Seek executed",
  "position_seconds": 1.41450595855713
}
ZmqGateway: received command payload: {"cmd":"seek","time":1.41450595855713}
ZmqGateway: dispatching payload to JUCE message thread.
VitHeadlessService: processing queued command on JUCE message thread: {"cmd":"seek","time":1.41450595855713}
Command received: {"cmd":"seek","time":1.41450595855713}
CommandDispatcher::handleSeek: position set to 1.4145s
Command executed: seek, result: {
  "status": "ok",
  "message": "Seek executed",
  "position_seconds": 1.41450595855713
}
VitHeadlessService: command reply (truncated): {
  "status": "ok",
  "message": "Seek executed",
  "position_seconds": 1.41450595855713
}
ZmqGateway: received command payload: {"cmd":"seek","time":1.41450595855713}
ZmqGateway: dispatching payload to JUCE message thread.
VitHeadlessService: processing queued command on JUCE message thread: {"cmd":"seek","time":1.41450595855713}
Command received: {"cmd":"seek","time":1.41450595855713}
CommandDispatcher::handleSeek: position set to 1.4145s
Command executed: seek, result: {
  "status": "ok",
  "message": "Seek executed",
  "position_seconds": 1.41450595855713
}
VitHeadlessService: command reply (truncated): {
  "status": "ok",
  "message": "Seek executed",
  "position_seconds": 1.41450595855713
}
ZmqGateway: received command payload: {"cmd":"seek","time":1.41450595855713}
ZmqGateway: dispatching payload to JUCE message thread.
VitHeadlessService: processing queued command on JUCE message thread: {"cmd":"seek","time":1.41450595855713}
Command received: {"cmd":"seek","time":1.41450595855713}
CommandDispatcher::handleSeek: position set to 1.4145s
Command executed: seek, result: {
  "status": "ok",
  "message": "Seek executed",
  "position_seconds": 1.41450595855713
}
VitHeadlessService: command reply (truncated): {
  "status": "ok",
  "message": "Seek executed",
  "position_seconds": 1.41450595855713
}
ZmqGateway: received command payload: {"cmd":"seek","time":1.41450595855713}
ZmqGateway: dispatching payload to JUCE message thread.
VitHeadlessService: processing queued command on JUCE message thread: {"cmd":"seek","time":1.41450595855713}
Command received: {"cmd":"seek","time":1.41450595855713}
CommandDispatcher::handleSeek: position set to 1.4145s
Command executed: seek, result: {
  "status": "ok",
  "message": "Seek executed",
  "position_seconds": 1.41450595855713
}
VitHeadlessService: command reply (truncated): {
  "status": "ok",
  "message": "Seek executed",
  "position_seconds": 1.41450595855713
}
ZmqGateway: received command payload: {"cmd":"seek","time":1.41450595855713}
ZmqGateway: dispatching payload to JUCE message thread.
VitHeadlessService: processing queued command on JUCE message thread: {"cmd":"seek","time":1.41450595855713}
Command received: {"cmd":"seek","time":1.41450595855713}
CommandDispatcher::handleSeek: position set to 1.4145s
Command executed: seek, result: {
  "status": "ok",
  "message": "Seek executed",
  "position_seconds": 1.41450595855713
}
VitHeadlessService: command reply (truncated): {
  "status": "ok",
  "message": "Seek executed",
  "position_seconds": 1.41450595855713
}
ZmqGateway: received command payload: {"cmd":"seek","time":1.47668170928955}
ZmqGateway: dispatching payload to JUCE message thread.
VitHeadlessService: processing queued command on JUCE message thread: {"cmd":"seek","time":1.47668170928955}
Command received: {"cmd":"seek","time":1.47668170928955}
CommandDispatcher::handleSeek: position set to 1.4767s
Command executed: seek, result: {
  "status": "ok",
  "message": "Seek executed",
  "position_seconds": 1.47668170928955
}
VitHeadlessService: command reply (truncated): {
  "status": "ok",
  "message": "Seek executed",
  "position_seconds": 1.47668170928955
}
ZmqGateway: received command payload: {"cmd":"seek","time":1.55440235137939}
ZmqGateway: dispatching payload to JUCE message thread.
VitHeadlessService: processing queued command on JUCE message thread: {"cmd":"seek","time":1.55440235137939}
Command received: {"cmd":"seek","time":1.55440235137939}
CommandDispatcher::handleSeek: position set to 1.5544s
Command executed: seek, result: {
  "status": "ok",
  "message": "Seek executed",
  "position_seconds": 1.55440235137939
}
VitHeadlessService: command reply (truncated): {
  "status": "ok",
  "message": "Seek executed",
  "position_seconds": 1.55440235137939
}
ZmqGateway: received command payload: {"cmd":"seek","time":1.63212203979492}
ZmqGateway: dispatching payload to JUCE message thread.
VitHeadlessService: processing queued command on JUCE message thread: {"cmd":"seek","time":1.63212203979492}
Command received: {"cmd":"seek","time":1.63212203979492}
CommandDispatcher::handleSeek: position set to 1.6321s
Command executed: seek, result: {
  "status": "ok",
  "message": "Seek executed",
  "position_seconds": 1.63212203979492
}
VitHeadlessService: command reply (truncated): {
  "status": "ok",
  "message": "Seek executed",
  "position_seconds": 1.63212203979492
}
ZmqGateway: received command payload: {"cmd":"seek","time":1.72538661956787}
ZmqGateway: dispatching payload to JUCE message thread.
VitHeadlessService: processing queued command on JUCE message thread: {"cmd":"seek","time":1.72538661956787}
Command received: {"cmd":"seek","time":1.72538661956787}
CommandDispatcher::handleSeek: position set to 1.7254s
Command executed: seek, result: {
  "status": "ok",
  "message": "Seek executed",
  "position_seconds": 1.72538661956787
}
VitHeadlessService: command reply (truncated): {
  "status": "ok",
  "message": "Seek executed",
  "position_seconds": 1.72538661956787
}
ZmqGateway: received command payload: {"cmd":"seek","time":1.78756237030029}
ZmqGateway: dispatching payload to JUCE message thread.
VitHeadlessService: processing queued command on JUCE message thread: {"cmd":"seek","time":1.78756237030029}
Command received: {"cmd":"seek","time":1.78756237030029}
CommandDispatcher::handleSeek: position set to 1.7876s
Command executed: seek, result: {
  "status": "ok",
  "message": "Seek executed",
  "position_seconds": 1.78756237030029
}
VitHeadlessService: command reply (truncated): {
  "status": "ok",
  "message": "Seek executed",
  "position_seconds": 1.78756237030029
}
ZmqGateway: received command payload: {"cmd":"seek","time":1.83419513702393}
ZmqGateway: dispatching payload to JUCE message thread.
VitHeadlessService: processing queued command on JUCE message thread: {"cmd":"seek","time":1.83419513702393}
Command received: {"cmd":"seek","time":1.83419513702393}
CommandDispatcher::handleSeek: position set to 1.8342s
Command executed: seek, result: {
  "status": "ok",
  "message": "Seek executed",
  "position_seconds": 1.83419513702393
}
VitHeadlessService: command reply (truncated): {
  "status": "ok",
  "message": "Seek executed",
  "position_seconds": 1.83419513702393
}
ZmqGateway: received command payload: {"cmd":"seek","time":1.88082695007324}
ZmqGateway: dispatching payload to JUCE message thread.
VitHeadlessService: processing queued command on JUCE message thread: {"cmd":"seek","time":1.88082695007324}
Command received: {"cmd":"seek","time":1.88082695007324}
CommandDispatcher::handleSeek: position set to 1.8808s
Command executed: seek, result: {
  "status": "ok",
  "message": "Seek executed",
  "position_seconds": 1.88082695007324
}
VitHeadlessService: command reply (truncated): {
  "status": "ok",
  "message": "Seek executed",
  "position_seconds": 1.88082695007324
}
ZmqGateway: received command payload: {"cmd":"seek","time":1.91191482543945}
ZmqGateway: dispatching payload to JUCE message thread.
VitHeadlessService: processing queued command on JUCE message thread: {"cmd":"seek","time":1.91191482543945}
Command received: {"cmd":"seek","time":1.91191482543945}
CommandDispatcher::handleSeek: position set to 1.9119s
Command executed: seek, result: {
  "status": "ok",
  "message": "Seek executed",
  "position_seconds": 1.91191482543945
}
VitHeadlessService: command reply (truncated): {
  "status": "ok",
  "message": "Seek executed",
  "position_seconds": 1.91191482543945
}
ZmqGateway: received command payload: {"cmd":"seek","time":1.92745876312256}
ZmqGateway: dispatching payload to JUCE message thread.
VitHeadlessService: processing queued command on JUCE message thread: {"cmd":"seek","time":1.92745876312256}
Command received: {"cmd":"seek","time":1.92745876312256}
CommandDispatcher::handleSeek: position set to 1.9275s
Command executed: seek, result: {
  "status": "ok",
  "message": "Seek executed",
  "position_seconds": 1.92745876312256
}
VitHeadlessService: command reply (truncated): {
  "status": "ok",
  "message": "Seek executed",
  "position_seconds": 1.92745876312256
}
ZmqGateway: received command payload: {"cmd":"seek","time":1.94300270080566}
ZmqGateway: dispatching payload to JUCE message thread.
VitHeadlessService: processing queued command on JUCE message thread: {"cmd":"seek","time":1.94300270080566}
Command received: {"cmd":"seek","time":1.94300270080566}
CommandDispatcher::handleSeek: position set to 1.9430s
Command executed: seek, result: {
  "status": "ok",
  "message": "Seek executed",
  "position_seconds": 1.94300270080566
}
VitHeadlessService: command reply (truncated): {
  "status": "ok",
  "message": "Seek executed",
  "position_seconds": 1.94300270080566
}
ZmqGateway: received command payload: {"cmd":"seek","time":1.94300270080566}
ZmqGateway: dispatching payload to JUCE message thread.
VitHeadlessService: processing queued command on JUCE message thread: {"cmd":"seek","time":1.94300270080566}
Command received: {"cmd":"seek","time":1.94300270080566}
CommandDispatcher::handleSeek: position set to 1.9430s
Command executed: seek, result: {
  "status": "ok",
  "message": "Seek executed",
  "position_seconds": 1.94300270080566
}
VitHeadlessService: command reply (truncated): {
  "status": "ok",
  "message": "Seek executed",
  "position_seconds": 1.94300270080566
}
ZmqGateway: received command payload: {"cmd":"seek","time":1.94300270080566}
ZmqGateway: dispatching payload to JUCE message thread.
VitHeadlessService: processing queued command on JUCE message thread: {"cmd":"seek","time":1.94300270080566}
Command received: {"cmd":"seek","time":1.94300270080566}
CommandDispatcher::handleSeek: position set to 1.9430s
Command executed: seek, result: {
  "status": "ok",
  "message": "Seek executed",
  "position_seconds": 1.94300270080566
}
VitHeadlessService: command reply (truncated): {
  "status": "ok",
  "message": "Seek executed",
  "position_seconds": 1.94300270080566
}
ZmqGateway: received command payload: {"cmd":"seek","time":1.94300270080566}
ZmqGateway: dispatching payload to JUCE message thread.
VitHeadlessService: processing queued command on JUCE message thread: {"cmd":"seek","time":1.94300270080566}
Command received: {"cmd":"seek","time":1.94300270080566}
CommandDispatcher::handleSeek: position set to 1.9430s
Command executed: seek, result: {
  "status": "ok",
  "message": "Seek executed",
  "position_seconds": 1.94300270080566
}
VitHeadlessService: command reply (truncated): {
  "status": "ok",
  "message": "Seek executed",
  "position_seconds": 1.94300270080566
}
ZmqGateway: received command payload: {"cmd":"seek","time":1.94300270080566}
ZmqGateway: dispatching payload to JUCE message thread.
VitHeadlessService: processing queued command on JUCE message thread: {"cmd":"seek","time":1.94300270080566}
Command received: {"cmd":"seek","time":1.94300270080566}
CommandDispatcher::handleSeek: position set to 1.9430s
Command executed: seek, result: {
  "status": "ok",
  "message": "Seek executed",
  "position_seconds": 1.94300270080566
}
VitHeadlessService: command reply (truncated): {
  "status": "ok",
  "message": "Seek executed",
  "position_seconds": 1.94300270080566
}
ZmqGateway: received command payload: {"cmd":"seek","time":1.94300270080566}
ZmqGateway: dispatching payload to JUCE message thread.
VitHeadlessService: processing queued command on JUCE message thread: {"cmd":"seek","time":1.94300270080566}
Command received: {"cmd":"seek","time":1.94300270080566}
CommandDispatcher::handleSeek: position set to 1.9430s
Command executed: seek, result: {
  "status": "ok",
  "message": "Seek executed",
  "position_seconds": 1.94300270080566
}
VitHeadlessService: command reply (truncated): {
  "status": "ok",
  "message": "Seek executed",
  "position_seconds": 1.94300270080566
}
ZmqGateway: received command payload: {"cmd":"seek","time":1.94300270080566}
ZmqGateway: dispatching payload to JUCE message thread.
VitHeadlessService: processing queued command on JUCE message thread: {"cmd":"seek","time":1.94300270080566}
Command received: {"cmd":"seek","time":1.94300270080566}
CommandDispatcher::handleSeek: position set to 1.9430s
Command executed: seek, result: {
  "status": "ok",
  "message": "Seek executed",
  "position_seconds": 1.94300270080566
}
VitHeadlessService: command reply (truncated): {
  "status": "ok",
  "message": "Seek executed",
  "position_seconds": 1.94300270080566
}
ZmqGateway: received command payload: {"cmd":"seek","time":1.94300270080566}
ZmqGateway: dispatching payload to JUCE message thread.
VitHeadlessService: processing queued command on JUCE message thread: {"cmd":"seek","time":1.94300270080566}
Command received: {"cmd":"seek","time":1.94300270080566}
CommandDispatcher::handleSeek: position set to 1.9430s
Command executed: seek, result: {
  "status": "ok",
  "message": "Seek executed",
  "position_seconds": 1.94300270080566
}
VitHeadlessService: command reply (truncated): {
  "status": "ok",
  "message": "Seek executed",
  "position_seconds": 1.94300270080566
}
ZmqGateway: received command payload: {"cmd":"seek","time":1.94300270080566}
ZmqGateway: dispatching payload to JUCE message thread.
VitHeadlessService: processing queued command on JUCE message thread: {"cmd":"seek","time":1.94300270080566}
Command received: {"cmd":"seek","time":1.94300270080566}
CommandDispatcher::handleSeek: position set to 1.9430s
Command executed: seek, result: {
  "status": "ok",
  "message": "Seek executed",
  "position_seconds": 1.94300270080566
}
VitHeadlessService: command reply (truncated): {
  "status": "ok",
  "message": "Seek executed",
  "position_seconds": 1.94300270080566
}
ZmqGateway: received command payload: {"cmd":"seek","time":1.94300270080566}
ZmqGateway: dispatching payload to JUCE message thread.
VitHeadlessService: processing queued command on JUCE message thread: {"cmd":"seek","time":1.94300270080566}
Command received: {"cmd":"seek","time":1.94300270080566}
CommandDispatcher::handleSeek: position set to 1.9430s
Command executed: seek, result: {
  "status": "ok",
  "message": "Seek executed",
  "position_seconds": 1.94300270080566
}
VitHeadlessService: command reply (truncated): {
  "status": "ok",
  "message": "Seek executed",
  "position_seconds": 1.94300270080566
}
ZmqGateway: received command payload: {"cmd":"seek","time":1.94300270080566}
ZmqGateway: dispatching payload to JUCE message thread.
VitHeadlessService: processing queued command on JUCE message thread: {"cmd":"seek","time":1.94300270080566}
Command received: {"cmd":"seek","time":1.94300270080566}
CommandDispatcher::handleSeek: position set to 1.9430s
Command executed: seek, result: {
  "status": "ok",
  "message": "Seek executed",
  "position_seconds": 1.94300270080566
}
VitHeadlessService: command reply (truncated): {
  "status": "ok",
  "message": "Seek executed",
  "position_seconds": 1.94300270080566
}
ZmqGateway: received command payload: {"cmd":"seek","time":1.94300270080566}
ZmqGateway: dispatching payload to JUCE message thread.
VitHeadlessService: processing queued command on JUCE message thread: {"cmd":"seek","time":1.94300270080566}
Command received: {"cmd":"seek","time":1.94300270080566}
CommandDispatcher::handleSeek: position set to 1.9430s
Command executed: seek, result: {
  "status": "ok",
  "message": "Seek executed",
  "position_seconds": 1.94300270080566
}
VitHeadlessService: command reply (truncated): {
  "status": "ok",
  "message": "Seek executed",
  "position_seconds": 1.94300270080566
}
ZmqGateway: received command payload: {"cmd":"seek","time":1.94300270080566}
ZmqGateway: dispatching payload to JUCE message thread.
VitHeadlessService: processing queued command on JUCE message thread: {"cmd":"seek","time":1.94300270080566}
Command received: {"cmd":"seek","time":1.94300270080566}
CommandDispatcher::handleSeek: position set to 1.9430s
Command executed: seek, result: {
  "status": "ok",
  "message": "Seek executed",
  "position_seconds": 1.94300270080566
}
VitHeadlessService: command reply (truncated): {
  "status": "ok",
  "message": "Seek executed",
  "position_seconds": 1.94300270080566
}
ZmqGateway: received command payload: {"cmd":"seek","time":1.94300270080566}
ZmqGateway: dispatching payload to JUCE message thread.
VitHeadlessService: processing queued command on JUCE message thread: {"cmd":"seek","time":1.94300270080566}
Command received: {"cmd":"seek","time":1.94300270080566}
CommandDispatcher::handleSeek: position set to 1.9430s
Command executed: seek, result: {
  "status": "ok",
  "message": "Seek executed",
  "position_seconds": 1.94300270080566
}
VitHeadlessService: command reply (truncated): {
  "status": "ok",
  "message": "Seek executed",
  "position_seconds": 1.94300270080566
}
ZmqGateway: received command payload: {"cmd":"seek","time":1.94300270080566}
ZmqGateway: dispatching payload to JUCE message thread.
VitHeadlessService: processing queued command on JUCE message thread: {"cmd":"seek","time":1.94300270080566}
Command received: {"cmd":"seek","time":1.94300270080566}
CommandDispatcher::handleSeek: position set to 1.9430s
Command executed: seek, result: {
  "status": "ok",
  "message": "Seek executed",
  "position_seconds": 1.94300270080566
}
VitHeadlessService: command reply (truncated): {
  "status": "ok",
  "message": "Seek executed",
  "position_seconds": 1.94300270080566
}
ZmqGateway: received command payload: {"cmd":"seek","time":1.94300270080566}
ZmqGateway: dispatching payload to JUCE message thread.
VitHeadlessService: processing queued command on JUCE message thread: {"cmd":"seek","time":1.94300270080566}
Command received: {"cmd":"seek","time":1.94300270080566}
CommandDispatcher::handleSeek: position set to 1.9430s
Command executed: seek, result: {
  "status": "ok",
  "message": "Seek executed",
  "position_seconds": 1.94300270080566
}
VitHeadlessService: command reply (truncated): {
  "status": "ok",
  "message": "Seek executed",
  "position_seconds": 1.94300270080566
}
ZmqGateway: received command payload: {"cmd":"seek","time":1.94300270080566}
ZmqGateway: dispatching payload to JUCE message thread.
VitHeadlessService: processing queued command on JUCE message thread: {"cmd":"seek","time":1.94300270080566}
Command received: {"cmd":"seek","time":1.94300270080566}
CommandDispatcher::handleSeek: position set to 1.9430s
Command executed: seek, result: {
  "status": "ok",
  "message": "Seek executed",
  "position_seconds": 1.94300270080566
}
VitHeadlessService: command reply (truncated): {
  "status": "ok",
  "message": "Seek executed",
  "position_seconds": 1.94300270080566
}
ZmqGateway: received command payload: {"cmd":"seek","time":1.94300270080566}
ZmqGateway: dispatching payload to JUCE message thread.
VitHeadlessService: processing queued command on JUCE message thread: {"cmd":"seek","time":1.94300270080566}
Command received: {"cmd":"seek","time":1.94300270080566}
CommandDispatcher::handleSeek: position set to 1.9430s
Command executed: seek, result: {
  "status": "ok",
  "message": "Seek executed",
  "position_seconds": 1.94300270080566
}
VitHeadlessService: command reply (truncated): {
  "status": "ok",
  "message": "Seek executed",
  "position_seconds": 1.94300270080566
}
ZmqGateway: received command payload: {"cmd":"seek","time":1.94300270080566}
ZmqGateway: dispatching payload to JUCE message thread.
VitHeadlessService: processing queued command on JUCE message thread: {"cmd":"seek","time":1.94300270080566}
Command received: {"cmd":"seek","time":1.94300270080566}
CommandDispatcher::handleSeek: position set to 1.9430s
Command executed: seek, result: {
  "status": "ok",
  "message": "Seek executed",
  "position_seconds": 1.94300270080566
}
VitHeadlessService: command reply (truncated): {
  "status": "ok",
  "message": "Seek executed",
  "position_seconds": 1.94300270080566
}
ZmqGateway: received command payload: {"cmd":"seek","time":1.94300270080566}
ZmqGateway: dispatching payload to JUCE message thread.
VitHeadlessService: processing queued command on JUCE message thread: {"cmd":"seek","time":1.94300270080566}
Command received: {"cmd":"seek","time":1.94300270080566}
CommandDispatcher::handleSeek: position set to 1.9430s
Command executed: seek, result: {
  "status": "ok",
  "message": "Seek executed",
  "position_seconds": 1.94300270080566
}
VitHeadlessService: command reply (truncated): {
  "status": "ok",
  "message": "Seek executed",
  "position_seconds": 1.94300270080566
}
ZmqGateway: received command payload: {"cmd":"seek","time":1.94300270080566}
ZmqGateway: dispatching payload to JUCE message thread.
VitHeadlessService: processing queued command on JUCE message thread: {"cmd":"seek","time":1.94300270080566}
Command received: {"cmd":"seek","time":1.94300270080566}
CommandDispatcher::handleSeek: position set to 1.9430s
Command executed: seek, result: {
  "status": "ok",
  "message": "Seek executed",
  "position_seconds": 1.94300270080566
}
VitHeadlessService: command reply (truncated): {
  "status": "ok",
  "message": "Seek executed",
  "position_seconds": 1.94300270080566
}
ZmqGateway: received command payload: {"cmd":"seek","time":1.94300270080566}
ZmqGateway: dispatching payload to JUCE message thread.
VitHeadlessService: processing queued command on JUCE message thread: {"cmd":"seek","time":1.94300270080566}
Command received: {"cmd":"seek","time":1.94300270080566}
CommandDispatcher::handleSeek: position set to 1.9430s
Command executed: seek, result: {
  "status": "ok",
  "message": "Seek executed",
  "position_seconds": 1.94300270080566
}
VitHeadlessService: command reply (truncated): {
  "status": "ok",
  "message": "Seek executed",
  "position_seconds": 1.94300270080566
}
ZmqGateway: received command payload: {"cmd":"seek","time":1.94300270080566}
ZmqGateway: dispatching payload to JUCE message thread.
VitHeadlessService: processing queued command on JUCE message thread: {"cmd":"seek","time":1.94300270080566}
Command received: {"cmd":"seek","time":1.94300270080566}
CommandDispatcher::handleSeek: position set to 1.9430s
Command executed: seek, result: {
  "status": "ok",
  "message": "Seek executed",
  "position_seconds": 1.94300270080566
}
VitHeadlessService: command reply (truncated): {
  "status": "ok",
  "message": "Seek executed",
  "position_seconds": 1.94300270080566
}
ZmqGateway: received command payload: {"cmd":"seek","time":1.94300270080566}
ZmqGateway: dispatching payload to JUCE message thread.
VitHeadlessService: processing queued command on JUCE message thread: {"cmd":"seek","time":1.94300270080566}
Command received: {"cmd":"seek","time":1.94300270080566}
CommandDispatcher::handleSeek: position set to 1.9430s
Command executed: seek, result: {
  "status": "ok",
  "message": "Seek executed",
  "position_seconds": 1.94300270080566
}
VitHeadlessService: command reply (truncated): {
  "status": "ok",
  "message": "Seek executed",
  "position_seconds": 1.94300270080566
}
ZmqGateway: received command payload: {"cmd":"seek","time":1.94300270080566}
ZmqGateway: dispatching payload to JUCE message thread.
VitHeadlessService: processing queued command on JUCE message thread: {"cmd":"seek","time":1.94300270080566}
Command received: {"cmd":"seek","time":1.94300270080566}
CommandDispatcher::handleSeek: position set to 1.9430s
Command executed: seek, result: {
  "status": "ok",
  "message": "Seek executed",
  "position_seconds": 1.94300270080566
}
VitHeadlessService: command reply (truncated): {
  "status": "ok",
  "message": "Seek executed",
  "position_seconds": 1.94300270080566
}
ZmqGateway: received command payload: {"cmd":"seek","time":1.94300270080566}
ZmqGateway: dispatching payload to JUCE message thread.
VitHeadlessService: processing queued command on JUCE message thread: {"cmd":"seek","time":1.94300270080566}
Command received: {"cmd":"seek","time":1.94300270080566}
CommandDispatcher::handleSeek: position set to 1.9430s
Command executed: seek, result: {
  "status": "ok",
  "message": "Seek executed",
  "position_seconds": 1.94300270080566
}
VitHeadlessService: command reply (truncated): {
  "status": "ok",
  "message": "Seek executed",
  "position_seconds": 1.94300270080566
}
ZmqGateway: received command payload: {"cmd":"seek","time":1.94300270080566}
ZmqGateway: dispatching payload to JUCE message thread.
VitHeadlessService: processing queued command on JUCE message thread: {"cmd":"seek","time":1.94300270080566}
Command received: {"cmd":"seek","time":1.94300270080566}
CommandDispatcher::handleSeek: position set to 1.9430s
Command executed: seek, result: {
  "status": "ok",
  "message": "Seek executed",
  "position_seconds": 1.94300270080566
}
VitHeadlessService: command reply (truncated): {
  "status": "ok",
  "message": "Seek executed",
  "position_seconds": 1.94300270080566
}
ZmqGateway: received command payload: {"cmd":"seek","time":1.94300270080566}
ZmqGateway: dispatching payload to JUCE message thread.
VitHeadlessService: processing queued command on JUCE message thread: {"cmd":"seek","time":1.94300270080566}
Command received: {"cmd":"seek","time":1.94300270080566}
CommandDispatcher::handleSeek: position set to 1.9430s
Command executed: seek, result: {
  "status": "ok",
  "message": "Seek executed",
  "position_seconds": 1.94300270080566
}
VitHeadlessService: command reply (truncated): {
  "status": "ok",
  "message": "Seek executed",
  "position_seconds": 1.94300270080566
}
ZmqGateway: received command payload: {"cmd":"seek","time":1.94300270080566}
ZmqGateway: dispatching payload to JUCE message thread.
VitHeadlessService: processing queued command on JUCE message thread: {"cmd":"seek","time":1.94300270080566}
Command received: {"cmd":"seek","time":1.94300270080566}
CommandDispatcher::handleSeek: position set to 1.9430s
Command executed: seek, result: {
  "status": "ok",
  "message": "Seek executed",
  "position_seconds": 1.94300270080566
}
VitHeadlessService: command reply (truncated): {
  "status": "ok",
  "message": "Seek executed",
  "position_seconds": 1.94300270080566
}
ZmqGateway: received command payload: {"cmd":"seek","time":1.94300270080566}
ZmqGateway: dispatching payload to JUCE message thread.
VitHeadlessService: processing queued command on JUCE message thread: {"cmd":"seek","time":1.94300270080566}
Command received: {"cmd":"seek","time":1.94300270080566}
CommandDispatcher::handleSeek: position set to 1.9430s
Command executed: seek, result: {
  "status": "ok",
  "message": "Seek executed",
  "position_seconds": 1.94300270080566
}
VitHeadlessService: command reply (truncated): {
  "status": "ok",
  "message": "Seek executed",
  "position_seconds": 1.94300270080566
}
ZmqGateway: received command payload: {"cmd":"seek","time":1.94300270080566}
ZmqGateway: dispatching payload to JUCE message thread.
VitHeadlessService: processing queued command on JUCE message thread: {"cmd":"seek","time":1.94300270080566}
Command received: {"cmd":"seek","time":1.94300270080566}
CommandDispatcher::handleSeek: position set to 1.9430s
Command executed: seek, result: {
  "status": "ok",
  "message": "Seek executed",
  "position_seconds": 1.94300270080566
}
VitHeadlessService: command reply (truncated): {
  "status": "ok",
  "message": "Seek executed",
  "position_seconds": 1.94300270080566
}
ZmqGateway: received command payload: {"cmd":"seek","time":1.94300270080566}
ZmqGateway: dispatching payload to JUCE message thread.
VitHeadlessService: processing queued command on JUCE message thread: {"cmd":"seek","time":1.94300270080566}
Command received: {"cmd":"seek","time":1.94300270080566}
CommandDispatcher::handleSeek: position set to 1.9430s
Command executed: seek, result: {
  "status": "ok",
  "message": "Seek executed",
  "position_seconds": 1.94300270080566
}
VitHeadlessService: command reply (truncated): {
  "status": "ok",
  "message": "Seek executed",
  "position_seconds": 1.94300270080566
}
ZmqGateway: received command payload: {"cmd":"seek","time":1.94300270080566}
ZmqGateway: dispatching payload to JUCE message thread.
VitHeadlessService: processing queued command on JUCE message thread: {"cmd":"seek","time":1.94300270080566}
Command received: {"cmd":"seek","time":1.94300270080566}
CommandDispatcher::handleSeek: position set to 1.9430s
Command executed: seek, result: {
  "status": "ok",
  "message": "Seek executed",
  "position_seconds": 1.94300270080566
}
VitHeadlessService: command reply (truncated): {
  "status": "ok",
  "message": "Seek executed",
  "position_seconds": 1.94300270080566
}
ZmqGateway: received command payload: {"cmd":"seek","time":1.94300270080566}
ZmqGateway: dispatching payload to JUCE message thread.
VitHeadlessService: processing queued command on JUCE message thread: {"cmd":"seek","time":1.94300270080566}
Command received: {"cmd":"seek","time":1.94300270080566}
CommandDispatcher::handleSeek: position set to 1.9430s
Command executed: seek, result: {
  "status": "ok",
  "message": "Seek executed",
  "position_seconds": 1.94300270080566
}
VitHeadlessService: command reply (truncated): {
  "status": "ok",
  "message": "Seek executed",
  "position_seconds": 1.94300270080566
}
ZmqGateway: received command payload: {"cmd":"seek","time":1.94300270080566}
ZmqGateway: dispatching payload to JUCE message thread.
VitHeadlessService: processing queued command on JUCE message thread: {"cmd":"seek","time":1.94300270080566}
Command received: {"cmd":"seek","time":1.94300270080566}
CommandDispatcher::handleSeek: position set to 1.9430s
Command executed: seek, result: {
  "status": "ok",
  "message": "Seek executed",
  "position_seconds": 1.94300270080566
}
VitHeadlessService: command reply (truncated): {
  "status": "ok",
  "message": "Seek executed",
  "position_seconds": 1.94300270080566
}
ZmqGateway: received command payload: {"cmd":"seek","time":1.94300270080566}
ZmqGateway: dispatching payload to JUCE message thread.
VitHeadlessService: processing queued command on JUCE message thread: {"cmd":"seek","time":1.94300270080566}
Command received: {"cmd":"seek","time":1.94300270080566}
CommandDispatcher::handleSeek: position set to 1.9430s
Command executed: seek, result: {
  "status": "ok",
  "message": "Seek executed",
  "position_seconds": 1.94300270080566
}
VitHeadlessService: command reply (truncated): {
  "status": "ok",
  "message": "Seek executed",
  "position_seconds": 1.94300270080566
}
ZmqGateway: received command payload: {"cmd":"seek","time":1.94300270080566}
ZmqGateway: dispatching payload to JUCE message thread.
VitHeadlessService: processing queued command on JUCE message thread: {"cmd":"seek","time":1.94300270080566}
Command received: {"cmd":"seek","time":1.94300270080566}
CommandDispatcher::handleSeek: position set to 1.9430s
Command executed: seek, result: {
  "status": "ok",
  "message": "Seek executed",
  "position_seconds": 1.94300270080566
}
VitHeadlessService: command reply (truncated): {
  "status": "ok",
  "message": "Seek executed",
  "position_seconds": 1.94300270080566
}
ZmqGateway: received command payload: {"cmd":"seek","time":1.94300270080566}
ZmqGateway: dispatching payload to JUCE message thread.
VitHeadlessService: processing queued command on JUCE message thread: {"cmd":"seek","time":1.94300270080566}
Command received: {"cmd":"seek","time":1.94300270080566}
CommandDispatcher::handleSeek: position set to 1.9430s
Command executed: seek, result: {
  "status": "ok",
  "message": "Seek executed",
  "position_seconds": 1.94300270080566
}
VitHeadlessService: command reply (truncated): {
  "status": "ok",
  "message": "Seek executed",
  "position_seconds": 1.94300270080566
}
ZmqGateway: received command payload: {"cmd":"seek","time":1.94300270080566}
ZmqGateway: dispatching payload to JUCE message thread.
VitHeadlessService: processing queued command on JUCE message thread: {"cmd":"seek","time":1.94300270080566}
Command received: {"cmd":"seek","time":1.94300270080566}
CommandDispatcher::handleSeek: position set to 1.9430s
Command executed: seek, result: {
  "status": "ok",
  "message": "Seek executed",
  "position_seconds": 1.94300270080566
}
VitHeadlessService: command reply (truncated): {
  "status": "ok",
  "message": "Seek executed",
  "position_seconds": 1.94300270080566
}
ZmqGateway: received command payload: {"cmd":"seek","time":1.91191482543945}
ZmqGateway: dispatching payload to JUCE message thread.
VitHeadlessService: processing queued command on JUCE message thread: {"cmd":"seek","time":1.91191482543945}
Command received: {"cmd":"seek","time":1.91191482543945}
CommandDispatcher::handleSeek: position set to 1.9119s
Command executed: seek, result: {
  "status": "ok",
  "message": "Seek executed",
  "position_seconds": 1.91191482543945
}
VitHeadlessService: command reply (truncated): {
  "status": "ok",
  "message": "Seek executed",
  "position_seconds": 1.91191482543945
}
ZmqGateway: received command payload: {"cmd":"seek","time":1.84973812103271}
ZmqGateway: dispatching payload to JUCE message thread.
VitHeadlessService: processing queued command on JUCE message thread: {"cmd":"seek","time":1.84973812103271}
Command received: {"cmd":"seek","time":1.84973812103271}
CommandDispatcher::handleSeek: position set to 1.8497s
Command executed: seek, result: {
  "status": "ok",
  "message": "Seek executed",
  "position_seconds": 1.84973812103271
}
VitHeadlessService: command reply (truncated): {
  "status": "ok",
  "message": "Seek executed",
  "position_seconds": 1.84973812103271
}
ZmqGateway: received command payload: {"cmd":"seek","time":1.78756237030029}
ZmqGateway: dispatching payload to JUCE message thread.
VitHeadlessService: processing queued command on JUCE message thread: {"cmd":"seek","time":1.78756237030029}
Command received: {"cmd":"seek","time":1.78756237030029}
CommandDispatcher::handleSeek: position set to 1.7876s
Command executed: seek, result: {
  "status": "ok",
  "message": "Seek executed",
  "position_seconds": 1.78756237030029
}
VitHeadlessService: command reply (truncated): {
  "status": "ok",
  "message": "Seek executed",
  "position_seconds": 1.78756237030029
}
ZmqGateway: received command payload: {"cmd":"seek","time":1.69429779052734}
ZmqGateway: dispatching payload to JUCE message thread.
VitHeadlessService: processing queued command on JUCE message thread: {"cmd":"seek","time":1.69429779052734}
Command received: {"cmd":"seek","time":1.69429779052734}
CommandDispatcher::handleSeek: position set to 1.6943s
Command executed: seek, result: {
  "status": "ok",
  "message": "Seek executed",
  "position_seconds": 1.69429779052734
}
VitHeadlessService: command reply (truncated): {
  "status": "ok",
  "message": "Seek executed",
  "position_seconds": 1.69429779052734
}
ZmqGateway: received command payload: {"cmd":"seek","time":1.61657810211182}
ZmqGateway: dispatching payload to JUCE message thread.
VitHeadlessService: processing queued command on JUCE message thread: {"cmd":"seek","time":1.61657810211182}
Command received: {"cmd":"seek","time":1.61657810211182}
CommandDispatcher::handleSeek: position set to 1.6166s
Command executed: seek, result: {
  "status": "ok",
  "message": "Seek executed",
  "position_seconds": 1.61657810211182
}
VitHeadlessService: command reply (truncated): {
  "status": "ok",
  "message": "Seek executed",
  "position_seconds": 1.61657810211182
}
ZmqGateway: received command payload: {"cmd":"seek","time":1.55440235137939}
ZmqGateway: dispatching payload to JUCE message thread.
VitHeadlessService: processing queued command on JUCE message thread: {"cmd":"seek","time":1.55440235137939}
Command received: {"cmd":"seek","time":1.55440235137939}
CommandDispatcher::handleSeek: position set to 1.5544s
Command executed: seek, result: {
  "status": "ok",
  "message": "Seek executed",
  "position_seconds": 1.55440235137939
}
VitHeadlessService: command reply (truncated): {
  "status": "ok",
  "message": "Seek executed",
  "position_seconds": 1.55440235137939
}
ZmqGateway: received command payload: {"cmd":"seek","time":1.50776958465576}
ZmqGateway: dispatching payload to JUCE message thread.
VitHeadlessService: processing queued command on JUCE message thread: {"cmd":"seek","time":1.50776958465576}
Command received: {"cmd":"seek","time":1.50776958465576}
CommandDispatcher::handleSeek: position set to 1.5078s
Command executed: seek, result: {
  "status": "ok",
  "message": "Seek executed",
  "position_seconds": 1.50776958465576
}
VitHeadlessService: command reply (truncated): {
  "status": "ok",
  "message": "Seek executed",
  "position_seconds": 1.50776958465576
}
ZmqGateway: received command payload: {"cmd":"seek","time":1.46113777160645}
ZmqGateway: dispatching payload to JUCE message thread.
VitHeadlessService: processing queued command on JUCE message thread: {"cmd":"seek","time":1.46113777160645}
Command received: {"cmd":"seek","time":1.46113777160645}
CommandDispatcher::handleSeek: position set to 1.4611s
Command executed: seek, result: {
  "status": "ok",
  "message": "Seek executed",
  "position_seconds": 1.46113777160645
}
VitHeadlessService: command reply (truncated): {
  "status": "ok",
  "message": "Seek executed",
  "position_seconds": 1.46113777160645
}
ZmqGateway: received command payload: {"cmd":"seek","time":1.46113777160645}
ZmqGateway: dispatching payload to JUCE message thread.
VitHeadlessService: processing queued command on JUCE message thread: {"cmd":"seek","time":1.46113777160645}
Command received: {"cmd":"seek","time":1.46113777160645}
CommandDispatcher::handleSeek: position set to 1.4611s
Command executed: seek, result: {
  "status": "ok",
  "message": "Seek executed",
  "position_seconds": 1.46113777160645
}
VitHeadlessService: command reply (truncated): {
  "status": "ok",
  "message": "Seek executed",
  "position_seconds": 1.46113777160645
}
ZmqGateway: received command payload: {"cmd":"seek","time":1.46113777160645}
ZmqGateway: dispatching payload to JUCE message thread.
VitHeadlessService: processing queued command on JUCE message thread: {"cmd":"seek","time":1.46113777160645}
Command received: {"cmd":"seek","time":1.46113777160645}
CommandDispatcher::handleSeek: position set to 1.4611s
Command executed: seek, result: {
  "status": "ok",
  "message": "Seek executed",
  "position_seconds": 1.46113777160645
}
VitHeadlessService: command reply (truncated): {
  "status": "ok",
  "message": "Seek executed",
  "position_seconds": 1.46113777160645
}
ZmqGateway: received command payload: {"cmd":"seek","time":1.46113777160645}
ZmqGateway: dispatching payload to JUCE message thread.
VitHeadlessService: processing queued command on JUCE message thread: {"cmd":"seek","time":1.46113777160645}
Command received: {"cmd":"seek","time":1.46113777160645}
CommandDispatcher::handleSeek: position set to 1.4611s
Command executed: seek, result: {
  "status": "ok",
  "message": "Seek executed",
  "position_seconds": 1.46113777160645
}
VitHeadlessService: command reply (truncated): {
  "status": "ok",
  "message": "Seek executed",
  "position_seconds": 1.46113777160645
}
ZmqGateway: received command payload: {"cmd":"seek","time":1.46113777160645}
ZmqGateway: dispatching payload to JUCE message thread.
VitHeadlessService: processing queued command on JUCE message thread: {"cmd":"seek","time":1.46113777160645}
Command received: {"cmd":"seek","time":1.46113777160645}
CommandDispatcher::handleSeek: position set to 1.4611s
Command executed: seek, result: {
  "status": "ok",
  "message": "Seek executed",
  "position_seconds": 1.46113777160645
}
VitHeadlessService: command reply (truncated): {
  "status": "ok",
  "message": "Seek executed",
  "position_seconds": 1.46113777160645
}
ZmqGateway: received command payload: {"cmd":"seek","time":1.46113777160645}
ZmqGateway: dispatching payload to JUCE message thread.
VitHeadlessService: processing queued command on JUCE message thread: {"cmd":"seek","time":1.46113777160645}
Command received: {"cmd":"seek","time":1.46113777160645}
CommandDispatcher::handleSeek: position set to 1.4611s
Command executed: seek, result: {
  "status": "ok",
  "message": "Seek executed",
  "position_seconds": 1.46113777160645
}
VitHeadlessService: command reply (truncated): {
  "status": "ok",
  "message": "Seek executed",
  "position_seconds": 1.46113777160645
}
ZmqGateway: received command payload: {"cmd":"seek","time":1.46113777160645}
ZmqGateway: dispatching payload to JUCE message thread.
VitHeadlessService: processing queued command on JUCE message thread: {"cmd":"seek","time":1.46113777160645}
Command received: {"cmd":"seek","time":1.46113777160645}
CommandDispatcher::handleSeek: position set to 1.4611s
Command executed: seek, result: {
  "status": "ok",
  "message": "Seek executed",
  "position_seconds": 1.46113777160645
}
VitHeadlessService: command reply (truncated): {
  "status": "ok",
  "message": "Seek executed",
  "position_seconds": 1.46113777160645
}
ZmqGateway: received command payload: {"cmd":"seek","time":1.46113777160645}
ZmqGateway: dispatching payload to JUCE message thread.
VitHeadlessService: processing queued command on JUCE message thread: {"cmd":"seek","time":1.46113777160645}
Command received: {"cmd":"seek","time":1.46113777160645}
CommandDispatcher::handleSeek: position set to 1.4611s
Command executed: seek, result: {
  "status": "ok",
  "message": "Seek executed",
  "position_seconds": 1.46113777160645
}
VitHeadlessService: command reply (truncated): {
  "status": "ok",
  "message": "Seek executed",
  "position_seconds": 1.46113777160645
}
ZmqGateway: received command payload: {"cmd":"seek","time":1.46113777160645}
ZmqGateway: dispatching payload to JUCE message thread.
VitHeadlessService: processing queued command on JUCE message thread: {"cmd":"seek","time":1.46113777160645}
Command received: {"cmd":"seek","time":1.46113777160645}
CommandDispatcher::handleSeek: position set to 1.4611s
Command executed: seek, result: {
  "status": "ok",
  "message": "Seek executed",
  "position_seconds": 1.46113777160645
}
VitHeadlessService: command reply (truncated): {
  "status": "ok",
  "message": "Seek executed",
  "position_seconds": 1.46113777160645
}
ZmqGateway: received command payload: {"cmd":"seek","time":1.46113777160645}
ZmqGateway: dispatching payload to JUCE message thread.
VitHeadlessService: processing queued command on JUCE message thread: {"cmd":"seek","time":1.46113777160645}
Command received: {"cmd":"seek","time":1.46113777160645}
CommandDispatcher::handleSeek: position set to 1.4611s
Command executed: seek, result: {
  "status": "ok",
  "message": "Seek executed",
  "position_seconds": 1.46113777160645
}
VitHeadlessService: command reply (truncated): {
  "status": "ok",
  "message": "Seek executed",
  "position_seconds": 1.46113777160645
}
ZmqGateway: received command payload: {"cmd":"seek","time":1.46113777160645}
ZmqGateway: dispatching payload to JUCE message thread.
VitHeadlessService: processing queued command on JUCE message thread: {"cmd":"seek","time":1.46113777160645}
Command received: {"cmd":"seek","time":1.46113777160645}
CommandDispatcher::handleSeek: position set to 1.4611s
Command executed: seek, result: {
  "status": "ok",
  "message": "Seek executed",
  "position_seconds": 1.46113777160645
}
VitHeadlessService: command reply (truncated): {
  "status": "ok",
  "message": "Seek executed",
  "position_seconds": 1.46113777160645
}
ZmqGateway: received command payload: {"cmd":"seek","time":1.46113777160645}
ZmqGateway: dispatching payload to JUCE message thread.
VitHeadlessService: processing queued command on JUCE message thread: {"cmd":"seek","time":1.46113777160645}
Command received: {"cmd":"seek","time":1.46113777160645}
CommandDispatcher::handleSeek: position set to 1.4611s
Command executed: seek, result: {
  "status": "ok",
  "message": "Seek executed",
  "position_seconds": 1.46113777160645
}
VitHeadlessService: command reply (truncated): {
  "status": "ok",
  "message": "Seek executed",
  "position_seconds": 1.46113777160645
}
ZmqGateway: received command payload: {"cmd":"seek","time":1.50776958465576}
ZmqGateway: dispatching payload to JUCE message thread.
VitHeadlessService: processing queued command on JUCE message thread: {"cmd":"seek","time":1.50776958465576}
Command received: {"cmd":"seek","time":1.50776958465576}
CommandDispatcher::handleSeek: position set to 1.5078s
Command executed: seek, result: {
  "status": "ok",
  "message": "Seek executed",
  "position_seconds": 1.50776958465576
}
VitHeadlessService: command reply (truncated): {
  "status": "ok",
  "message": "Seek executed",
  "position_seconds": 1.50776958465576
}
ZmqGateway: received command payload: {"cmd":"seek","time":1.60103416442871}
ZmqGateway: dispatching payload to JUCE message thread.
VitHeadlessService: processing queued command on JUCE message thread: {"cmd":"seek","time":1.60103416442871}
Command received: {"cmd":"seek","time":1.60103416442871}
CommandDispatcher::handleSeek: position set to 1.6010s
Command executed: seek, result: {
  "status": "ok",
  "message": "Seek executed",
  "position_seconds": 1.60103416442871
}
VitHeadlessService: command reply (truncated): {
  "status": "ok",
  "message": "Seek executed",
  "position_seconds": 1.60103416442871
}
ZmqGateway: received command payload: {"cmd":"seek","time":1.69429779052734}
ZmqGateway: dispatching payload to JUCE message thread.
VitHeadlessService: processing queued command on JUCE message thread: {"cmd":"seek","time":1.69429779052734}
Command received: {"cmd":"seek","time":1.69429779052734}
CommandDispatcher::handleSeek: position set to 1.6943s
Command executed: seek, result: {
  "status": "ok",
  "message": "Seek executed",
  "position_seconds": 1.69429779052734
}
VitHeadlessService: command reply (truncated): {
  "status": "ok",
  "message": "Seek executed",
  "position_seconds": 1.69429779052734
}
ZmqGateway: received command payload: {"cmd":"seek","time":1.8031063079834}
ZmqGateway: dispatching payload to JUCE message thread.
VitHeadlessService: processing queued command on JUCE message thread: {"cmd":"seek","time":1.8031063079834}
Command received: {"cmd":"seek","time":1.8031063079834}
CommandDispatcher::handleSeek: position set to 1.8031s
Command executed: seek, result: {
  "status": "ok",
  "message": "Seek executed",
  "position_seconds": 1.8031063079834
}
VitHeadlessService: command reply (truncated): {
  "status": "ok",
  "message": "Seek executed",
  "position_seconds": 1.8031063079834
}
ZmqGateway: received command payload: {"cmd":"seek","time":1.91191482543945}
ZmqGateway: dispatching payload to JUCE message thread.
VitHeadlessService: processing queued command on JUCE message thread: {"cmd":"seek","time":1.91191482543945}
Command received: {"cmd":"seek","time":1.91191482543945}
CommandDispatcher::handleSeek: position set to 1.9119s
Command executed: seek, result: {
  "status": "ok",
  "message": "Seek executed",
  "position_seconds": 1.91191482543945
}
VitHeadlessService: command reply (truncated): {
  "status": "ok",
  "message": "Seek executed",
  "position_seconds": 1.91191482543945
}
ZmqGateway: received command payload: {"cmd":"seek","time":2.02072334289551}
ZmqGateway: dispatching payload to JUCE message thread.
VitHeadlessService: processing queued command on JUCE message thread: {"cmd":"seek","time":2.02072334289551}
Command received: {"cmd":"seek","time":2.02072334289551}
CommandDispatcher::handleSeek: position set to 2.0207s
Command executed: seek, result: {
  "status": "ok",
  "message": "Seek executed",
  "position_seconds": 2.02072334289551
}
VitHeadlessService: command reply (truncated): {
  "status": "ok",
  "message": "Seek executed",
  "position_seconds": 2.02072334289551
}
ZmqGateway: received command payload: {"cmd":"seek","time":2.11398696899414}
ZmqGateway: dispatching payload to JUCE message thread.
VitHeadlessService: processing queued command on JUCE message thread: {"cmd":"seek","time":2.11398696899414}
Command received: {"cmd":"seek","time":2.11398696899414}
CommandDispatcher::handleSeek: position set to 2.1140s
Command executed: seek, result: {
  "status": "ok",
  "message": "Seek executed",
  "position_seconds": 2.11398696899414
}
VitHeadlessService: command reply (truncated): {
  "status": "ok",
  "message": "Seek executed",
  "position_seconds": 2.11398696899414
}
ZmqGateway: received command payload: {"cmd":"seek","time":2.2227954864502}
ZmqGateway: dispatching payload to JUCE message thread.
VitHeadlessService: processing queued command on JUCE message thread: {"cmd":"seek","time":2.2227954864502}
Command received: {"cmd":"seek","time":2.2227954864502}
CommandDispatcher::handleSeek: position set to 2.2228s
Command executed: seek, result: {
  "status": "ok",
  "message": "Seek executed",
  "position_seconds": 2.2227954864502
}
VitHeadlessService: command reply (truncated): {
  "status": "ok",
  "message": "Seek executed",
  "position_seconds": 2.2227954864502
}
ZmqGateway: received command payload: {"cmd":"seek","time":2.30051612854004}
ZmqGateway: dispatching payload to JUCE message thread.
VitHeadlessService: processing queued command on JUCE message thread: {"cmd":"seek","time":2.30051612854004}
Command received: {"cmd":"seek","time":2.30051612854004}
CommandDispatcher::handleSeek: position set to 2.3005s
Command executed: seek, result: {
  "status": "ok",
  "message": "Seek executed",
  "position_seconds": 2.30051612854004
}
VitHeadlessService: command reply (truncated): {
  "status": "ok",
  "message": "Seek executed",
  "position_seconds": 2.30051612854004
}
ZmqGateway: received command payload: {"cmd":"seek","time":2.37823581695557}
ZmqGateway: dispatching payload to JUCE message thread.
VitHeadlessService: processing queued command on JUCE message thread: {"cmd":"seek","time":2.37823581695557}
Command received: {"cmd":"seek","time":2.37823581695557}
CommandDispatcher::handleSeek: position set to 2.3782s
Command executed: seek, result: {
  "status": "ok",
  "message": "Seek executed",
  "position_seconds": 2.37823581695557
}
VitHeadlessService: command reply (truncated): {
  "status": "ok",
  "message": "Seek executed",
  "position_seconds": 2.37823581695557
}
ZmqGateway: received command payload: {"cmd":"seek","time":2.4248685836792}
ZmqGateway: dispatching payload to JUCE message thread.
VitHeadlessService: processing queued command on JUCE message thread: {"cmd":"seek","time":2.4248685836792}
Command received: {"cmd":"seek","time":2.4248685836792}
CommandDispatcher::handleSeek: position set to 2.4249s
Command executed: seek, result: {
  "status": "ok",
  "message": "Seek executed",
  "position_seconds": 2.4248685836792
}
VitHeadlessService: command reply (truncated): {
  "status": "ok",
  "message": "Seek executed",
  "position_seconds": 2.4248685836792
}
ZmqGateway: received command payload: {"cmd":"seek","time":2.47150039672852}
ZmqGateway: dispatching payload to JUCE message thread.
VitHeadlessService: processing queued command on JUCE message thread: {"cmd":"seek","time":2.47150039672852}
Command received: {"cmd":"seek","time":2.47150039672852}
CommandDispatcher::handleSeek: position set to 2.4715s
Command executed: seek, result: {
  "status": "ok",
  "message": "Seek executed",
  "position_seconds": 2.47150039672852
}
VitHeadlessService: command reply (truncated): {
  "status": "ok",
  "message": "Seek executed",
  "position_seconds": 2.47150039672852
}
ZmqGateway: received command payload: {"cmd":"seek","time":2.48704433441162}
ZmqGateway: dispatching payload to JUCE message thread.
VitHeadlessService: processing queued command on JUCE message thread: {"cmd":"seek","time":2.48704433441162}
Command received: {"cmd":"seek","time":2.48704433441162}
CommandDispatcher::handleSeek: position set to 2.4870s
Command executed: seek, result: {
  "status": "ok",
  "message": "Seek executed",
  "position_seconds": 2.48704433441162
}
VitHeadlessService: command reply (truncated): {
  "status": "ok",
  "message": "Seek executed",
  "position_seconds": 2.48704433441162
}
ZmqGateway: received command payload: {"cmd":"seek","time":2.48704433441162}
ZmqGateway: dispatching payload to JUCE message thread.
VitHeadlessService: processing queued command on JUCE message thread: {"cmd":"seek","time":2.48704433441162}
Command received: {"cmd":"seek","time":2.48704433441162}
CommandDispatcher::handleSeek: position set to 2.4870s
Command executed: seek, result: {
  "status": "ok",
  "message": "Seek executed",
  "position_seconds": 2.48704433441162
}
VitHeadlessService: command reply (truncated): {
  "status": "ok",
  "message": "Seek executed",
  "position_seconds": 2.48704433441162
}
ZmqGateway: received command payload: {"cmd":"seek","time":2.48704433441162}
ZmqGateway: dispatching payload to JUCE message thread.
VitHeadlessService: processing queued command on JUCE message thread: {"cmd":"seek","time":2.48704433441162}
Command received: {"cmd":"seek","time":2.48704433441162}
CommandDispatcher::handleSeek: position set to 2.4870s
Command executed: seek, result: {
  "status": "ok",
  "message": "Seek executed",
  "position_seconds": 2.48704433441162
}
VitHeadlessService: command reply (truncated): {
  "status": "ok",
  "message": "Seek executed",
  "position_seconds": 2.48704433441162
}
ZmqGateway: received command payload: {"cmd":"seek","time":2.48704433441162}
ZmqGateway: dispatching payload to JUCE message thread.
VitHeadlessService: processing queued command on JUCE message thread: {"cmd":"seek","time":2.48704433441162}
Command received: {"cmd":"seek","time":2.48704433441162}
CommandDispatcher::handleSeek: position set to 2.4870s
Command executed: seek, result: {
  "status": "ok",
  "message": "Seek executed",
  "position_seconds": 2.48704433441162
}
VitHeadlessService: command reply (truncated): {
  "status": "ok",
  "message": "Seek executed",
  "position_seconds": 2.48704433441162
}
ZmqGateway: received command payload: {"cmd":"seek","time":2.48704433441162}
ZmqGateway: dispatching payload to JUCE message thread.
VitHeadlessService: processing queued command on JUCE message thread: {"cmd":"seek","time":2.48704433441162}
Command received: {"cmd":"seek","time":2.48704433441162}
CommandDispatcher::handleSeek: position set to 2.4870s
Command executed: seek, result: {
  "status": "ok",
  "message": "Seek executed",
  "position_seconds": 2.48704433441162
}
VitHeadlessService: command reply (truncated): {
  "status": "ok",
  "message": "Seek executed",
  "position_seconds": 2.48704433441162
}
ZmqGateway: received command payload: {"cmd":"seek","time":2.48704433441162}
ZmqGateway: dispatching payload to JUCE message thread.
VitHeadlessService: processing queued command on JUCE message thread: {"cmd":"seek","time":2.48704433441162}
Command received: {"cmd":"seek","time":2.48704433441162}
CommandDispatcher::handleSeek: position set to 2.4870s
Command executed: seek, result: {
  "status": "ok",
  "message": "Seek executed",
  "position_seconds": 2.48704433441162
}
VitHeadlessService: command reply (truncated): {
  "status": "ok",
  "message": "Seek executed",
  "position_seconds": 2.48704433441162
}
ZmqGateway: received command payload: {"cmd":"seek","time":2.48704433441162}
ZmqGateway: dispatching payload to JUCE message thread.
VitHeadlessService: processing queued command on JUCE message thread: {"cmd":"seek","time":2.48704433441162}
Command received: {"cmd":"seek","time":2.48704433441162}
CommandDispatcher::handleSeek: position set to 2.4870s
Command executed: seek, result: {
  "status": "ok",
  "message": "Seek executed",
  "position_seconds": 2.48704433441162
}
VitHeadlessService: command reply (truncated): {
  "status": "ok",
  "message": "Seek executed",
  "position_seconds": 2.48704433441162
}
ZmqGateway: received command payload: {"cmd":"seek","time":2.48704433441162}
ZmqGateway: dispatching payload to JUCE message thread.
VitHeadlessService: processing queued command on JUCE message thread: {"cmd":"seek","time":2.48704433441162}
Command received: {"cmd":"seek","time":2.48704433441162}
CommandDispatcher::handleSeek: position set to 2.4870s
Command executed: seek, result: {
  "status": "ok",
  "message": "Seek executed",
  "position_seconds": 2.48704433441162
}
VitHeadlessService: command reply (truncated): {
  "status": "ok",
  "message": "Seek executed",
  "position_seconds": 2.48704433441162
}
ZmqGateway: received command payload: {"cmd":"seek","time":2.48704433441162}
ZmqGateway: dispatching payload to JUCE message thread.
VitHeadlessService: processing queued command on JUCE message thread: {"cmd":"seek","time":2.48704433441162}
Command received: {"cmd":"seek","time":2.48704433441162}
CommandDispatcher::handleSeek: position set to 2.4870s
Command executed: seek, result: {
  "status": "ok",
  "message": "Seek executed",
  "position_seconds": 2.48704433441162
}
VitHeadlessService: command reply (truncated): {
  "status": "ok",
  "message": "Seek executed",
  "position_seconds": 2.48704433441162
}
ZmqGateway: received command payload: {"cmd":"seek","time":2.48704433441162}
ZmqGateway: dispatching payload to JUCE message thread.
VitHeadlessService: processing queued command on JUCE message thread: {"cmd":"seek","time":2.48704433441162}
Command received: {"cmd":"seek","time":2.48704433441162}
CommandDispatcher::handleSeek: position set to 2.4870s
Command executed: seek, result: {
  "status": "ok",
  "message": "Seek executed",
  "position_seconds": 2.48704433441162
}
VitHeadlessService: command reply (truncated): {
  "status": "ok",
  "message": "Seek executed",
  "position_seconds": 2.48704433441162
}
ZmqGateway: received command payload: {"cmd":"seek","time":2.48704433441162}
ZmqGateway: dispatching payload to JUCE message thread.
VitHeadlessService: processing queued command on JUCE message thread: {"cmd":"seek","time":2.48704433441162}
Command received: {"cmd":"seek","time":2.48704433441162}
CommandDispatcher::handleSeek: position set to 2.4870s
Command executed: seek, result: {
  "status": "ok",
  "message": "Seek executed",
  "position_seconds": 2.48704433441162
}
VitHeadlessService: command reply (truncated): {
  "status": "ok",
  "message": "Seek executed",
  "position_seconds": 2.48704433441162
}
ZmqGateway: received command payload: {"cmd":"seek","time":2.48704433441162}
ZmqGateway: dispatching payload to JUCE message thread.
VitHeadlessService: processing queued command on JUCE message thread: {"cmd":"seek","time":2.48704433441162}
Command received: {"cmd":"seek","time":2.48704433441162}
CommandDispatcher::handleSeek: position set to 2.4870s
Command executed: seek, result: {
  "status": "ok",
  "message": "Seek executed",
  "position_seconds": 2.48704433441162
}
VitHeadlessService: command reply (truncated): {
  "status": "ok",
  "message": "Seek executed",
  "position_seconds": 2.48704433441162
}
ZmqGateway: received command payload: {"cmd":"seek","time":2.45595645904541}
ZmqGateway: dispatching payload to JUCE message thread.
VitHeadlessService: processing queued command on JUCE message thread: {"cmd":"seek","time":2.45595645904541}
Command received: {"cmd":"seek","time":2.45595645904541}
CommandDispatcher::handleSeek: position set to 2.4560s
Command executed: seek, result: {
  "status": "ok",
  "message": "Seek executed",
  "position_seconds": 2.45595645904541
}
VitHeadlessService: command reply (truncated): {
  "status": "ok",
  "message": "Seek executed",
  "position_seconds": 2.45595645904541
}
ZmqGateway: received command payload: {"cmd":"seek","time":2.39377975463867}
ZmqGateway: dispatching payload to JUCE message thread.
VitHeadlessService: processing queued command on JUCE message thread: {"cmd":"seek","time":2.39377975463867}
Command received: {"cmd":"seek","time":2.39377975463867}
CommandDispatcher::handleSeek: position set to 2.3938s
Command executed: seek, result: {
  "status": "ok",
  "message": "Seek executed",
  "position_seconds": 2.39377975463867
}
VitHeadlessService: command reply (truncated): {
  "status": "ok",
  "message": "Seek executed",
  "position_seconds": 2.39377975463867
}
ZmqGateway: received command payload: {"cmd":"seek","time":2.33160400390625}
ZmqGateway: dispatching payload to JUCE message thread.
VitHeadlessService: processing queued command on JUCE message thread: {"cmd":"seek","time":2.33160400390625}
Command received: {"cmd":"seek","time":2.33160400390625}
CommandDispatcher::handleSeek: position set to 2.3316s
Command executed: seek, result: {
  "status": "ok",
  "message": "Seek executed",
  "position_seconds": 2.33160400390625
}
VitHeadlessService: command reply (truncated): {
  "status": "ok",
  "message": "Seek executed",
  "position_seconds": 2.33160400390625
}
ZmqGateway: received command payload: {"cmd":"seek","time":2.28497219085693}
ZmqGateway: dispatching payload to JUCE message thread.
VitHeadlessService: processing queued command on JUCE message thread: {"cmd":"seek","time":2.28497219085693}
Command received: {"cmd":"seek","time":2.28497219085693}
CommandDispatcher::handleSeek: position set to 2.2850s
Command executed: seek, result: {
  "status": "ok",
  "message": "Seek executed",
  "position_seconds": 2.28497219085693
}
VitHeadlessService: command reply (truncated): {
  "status": "ok",
  "message": "Seek executed",
  "position_seconds": 2.28497219085693
}
ZmqGateway: received command payload: {"cmd":"seek","time":2.25388431549072}
ZmqGateway: dispatching payload to JUCE message thread.
VitHeadlessService: processing queued command on JUCE message thread: {"cmd":"seek","time":2.25388431549072}
Command received: {"cmd":"seek","time":2.25388431549072}
CommandDispatcher::handleSeek: position set to 2.2539s
Command executed: seek, result: {
  "status": "ok",
  "message": "Seek executed",
  "position_seconds": 2.25388431549072
}
VitHeadlessService: command reply (truncated): {
  "status": "ok",
  "message": "Seek executed",
  "position_seconds": 2.25388431549072
}
ZmqGateway: received command payload: {"cmd":"seek","time":2.2383394241333}
ZmqGateway: dispatching payload to JUCE message thread.
VitHeadlessService: processing queued command on JUCE message thread: {"cmd":"seek","time":2.2383394241333}
Command received: {"cmd":"seek","time":2.2383394241333}
CommandDispatcher::handleSeek: position set to 2.2383s
Command executed: seek, result: {
  "status": "ok",
  "message": "Seek executed",
  "position_seconds": 2.2383394241333
}
VitHeadlessService: command reply (truncated): {
  "status": "ok",
  "message": "Seek executed",
  "position_seconds": 2.2383394241333
}
ZmqGateway: received command payload: {"cmd":"seek","time":2.2227954864502}
ZmqGateway: dispatching payload to JUCE message thread.
VitHeadlessService: processing queued command on JUCE message thread: {"cmd":"seek","time":2.2227954864502}
Command received: {"cmd":"seek","time":2.2227954864502}
CommandDispatcher::handleSeek: position set to 2.2228s
Command executed: seek, result: {
  "status": "ok",
  "message": "Seek executed",
  "position_seconds": 2.2227954864502
}
VitHeadlessService: command reply (truncated): {
  "status": "ok",
  "message": "Seek executed",
  "position_seconds": 2.2227954864502
}
ZmqGateway: received command payload: {"cmd":"seek","time":2.2227954864502}
ZmqGateway: dispatching payload to JUCE message thread.
VitHeadlessService: processing queued command on JUCE message thread: {"cmd":"seek","time":2.2227954864502}
Command received: {"cmd":"seek","time":2.2227954864502}
CommandDispatcher::handleSeek: position set to 2.2228s
Command executed: seek, result: {
  "status": "ok",
  "message": "Seek executed",
  "position_seconds": 2.2227954864502
}
VitHeadlessService: command reply (truncated): {
  "status": "ok",
  "message": "Seek executed",
  "position_seconds": 2.2227954864502
}
ZmqGateway: received command payload: {"cmd":"seek","time":2.2227954864502}
ZmqGateway: dispatching payload to JUCE message thread.
VitHeadlessService: processing queued command on JUCE message thread: {"cmd":"seek","time":2.2227954864502}
Command received: {"cmd":"seek","time":2.2227954864502}
CommandDispatcher::handleSeek: position set to 2.2228s
Command executed: seek, result: {
  "status": "ok",
  "message": "Seek executed",
  "position_seconds": 2.2227954864502
}
VitHeadlessService: command reply (truncated): {
  "status": "ok",
  "message": "Seek executed",
  "position_seconds": 2.2227954864502
}
ZmqGateway: received command payload: {"cmd":"seek","time":2.2227954864502}
ZmqGateway: dispatching payload to JUCE message thread.
VitHeadlessService: processing queued command on JUCE message thread: {"cmd":"seek","time":2.2227954864502}
Command received: {"cmd":"seek","time":2.2227954864502}
CommandDispatcher::handleSeek: position set to 2.2228s
Command executed: seek, result: {
  "status": "ok",
  "message": "Seek executed",
  "position_seconds": 2.2227954864502
}
VitHeadlessService: command reply (truncated): {
  "status": "ok",
  "message": "Seek executed",
  "position_seconds": 2.2227954864502
}
ZmqGateway: received command payload: {"cmd":"seek","time":2.2227954864502}
ZmqGateway: dispatching payload to JUCE message thread.
VitHeadlessService: processing queued command on JUCE message thread: {"cmd":"seek","time":2.2227954864502}
Command received: {"cmd":"seek","time":2.2227954864502}
CommandDispatcher::handleSeek: position set to 2.2228s
Command executed: seek, result: {
  "status": "ok",
  "message": "Seek executed",
  "position_seconds": 2.2227954864502
}
VitHeadlessService: command reply (truncated): {
  "status": "ok",
  "message": "Seek executed",
  "position_seconds": 2.2227954864502
}
ZmqGateway: received command payload: {"cmd":"seek","time":2.2227954864502}
ZmqGateway: dispatching payload to JUCE message thread.
VitHeadlessService: processing queued command on JUCE message thread: {"cmd":"seek","time":2.2227954864502}
Command received: {"cmd":"seek","time":2.2227954864502}
CommandDispatcher::handleSeek: position set to 2.2228s
Command executed: seek, result: {
  "status": "ok",
  "message": "Seek executed",
  "position_seconds": 2.2227954864502
}
VitHeadlessService: command reply (truncated): {
  "status": "ok",
  "message": "Seek executed",
  "position_seconds": 2.2227954864502
}
ZmqGateway: received command payload: {"cmd":"seek","time":2.2227954864502}
ZmqGateway: dispatching payload to JUCE message thread.
VitHeadlessService: processing queued command on JUCE message thread: {"cmd":"seek","time":2.2227954864502}
Command received: {"cmd":"seek","time":2.2227954864502}
CommandDispatcher::handleSeek: position set to 2.2228s
Command executed: seek, result: {
  "status": "ok",
  "message": "Seek executed",
  "position_seconds": 2.2227954864502
}
VitHeadlessService: command reply (truncated): {
  "status": "ok",
  "message": "Seek executed",
  "position_seconds": 2.2227954864502
}
ZmqGateway: received command payload: {"cmd":"seek","time":2.2227954864502}
ZmqGateway: dispatching payload to JUCE message thread.
VitHeadlessService: processing queued command on JUCE message thread: {"cmd":"seek","time":2.2227954864502}
Command received: {"cmd":"seek","time":2.2227954864502}
CommandDispatcher::handleSeek: position set to 2.2228s
Command executed: seek, result: {
  "status": "ok",
  "message": "Seek executed",
  "position_seconds": 2.2227954864502
}
VitHeadlessService: command reply (truncated): {
  "status": "ok",
  "message": "Seek executed",
  "position_seconds": 2.2227954864502
}
ZmqGateway: received command payload: {"cmd":"seek","time":2.2227954864502}
ZmqGateway: dispatching payload to JUCE message thread.
VitHeadlessService: processing queued command on JUCE message thread: {"cmd":"seek","time":2.2227954864502}
Command received: {"cmd":"seek","time":2.2227954864502}
CommandDispatcher::handleSeek: position set to 2.2228s
Command executed: seek, result: {
  "status": "ok",
  "message": "Seek executed",
  "position_seconds": 2.2227954864502
}
VitHeadlessService: command reply (truncated): {
  "status": "ok",
  "message": "Seek executed",
  "position_seconds": 2.2227954864502
}
ZmqGateway: received command payload: {"cmd":"seek","time":2.2227954864502}
ZmqGateway: dispatching payload to JUCE message thread.
VitHeadlessService: processing queued command on JUCE message thread: {"cmd":"seek","time":2.2227954864502}
Command received: {"cmd":"seek","time":2.2227954864502}
CommandDispatcher::handleSeek: position set to 2.2228s
Command executed: seek, result: {
  "status": "ok",
  "message": "Seek executed",
  "position_seconds": 2.2227954864502
}
VitHeadlessService: command reply (truncated): {
  "status": "ok",
  "message": "Seek executed",
  "position_seconds": 2.2227954864502
}
ZmqGateway: received command payload: {"cmd":"seek","time":2.2227954864502}
ZmqGateway: dispatching payload to JUCE message thread.
VitHeadlessService: processing queued command on JUCE message thread: {"cmd":"seek","time":2.2227954864502}
Command received: {"cmd":"seek","time":2.2227954864502}
CommandDispatcher::handleSeek: position set to 2.2228s
Command executed: seek, result: {
  "status": "ok",
  "message": "Seek executed",
  "position_seconds": 2.2227954864502
}
VitHeadlessService: command reply (truncated): {
  "status": "ok",
  "message": "Seek executed",
  "position_seconds": 2.2227954864502
}
ZmqGateway: received command payload: {"cmd":"seek","time":2.2227954864502}
ZmqGateway: dispatching payload to JUCE message thread.
VitHeadlessService: processing queued command on JUCE message thread: {"cmd":"seek","time":2.2227954864502}
Command received: {"cmd":"seek","time":2.2227954864502}
CommandDispatcher::handleSeek: position set to 2.2228s
Command executed: seek, result: {
  "status": "ok",
  "message": "Seek executed",
  "position_seconds": 2.2227954864502
}
VitHeadlessService: command reply (truncated): {
  "status": "ok",
  "message": "Seek executed",
  "position_seconds": 2.2227954864502
}
ZmqGateway: received command payload: {"cmd":"seek","time":2.2227954864502}
ZmqGateway: dispatching payload to JUCE message thread.
VitHeadlessService: processing queued command on JUCE message thread: {"cmd":"seek","time":2.2227954864502}
Command received: {"cmd":"seek","time":2.2227954864502}
CommandDispatcher::handleSeek: position set to 2.2228s
Command executed: seek, result: {
  "status": "ok",
  "message": "Seek executed",
  "position_seconds": 2.2227954864502
}
VitHeadlessService: command reply (truncated): {
  "status": "ok",
  "message": "Seek executed",
  "position_seconds": 2.2227954864502
}
ZmqGateway: received command payload: {"cmd":"seek","time":2.2227954864502}
ZmqGateway: dispatching payload to JUCE message thread.
VitHeadlessService: processing queued command on JUCE message thread: {"cmd":"seek","time":2.2227954864502}
Command received: {"cmd":"seek","time":2.2227954864502}
CommandDispatcher::handleSeek: position set to 2.2228s
Command executed: seek, result: {
  "status": "ok",
  "message": "Seek executed",
  "position_seconds": 2.2227954864502
}
VitHeadlessService: command reply (truncated): {
  "status": "ok",
  "message": "Seek executed",
  "position_seconds": 2.2227954864502
}
ZmqGateway: received command payload: {"cmd":"seek","time":2.2227954864502}
ZmqGateway: dispatching payload to JUCE message thread.
VitHeadlessService: processing queued command on JUCE message thread: {"cmd":"seek","time":2.2227954864502}
Command received: {"cmd":"seek","time":2.2227954864502}
CommandDispatcher::handleSeek: position set to 2.2228s
Command executed: seek, result: {
  "status": "ok",
  "message": "Seek executed",
  "position_seconds": 2.2227954864502
}
VitHeadlessService: command reply (truncated): {
  "status": "ok",
  "message": "Seek executed",
  "position_seconds": 2.2227954864502
}
ZmqGateway: received command payload: {"cmd":"seek","time":2.26942729949951}
ZmqGateway: dispatching payload to JUCE message thread.
VitHeadlessService: processing queued command on JUCE message thread: {"cmd":"seek","time":2.26942729949951}
Command received: {"cmd":"seek","time":2.26942729949951}
CommandDispatcher::handleSeek: position set to 2.2694s
Command executed: seek, result: {
  "status": "ok",
  "message": "Seek executed",
  "position_seconds": 2.26942729949951
}
VitHeadlessService: command reply (truncated): {
  "status": "ok",
  "message": "Seek executed",
  "position_seconds": 2.26942729949951
}
ZmqGateway: received command payload: {"cmd":"seek","time":2.34714794158936}
ZmqGateway: dispatching payload to JUCE message thread.
VitHeadlessService: processing queued command on JUCE message thread: {"cmd":"seek","time":2.34714794158936}
Command received: {"cmd":"seek","time":2.34714794158936}
CommandDispatcher::handleSeek: position set to 2.3471s
Command executed: seek, result: {
  "status": "ok",
  "message": "Seek executed",
  "position_seconds": 2.34714794158936
}
VitHeadlessService: command reply (truncated): {
  "status": "ok",
  "message": "Seek executed",
  "position_seconds": 2.34714794158936
}
ZmqGateway: received command payload: {"cmd":"seek","time":2.4404125213623}
ZmqGateway: dispatching payload to JUCE message thread.
VitHeadlessService: processing queued command on JUCE message thread: {"cmd":"seek","time":2.4404125213623}
Command received: {"cmd":"seek","time":2.4404125213623}
CommandDispatcher::handleSeek: position set to 2.4404s
Command executed: seek, result: {
  "status": "ok",
  "message": "Seek executed",
  "position_seconds": 2.4404125213623
}
VitHeadlessService: command reply (truncated): {
  "status": "ok",
  "message": "Seek executed",
  "position_seconds": 2.4404125213623
}
ZmqGateway: received command payload: {"cmd":"seek","time":2.53367614746094}
ZmqGateway: dispatching payload to JUCE message thread.
VitHeadlessService: processing queued command on JUCE message thread: {"cmd":"seek","time":2.53367614746094}
Command received: {"cmd":"seek","time":2.53367614746094}
CommandDispatcher::handleSeek: position set to 2.5337s
Command executed: seek, result: {
  "status": "ok",
  "message": "Seek executed",
  "position_seconds": 2.53367614746094
}
VitHeadlessService: command reply (truncated): {
  "status": "ok",
  "message": "Seek executed",
  "position_seconds": 2.53367614746094
}
ZmqGateway: received command payload: {"cmd":"seek","time":2.64248466491699}
ZmqGateway: dispatching payload to JUCE message thread.
VitHeadlessService: processing queued command on JUCE message thread: {"cmd":"seek","time":2.64248466491699}
Command received: {"cmd":"seek","time":2.64248466491699}
CommandDispatcher::handleSeek: position set to 2.6425s
Command executed: seek, result: {
  "status": "ok",
  "message": "Seek executed",
  "position_seconds": 2.64248466491699
}
VitHeadlessService: command reply (truncated): {
  "status": "ok",
  "message": "Seek executed",
  "position_seconds": 2.64248466491699
}
ZmqGateway: received command payload: {"cmd":"seek","time":2.76683712005615}
ZmqGateway: dispatching payload to JUCE message thread.
VitHeadlessService: processing queued command on JUCE message thread: {"cmd":"seek","time":2.76683712005615}
Command received: {"cmd":"seek","time":2.76683712005615}
CommandDispatcher::handleSeek: position set to 2.7668s
Command executed: seek, result: {
  "status": "ok",
  "message": "Seek executed",
  "position_seconds": 2.76683712005615
}
VitHeadlessService: command reply (truncated): {
  "status": "ok",
  "message": "Seek executed",
  "position_seconds": 2.76683712005615
}
ZmqGateway: received command payload: {"cmd":"seek","time":2.92227745056152}
ZmqGateway: dispatching payload to JUCE message thread.
VitHeadlessService: processing queued command on JUCE message thread: {"cmd":"seek","time":2.92227745056152}
Command received: {"cmd":"seek","time":2.92227745056152}
CommandDispatcher::handleSeek: position set to 2.9223s
Command executed: seek, result: {
  "status": "ok",
  "message": "Seek executed",
  "position_seconds": 2.92227745056152
}
VitHeadlessService: command reply (truncated): {
  "status": "ok",
  "message": "Seek executed",
  "position_seconds": 2.92227745056152
}
ZmqGateway: received command payload: {"cmd":"seek","time":3.10880565643311}
ZmqGateway: dispatching payload to JUCE message thread.
VitHeadlessService: processing queued command on JUCE message thread: {"cmd":"seek","time":3.10880565643311}
Command received: {"cmd":"seek","time":3.10880565643311}
CommandDispatcher::handleSeek: position set to 3.1088s
Command executed: seek, result: {
  "status": "ok",
  "message": "Seek executed",
  "position_seconds": 3.10880565643311
}
VitHeadlessService: command reply (truncated): {
  "status": "ok",
  "message": "Seek executed",
  "position_seconds": 3.10880565643311
}
ZmqGateway: received command payload: {"cmd":"seek","time":3.26424694061279}
ZmqGateway: dispatching payload to JUCE message thread.
VitHeadlessService: processing queued command on JUCE message thread: {"cmd":"seek","time":3.26424694061279}
Command received: {"cmd":"seek","time":3.26424694061279}
CommandDispatcher::handleSeek: position set to 3.2642s
Command executed: seek, result: {
  "status": "ok",
  "message": "Seek executed",
  "position_seconds": 3.26424694061279
}
VitHeadlessService: command reply (truncated): {
  "status": "ok",
  "message": "Seek executed",
  "position_seconds": 3.26424694061279
}
ZmqGateway: received command payload: {"cmd":"seek","time":3.41968631744385}
ZmqGateway: dispatching payload to JUCE message thread.
VitHeadlessService: processing queued command on JUCE message thread: {"cmd":"seek","time":3.41968631744385}
Command received: {"cmd":"seek","time":3.41968631744385}
CommandDispatcher::handleSeek: position set to 3.4197s
Command executed: seek, result: {
  "status": "ok",
  "message": "Seek executed",
  "position_seconds": 3.41968631744385
}
VitHeadlessService: command reply (truncated): {
  "status": "ok",
  "message": "Seek executed",
  "position_seconds": 3.41968631744385
}
ZmqGateway: received command payload: {"cmd":"seek","time":3.5129508972168}
ZmqGateway: dispatching payload to JUCE message thread.
VitHeadlessService: processing queued command on JUCE message thread: {"cmd":"seek","time":3.5129508972168}
Command received: {"cmd":"seek","time":3.5129508972168}
CommandDispatcher::handleSeek: position set to 3.5130s
Command executed: seek, result: {
  "status": "ok",
  "message": "Seek executed",
  "position_seconds": 3.5129508972168
}
VitHeadlessService: command reply (truncated): {
  "status": "ok",
  "message": "Seek executed",
  "position_seconds": 3.5129508972168
}
ZmqGateway: received command payload: {"cmd":"seek","time":3.55958271026611}
ZmqGateway: dispatching payload to JUCE message thread.
VitHeadlessService: processing queued command on JUCE message thread: {"cmd":"seek","time":3.55958271026611}
Command received: {"cmd":"seek","time":3.55958271026611}
CommandDispatcher::handleSeek: position set to 3.5596s
Command executed: seek, result: {
  "status": "ok",
  "message": "Seek executed",
  "position_seconds": 3.55958271026611
}
VitHeadlessService: command reply (truncated): {
  "status": "ok",
  "message": "Seek executed",
  "position_seconds": 3.55958271026611
}
ZmqGateway: received command payload: {"cmd":"seek","time":3.55958271026611}
ZmqGateway: dispatching payload to JUCE message thread.
VitHeadlessService: processing queued command on JUCE message thread: {"cmd":"seek","time":3.55958271026611}
Command received: {"cmd":"seek","time":3.55958271026611}
CommandDispatcher::handleSeek: position set to 3.5596s
Command executed: seek, result: {
  "status": "ok",
  "message": "Seek executed",
  "position_seconds": 3.55958271026611
}
VitHeadlessService: command reply (truncated): {
  "status": "ok",
  "message": "Seek executed",
  "position_seconds": 3.55958271026611
}
ZmqGateway: received command payload: {"cmd":"seek","time":3.55958271026611}
ZmqGateway: dispatching payload to JUCE message thread.
VitHeadlessService: processing queued command on JUCE message thread: {"cmd":"seek","time":3.55958271026611}
Command received: {"cmd":"seek","time":3.55958271026611}
CommandDispatcher::handleSeek: position set to 3.5596s
Command executed: seek, result: {
  "status": "ok",
  "message": "Seek executed",
  "position_seconds": 3.55958271026611
}
VitHeadlessService: command reply (truncated): {
  "status": "ok",
  "message": "Seek executed",
  "position_seconds": 3.55958271026611
}
ZmqGateway: received command payload: {"cmd":"seek","time":3.55958271026611}
ZmqGateway: dispatching payload to JUCE message thread.
VitHeadlessService: processing queued command on JUCE message thread: {"cmd":"seek","time":3.55958271026611}
Command received: {"cmd":"seek","time":3.55958271026611}
CommandDispatcher::handleSeek: position set to 3.5596s
Command executed: seek, result: {
  "status": "ok",
  "message": "Seek executed",
  "position_seconds": 3.55958271026611
}
VitHeadlessService: command reply (truncated): {
  "status": "ok",
  "message": "Seek executed",
  "position_seconds": 3.55958271026611
}
ZmqGateway: received command payload: {"cmd":"seek","time":3.55958271026611}
ZmqGateway: dispatching payload to JUCE message thread.
VitHeadlessService: processing queued command on JUCE message thread: {"cmd":"seek","time":3.55958271026611}
Command received: {"cmd":"seek","time":3.55958271026611}
CommandDispatcher::handleSeek: position set to 3.5596s
Command executed: seek, result: {
  "status": "ok",
  "message": "Seek executed",
  "position_seconds": 3.55958271026611
}
VitHeadlessService: command reply (truncated): {
  "status": "ok",
  "message": "Seek executed",
  "position_seconds": 3.55958271026611
}
ZmqGateway: received command payload: {"cmd":"seek","time":3.55958271026611}
ZmqGateway: dispatching payload to JUCE message thread.
VitHeadlessService: processing queued command on JUCE message thread: {"cmd":"seek","time":3.55958271026611}
Command received: {"cmd":"seek","time":3.55958271026611}
CommandDispatcher::handleSeek: position set to 3.5596s
Command executed: seek, result: {
  "status": "ok",
  "message": "Seek executed",
  "position_seconds": 3.55958271026611
}
VitHeadlessService: command reply (truncated): {
  "status": "ok",
  "message": "Seek executed",
  "position_seconds": 3.55958271026611
}
ZmqGateway: received command payload: {"cmd":"seek","time":3.55958271026611}
ZmqGateway: dispatching payload to JUCE message thread.
VitHeadlessService: processing queued command on JUCE message thread: {"cmd":"seek","time":3.55958271026611}
Command received: {"cmd":"seek","time":3.55958271026611}
CommandDispatcher::handleSeek: position set to 3.5596s
Command executed: seek, result: {
  "status": "ok",
  "message": "Seek executed",
  "position_seconds": 3.55958271026611
}
VitHeadlessService: command reply (truncated): {
  "status": "ok",
  "message": "Seek executed",
  "position_seconds": 3.55958271026611
}
ZmqGateway: received command payload: {"cmd":"seek","time":3.55958271026611}
ZmqGateway: dispatching payload to JUCE message thread.
VitHeadlessService: processing queued command on JUCE message thread: {"cmd":"seek","time":3.55958271026611}
Command received: {"cmd":"seek","time":3.55958271026611}
CommandDispatcher::handleSeek: position set to 3.5596s
Command executed: seek, result: {
  "status": "ok",
  "message": "Seek executed",
  "position_seconds": 3.55958271026611
}
VitHeadlessService: command reply (truncated): {
  "status": "ok",
  "message": "Seek executed",
  "position_seconds": 3.55958271026611
}
ZmqGateway: received command payload: {"cmd":"seek","time":3.55958271026611}
ZmqGateway: dispatching payload to JUCE message thread.
VitHeadlessService: processing queued command on JUCE message thread: {"cmd":"seek","time":3.55958271026611}
Command received: {"cmd":"seek","time":3.55958271026611}
CommandDispatcher::handleSeek: position set to 3.5596s
Command executed: seek, result: {
  "status": "ok",
  "message": "Seek executed",
  "position_seconds": 3.55958271026611
}
VitHeadlessService: command reply (truncated): {
  "status": "ok",
  "message": "Seek executed",
  "position_seconds": 3.55958271026611
}
ZmqGateway: received command payload: {"cmd":"seek","time":3.55958271026611}
ZmqGateway: dispatching payload to JUCE message thread.
VitHeadlessService: processing queued command on JUCE message thread: {"cmd":"seek","time":3.55958271026611}
Command received: {"cmd":"seek","time":3.55958271026611}
CommandDispatcher::handleSeek: position set to 3.5596s
Command executed: seek, result: {
  "status": "ok",
  "message": "Seek executed",
  "position_seconds": 3.55958271026611
}
VitHeadlessService: command reply (truncated): {
  "status": "ok",
  "message": "Seek executed",
  "position_seconds": 3.55958271026611
}
ZmqGateway: received command payload: {"cmd":"seek","time":3.5129508972168}
ZmqGateway: dispatching payload to JUCE message thread.
VitHeadlessService: processing queued command on JUCE message thread: {"cmd":"seek","time":3.5129508972168}
Command received: {"cmd":"seek","time":3.5129508972168}
CommandDispatcher::handleSeek: position set to 3.5130s
Command executed: seek, result: {
  "status": "ok",
  "message": "Seek executed",
  "position_seconds": 3.5129508972168
}
VitHeadlessService: command reply (truncated): {
  "status": "ok",
  "message": "Seek executed",
  "position_seconds": 3.5129508972168
}
ZmqGateway: received command payload: {"cmd":"seek","time":3.46631908416748}
ZmqGateway: dispatching payload to JUCE message thread.
VitHeadlessService: processing queued command on JUCE message thread: {"cmd":"seek","time":3.46631908416748}
Command received: {"cmd":"seek","time":3.46631908416748}
CommandDispatcher::handleSeek: position set to 3.4663s
Command executed: seek, result: {
  "status": "ok",
  "message": "Seek executed",
  "position_seconds": 3.46631908416748
}
VitHeadlessService: command reply (truncated): {
  "status": "ok",
  "message": "Seek executed",
  "position_seconds": 3.46631908416748
}
ZmqGateway: received command payload: {"cmd":"seek","time":3.41968631744385}
ZmqGateway: dispatching payload to JUCE message thread.
VitHeadlessService: processing queued command on JUCE message thread: {"cmd":"seek","time":3.41968631744385}
Command received: {"cmd":"seek","time":3.41968631744385}
CommandDispatcher::handleSeek: position set to 3.4197s
Command executed: seek, result: {
  "status": "ok",
  "message": "Seek executed",
  "position_seconds": 3.41968631744385
}
VitHeadlessService: command reply (truncated): {
  "status": "ok",
  "message": "Seek executed",
  "position_seconds": 3.41968631744385
}
ZmqGateway: received command payload: {"cmd":"seek","time":3.38859844207764}
ZmqGateway: dispatching payload to JUCE message thread.
VitHeadlessService: processing queued command on JUCE message thread: {"cmd":"seek","time":3.38859844207764}
Command received: {"cmd":"seek","time":3.38859844207764}
CommandDispatcher::handleSeek: position set to 3.3886s
Command executed: seek, result: {
  "status": "ok",
  "message": "Seek executed",
  "position_seconds": 3.38859844207764
}
VitHeadlessService: command reply (truncated): {
  "status": "ok",
  "message": "Seek executed",
  "position_seconds": 3.38859844207764
}
ZmqGateway: received command payload: {"cmd":"seek","time":3.35751056671143}
ZmqGateway: dispatching payload to JUCE message thread.
VitHeadlessService: processing queued command on JUCE message thread: {"cmd":"seek","time":3.35751056671143}
Command received: {"cmd":"seek","time":3.35751056671143}
CommandDispatcher::handleSeek: position set to 3.3575s
Command executed: seek, result: {
  "status": "ok",
  "message": "Seek executed",
  "position_seconds": 3.35751056671143
}
VitHeadlessService: command reply (truncated): {
  "status": "ok",
  "message": "Seek executed",
  "position_seconds": 3.35751056671143
}
ZmqGateway: received command payload: {"cmd":"seek","time":3.34196662902832}
ZmqGateway: dispatching payload to JUCE message thread.
VitHeadlessService: processing queued command on JUCE message thread: {"cmd":"seek","time":3.34196662902832}
Command received: {"cmd":"seek","time":3.34196662902832}
CommandDispatcher::handleSeek: position set to 3.3420s
Command executed: seek, result: {
  "status": "ok",
  "message": "Seek executed",
  "position_seconds": 3.34196662902832
}
VitHeadlessService: command reply (truncated): {
  "status": "ok",
  "message": "Seek executed",
  "position_seconds": 3.34196662902832
}
ZmqGateway: received command payload: {"cmd":"seek","time":3.32642269134521}
ZmqGateway: dispatching payload to JUCE message thread.
VitHeadlessService: processing queued command on JUCE message thread: {"cmd":"seek","time":3.32642269134521}
Command received: {"cmd":"seek","time":3.32642269134521}
CommandDispatcher::handleSeek: position set to 3.3264s
Command executed: seek, result: {
  "status": "ok",
  "message": "Seek executed",
  "position_seconds": 3.32642269134521
}
VitHeadlessService: command reply (truncated): {
  "status": "ok",
  "message": "Seek executed",
  "position_seconds": 3.32642269134521
}
ZmqGateway: received command payload: {"cmd":"seek","time":3.32642269134521}
ZmqGateway: dispatching payload to JUCE message thread.
VitHeadlessService: processing queued command on JUCE message thread: {"cmd":"seek","time":3.32642269134521}
Command received: {"cmd":"seek","time":3.32642269134521}
CommandDispatcher::handleSeek: position set to 3.3264s
Command executed: seek, result: {
  "status": "ok",
  "message": "Seek executed",
  "position_seconds": 3.32642269134521
}
VitHeadlessService: command reply (truncated): {
  "status": "ok",
  "message": "Seek executed",
  "position_seconds": 3.32642269134521
}
ZmqGateway: received command payload: {"cmd":"seek","time":3.32642269134521}
ZmqGateway: dispatching payload to JUCE message thread.
VitHeadlessService: processing queued command on JUCE message thread: {"cmd":"seek","time":3.32642269134521}
Command received: {"cmd":"seek","time":3.32642269134521}
CommandDispatcher::handleSeek: position set to 3.3264s
Command executed: seek, result: {
  "status": "ok",
  "message": "Seek executed",
  "position_seconds": 3.32642269134521
}
VitHeadlessService: command reply (truncated): {
  "status": "ok",
  "message": "Seek executed",
  "position_seconds": 3.32642269134521
}
ZmqGateway: received command payload: {"cmd":"seek","time":3.32642269134521}
ZmqGateway: dispatching payload to JUCE message thread.
VitHeadlessService: processing queued command on JUCE message thread: {"cmd":"seek","time":3.32642269134521}
Command received: {"cmd":"seek","time":3.32642269134521}
CommandDispatcher::handleSeek: position set to 3.3264s
Command executed: seek, result: {
  "status": "ok",
  "message": "Seek executed",
  "position_seconds": 3.32642269134521
}
VitHeadlessService: command reply (truncated): {
  "status": "ok",
  "message": "Seek executed",
  "position_seconds": 3.32642269134521
}
ZmqGateway: received command payload: {"cmd":"seek","time":3.32642269134521}
ZmqGateway: dispatching payload to JUCE message thread.
VitHeadlessService: processing queued command on JUCE message thread: {"cmd":"seek","time":3.32642269134521}
Command received: {"cmd":"seek","time":3.32642269134521}
CommandDispatcher::handleSeek: position set to 3.3264s
Command executed: seek, result: {
  "status": "ok",
  "message": "Seek executed",
  "position_seconds": 3.32642269134521
}
VitHeadlessService: command reply (truncated): {
  "status": "ok",
  "message": "Seek executed",
  "position_seconds": 3.32642269134521
}
ZmqGateway: received command payload: {"cmd":"seek","time":3.32642269134521}
ZmqGateway: dispatching payload to JUCE message thread.
VitHeadlessService: processing queued command on JUCE message thread: {"cmd":"seek","time":3.32642269134521}
Command received: {"cmd":"seek","time":3.32642269134521}
CommandDispatcher::handleSeek: position set to 3.3264s
Command executed: seek, result: {
  "status": "ok",
  "message": "Seek executed",
  "position_seconds": 3.32642269134521
}
VitHeadlessService: command reply (truncated): {
  "status": "ok",
  "message": "Seek executed",
  "position_seconds": 3.32642269134521
}
ZmqGateway: received command payload: {"cmd":"seek","time":3.32642269134521}
ZmqGateway: dispatching payload to JUCE message thread.
VitHeadlessService: processing queued command on JUCE message thread: {"cmd":"seek","time":3.32642269134521}
Command received: {"cmd":"seek","time":3.32642269134521}
CommandDispatcher::handleSeek: position set to 3.3264s
Command executed: seek, result: {
  "status": "ok",
  "message": "Seek executed",
  "position_seconds": 3.32642269134521
}
VitHeadlessService: command reply (truncated): {
  "status": "ok",
  "message": "Seek executed",
  "position_seconds": 3.32642269134521
}
ZmqGateway: received command payload: {"cmd":"seek","time":3.32642269134521}
ZmqGateway: dispatching payload to JUCE message thread.
VitHeadlessService: processing queued command on JUCE message thread: {"cmd":"seek","time":3.32642269134521}
Command received: {"cmd":"seek","time":3.32642269134521}
CommandDispatcher::handleSeek: position set to 3.3264s
Command executed: seek, result: {
  "status": "ok",
  "message": "Seek executed",
  "position_seconds": 3.32642269134521
}
VitHeadlessService: command reply (truncated): {
  "status": "ok",
  "message": "Seek executed",
  "position_seconds": 3.32642269134521
}
ZmqGateway: received command payload: {"cmd":"seek","time":3.32642269134521}
ZmqGateway: dispatching payload to JUCE message thread.
VitHeadlessService: processing queued command on JUCE message thread: {"cmd":"seek","time":3.32642269134521}
Command received: {"cmd":"seek","time":3.32642269134521}
CommandDispatcher::handleSeek: position set to 3.3264s
Command executed: seek, result: {
  "status": "ok",
  "message": "Seek executed",
  "position_seconds": 3.32642269134521
}
VitHeadlessService: command reply (truncated): {
  "status": "ok",
  "message": "Seek executed",
  "position_seconds": 3.32642269134521
}
ZmqGateway: received command payload: {"cmd":"seek","time":3.32642269134521}
ZmqGateway: dispatching payload to JUCE message thread.
VitHeadlessService: processing queued command on JUCE message thread: {"cmd":"seek","time":3.32642269134521}
Command received: {"cmd":"seek","time":3.32642269134521}
CommandDispatcher::handleSeek: position set to 3.3264s
Command executed: seek, result: {
  "status": "ok",
  "message": "Seek executed",
  "position_seconds": 3.32642269134521
}
VitHeadlessService: command reply (truncated): {
  "status": "ok",
  "message": "Seek executed",
  "position_seconds": 3.32642269134521
}
ZmqGateway: received command payload: {"cmd":"seek","time":3.32642269134521}
ZmqGateway: dispatching payload to JUCE message thread.
VitHeadlessService: processing queued command on JUCE message thread: {"cmd":"seek","time":3.32642269134521}
Command received: {"cmd":"seek","time":3.32642269134521}
CommandDispatcher::handleSeek: position set to 3.3264s
Command executed: seek, result: {
  "status": "ok",
  "message": "Seek executed",
  "position_seconds": 3.32642269134521
}
VitHeadlessService: command reply (truncated): {
  "status": "ok",
  "message": "Seek executed",
  "position_seconds": 3.32642269134521
}
ZmqGateway: received command payload: {"cmd":"seek","time":3.32642269134521}
ZmqGateway: dispatching payload to JUCE message thread.
VitHeadlessService: processing queued command on JUCE message thread: {"cmd":"seek","time":3.32642269134521}
Command received: {"cmd":"seek","time":3.32642269134521}
CommandDispatcher::handleSeek: position set to 3.3264s
Command executed: seek, result: {
  "status": "ok",
  "message": "Seek executed",
  "position_seconds": 3.32642269134521
}
VitHeadlessService: command reply (truncated): {
  "status": "ok",
  "message": "Seek executed",
  "position_seconds": 3.32642269134521
}
ZmqGateway: received command payload: {"cmd":"seek","time":3.32642269134521}
ZmqGateway: dispatching payload to JUCE message thread.
VitHeadlessService: processing queued command on JUCE message thread: {"cmd":"seek","time":3.32642269134521}
Command received: {"cmd":"seek","time":3.32642269134521}
CommandDispatcher::handleSeek: position set to 3.3264s
Command executed: seek, result: {
  "status": "ok",
  "message": "Seek executed",
  "position_seconds": 3.32642269134521
}
VitHeadlessService: command reply (truncated): {
  "status": "ok",
  "message": "Seek executed",
  "position_seconds": 3.32642269134521
}
ZmqGateway: received command payload: {"cmd":"seek","time":3.32642269134521}
ZmqGateway: dispatching payload to JUCE message thread.
VitHeadlessService: processing queued command on JUCE message thread: {"cmd":"seek","time":3.32642269134521}
Command received: {"cmd":"seek","time":3.32642269134521}
CommandDispatcher::handleSeek: position set to 3.3264s
Command executed: seek, result: {
  "status": "ok",
  "message": "Seek executed",
  "position_seconds": 3.32642269134521
}
VitHeadlessService: command reply (truncated): {
  "status": "ok",
  "message": "Seek executed",
  "position_seconds": 3.32642269134521
}
ZmqGateway: received command payload: {"cmd":"seek","time":3.32642269134521}
ZmqGateway: dispatching payload to JUCE message thread.
VitHeadlessService: processing queued command on JUCE message thread: {"cmd":"seek","time":3.32642269134521}
Command received: {"cmd":"seek","time":3.32642269134521}
CommandDispatcher::handleSeek: position set to 3.3264s
Command executed: seek, result: {
  "status": "ok",
  "message": "Seek executed",
  "position_seconds": 3.32642269134521
}
VitHeadlessService: command reply (truncated): {
  "status": "ok",
  "message": "Seek executed",
  "position_seconds": 3.32642269134521
}
ZmqGateway: received command payload: {"cmd":"seek","time":3.32642269134521}
ZmqGateway: dispatching payload to JUCE message thread.
VitHeadlessService: processing queued command on JUCE message thread: {"cmd":"seek","time":3.32642269134521}
Command received: {"cmd":"seek","time":3.32642269134521}
CommandDispatcher::handleSeek: position set to 3.3264s
Command executed: seek, result: {
  "status": "ok",
  "message": "Seek executed",
  "position_seconds": 3.32642269134521
}
VitHeadlessService: command reply (truncated): {
  "status": "ok",
  "message": "Seek executed",
  "position_seconds": 3.32642269134521
}
ZmqGateway: received command payload: {"cmd":"seek","time":3.32642269134521}
ZmqGateway: dispatching payload to JUCE message thread.
VitHeadlessService: processing queued command on JUCE message thread: {"cmd":"seek","time":3.32642269134521}
Command received: {"cmd":"seek","time":3.32642269134521}
CommandDispatcher::handleSeek: position set to 3.3264s
Command executed: seek, result: {
  "status": "ok",
  "message": "Seek executed",
  "position_seconds": 3.32642269134521
}
VitHeadlessService: command reply (truncated): {
  "status": "ok",
  "message": "Seek executed",
  "position_seconds": 3.32642269134521
}
ZmqGateway: received command payload: {"cmd":"seek","time":3.32642269134521}
ZmqGateway: dispatching payload to JUCE message thread.
VitHeadlessService: processing queued command on JUCE message thread: {"cmd":"seek","time":3.32642269134521}
Command received: {"cmd":"seek","time":3.32642269134521}
CommandDispatcher::handleSeek: position set to 3.3264s
Command executed: seek, result: {
  "status": "ok",
  "message": "Seek executed",
  "position_seconds": 3.32642269134521
}
VitHeadlessService: command reply (truncated): {
  "status": "ok",
  "message": "Seek executed",
  "position_seconds": 3.32642269134521
}
ZmqGateway: received command payload: {"cmd":"seek","time":3.32642269134521}
ZmqGateway: dispatching payload to JUCE message thread.
VitHeadlessService: processing queued command on JUCE message thread: {"cmd":"seek","time":3.32642269134521}
Command received: {"cmd":"seek","time":3.32642269134521}
CommandDispatcher::handleSeek: position set to 3.3264s
Command executed: seek, result: {
  "status": "ok",
  "message": "Seek executed",
  "position_seconds": 3.32642269134521
}
VitHeadlessService: command reply (truncated): {
  "status": "ok",
  "message": "Seek executed",
  "position_seconds": 3.32642269134521
}
ZmqGateway: received command payload: {"cmd":"seek","time":3.32642269134521}
ZmqGateway: dispatching payload to JUCE message thread.
VitHeadlessService: processing queued command on JUCE message thread: {"cmd":"seek","time":3.32642269134521}
Command received: {"cmd":"seek","time":3.32642269134521}
CommandDispatcher::handleSeek: position set to 3.3264s
Command executed: seek, result: {
  "status": "ok",
  "message": "Seek executed",
  "position_seconds": 3.32642269134521
}
VitHeadlessService: command reply (truncated): {
  "status": "ok",
  "message": "Seek executed",
  "position_seconds": 3.32642269134521
}
ZmqGateway: received command payload: {"cmd":"seek","time":3.32642269134521}
ZmqGateway: dispatching payload to JUCE message thread.
VitHeadlessService: processing queued command on JUCE message thread: {"cmd":"seek","time":3.32642269134521}
Command received: {"cmd":"seek","time":3.32642269134521}
CommandDispatcher::handleSeek: position set to 3.3264s
Command executed: seek, result: {
  "status": "ok",
  "message": "Seek executed",
  "position_seconds": 3.32642269134521
}
VitHeadlessService: command reply (truncated): {
  "status": "ok",
  "message": "Seek executed",
  "position_seconds": 3.32642269134521
}
ZmqGateway: received command payload: {"cmd":"seek","time":3.32642269134521}
ZmqGateway: dispatching payload to JUCE message thread.
VitHeadlessService: processing queued command on JUCE message thread: {"cmd":"seek","time":3.32642269134521}
Command received: {"cmd":"seek","time":3.32642269134521}
CommandDispatcher::handleSeek: position set to 3.3264s
Command executed: seek, result: {
  "status": "ok",
  "message": "Seek executed",
  "position_seconds": 3.32642269134521
}
VitHeadlessService: command reply (truncated): {
  "status": "ok",
  "message": "Seek executed",
  "position_seconds": 3.32642269134521
}
ZmqGateway: received command payload: {"cmd":"seek","time":3.32642269134521}
ZmqGateway: dispatching payload to JUCE message thread.
VitHeadlessService: processing queued command on JUCE message thread: {"cmd":"seek","time":3.32642269134521}
Command received: {"cmd":"seek","time":3.32642269134521}
CommandDispatcher::handleSeek: position set to 3.3264s
Command executed: seek, result: {
  "status": "ok",
  "message": "Seek executed",
  "position_seconds": 3.32642269134521
}
VitHeadlessService: command reply (truncated): {
  "status": "ok",
  "message": "Seek executed",
  "position_seconds": 3.32642269134521
}
ZmqGateway: received command payload: {"cmd":"seek","time":3.32642269134521}
ZmqGateway: dispatching payload to JUCE message thread.
VitHeadlessService: processing queued command on JUCE message thread: {"cmd":"seek","time":3.32642269134521}
Command received: {"cmd":"seek","time":3.32642269134521}
CommandDispatcher::handleSeek: position set to 3.3264s
Command executed: seek, result: {
  "status": "ok",
  "message": "Seek executed",
  "position_seconds": 3.32642269134521
}
VitHeadlessService: command reply (truncated): {
  "status": "ok",
  "message": "Seek executed",
  "position_seconds": 3.32642269134521
}
ZmqGateway: received command payload: {"cmd":"seek","time":3.32642269134521}
ZmqGateway: dispatching payload to JUCE message thread.
VitHeadlessService: processing queued command on JUCE message thread: {"cmd":"seek","time":3.32642269134521}
Command received: {"cmd":"seek","time":3.32642269134521}
CommandDispatcher::handleSeek: position set to 3.3264s
Command executed: seek, result: {
  "status": "ok",
  "message": "Seek executed",
  "position_seconds": 3.32642269134521
}
VitHeadlessService: command reply (truncated): {
  "status": "ok",
  "message": "Seek executed",
  "position_seconds": 3.32642269134521
}
ZmqGateway: received command payload: {"cmd":"seek","time":3.31087875366211}
ZmqGateway: dispatching payload to JUCE message thread.
VitHeadlessService: processing queued command on JUCE message thread: {"cmd":"seek","time":3.31087875366211}
Command received: {"cmd":"seek","time":3.31087875366211}
CommandDispatcher::handleSeek: position set to 3.3109s
Command executed: seek, result: {
  "status": "ok",
  "message": "Seek executed",
  "position_seconds": 3.31087875366211
}
VitHeadlessService: command reply (truncated): {
  "status": "ok",
  "message": "Seek executed",
  "position_seconds": 3.31087875366211
}
ZmqGateway: received command payload: {"cmd":"seek","time":3.295334815979}
ZmqGateway: dispatching payload to JUCE message thread.
VitHeadlessService: processing queued command on JUCE message thread: {"cmd":"seek","time":3.295334815979}
Command received: {"cmd":"seek","time":3.295334815979}
CommandDispatcher::handleSeek: position set to 3.2953s
Command executed: seek, result: {
  "status": "ok",
  "message": "Seek executed",
  "position_seconds": 3.295334815979
}
VitHeadlessService: command reply (truncated): {
  "status": "ok",
  "message": "Seek executed",
  "position_seconds": 3.295334815979
}
ZmqGateway: received command payload: {"cmd":"seek","time":3.26424694061279}
ZmqGateway: dispatching payload to JUCE message thread.
VitHeadlessService: processing queued command on JUCE message thread: {"cmd":"seek","time":3.26424694061279}
Command received: {"cmd":"seek","time":3.26424694061279}
CommandDispatcher::handleSeek: position set to 3.2642s
Command executed: seek, result: {
  "status": "ok",
  "message": "Seek executed",
  "position_seconds": 3.26424694061279
}
VitHeadlessService: command reply (truncated): {
  "status": "ok",
  "message": "Seek executed",
  "position_seconds": 3.26424694061279
}
ZmqGateway: received command payload: {"cmd":"seek","time":3.23315811157227}
ZmqGateway: dispatching payload to JUCE message thread.
VitHeadlessService: processing queued command on JUCE message thread: {"cmd":"seek","time":3.23315811157227}
Command received: {"cmd":"seek","time":3.23315811157227}
CommandDispatcher::handleSeek: position set to 3.2332s
Command executed: seek, result: {
  "status": "ok",
  "message": "Seek executed",
  "position_seconds": 3.23315811157227
}
VitHeadlessService: command reply (truncated): {
  "status": "ok",
  "message": "Seek executed",
  "position_seconds": 3.23315811157227
}
ZmqGateway: received command payload: {"cmd":"seek","time":3.23315811157227}
ZmqGateway: dispatching payload to JUCE message thread.
VitHeadlessService: processing queued command on JUCE message thread: {"cmd":"seek","time":3.23315811157227}
Command received: {"cmd":"seek","time":3.23315811157227}
CommandDispatcher::handleSeek: position set to 3.2332s
Command executed: seek, result: {
  "status": "ok",
  "message": "Seek executed",
  "position_seconds": 3.23315811157227
}
VitHeadlessService: command reply (truncated): {
  "status": "ok",
  "message": "Seek executed",
  "position_seconds": 3.23315811157227
}
ZmqGateway: received command payload: {"cmd":"seek","time":3.23315811157227}
ZmqGateway: dispatching payload to JUCE message thread.
VitHeadlessService: processing queued command on JUCE message thread: {"cmd":"seek","time":3.23315811157227}
Command received: {"cmd":"seek","time":3.23315811157227}
CommandDispatcher::handleSeek: position set to 3.2332s
Command executed: seek, result: {
  "status": "ok",
  "message": "Seek executed",
  "position_seconds": 3.23315811157227
}
VitHeadlessService: command reply (truncated): {
  "status": "ok",
  "message": "Seek executed",
  "position_seconds": 3.23315811157227
}
ZmqGateway: received command payload: {"cmd":"seek","time":3.23315811157227}
ZmqGateway: dispatching payload to JUCE message thread.
VitHeadlessService: processing queued command on JUCE message thread: {"cmd":"seek","time":3.23315811157227}
Command received: {"cmd":"seek","time":3.23315811157227}
CommandDispatcher::handleSeek: position set to 3.2332s
Command executed: seek, result: {
  "status": "ok",
  "message": "Seek executed",
  "position_seconds": 3.23315811157227
}
VitHeadlessService: command reply (truncated): {
  "status": "ok",
  "message": "Seek executed",
  "position_seconds": 3.23315811157227
}
ZmqGateway: received command payload: {"cmd":"seek","time":3.23315811157227}
ZmqGateway: dispatching payload to JUCE message thread.
VitHeadlessService: processing queued command on JUCE message thread: {"cmd":"seek","time":3.23315811157227}
Command received: {"cmd":"seek","time":3.23315811157227}
CommandDispatcher::handleSeek: position set to 3.2332s
Command executed: seek, result: {
  "status": "ok",
  "message": "Seek executed",
  "position_seconds": 3.23315811157227
}
VitHeadlessService: command reply (truncated): {
  "status": "ok",
  "message": "Seek executed",
  "position_seconds": 3.23315811157227
}
ZmqGateway: received command payload: {"cmd":"seek","time":3.23315811157227}
ZmqGateway: dispatching payload to JUCE message thread.
VitHeadlessService: processing queued command on JUCE message thread: {"cmd":"seek","time":3.23315811157227}
Command received: {"cmd":"seek","time":3.23315811157227}
CommandDispatcher::handleSeek: position set to 3.2332s
Command executed: seek, result: {
  "status": "ok",
  "message": "Seek executed",
  "position_seconds": 3.23315811157227
}
VitHeadlessService: command reply (truncated): {
  "status": "ok",
  "message": "Seek executed",
  "position_seconds": 3.23315811157227
}
ZmqGateway: received command payload: {"cmd":"seek","time":3.23315811157227}
ZmqGateway: dispatching payload to JUCE message thread.
VitHeadlessService: processing queued command on JUCE message thread: {"cmd":"seek","time":3.23315811157227}
Command received: {"cmd":"seek","time":3.23315811157227}
CommandDispatcher::handleSeek: position set to 3.2332s
Command executed: seek, result: {
  "status": "ok",
  "message": "Seek executed",
  "position_seconds": 3.23315811157227
}
VitHeadlessService: command reply (truncated): {
  "status": "ok",
  "message": "Seek executed",
  "position_seconds": 3.23315811157227
}
ZmqGateway: received command payload: {"cmd":"seek","time":3.23315811157227}
ZmqGateway: dispatching payload to JUCE message thread.
VitHeadlessService: processing queued command on JUCE message thread: {"cmd":"seek","time":3.23315811157227}
Command received: {"cmd":"seek","time":3.23315811157227}
CommandDispatcher::handleSeek: position set to 3.2332s
Command executed: seek, result: {
  "status": "ok",
  "message": "Seek executed",
  "position_seconds": 3.23315811157227
}
VitHeadlessService: command reply (truncated): {
  "status": "ok",
  "message": "Seek executed",
  "position_seconds": 3.23315811157227
}
ZmqGateway: received command payload: {"cmd":"seek","time":3.23315811157227}
ZmqGateway: dispatching payload to JUCE message thread.
VitHeadlessService: processing queued command on JUCE message thread: {"cmd":"seek","time":3.23315811157227}
Command received: {"cmd":"seek","time":3.23315811157227}
CommandDispatcher::handleSeek: position set to 3.2332s
Command executed: seek, result: {
  "status": "ok",
  "message": "Seek executed",
  "position_seconds": 3.23315811157227
}
VitHeadlessService: command reply (truncated): {
  "status": "ok",
  "message": "Seek executed",
  "position_seconds": 3.23315811157227
}
ZmqGateway: received command payload: {"cmd":"seek","time":3.23315811157227}
ZmqGateway: dispatching payload to JUCE message thread.
VitHeadlessService: processing queued command on JUCE message thread: {"cmd":"seek","time":3.23315811157227}
Command received: {"cmd":"seek","time":3.23315811157227}
CommandDispatcher::handleSeek: position set to 3.2332s
Command executed: seek, result: {
  "status": "ok",
  "message": "Seek executed",
  "position_seconds": 3.23315811157227
}
VitHeadlessService: command reply (truncated): {
  "status": "ok",
  "message": "Seek executed",
  "position_seconds": 3.23315811157227
}
ZmqGateway: received command payload: {"cmd":"seek","time":3.23315811157227}
ZmqGateway: dispatching payload to JUCE message thread.
VitHeadlessService: processing queued command on JUCE message thread: {"cmd":"seek","time":3.23315811157227}
Command received: {"cmd":"seek","time":3.23315811157227}
CommandDispatcher::handleSeek: position set to 3.2332s
Command executed: seek, result: {
  "status": "ok",
  "message": "Seek executed",
  "position_seconds": 3.23315811157227
}
VitHeadlessService: command reply (truncated): {
  "status": "ok",
  "message": "Seek executed",
  "position_seconds": 3.23315811157227
}
ZmqGateway: received command payload: {"cmd":"seek","time":3.23315811157227}
ZmqGateway: dispatching payload to JUCE message thread.
VitHeadlessService: processing queued command on JUCE message thread: {"cmd":"seek","time":3.23315811157227}
Command received: {"cmd":"seek","time":3.23315811157227}
CommandDispatcher::handleSeek: position set to 3.2332s
Command executed: seek, result: {
  "status": "ok",
  "message": "Seek executed",
  "position_seconds": 3.23315811157227
}
VitHeadlessService: command reply (truncated): {
  "status": "ok",
  "message": "Seek executed",
  "position_seconds": 3.23315811157227
}
ZmqGateway: received command payload: {"cmd":"seek","time":3.23315811157227}
ZmqGateway: dispatching payload to JUCE message thread.
VitHeadlessService: processing queued command on JUCE message thread: {"cmd":"seek","time":3.23315811157227}
Command received: {"cmd":"seek","time":3.23315811157227}
CommandDispatcher::handleSeek: position set to 3.2332s
Command executed: seek, result: {
  "status": "ok",
  "message": "Seek executed",
  "position_seconds": 3.23315811157227
}
VitHeadlessService: command reply (truncated): {
  "status": "ok",
  "message": "Seek executed",
  "position_seconds": 3.23315811157227
}
ZmqGateway: received command payload: {"cmd":"seek","time":3.23315811157227}
ZmqGateway: dispatching payload to JUCE message thread.
VitHeadlessService: processing queued command on JUCE message thread: {"cmd":"seek","time":3.23315811157227}
Command received: {"cmd":"seek","time":3.23315811157227}
CommandDispatcher::handleSeek: position set to 3.2332s
Command executed: seek, result: {
  "status": "ok",
  "message": "Seek executed",
  "position_seconds": 3.23315811157227
}
VitHeadlessService: command reply (truncated): {
  "status": "ok",
  "message": "Seek executed",
  "position_seconds": 3.23315811157227
}
ZmqGateway: received command payload: {"cmd":"seek","time":3.23315811157227}
ZmqGateway: dispatching payload to JUCE message thread.
VitHeadlessService: processing queued command on JUCE message thread: {"cmd":"seek","time":3.23315811157227}
Command received: {"cmd":"seek","time":3.23315811157227}
CommandDispatcher::handleSeek: position set to 3.2332s
Command executed: seek, result: {
  "status": "ok",
  "message": "Seek executed",
  "position_seconds": 3.23315811157227
}
VitHeadlessService: command reply (truncated): {
  "status": "ok",
  "message": "Seek executed",
  "position_seconds": 3.23315811157227
}
ZmqGateway: received command payload: {"cmd":"seek","time":3.23315811157227}
ZmqGateway: dispatching payload to JUCE message thread.
VitHeadlessService: processing queued command on JUCE message thread: {"cmd":"seek","time":3.23315811157227}
Command received: {"cmd":"seek","time":3.23315811157227}
CommandDispatcher::handleSeek: position set to 3.2332s
Command executed: seek, result: {
  "status": "ok",
  "message": "Seek executed",
  "position_seconds": 3.23315811157227
}
VitHeadlessService: command reply (truncated): {
  "status": "ok",
  "message": "Seek executed",
  "position_seconds": 3.23315811157227
}
ZmqGateway: received command payload: {"cmd":"seek","time":3.23315811157227}
ZmqGateway: dispatching payload to JUCE message thread.
VitHeadlessService: processing queued command on JUCE message thread: {"cmd":"seek","time":3.23315811157227}
Command received: {"cmd":"seek","time":3.23315811157227}
CommandDispatcher::handleSeek: position set to 3.2332s
Command executed: seek, result: {
  "status": "ok",
  "message": "Seek executed",
  "position_seconds": 3.23315811157227
}
VitHeadlessService: command reply (truncated): {
  "status": "ok",
  "message": "Seek executed",
  "position_seconds": 3.23315811157227
}
ZmqGateway: received command payload: {"action":"play"}
ZmqGateway: dispatching payload to JUCE message thread.
VitHeadlessService: processing queued command on JUCE message thread: {"action":"play"}
Command received: {"action":"play"}
CommandDispatcher::handlePlay: before isPlaying=false isRecording=false playContextActive=true positionSeconds=3.233 editLengthSeconds=11.228
CommandDispatcher::handlePlay: after isPlaying=true isRecording=false playContextActive=true positionSeconds=3.233 editLengthSeconds=11.228
Command executed: play, result: {
  "status": "ok",
  "message": "Transport playing",
  "is_playing": true,
  "is_recording": false,
  "position_seconds": 3.233166666666667,
  "click_track_enabled": false
}
VitHeadlessService: command reply (truncated): {
  "status": "ok",
  "message": "Transport playing",
  "is_playing": true,
  "is_recording": false,
  "position_seconds": 3.233166666666667,
  "click_track_enabled": false
}
ZmqGateway: received command payload: {"action":"stop"}
ZmqGateway: dispatching payload to JUCE message thread.
VitHeadlessService: processing queued command on JUCE message thread: {"action":"stop"}
Command received: {"action":"stop"}
CommandDispatcher::handleStop: before isPlaying=true isRecording=false playContextActive=true positionSeconds=3.683 editLengthSeconds=11.228
CommandDispatcher::handleStop: after isPlaying=false isRecording=false playContextActive=true positionSeconds=3.683 editLengthSeconds=11.228
Command executed: stop, result: {
  "status": "ok",
  "message": "Transport stopped",
  "is_playing": false,
  "is_recording": false,
  "position_seconds": 3.683166666666667,
  "click_track_enabled": false
}
VitHeadlessService: command reply (truncated): {
  "status": "ok",
  "message": "Transport stopped",
  "is_playing": false,
  "is_recording": false,
  "position_seconds": 3.683166666666667,
  "click_track_enabled": false
}
ZmqGateway: received command payload: {"cmd":"get_recent_projects"}
ZmqGateway: dispatching payload to JUCE message thread.
VitHeadlessService: processing queued command on JUCE message thread: {"cmd":"get_recent_projects"}
Command received: {"cmd":"get_recent_projects"}
Command executed: get_recent_projects, result: {
  "status": "ok",
  "recent_projects": [
    "D:\\Godot\\project\\vit-daw-frontend\\4.4.3.vit",
    "D:\\Godot\\project\\vit-daw-frontend\\4.4.2.vit",
    "D:\\Godot\\project\\vit-daw-frontend\\4.4.1.vit",
    "D:\\Godot\\project\\vit-daw-frontend\\4.4.vit",
    "D:\\4.1.tracktionedit"
  ]
}
VitHeadlessService: command reply (truncated): {
  "status": "ok",
  "recent_projects": [
    "D:\\Godot\\project\\vit-daw-frontend\\4.4.3.vit",
    "D:\\Godot\\project\\vit-daw-frontend\\4.4.2.vit",
    "D:\\Godot\\project\\vit-daw-frontend\\4.4.1.vit",
    "D
ZmqGateway: received command payload: {"cmd":"new_project"}
ZmqGateway: dispatching payload to JUCE message thread.
VitHeadlessService: processing queued command on JUCE message thread: {"cmd":"new_project"}
Command received: {"cmd":"new_project"}
VitEngineDevice: audio IO ready for playback graph: "扬声器 (USB AUDIO  CODEC)" 48000.00 Hz, block 480 samples
Command executed: new_project, result: {
  "status": "ok",
  "message": "Blank project created"
}
VitHeadlessService: command reply (truncated): {
  "status": "ok",
  "message": "Blank project created"
}
ZmqGateway: received command payload: {"cmd":"ping"}
ZmqGateway: dispatching payload to JUCE message thread.
VitHeadlessService: processing queued command on JUCE message thread: {"cmd":"ping"}
Command received: {"cmd":"ping"}
CommandDispatcher: handled ping command.
Command executed: ping, result: {
  "status": "ok",
  "message": "pong"
}
VitHeadlessService: command reply (truncated): {
  "status": "ok",
  "message": "pong"
}
ZmqGateway: received command payload: {"cmd":"get_project_state"}
ZmqGateway: dispatching payload to JUCE message thread.
VitHeadlessService: processing queued command on JUCE message thread: {"cmd":"get_project_state"}
Command received: {"cmd":"get_project_state"}
Command executed: get_project_state, result: {
  "status": "ok",
  "project_path": "",
  "tracks": [
    {
      "track_id": "1002",
      "track_name": "Arranger",
      "track_type": "track",
      "is_audio_track": false,
      "is_audio": false,
      "plugins": [],
      "clips": []
    },
    {
      "track_id": "1003",
      "track_name": "Chord",
      "track_type": "track",
      "is_audio_track": false,
      "is_audio": false,
      "plugins": [],
      "clips": []
    },
    {
      "track_id": "1004",
      "track_name": "Marker",
      "track_type": "track",
      "is_audio_track": false,
      "is_audio": false,
      "plugins": [],
      "clips": []
    },
    {
      "track_id": "1005",
      "track_name": "Tempo",
      "track_type": "track",
      "is_audio_track": false,
      "is_audio": false,
      "plugins": [],
      "clips": []
    },
    {
      "track_id": "1006",
      "track_name": "Master",
      "track_type": "master",
      "is_audio_track": false,
      "is_audio": false,
      "plugins": [],
      "clips": []
    }
  ]
}
VitHeadlessService: command reply (truncated): {
  "status": "ok",
  "project_path": "",
  "tracks": [
    {
      "track_id": "1002",
      "track_name": "Arranger",
      "track_type": "track",
      "is_audio_track": false,
      "is_audio": false,
     
ZmqGateway: received command payload: {"cmd":"list_tracks"}
ZmqGateway: dispatching payload to JUCE message thread.
VitHeadlessService: processing queued command on JUCE message thread: {"cmd":"list_tracks"}
Command received: {"cmd":"list_tracks"}
Command executed: list_tracks, result: {
  "status": "ok",
  "message": "Track list fetched",
  "tracks": [
    {
      "track_id": "1002",
      "name": "Arranger",
      "track_type": "track",
      "is_audio": false,
      "is_audio_track": false,
      "vit_type": "",
      "vit_intent": "",
      "plugin_count": 0,
      "plugins": []
    },
    {
      "track_id": "1003",
      "name": "Chord",
      "track_type": "track",
      "is_audio": false,
      "is_audio_track": false,
      "vit_type": "",
      "vit_intent": "",
      "plugin_count": 0,
      "plugins": []
    },
    {
      "track_id": "1004",
      "name": "Marker",
      "track_type": "track",
      "is_audio": false,
      "is_audio_track": false,
      "vit_type": "",
      "vit_intent": "",
      "plugin_count": 0,
      "plugins": []
    },
    {
      "track_id": "1005",
      "name": "Tempo",
      "track_type": "track",
      "is_audio": false,
      "is_audio_track": false,
      "vit_type": "",
      "vit_intent": "",
      "plugin_count": 0,
      "plugins": []
    },
    {
      "track_id": "1006",
      "name": "Master",
      "track_type": "master",
      "is_audio": false,
      "is_audio_track": false,
      "vit_type": "",
      "vit_intent": "",
      "plugin_count": 0,
      "plugins": []
    }
  ]
}
VitHeadlessService: command reply (truncated): {
  "status": "ok",
  "message": "Track list fetched",
  "tracks": [
    {
      "track_id": "1002",
      "name": "Arranger",
      "track_type": "track",
      "is_audio": false,
      "is_audio_track": false,
ZmqGateway: received command payload: {"cmd":"list_tracks"}
ZmqGateway: dispatching payload to JUCE message thread.
VitHeadlessService: processing queued command on JUCE message thread: {"cmd":"list_tracks"}
Command received: {"cmd":"list_tracks"}
Command executed: list_tracks, result: {
  "status": "ok",
  "message": "Track list fetched",
  "tracks": [
    {
      "track_id": "1002",
      "name": "Arranger",
      "track_type": "track",
      "is_audio": false,
      "is_audio_track": false,
      "vit_type": "",
      "vit_intent": "",
      "plugin_count": 0,
      "plugins": []
    },
    {
      "track_id": "1003",
      "name": "Chord",
      "track_type": "track",
      "is_audio": false,
      "is_audio_track": false,
      "vit_type": "",
      "vit_intent": "",
      "plugin_count": 0,
      "plugins": []
    },
    {
      "track_id": "1004",
      "name": "Marker",
      "track_type": "track",
      "is_audio": false,
      "is_audio_track": false,
      "vit_type": "",
      "vit_intent": "",
      "plugin_count": 0,
      "plugins": []
    },
    {
      "track_id": "1005",
      "name": "Tempo",
      "track_type": "track",
      "is_audio": false,
      "is_audio_track": false,
      "vit_type": "",
      "vit_intent": "",
      "plugin_count": 0,
      "plugins": []
    },
    {
      "track_id": "1006",
      "name": "Master",
      "track_type": "master",
      "is_audio": false,
      "is_audio_track": false,
      "vit_type": "",
      "vit_intent": "",
      "plugin_count": 0,
      "plugins": []
    }
  ]
}
VitHeadlessService: command reply (truncated): {
  "status": "ok",
  "message": "Track list fetched",
  "tracks": [
    {
      "track_id": "1002",
      "name": "Arranger",
      "track_type": "track",
      "is_audio": false,
      "is_audio_track": false,
ZmqGateway: received command payload: {"cmd":"add_track","type":"hybrid"}
ZmqGateway: dispatching payload to JUCE message thread.
VitHeadlessService: processing queued command on JUCE message thread: {"cmd":"add_track","type":"hybrid"}
Command received: {"cmd":"add_track","type":"hybrid"}
VitHeadlessService: project saved to D:\Vit_DAW\VitApp\Workspace\default_project.xml
Command executed: add_track, result: {
  "status": "ok",
  "message": "Track added",
  "track_id": "1007",
  "track_name": "Track 1"
}
VitHeadlessService: command reply (truncated): {
  "status": "ok",
  "message": "Track added",
  "track_id": "1007",
  "track_name": "Track 1"
}
ZmqGateway: received command payload: {"cmd":"list_tracks"}
ZmqGateway: dispatching payload to JUCE message thread.
VitHeadlessService: processing queued command on JUCE message thread: {"cmd":"list_tracks"}
Command received: {"cmd":"list_tracks"}
Command executed: list_tracks, result: {
  "status": "ok",
  "message": "Track list fetched",
  "tracks": [
    {
      "track_id": "1002",
      "name": "Arranger",
      "track_type": "track",
      "is_audio": false,
      "is_audio_track": false,
      "vit_type": "",
      "vit_intent": "",
      "plugin_count": 0,
      "plugins": []
    },
    {
      "track_id": "1003",
      "name": "Chord",
      "track_type": "track",
      "is_audio": false,
      "is_audio_track": false,
      "vit_type": "",
      "vit_intent": "",
      "plugin_count": 0,
      "plugins": []
    },
    {
      "track_id": "1004",
      "name": "Marker",
      "track_type": "track",
      "is_audio": false,
      "is_audio_track": false,
      "vit_type": "",
      "vit_intent": "",
      "plugin_count": 0,
      "plugins": []
    },
    {
      "track_id": "1005",
      "name": "Tempo",
      "track_type": "track",
      "is_audio": false,
      "is_audio_track": false,
      "vit_type": "",
      "vit_intent": "",
      "plugin_count": 0,
      "plugins": []
    },
    {
      "track_id": "1006",
      "name": "Master",
      "track_type": "master",
      "is_audio": false,
      "is_audio_track": false,
      "vit_type": "",
      "vit_intent": "",
      "plugin_count": 0,
      "plugins": []
    },
    {
      "track_id": "1007",
      "name": "Track 1",
      "track_type": "hybrid",
      "is_audio": true,
      "is_audio_track": true,
      "vit_type": "",
      "vit_intent": "",
      "plugin_count": 2,
      "plugins": [
        {
          "name": "Volume & Pan Plugin",
          "type": "volume",
          "enabled": true
        },
        {
          "name": "Level Meter",
          "type": "level",
          "enabled": true
        }
      ]
    }
  ]
}
VitHeadlessService: command reply (truncated): {
  "status": "ok",
  "message": "Track list fetched",
  "tracks": [
    {
      "track_id": "1002",
      "name": "Arranger",
      "track_type": "track",
      "is_audio": false,
      "is_audio_track": false,
ZmqGateway: received command payload: {"cmd":"get_project_state"}
ZmqGateway: dispatching payload to JUCE message thread.
VitHeadlessService: processing queued command on JUCE message thread: {"cmd":"get_project_state"}
Command received: {"cmd":"get_project_state"}
Command executed: get_project_state, result: {
  "status": "ok",
  "project_path": "",
  "tracks": [
    {
      "track_id": "1002",
      "track_name": "Arranger",
      "track_type": "track",
      "is_audio_track": false,
      "is_audio": false,
      "plugins": [],
      "clips": []
    },
    {
      "track_id": "1003",
      "track_name": "Chord",
      "track_type": "track",
      "is_audio_track": false,
      "is_audio": false,
      "plugins": [],
      "clips": []
    },
    {
      "track_id": "1004",
      "track_name": "Marker",
      "track_type": "track",
      "is_audio_track": false,
      "is_audio": false,
      "plugins": [],
      "clips": []
    },
    {
      "track_id": "1005",
      "track_name": "Tempo",
      "track_type": "track",
      "is_audio_track": false,
      "is_audio": false,
      "plugins": [],
      "clips": []
    },
    {
      "track_id": "1006",
      "track_name": "Master",
      "track_type": "master",
      "is_audio_track": false,
      "is_audio": false,
      "plugins": [],
      "clips": []
    },
    {
      "track_id": "1007",
      "track_name": "Track 1",
      "track_type": "hybrid",
      "is_audio_track": true,
      "is_audio": true,
      "plugins": [
        {
          "id": "1008",
          "item_id": "1008",
          "name": "Volume & Pan Plugin",
          "type": "volume",
          "enabled": true
        },
        {
          "id": "1009",
          "item_id": "1009",
          "name": "Level Meter",
          "type": "level",
          "enabled": true
        }
      ],
      "clips": [],
      "output_to_device_resolved": true,
      "output_device_enabled": true,
      "output_device_id": "out_b7a4b4c1",
      "output_routing_name": "(default audio output)"
    }
  ]
}
VitHeadlessService: command reply (truncated): {
  "status": "ok",
  "project_path": "",
  "tracks": [
    {
      "track_id": "1002",
      "track_name": "Arranger",
      "track_type": "track",
      "is_audio_track": false,
      "is_audio": false,
     
ZmqGateway: received command payload: {"cmd":"list_tracks"}
ZmqGateway: dispatching payload to JUCE message thread.
VitHeadlessService: processing queued command on JUCE message thread: {"cmd":"list_tracks"}
Command received: {"cmd":"list_tracks"}
Command executed: list_tracks, result: {
  "status": "ok",
  "message": "Track list fetched",
  "tracks": [
    {
      "track_id": "1002",
      "name": "Arranger",
      "track_type": "track",
      "is_audio": false,
      "is_audio_track": false,
      "vit_type": "",
      "vit_intent": "",
      "plugin_count": 0,
      "plugins": []
    },
    {
      "track_id": "1003",
      "name": "Chord",
      "track_type": "track",
      "is_audio": false,
      "is_audio_track": false,
      "vit_type": "",
      "vit_intent": "",
      "plugin_count": 0,
      "plugins": []
    },
    {
      "track_id": "1004",
      "name": "Marker",
      "track_type": "track",
      "is_audio": false,
      "is_audio_track": false,
      "vit_type": "",
      "vit_intent": "",
      "plugin_count": 0,
      "plugins": []
    },
    {
      "track_id": "1005",
      "name": "Tempo",
      "track_type": "track",
      "is_audio": false,
      "is_audio_track": false,
      "vit_type": "",
      "vit_intent": "",
      "plugin_count": 0,
      "plugins": []
    },
    {
      "track_id": "1006",
      "name": "Master",
      "track_type": "master",
      "is_audio": false,
      "is_audio_track": false,
      "vit_type": "",
      "vit_intent": "",
      "plugin_count": 0,
      "plugins": []
    },
    {
      "track_id": "1007",
      "name": "Track 1",
      "track_type": "hybrid",
      "is_audio": true,
      "is_audio_track": true,
      "vit_type": "",
      "vit_intent": "",
      "plugin_count": 2,
      "plugins": [
        {
          "name": "Volume & Pan Plugin",
          "type": "volume",
          "enabled": true
        },
        {
          "name": "Level Meter",
          "type": "level",
          "enabled": true
        }
      ]
    }
  ]
}
VitHeadlessService: command reply (truncated): {
  "status": "ok",
  "message": "Track list fetched",
  "tracks": [
    {
      "track_id": "1002",
      "name": "Arranger",
      "track_type": "track",
      "is_audio": false,
      "is_audio_track": false,
ZmqGateway: received command payload: {"action":"import_media_to_track","cmd":"import_media_to_track","file_path":"D:/Vit_DAW/test_100hz_10s.wav","media_type":"audio","start_time":1.77201461791992,"track_id":"1007"}
ZmqGateway: dispatching payload to JUCE message thread.
VitHeadlessService: processing queued command on JUCE message thread: {"action":"import_media_to_track","cmd":"import_media_to_track","file_path":"D:/Vit_DAW/test_100hz_10s.wav","media_type":"audio","start_time":1.77201461791992,"track_id":"1007"}
Command received: {"action":"import_media_to_track","cmd":"import_media_to_track","file_path":"D:/Vit_DAW/test_100hz_10s.wav","media_type":"audio","start_time":1.77201461791992,"track_id":"1007"}
VitHeadlessService: project saved to D:\Vit_DAW\VitApp\Workspace\default_project.xml
CommandDispatcher::handleImportMediaToTrack: clipId="1011" clip="test_100hz_10s" trackId="1007" source="D:\Vit_DAW\test_100hz_10s.wav" lengthSec=10.000 isPlaying=false isRecording=false playContextActive=true positionSeconds=0.000 editLengthSeconds=11.772
Command executed: import_media_to_track, result: {
  "status": "success",
  "action": "import_media_to_track",
  "clip_id": "1011",
  "track_id": "1007",
  "start_time": 1.77201461791992,
  "resolved_start_time": 1.77201461791992,
  "length": 10.0,
  "applied_mode": "destructive",
  "clip_name": "test_100hz_10s",
  "file_path": "D:\\Vit_DAW\\test_100hz_10s.wav",
  "edit_length_seconds": 11.77201461791992,
  "baking_status": "baking_started"
}
VitHeadlessService: command reply (truncated): {
  "status": "success",
  "action": "import_media_to_track",
  "clip_id": "1011",
  "track_id": "1007",
  "start_time": 1.77201461791992,
  "resolved_start_time": 1.77201461791992,
  "length": 10.0,
  "applied_m
ZmqGateway: received command payload: {"cmd":"get_project_state"}
ZmqGateway: dispatching payload to JUCE message thread.
VitHeadlessService: processing queued command on JUCE message thread: {"cmd":"get_project_state"}
Command received: {"cmd":"get_project_state"}
Command executed: get_project_state, result: {
  "status": "ok",
  "project_path": "",
  "tracks": [
    {
      "track_id": "1002",
      "track_name": "Arranger",
      "track_type": "track",
      "is_audio_track": false,
      "is_audio": false,
      "plugins": [],
      "clips": []
    },
    {
      "track_id": "1003",
      "track_name": "Chord",
      "track_type": "track",
      "is_audio_track": false,
      "is_audio": false,
      "plugins": [],
      "clips": []
    },
    {
      "track_id": "1004",
      "track_name": "Marker",
      "track_type": "track",
      "is_audio_track": false,
      "is_audio": false,
      "plugins": [],
      "clips": []
    },
    {
      "track_id": "1005",
      "track_name": "Tempo",
      "track_type": "track",
      "is_audio_track": false,
      "is_audio": false,
      "plugins": [],
      "clips": []
    },
    {
      "track_id": "1006",
      "track_name": "Master",
      "track_type": "master",
      "is_audio_track": false,
      "is_audio": false,
      "plugins": [],
      "clips": []
    },
    {
      "track_id": "1007",
      "track_name": "Track 1",
      "track_type": "hybrid",
      "is_audio_track": true,
      "is_audio": true,
      "plugins": [
        {
          "id": "1008",
          "item_id": "1008",
          "name": "Volume & Pan Plugin",
          "type": "volume",
          "enabled": true
        },
        {
          "id": "1009",
          "item_id": "1009",
          "name": "Level Meter",
          "type": "level",
          "enabled": true
        }
      ],
      "clips": [
        {
          "id": "1011",
          "name": "test_100hz_10s",
          "clip_type": "wave",
          "start_seconds": 1.77201461791992,
          "end_seconds": 11.77201461791992,
          "length_seconds": 10.0,
          "offset_in_source_seconds": 0.0,
          "file_path": "D:\\Vit_DAW\\test_100hz_10s.wav",
          "current_source_path": "D:\\Vit_DAW\\test_100hz_10s.wav",
          "playback_source_valid": true
        }
      ],
      "output_to_device_resolved": true,
      "output_device_enabled": true,
      "output_device_id": "out_b7a4b4c1",
      "output_routing_name": "(default audio output)"
    }
  ]
}
VitHeadlessService: command reply (truncated): {
  "status": "ok",
  "project_path": "",
  "tracks": [
    {
      "track_id": "1002",
      "track_name": "Arranger",
      "track_type": "track",
      "is_audio_track": false,
      "is_audio": false,
     
ZmqGateway: received command payload: {"cmd":"list_tracks"}
ZmqGateway: dispatching payload to JUCE message thread.
VitHeadlessService: processing queued command on JUCE message thread: {"cmd":"list_tracks"}
Command received: {"cmd":"list_tracks"}
Command executed: list_tracks, result: {
  "status": "ok",
  "message": "Track list fetched",
  "tracks": [
    {
      "track_id": "1002",
      "name": "Arranger",
      "track_type": "track",
      "is_audio": false,
      "is_audio_track": false,
      "vit_type": "",
      "vit_intent": "",
      "plugin_count": 0,
      "plugins": []
    },
    {
      "track_id": "1003",
      "name": "Chord",
      "track_type": "track",
      "is_audio": false,
      "is_audio_track": false,
      "vit_type": "",
      "vit_intent": "",
      "plugin_count": 0,
      "plugins": []
    },
    {
      "track_id": "1004",
      "name": "Marker",
      "track_type": "track",
      "is_audio": false,
      "is_audio_track": false,
      "vit_type": "",
      "vit_intent": "",
      "plugin_count": 0,
      "plugins": []
    },
    {
      "track_id": "1005",
      "name": "Tempo",
      "track_type": "track",
      "is_audio": false,
      "is_audio_track": false,
      "vit_type": "",
      "vit_intent": "",
      "plugin_count": 0,
      "plugins": []
    },
    {
      "track_id": "1006",
      "name": "Master",
      "track_type": "master",
      "is_audio": false,
      "is_audio_track": false,
      "vit_type": "",
      "vit_intent": "",
      "plugin_count": 0,
      "plugins": []
    },
    {
      "track_id": "1007",
      "name": "Track 1",
      "track_type": "hybrid",
      "is_audio": true,
      "is_audio_track": true,
      "vit_type": "",
      "vit_intent": "",
      "plugin_count": 2,
      "plugins": [
        {
          "name": "Volume & Pan Plugin",
          "type": "volume",
          "enabled": true
        },
        {
          "name": "Level Meter",
          "type": "level",
          "enabled": true
        }
      ]
    }
  ]
}
VitHeadlessService: command reply (truncated): {
  "status": "ok",
  "message": "Track list fetched",
  "tracks": [
    {
      "track_id": "1002",
      "name": "Arranger",
      "track_type": "track",
      "is_audio": false,
      "is_audio_track": false,
ZmqGateway: received command payload: {"action":"play"}
ZmqGateway: dispatching payload to JUCE message thread.
VitHeadlessService: processing queued command on JUCE message thread: {"action":"play"}
Command received: {"action":"play"}
CommandDispatcher::handlePlay: before isPlaying=false isRecording=false playContextActive=true positionSeconds=0.000 editLengthSeconds=11.772
CommandDispatcher::handlePlay: after isPlaying=true isRecording=false playContextActive=true positionSeconds=0.000 editLengthSeconds=11.772
Command executed: play, result: {
  "status": "ok",
  "message": "Transport playing",
  "is_playing": true,
  "is_recording": false,
  "position_seconds": 0.0,
  "click_track_enabled": false
}
VitHeadlessService: command reply (truncated): {
  "status": "ok",
  "message": "Transport playing",
  "is_playing": true,
  "is_recording": false,
  "position_seconds": 0.0,
  "click_track_enabled": false
}
ZmqGateway: received command payload: {"action":"stop"}
ZmqGateway: dispatching payload to JUCE message thread.
VitHeadlessService: processing queued command on JUCE message thread: {"action":"stop"}
Command received: {"action":"stop"}
CommandDispatcher::handleStop: before isPlaying=true isRecording=false playContextActive=true positionSeconds=1.130 editLengthSeconds=11.772
CommandDispatcher::handleStop: after isPlaying=false isRecording=false playContextActive=true positionSeconds=1.130 editLengthSeconds=11.772
Command executed: stop, result: {
  "status": "ok",
  "message": "Transport stopped",
  "is_playing": false,
  "is_recording": false,
  "position_seconds": 1.13,
  "click_track_enabled": false
}
VitHeadlessService: command reply (truncated): {
  "status": "ok",
  "message": "Transport stopped",
  "is_playing": false,
  "is_recording": false,
  "position_seconds": 1.13,
  "click_track_enabled": false
}
ZmqGateway: received command payload: {"clip_id":"1011","cmd":"resize_clip","new_length":18.2901458740234,"new_length_seconds":9.14507293701172,"new_start":5.25388336181641,"new_start_seconds":2.6269416809082,"offset_in_source":1.70985412597657,"offset_in_source_seconds":0.854927062988283,"overlap_mode":"cut","time_unit":"beats","track_id":"1007"}
ZmqGateway: dispatching payload to JUCE message thread.
VitHeadlessService: processing queued command on JUCE message thread: {"clip_id":"1011","cmd":"resize_clip","new_length":18.2901458740234,"new_length_seconds":9.14507293701172,"new_start":5.25388336181641,"new_start_seconds":2.6269416809082,"offset_in_source":1.70985412597657,"offset_in_source_seconds":0.854927062988283,"overlap_mode":"cut","time_unit":"beats","track_id":"1007"}
Command received: {"clip_id":"1011","cmd":"resize_clip","new_length":18.2901458740234,"new_length_seconds":9.14507293701172,"new_start":5.25388336181641,"new_start_seconds":2.6269416809082,"offset_in_source":1.70985412597657,"offset_in_source_seconds":0.854927062988283,"overlap_mode":"cut","time_unit":"beats","track_id":"1007"}
Command executed: resize_clip, result: {
  "status": "ok",
  "message": "Clip resized",
  "clip_id": "1011",
  "track_id": "1007",
  "affected_track_id": "1007",
  "new_start_seconds": 2.626941680908205,
  "new_length_seconds": 9.145072937011699,
  "offset_in_source_seconds": 0.854927062988285,
  "overlap_mode": "cut",
  "created_clip_ids": [],
  "removed_clip_ids": [],
  "affected_clip_ids": []
}
VitHeadlessService: command reply (truncated): {
  "status": "ok",
  "message": "Clip resized",
  "clip_id": "1011",
  "track_id": "1007",
  "affected_track_id": "1007",
  "new_start_seconds": 2.626941680908205,
  "new_length_seconds": 9.145072937011699,
  "o
ZmqGateway: received command payload: {"cmd":"get_project_state"}
ZmqGateway: dispatching payload to JUCE message thread.
VitHeadlessService: processing queued command on JUCE message thread: {"cmd":"get_project_state"}
Command received: {"cmd":"get_project_state"}
Command executed: get_project_state, result: {
  "status": "ok",
  "project_path": "",
  "tracks": [
    {
      "track_id": "1002",
      "track_name": "Arranger",
      "track_type": "track",
      "is_audio_track": false,
      "is_audio": false,
      "plugins": [],
      "clips": []
    },
    {
      "track_id": "1003",
      "track_name": "Chord",
      "track_type": "track",
      "is_audio_track": false,
      "is_audio": false,
      "plugins": [],
      "clips": []
    },
    {
      "track_id": "1004",
      "track_name": "Marker",
      "track_type": "track",
      "is_audio_track": false,
      "is_audio": false,
      "plugins": [],
      "clips": []
    },
    {
      "track_id": "1005",
      "track_name": "Tempo",
      "track_type": "track",
      "is_audio_track": false,
      "is_audio": false,
      "plugins": [],
      "clips": []
    },
    {
      "track_id": "1006",
      "track_name": "Master",
      "track_type": "master",
      "is_audio_track": false,
      "is_audio": false,
      "plugins": [],
      "clips": []
    },
    {
      "track_id": "1007",
      "track_name": "Track 1",
      "track_type": "hybrid",
      "is_audio_track": true,
      "is_audio": true,
      "plugins": [
        {
          "id": "1008",
          "item_id": "1008",
          "name": "Volume & Pan Plugin",
          "type": "volume",
          "enabled": true
        },
        {
          "id": "1009",
          "item_id": "1009",
          "name": "Level Meter",
          "type": "level",
          "enabled": true
        }
      ],
      "clips": [
        {
          "id": "1011",
          "name": "test_100hz_10s",
          "clip_type": "wave",
          "start_seconds": 2.626941680908205,
          "end_seconds": 11.772014617919904,
          "length_seconds": 9.145072937011699,
          "offset_in_source_seconds": 0.854927062988285,
          "file_path": "D:\\Vit_DAW\\test_100hz_10s.wav",
          "current_source_path": "D:\\Vit_DAW\\test_100hz_10s.wav",
          "playback_source_valid": true
        }
      ],
      "output_to_device_resolved": true,
      "output_device_enabled": true,
      "output_device_id": "out_b7a4b4c1",
      "output_routing_name": "(default audio output)"
    }
  ]
}
VitHeadlessService: command reply (truncated): {
  "status": "ok",
  "project_path": "",
  "tracks": [
    {
      "track_id": "1002",
      "track_name": "Arranger",
      "track_type": "track",
      "is_audio_track": false,
      "is_audio": false,
     
ZmqGateway: received command payload: {"clip_id":"1011","cmd":"warm_waveform_bake","file_path":"D:\\Vit_DAW\\test_100hz_10s.wav","track_id":"1007"}
ZmqGateway: dispatching payload to JUCE message thread.
VitHeadlessService: processing queued command on JUCE message thread: {"clip_id":"1011","cmd":"warm_waveform_bake","file_path":"D:\\Vit_DAW\\test_100hz_10s.wav","track_id":"1007"}
Command received: {"clip_id":"1011","cmd":"warm_waveform_bake","file_path":"D:\\Vit_DAW\\test_100hz_10s.wav","track_id":"1007"}
Command executed: warm_waveform_bake, result: {
  "status": "ok",
  "cmd": "warm_waveform_bake",
  "track_id": "1007",
  "clip_id": "1011",
  "file_path": "D:\\Vit_DAW\\test_100hz_10s.wav",
  "message": "Waveform bake started (no new clip inserted)"
}
VitHeadlessService: command reply (truncated): {
  "status": "ok",
  "cmd": "warm_waveform_bake",
  "track_id": "1007",
  "clip_id": "1011",
  "file_path": "D:\\Vit_DAW\\test_100hz_10s.wav",
  "message": "Waveform bake started (no new clip inserted)"
}
ZmqGateway: received command payload: {"cmd":"list_tracks"}
ZmqGateway: dispatching payload to JUCE message thread.
VitHeadlessService: processing queued command on JUCE message thread: {"cmd":"list_tracks"}
Command received: {"cmd":"list_tracks"}
Command executed: list_tracks, result: {
  "status": "ok",
  "message": "Track list fetched",
  "tracks": [
    {
      "track_id": "1002",
      "name": "Arranger",
      "track_type": "track",
      "is_audio": false,
      "is_audio_track": false,
      "vit_type": "",
      "vit_intent": "",
      "plugin_count": 0,
      "plugins": []
    },
    {
      "track_id": "1003",
      "name": "Chord",
      "track_type": "track",
      "is_audio": false,
      "is_audio_track": false,
      "vit_type": "",
      "vit_intent": "",
      "plugin_count": 0,
      "plugins": []
    },
    {
      "track_id": "1004",
      "name": "Marker",
      "track_type": "track",
      "is_audio": false,
      "is_audio_track": false,
      "vit_type": "",
      "vit_intent": "",
      "plugin_count": 0,
      "plugins": []
    },
    {
      "track_id": "1005",
      "name": "Tempo",
      "track_type": "track",
      "is_audio": false,
      "is_audio_track": false,
      "vit_type": "",
      "vit_intent": "",
      "plugin_count": 0,
      "plugins": []
    },
    {
      "track_id": "1006",
      "name": "Master",
      "track_type": "master",
      "is_audio": false,
      "is_audio_track": false,
      "vit_type": "",
      "vit_intent": "",
      "plugin_count": 0,
      "plugins": []
    },
    {
      "track_id": "1007",
      "name": "Track 1",
      "track_type": "hybrid",
      "is_audio": true,
      "is_audio_track": true,
      "vit_type": "",
      "vit_intent": "",
      "plugin_count": 2,
      "plugins": [
        {
          "name": "Volume & Pan Plugin",
          "type": "volume",
          "enabled": true
        },
        {
          "name": "Level Meter",
          "type": "level",
          "enabled": true
        }
      ]
    }
  ]
}
VitHeadlessService: command reply (truncated): {
  "status": "ok",
  "message": "Track list fetched",
  "tracks": [
    {
      "track_id": "1002",
      "name": "Arranger",
      "track_type": "track",
      "is_audio": false,
      "is_audio_track": false,
ZmqGateway: received command payload: {"cmd":"seek","time":2.6269416809082}
ZmqGateway: dispatching payload to JUCE message thread.
VitHeadlessService: processing queued command on JUCE message thread: {"cmd":"seek","time":2.6269416809082}
Command received: {"cmd":"seek","time":2.6269416809082}
CommandDispatcher::handleSeek: position set to 2.6269s
Command executed: seek, result: {
  "status": "ok",
  "message": "Seek executed",
  "position_seconds": 2.6269416809082
}
VitHeadlessService: command reply (truncated): {
  "status": "ok",
  "message": "Seek executed",
  "position_seconds": 2.6269416809082
}
ZmqGateway: received command payload: {"cmd":"seek","time":2.6269416809082}
ZmqGateway: dispatching payload to JUCE message thread.
VitHeadlessService: processing queued command on JUCE message thread: {"cmd":"seek","time":2.6269416809082}
Command received: {"cmd":"seek","time":2.6269416809082}
CommandDispatcher::handleSeek: position set to 2.6269s
Command executed: seek, result: {
  "status": "ok",
  "message": "Seek executed",
  "position_seconds": 2.6269416809082
}
VitHeadlessService: command reply (truncated): {
  "status": "ok",
  "message": "Seek executed",
  "position_seconds": 2.6269416809082
}
ZmqGateway: received command payload: {"cmd":"seek","time":2.6269416809082}
ZmqGateway: dispatching payload to JUCE message thread.
VitHeadlessService: processing queued command on JUCE message thread: {"cmd":"seek","time":2.6269416809082}
Command received: {"cmd":"seek","time":2.6269416809082}
CommandDispatcher::handleSeek: position set to 2.6269s
Command executed: seek, result: {
  "status": "ok",
  "message": "Seek executed",
  "position_seconds": 2.6269416809082
}
VitHeadlessService: command reply (truncated): {
  "status": "ok",
  "message": "Seek executed",
  "position_seconds": 2.6269416809082
}
ZmqGateway: received command payload: {"cmd":"seek","time":2.6269416809082}
ZmqGateway: dispatching payload to JUCE message thread.
VitHeadlessService: processing queued command on JUCE message thread: {"cmd":"seek","time":2.6269416809082}
Command received: {"cmd":"seek","time":2.6269416809082}
CommandDispatcher::handleSeek: position set to 2.6269s
Command executed: seek, result: {
  "status": "ok",
  "message": "Seek executed",
  "position_seconds": 2.6269416809082
}
VitHeadlessService: command reply (truncated): {
  "status": "ok",
  "message": "Seek executed",
  "position_seconds": 2.6269416809082
}
ZmqGateway: received command payload: {"cmd":"seek","time":2.6269416809082}
ZmqGateway: dispatching payload to JUCE message thread.
VitHeadlessService: processing queued command on JUCE message thread: {"cmd":"seek","time":2.6269416809082}
Command received: {"cmd":"seek","time":2.6269416809082}
CommandDispatcher::handleSeek: position set to 2.6269s
Command executed: seek, result: {
  "status": "ok",
  "message": "Seek executed",
  "position_seconds": 2.6269416809082
}
VitHeadlessService: command reply (truncated): {
  "status": "ok",
  "message": "Seek executed",
  "position_seconds": 2.6269416809082
}
ZmqGateway: received command payload: {"cmd":"seek","time":2.6269416809082}
ZmqGateway: dispatching payload to JUCE message thread.
VitHeadlessService: processing queued command on JUCE message thread: {"cmd":"seek","time":2.6269416809082}
Command received: {"cmd":"seek","time":2.6269416809082}
CommandDispatcher::handleSeek: position set to 2.6269s
Command executed: seek, result: {
  "status": "ok",
  "message": "Seek executed",
  "position_seconds": 2.6269416809082
}
VitHeadlessService: command reply (truncated): {
  "status": "ok",
  "message": "Seek executed",
  "position_seconds": 2.6269416809082
}
ZmqGateway: received command payload: {"cmd":"seek","time":2.6269416809082}
ZmqGateway: dispatching payload to JUCE message thread.
VitHeadlessService: processing queued command on JUCE message thread: {"cmd":"seek","time":2.6269416809082}
Command received: {"cmd":"seek","time":2.6269416809082}
CommandDispatcher::handleSeek: position set to 2.6269s
Command executed: seek, result: {
  "status": "ok",
  "message": "Seek executed",
  "position_seconds": 2.6269416809082
}
VitHeadlessService: command reply (truncated): {
  "status": "ok",
  "message": "Seek executed",
  "position_seconds": 2.6269416809082
}
ZmqGateway: received command payload: {"cmd":"seek","time":2.6269416809082}
ZmqGateway: dispatching payload to JUCE message thread.
VitHeadlessService: processing queued command on JUCE message thread: {"cmd":"seek","time":2.6269416809082}
Command received: {"cmd":"seek","time":2.6269416809082}
CommandDispatcher::handleSeek: position set to 2.6269s
Command executed: seek, result: {
  "status": "ok",
  "message": "Seek executed",
  "position_seconds": 2.6269416809082
}
VitHeadlessService: command reply (truncated): {
  "status": "ok",
  "message": "Seek executed",
  "position_seconds": 2.6269416809082
}
ZmqGateway: received command payload: {"cmd":"seek","time":2.65802955627441}
ZmqGateway: dispatching payload to JUCE message thread.
VitHeadlessService: processing queued command on JUCE message thread: {"cmd":"seek","time":2.65802955627441}
Command received: {"cmd":"seek","time":2.65802955627441}
CommandDispatcher::handleSeek: position set to 2.6580s
Command executed: seek, result: {
  "status": "ok",
  "message": "Seek executed",
  "position_seconds": 2.65802955627441
}
VitHeadlessService: command reply (truncated): {
  "status": "ok",
  "message": "Seek executed",
  "position_seconds": 2.65802955627441
}
ZmqGateway: received command payload: {"cmd":"seek","time":2.70466232299805}
ZmqGateway: dispatching payload to JUCE message thread.
VitHeadlessService: processing queued command on JUCE message thread: {"cmd":"seek","time":2.70466232299805}
Command received: {"cmd":"seek","time":2.70466232299805}
CommandDispatcher::handleSeek: position set to 2.7047s
Command executed: seek, result: {
  "status": "ok",
  "message": "Seek executed",
  "position_seconds": 2.70466232299805
}
VitHeadlessService: command reply (truncated): {
  "status": "ok",
  "message": "Seek executed",
  "position_seconds": 2.70466232299805
}
ZmqGateway: received command payload: {"cmd":"seek","time":2.75129413604736}
ZmqGateway: dispatching payload to JUCE message thread.
VitHeadlessService: processing queued command on JUCE message thread: {"cmd":"seek","time":2.75129413604736}
Command received: {"cmd":"seek","time":2.75129413604736}
CommandDispatcher::handleSeek: position set to 2.7513s
Command executed: seek, result: {
  "status": "ok",
  "message": "Seek executed",
  "position_seconds": 2.75129413604736
}
VitHeadlessService: command reply (truncated): {
  "status": "ok",
  "message": "Seek executed",
  "position_seconds": 2.75129413604736
}
ZmqGateway: received command payload: {"cmd":"seek","time":2.81346988677979}
ZmqGateway: dispatching payload to JUCE message thread.
VitHeadlessService: processing queued command on JUCE message thread: {"cmd":"seek","time":2.81346988677979}
Command received: {"cmd":"seek","time":2.81346988677979}
CommandDispatcher::handleSeek: position set to 2.8135s
Command executed: seek, result: {
  "status": "ok",
  "message": "Seek executed",
  "position_seconds": 2.81346988677979
}
VitHeadlessService: command reply (truncated): {
  "status": "ok",
  "message": "Seek executed",
  "position_seconds": 2.81346988677979
}
ZmqGateway: received command payload: {"cmd":"seek","time":2.89119052886963}
ZmqGateway: dispatching payload to JUCE message thread.
VitHeadlessService: processing queued command on JUCE message thread: {"cmd":"seek","time":2.89119052886963}
Command received: {"cmd":"seek","time":2.89119052886963}
CommandDispatcher::handleSeek: position set to 2.8912s
Command executed: seek, result: {
  "status": "ok",
  "message": "Seek executed",
  "position_seconds": 2.89119052886963
}
VitHeadlessService: command reply (truncated): {
  "status": "ok",
  "message": "Seek executed",
  "position_seconds": 2.89119052886963
}
ZmqGateway: received command payload: {"cmd":"seek","time":2.96891021728516}
ZmqGateway: dispatching payload to JUCE message thread.
VitHeadlessService: processing queued command on JUCE message thread: {"cmd":"seek","time":2.96891021728516}
Command received: {"cmd":"seek","time":2.96891021728516}
CommandDispatcher::handleSeek: position set to 2.9689s
Command executed: seek, result: {
  "status": "ok",
  "message": "Seek executed",
  "position_seconds": 2.96891021728516
}
VitHeadlessService: command reply (truncated): {
  "status": "ok",
  "message": "Seek executed",
  "position_seconds": 2.96891021728516
}
ZmqGateway: received command payload: {"cmd":"seek","time":3.046630859375}
ZmqGateway: dispatching payload to JUCE message thread.
VitHeadlessService: processing queued command on JUCE message thread: {"cmd":"seek","time":3.046630859375}
Command received: {"cmd":"seek","time":3.046630859375}
CommandDispatcher::handleSeek: position set to 3.0466s
Command executed: seek, result: {
  "status": "ok",
  "message": "Seek executed",
  "position_seconds": 3.046630859375
}
VitHeadlessService: command reply (truncated): {
  "status": "ok",
  "message": "Seek executed",
  "position_seconds": 3.046630859375
}
ZmqGateway: received command payload: {"cmd":"seek","time":3.12435054779053}
ZmqGateway: dispatching payload to JUCE message thread.
VitHeadlessService: processing queued command on JUCE message thread: {"cmd":"seek","time":3.12435054779053}
Command received: {"cmd":"seek","time":3.12435054779053}
CommandDispatcher::handleSeek: position set to 3.1244s
Command executed: seek, result: {
  "status": "ok",
  "message": "Seek executed",
  "position_seconds": 3.12435054779053
}
VitHeadlessService: command reply (truncated): {
  "status": "ok",
  "message": "Seek executed",
  "position_seconds": 3.12435054779053
}
ZmqGateway: received command payload: {"cmd":"seek","time":3.20207118988037}
ZmqGateway: dispatching payload to JUCE message thread.
VitHeadlessService: processing queued command on JUCE message thread: {"cmd":"seek","time":3.20207118988037}
Command received: {"cmd":"seek","time":3.20207118988037}
CommandDispatcher::handleSeek: position set to 3.2021s
Command executed: seek, result: {
  "status": "ok",
  "message": "Seek executed",
  "position_seconds": 3.20207118988037
}
VitHeadlessService: command reply (truncated): {
  "status": "ok",
  "message": "Seek executed",
  "position_seconds": 3.20207118988037
}
ZmqGateway: received command payload: {"cmd":"seek","time":3.26424789428711}
ZmqGateway: dispatching payload to JUCE message thread.
VitHeadlessService: processing queued command on JUCE message thread: {"cmd":"seek","time":3.26424789428711}
Command received: {"cmd":"seek","time":3.26424789428711}
CommandDispatcher::handleSeek: position set to 3.2642s
Command executed: seek, result: {
  "status": "ok",
  "message": "Seek executed",
  "position_seconds": 3.26424789428711
}
VitHeadlessService: command reply (truncated): {
  "status": "ok",
  "message": "Seek executed",
  "position_seconds": 3.26424789428711
}
ZmqGateway: received command payload: {"cmd":"seek","time":3.31087970733643}
ZmqGateway: dispatching payload to JUCE message thread.
VitHeadlessService: processing queued command on JUCE message thread: {"cmd":"seek","time":3.31087970733643}
Command received: {"cmd":"seek","time":3.31087970733643}
CommandDispatcher::handleSeek: position set to 3.3109s
Command executed: seek, result: {
  "status": "ok",
  "message": "Seek executed",
  "position_seconds": 3.31087970733643
}
VitHeadlessService: command reply (truncated): {
  "status": "ok",
  "message": "Seek executed",
  "position_seconds": 3.31087970733643
}
ZmqGateway: received command payload: {"cmd":"seek","time":3.35751152038574}
ZmqGateway: dispatching payload to JUCE message thread.
VitHeadlessService: processing queued command on JUCE message thread: {"cmd":"seek","time":3.35751152038574}
Command received: {"cmd":"seek","time":3.35751152038574}
CommandDispatcher::handleSeek: position set to 3.3575s
Command executed: seek, result: {
  "status": "ok",
  "message": "Seek executed",
  "position_seconds": 3.35751152038574
}
VitHeadlessService: command reply (truncated): {
  "status": "ok",
  "message": "Seek executed",
  "position_seconds": 3.35751152038574
}
ZmqGateway: received command payload: {"cmd":"seek","time":3.38859939575195}
ZmqGateway: dispatching payload to JUCE message thread.
VitHeadlessService: processing queued command on JUCE message thread: {"cmd":"seek","time":3.38859939575195}
Command received: {"cmd":"seek","time":3.38859939575195}
CommandDispatcher::handleSeek: position set to 3.3886s
Command executed: seek, result: {
  "status": "ok",
  "message": "Seek executed",
  "position_seconds": 3.38859939575195
}
VitHeadlessService: command reply (truncated): {
  "status": "ok",
  "message": "Seek executed",
  "position_seconds": 3.38859939575195
}
ZmqGateway: received command payload: {"cmd":"seek","time":3.40414428710938}
ZmqGateway: dispatching payload to JUCE message thread.
VitHeadlessService: processing queued command on JUCE message thread: {"cmd":"seek","time":3.40414428710938}
Command received: {"cmd":"seek","time":3.40414428710938}
CommandDispatcher::handleSeek: position set to 3.4041s
Command executed: seek, result: {
  "status": "ok",
  "message": "Seek executed",
  "position_seconds": 3.40414428710938
}
VitHeadlessService: command reply (truncated): {
  "status": "ok",
  "message": "Seek executed",
  "position_seconds": 3.40414428710938
}
ZmqGateway: received command payload: {"cmd":"seek","time":3.41968727111816}
ZmqGateway: dispatching payload to JUCE message thread.
VitHeadlessService: processing queued command on JUCE message thread: {"cmd":"seek","time":3.41968727111816}
Command received: {"cmd":"seek","time":3.41968727111816}
CommandDispatcher::handleSeek: position set to 3.4197s
Command executed: seek, result: {
  "status": "ok",
  "message": "Seek executed",
  "position_seconds": 3.41968727111816
}
VitHeadlessService: command reply (truncated): {
  "status": "ok",
  "message": "Seek executed",
  "position_seconds": 3.41968727111816
}
ZmqGateway: received command payload: {"cmd":"seek","time":3.43523216247559}
ZmqGateway: dispatching payload to JUCE message thread.
VitHeadlessService: processing queued command on JUCE message thread: {"cmd":"seek","time":3.43523216247559}
Command received: {"cmd":"seek","time":3.43523216247559}
CommandDispatcher::handleSeek: position set to 3.4352s
Command executed: seek, result: {
  "status": "ok",
  "message": "Seek executed",
  "position_seconds": 3.43523216247559
}
VitHeadlessService: command reply (truncated): {
  "status": "ok",
  "message": "Seek executed",
  "position_seconds": 3.43523216247559
}
ZmqGateway: received command payload: {"cmd":"seek","time":3.43523216247559}
ZmqGateway: dispatching payload to JUCE message thread.
VitHeadlessService: processing queued command on JUCE message thread: {"cmd":"seek","time":3.43523216247559}
Command received: {"cmd":"seek","time":3.43523216247559}
CommandDispatcher::handleSeek: position set to 3.4352s
Command executed: seek, result: {
  "status": "ok",
  "message": "Seek executed",
  "position_seconds": 3.43523216247559
}
VitHeadlessService: command reply (truncated): {
  "status": "ok",
  "message": "Seek executed",
  "position_seconds": 3.43523216247559
}
ZmqGateway: received command payload: {"cmd":"seek","time":3.43523216247559}
ZmqGateway: dispatching payload to JUCE message thread.
VitHeadlessService: processing queued command on JUCE message thread: {"cmd":"seek","time":3.43523216247559}
Command received: {"cmd":"seek","time":3.43523216247559}
CommandDispatcher::handleSeek: position set to 3.4352s
Command executed: seek, result: {
  "status": "ok",
  "message": "Seek executed",
  "position_seconds": 3.43523216247559
}
VitHeadlessService: command reply (truncated): {
  "status": "ok",
  "message": "Seek executed",
  "position_seconds": 3.43523216247559
}
ZmqGateway: received command payload: {"cmd":"seek","time":3.43523216247559}
ZmqGateway: dispatching payload to JUCE message thread.
VitHeadlessService: processing queued command on JUCE message thread: {"cmd":"seek","time":3.43523216247559}
Command received: {"cmd":"seek","time":3.43523216247559}
CommandDispatcher::handleSeek: position set to 3.4352s
Command executed: seek, result: {
  "status": "ok",
  "message": "Seek executed",
  "position_seconds": 3.43523216247559
}
VitHeadlessService: command reply (truncated): {
  "status": "ok",
  "message": "Seek executed",
  "position_seconds": 3.43523216247559
}
ZmqGateway: received command payload: {"cmd":"seek","time":3.43523216247559}
ZmqGateway: dispatching payload to JUCE message thread.
VitHeadlessService: processing queued command on JUCE message thread: {"cmd":"seek","time":3.43523216247559}
Command received: {"cmd":"seek","time":3.43523216247559}
CommandDispatcher::handleSeek: position set to 3.4352s
Command executed: seek, result: {
  "status": "ok",
  "message": "Seek executed",
  "position_seconds": 3.43523216247559
}
VitHeadlessService: command reply (truncated): {
  "status": "ok",
  "message": "Seek executed",
  "position_seconds": 3.43523216247559
}
ZmqGateway: received command payload: {"cmd":"seek","time":3.43523216247559}
ZmqGateway: dispatching payload to JUCE message thread.
VitHeadlessService: processing queued command on JUCE message thread: {"cmd":"seek","time":3.43523216247559}
Command received: {"cmd":"seek","time":3.43523216247559}
CommandDispatcher::handleSeek: position set to 3.4352s
Command executed: seek, result: {
  "status": "ok",
  "message": "Seek executed",
  "position_seconds": 3.43523216247559
}
VitHeadlessService: command reply (truncated): {
  "status": "ok",
  "message": "Seek executed",
  "position_seconds": 3.43523216247559
}
ZmqGateway: received command payload: {"cmd":"seek","time":3.43523216247559}
ZmqGateway: dispatching payload to JUCE message thread.
VitHeadlessService: processing queued command on JUCE message thread: {"cmd":"seek","time":3.43523216247559}
Command received: {"cmd":"seek","time":3.43523216247559}
CommandDispatcher::handleSeek: position set to 3.4352s
Command executed: seek, result: {
  "status": "ok",
  "message": "Seek executed",
  "position_seconds": 3.43523216247559
}
VitHeadlessService: command reply (truncated): {
  "status": "ok",
  "message": "Seek executed",
  "position_seconds": 3.43523216247559
}
ZmqGateway: received command payload: {"cmd":"seek","time":3.43523216247559}
ZmqGateway: dispatching payload to JUCE message thread.
VitHeadlessService: processing queued command on JUCE message thread: {"cmd":"seek","time":3.43523216247559}
Command received: {"cmd":"seek","time":3.43523216247559}
CommandDispatcher::handleSeek: position set to 3.4352s
Command executed: seek, result: {
  "status": "ok",
  "message": "Seek executed",
  "position_seconds": 3.43523216247559
}
VitHeadlessService: command reply (truncated): {
  "status": "ok",
  "message": "Seek executed",
  "position_seconds": 3.43523216247559
}
ZmqGateway: received command payload: {"cmd":"seek","time":3.43523216247559}
ZmqGateway: dispatching payload to JUCE message thread.
VitHeadlessService: processing queued command on JUCE message thread: {"cmd":"seek","time":3.43523216247559}
Command received: {"cmd":"seek","time":3.43523216247559}
CommandDispatcher::handleSeek: position set to 3.4352s
Command executed: seek, result: {
  "status": "ok",
  "message": "Seek executed",
  "position_seconds": 3.43523216247559
}
VitHeadlessService: command reply (truncated): {
  "status": "ok",
  "message": "Seek executed",
  "position_seconds": 3.43523216247559
}
ZmqGateway: received command payload: {"cmd":"seek","time":3.43523216247559}
ZmqGateway: dispatching payload to JUCE message thread.
VitHeadlessService: processing queued command on JUCE message thread: {"cmd":"seek","time":3.43523216247559}
Command received: {"cmd":"seek","time":3.43523216247559}
CommandDispatcher::handleSeek: position set to 3.4352s
Command executed: seek, result: {
  "status": "ok",
  "message": "Seek executed",
  "position_seconds": 3.43523216247559
}
VitHeadlessService: command reply (truncated): {
  "status": "ok",
  "message": "Seek executed",
  "position_seconds": 3.43523216247559
}
ZmqGateway: received command payload: {"cmd":"seek","time":3.43523216247559}
ZmqGateway: dispatching payload to JUCE message thread.
VitHeadlessService: processing queued command on JUCE message thread: {"cmd":"seek","time":3.43523216247559}
Command received: {"cmd":"seek","time":3.43523216247559}
CommandDispatcher::handleSeek: position set to 3.4352s
Command executed: seek, result: {
  "status": "ok",
  "message": "Seek executed",
  "position_seconds": 3.43523216247559
}
VitHeadlessService: command reply (truncated): {
  "status": "ok",
  "message": "Seek executed",
  "position_seconds": 3.43523216247559
}
ZmqGateway: received command payload: {"cmd":"seek","time":3.43523216247559}
ZmqGateway: dispatching payload to JUCE message thread.
VitHeadlessService: processing queued command on JUCE message thread: {"cmd":"seek","time":3.43523216247559}
Command received: {"cmd":"seek","time":3.43523216247559}
CommandDispatcher::handleSeek: position set to 3.4352s
Command executed: seek, result: {
  "status": "ok",
  "message": "Seek executed",
  "position_seconds": 3.43523216247559
}
VitHeadlessService: command reply (truncated): {
  "status": "ok",
  "message": "Seek executed",
  "position_seconds": 3.43523216247559
}
ZmqGateway: received command payload: {"cmd":"seek","time":3.43523216247559}
ZmqGateway: dispatching payload to JUCE message thread.
VitHeadlessService: processing queued command on JUCE message thread: {"cmd":"seek","time":3.43523216247559}
Command received: {"cmd":"seek","time":3.43523216247559}
CommandDispatcher::handleSeek: position set to 3.4352s
Command executed: seek, result: {
  "status": "ok",
  "message": "Seek executed",
  "position_seconds": 3.43523216247559
}
VitHeadlessService: command reply (truncated): {
  "status": "ok",
  "message": "Seek executed",
  "position_seconds": 3.43523216247559
}
ZmqGateway: received command payload: {"cmd":"seek","time":3.43523216247559}
ZmqGateway: dispatching payload to JUCE message thread.
VitHeadlessService: processing queued command on JUCE message thread: {"cmd":"seek","time":3.43523216247559}
Command received: {"cmd":"seek","time":3.43523216247559}
CommandDispatcher::handleSeek: position set to 3.4352s
Command executed: seek, result: {
  "status": "ok",
  "message": "Seek executed",
  "position_seconds": 3.43523216247559
}
VitHeadlessService: command reply (truncated): {
  "status": "ok",
  "message": "Seek executed",
  "position_seconds": 3.43523216247559
}
ZmqGateway: received command payload: {"cmd":"seek","time":3.43523216247559}
ZmqGateway: dispatching payload to JUCE message thread.
VitHeadlessService: processing queued command on JUCE message thread: {"cmd":"seek","time":3.43523216247559}
Command received: {"cmd":"seek","time":3.43523216247559}
CommandDispatcher::handleSeek: position set to 3.4352s
Command executed: seek, result: {
  "status": "ok",
  "message": "Seek executed",
  "position_seconds": 3.43523216247559
}
VitHeadlessService: command reply (truncated): {
  "status": "ok",
  "message": "Seek executed",
  "position_seconds": 3.43523216247559
}
ZmqGateway: received command payload: {"cmd":"seek","time":3.43523216247559}
ZmqGateway: dispatching payload to JUCE message thread.
VitHeadlessService: processing queued command on JUCE message thread: {"cmd":"seek","time":3.43523216247559}
Command received: {"cmd":"seek","time":3.43523216247559}
CommandDispatcher::handleSeek: position set to 3.4352s
Command executed: seek, result: {
  "status": "ok",
  "message": "Seek executed",
  "position_seconds": 3.43523216247559
}
VitHeadlessService: command reply (truncated): {
  "status": "ok",
  "message": "Seek executed",
  "position_seconds": 3.43523216247559
}
ZmqGateway: received command payload: {"cmd":"seek","time":3.4663200378418}
ZmqGateway: dispatching payload to JUCE message thread.
VitHeadlessService: processing queued command on JUCE message thread: {"cmd":"seek","time":3.4663200378418}
Command received: {"cmd":"seek","time":3.4663200378418}
CommandDispatcher::handleSeek: position set to 3.4663s
Command executed: seek, result: {
  "status": "ok",
  "message": "Seek executed",
  "position_seconds": 3.4663200378418
}
VitHeadlessService: command reply (truncated): {
  "status": "ok",
  "message": "Seek executed",
  "position_seconds": 3.4663200378418
}
ZmqGateway: received command payload: {"cmd":"seek","time":3.51295185089111}
ZmqGateway: dispatching payload to JUCE message thread.
VitHeadlessService: processing queued command on JUCE message thread: {"cmd":"seek","time":3.51295185089111}
Command received: {"cmd":"seek","time":3.51295185089111}
CommandDispatcher::handleSeek: position set to 3.5130s
Command executed: seek, result: {
  "status": "ok",
  "message": "Seek executed",
  "position_seconds": 3.51295185089111
}
VitHeadlessService: command reply (truncated): {
  "status": "ok",
  "message": "Seek executed",
  "position_seconds": 3.51295185089111
}
ZmqGateway: received command payload: {"cmd":"seek","time":3.55958366394043}
ZmqGateway: dispatching payload to JUCE message thread.
VitHeadlessService: processing queued command on JUCE message thread: {"cmd":"seek","time":3.55958366394043}
Command received: {"cmd":"seek","time":3.55958366394043}
CommandDispatcher::handleSeek: position set to 3.5596s
Command executed: seek, result: {
  "status": "ok",
  "message": "Seek executed",
  "position_seconds": 3.55958366394043
}
VitHeadlessService: command reply (truncated): {
  "status": "ok",
  "message": "Seek executed",
  "position_seconds": 3.55958366394043
}
ZmqGateway: received command payload: {"cmd":"seek","time":3.60621643066406}
ZmqGateway: dispatching payload to JUCE message thread.
VitHeadlessService: processing queued command on JUCE message thread: {"cmd":"seek","time":3.60621643066406}
Command received: {"cmd":"seek","time":3.60621643066406}
CommandDispatcher::handleSeek: position set to 3.6062s
Command executed: seek, result: {
  "status": "ok",
  "message": "Seek executed",
  "position_seconds": 3.60621643066406
}
VitHeadlessService: command reply (truncated): {
  "status": "ok",
  "message": "Seek executed",
  "position_seconds": 3.60621643066406
}
ZmqGateway: received command payload: {"cmd":"seek","time":3.65284824371338}
ZmqGateway: dispatching payload to JUCE message thread.
VitHeadlessService: processing queued command on JUCE message thread: {"cmd":"seek","time":3.65284824371338}
Command received: {"cmd":"seek","time":3.65284824371338}
CommandDispatcher::handleSeek: position set to 3.6528s
Command executed: seek, result: {
  "status": "ok",
  "message": "Seek executed",
  "position_seconds": 3.65284824371338
}
VitHeadlessService: command reply (truncated): {
  "status": "ok",
  "message": "Seek executed",
  "position_seconds": 3.65284824371338
}
ZmqGateway: received command payload: {"cmd":"seek","time":3.71502494812012}
ZmqGateway: dispatching payload to JUCE message thread.
VitHeadlessService: processing queued command on JUCE message thread: {"cmd":"seek","time":3.71502494812012}
Command received: {"cmd":"seek","time":3.71502494812012}
CommandDispatcher::handleSeek: position set to 3.7150s
Command executed: seek, result: {
  "status": "ok",
  "message": "Seek executed",
  "position_seconds": 3.71502494812012
}
VitHeadlessService: command reply (truncated): {
  "status": "ok",
  "message": "Seek executed",
  "position_seconds": 3.71502494812012
}
ZmqGateway: received command payload: {"cmd":"seek","time":3.76165676116943}
ZmqGateway: dispatching payload to JUCE message thread.
VitHeadlessService: processing queued command on JUCE message thread: {"cmd":"seek","time":3.76165676116943}
Command received: {"cmd":"seek","time":3.76165676116943}
CommandDispatcher::handleSeek: position set to 3.7617s
Command executed: seek, result: {
  "status": "ok",
  "message": "Seek executed",
  "position_seconds": 3.76165676116943
}
VitHeadlessService: command reply (truncated): {
  "status": "ok",
  "message": "Seek executed",
  "position_seconds": 3.76165676116943
}
ZmqGateway: received command payload: {"cmd":"seek","time":3.82383251190186}
ZmqGateway: dispatching payload to JUCE message thread.
VitHeadlessService: processing queued command on JUCE message thread: {"cmd":"seek","time":3.82383251190186}
Command received: {"cmd":"seek","time":3.82383251190186}
CommandDispatcher::handleSeek: position set to 3.8238s
Command executed: seek, result: {
  "status": "ok",
  "message": "Seek executed",
  "position_seconds": 3.82383251190186
}
VitHeadlessService: command reply (truncated): {
  "status": "ok",
  "message": "Seek executed",
  "position_seconds": 3.82383251190186
}
ZmqGateway: received command payload: {"cmd":"seek","time":3.88600921630859}
ZmqGateway: dispatching payload to JUCE message thread.
VitHeadlessService: processing queued command on JUCE message thread: {"cmd":"seek","time":3.88600921630859}
Command received: {"cmd":"seek","time":3.88600921630859}
CommandDispatcher::handleSeek: position set to 3.8860s
Command executed: seek, result: {
  "status": "ok",
  "message": "Seek executed",
  "position_seconds": 3.88600921630859
}
VitHeadlessService: command reply (truncated): {
  "status": "ok",
  "message": "Seek executed",
  "position_seconds": 3.88600921630859
}
ZmqGateway: received command payload: {"cmd":"seek","time":3.94818496704102}
ZmqGateway: dispatching payload to JUCE message thread.
VitHeadlessService: processing queued command on JUCE message thread: {"cmd":"seek","time":3.94818496704102}
Command received: {"cmd":"seek","time":3.94818496704102}
CommandDispatcher::handleSeek: position set to 3.9482s
Command executed: seek, result: {
  "status": "ok",
  "message": "Seek executed",
  "position_seconds": 3.94818496704102
}
VitHeadlessService: command reply (truncated): {
  "status": "ok",
  "message": "Seek executed",
  "position_seconds": 3.94818496704102
}
ZmqGateway: received command payload: {"cmd":"seek","time":3.99481773376465}
ZmqGateway: dispatching payload to JUCE message thread.
VitHeadlessService: processing queued command on JUCE message thread: {"cmd":"seek","time":3.99481773376465}
Command received: {"cmd":"seek","time":3.99481773376465}
CommandDispatcher::handleSeek: position set to 3.9948s
Command executed: seek, result: {
  "status": "ok",
  "message": "Seek executed",
  "position_seconds": 3.99481773376465
}
VitHeadlessService: command reply (truncated): {
  "status": "ok",
  "message": "Seek executed",
  "position_seconds": 3.99481773376465
}
ZmqGateway: received command payload: {"cmd":"seek","time":4.04144954681396}
ZmqGateway: dispatching payload to JUCE message thread.
VitHeadlessService: processing queued command on JUCE message thread: {"cmd":"seek","time":4.04144954681396}
Command received: {"cmd":"seek","time":4.04144954681396}
CommandDispatcher::handleSeek: position set to 4.0414s
Command executed: seek, result: {
  "status": "ok",
  "message": "Seek executed",
  "position_seconds": 4.04144954681396
}
VitHeadlessService: command reply (truncated): {
  "status": "ok",
  "message": "Seek executed",
  "position_seconds": 4.04144954681396
}
ZmqGateway: received command payload: {"cmd":"seek","time":4.07253837585449}
ZmqGateway: dispatching payload to JUCE message thread.
VitHeadlessService: processing queued command on JUCE message thread: {"cmd":"seek","time":4.07253837585449}
Command received: {"cmd":"seek","time":4.07253837585449}
CommandDispatcher::handleSeek: position set to 4.0725s
Command executed: seek, result: {
  "status": "ok",
  "message": "Seek executed",
  "position_seconds": 4.07253837585449
}
VitHeadlessService: command reply (truncated): {
  "status": "ok",
  "message": "Seek executed",
  "position_seconds": 4.07253837585449
}
ZmqGateway: received command payload: {"cmd":"seek","time":4.08808135986328}
ZmqGateway: dispatching payload to JUCE message thread.
VitHeadlessService: processing queued command on JUCE message thread: {"cmd":"seek","time":4.08808135986328}
Command received: {"cmd":"seek","time":4.08808135986328}
CommandDispatcher::handleSeek: position set to 4.0881s
Command executed: seek, result: {
  "status": "ok",
  "message": "Seek executed",
  "position_seconds": 4.08808135986328
}
VitHeadlessService: command reply (truncated): {
  "status": "ok",
  "message": "Seek executed",
  "position_seconds": 4.08808135986328
}
ZmqGateway: received command payload: {"cmd":"seek","time":4.1036262512207}
ZmqGateway: dispatching payload to JUCE message thread.
VitHeadlessService: processing queued command on JUCE message thread: {"cmd":"seek","time":4.1036262512207}
Command received: {"cmd":"seek","time":4.1036262512207}
CommandDispatcher::handleSeek: position set to 4.1036s
Command executed: seek, result: {
  "status": "ok",
  "message": "Seek executed",
  "position_seconds": 4.1036262512207
}
VitHeadlessService: command reply (truncated): {
  "status": "ok",
  "message": "Seek executed",
  "position_seconds": 4.1036262512207
}
ZmqGateway: received command payload: {"cmd":"seek","time":4.1036262512207}
ZmqGateway: dispatching payload to JUCE message thread.
VitHeadlessService: processing queued command on JUCE message thread: {"cmd":"seek","time":4.1036262512207}
Command received: {"cmd":"seek","time":4.1036262512207}
CommandDispatcher::handleSeek: position set to 4.1036s
Command executed: seek, result: {
  "status": "ok",
  "message": "Seek executed",
  "position_seconds": 4.1036262512207
}
VitHeadlessService: command reply (truncated): {
  "status": "ok",
  "message": "Seek executed",
  "position_seconds": 4.1036262512207
}
ZmqGateway: received command payload: {"cmd":"seek","time":4.1036262512207}
ZmqGateway: dispatching payload to JUCE message thread.
VitHeadlessService: processing queued command on JUCE message thread: {"cmd":"seek","time":4.1036262512207}
Command received: {"cmd":"seek","time":4.1036262512207}
CommandDispatcher::handleSeek: position set to 4.1036s
Command executed: seek, result: {
  "status": "ok",
  "message": "Seek executed",
  "position_seconds": 4.1036262512207
}
VitHeadlessService: command reply (truncated): {
  "status": "ok",
  "message": "Seek executed",
  "position_seconds": 4.1036262512207
}
ZmqGateway: received command payload: {"cmd":"seek","time":4.1036262512207}
ZmqGateway: dispatching payload to JUCE message thread.
VitHeadlessService: processing queued command on JUCE message thread: {"cmd":"seek","time":4.1036262512207}
Command received: {"cmd":"seek","time":4.1036262512207}
CommandDispatcher::handleSeek: position set to 4.1036s
Command executed: seek, result: {
  "status": "ok",
  "message": "Seek executed",
  "position_seconds": 4.1036262512207
}
VitHeadlessService: command reply (truncated): {
  "status": "ok",
  "message": "Seek executed",
  "position_seconds": 4.1036262512207
}
ZmqGateway: received command payload: {"cmd":"seek","time":4.1036262512207}
ZmqGateway: dispatching payload to JUCE message thread.
VitHeadlessService: processing queued command on JUCE message thread: {"cmd":"seek","time":4.1036262512207}
Command received: {"cmd":"seek","time":4.1036262512207}
CommandDispatcher::handleSeek: position set to 4.1036s
Command executed: seek, result: {
  "status": "ok",
  "message": "Seek executed",
  "position_seconds": 4.1036262512207
}
VitHeadlessService: command reply (truncated): {
  "status": "ok",
  "message": "Seek executed",
  "position_seconds": 4.1036262512207
}
ZmqGateway: received command payload: {"cmd":"seek","time":4.1036262512207}
ZmqGateway: dispatching payload to JUCE message thread.
VitHeadlessService: processing queued command on JUCE message thread: {"cmd":"seek","time":4.1036262512207}
Command received: {"cmd":"seek","time":4.1036262512207}
CommandDispatcher::handleSeek: position set to 4.1036s
Command executed: seek, result: {
  "status": "ok",
  "message": "Seek executed",
  "position_seconds": 4.1036262512207
}
VitHeadlessService: command reply (truncated): {
  "status": "ok",
  "message": "Seek executed",
  "position_seconds": 4.1036262512207
}
ZmqGateway: received command payload: {"cmd":"seek","time":4.1036262512207}
ZmqGateway: dispatching payload to JUCE message thread.
VitHeadlessService: processing queued command on JUCE message thread: {"cmd":"seek","time":4.1036262512207}
Command received: {"cmd":"seek","time":4.1036262512207}
CommandDispatcher::handleSeek: position set to 4.1036s
Command executed: seek, result: {
  "status": "ok",
  "message": "Seek executed",
  "position_seconds": 4.1036262512207
}
VitHeadlessService: command reply (truncated): {
  "status": "ok",
  "message": "Seek executed",
  "position_seconds": 4.1036262512207
}
ZmqGateway: received command payload: {"cmd":"seek","time":4.1036262512207}
ZmqGateway: dispatching payload to JUCE message thread.
VitHeadlessService: processing queued command on JUCE message thread: {"cmd":"seek","time":4.1036262512207}
Command received: {"cmd":"seek","time":4.1036262512207}
CommandDispatcher::handleSeek: position set to 4.1036s
Command executed: seek, result: {
  "status": "ok",
  "message": "Seek executed",
  "position_seconds": 4.1036262512207
}
VitHeadlessService: command reply (truncated): {
  "status": "ok",
  "message": "Seek executed",
  "position_seconds": 4.1036262512207
}
ZmqGateway: received command payload: {"cmd":"seek","time":4.1036262512207}
ZmqGateway: dispatching payload to JUCE message thread.
VitHeadlessService: processing queued command on JUCE message thread: {"cmd":"seek","time":4.1036262512207}
Command received: {"cmd":"seek","time":4.1036262512207}
CommandDispatcher::handleSeek: position set to 4.1036s
Command executed: seek, result: {
  "status": "ok",
  "message": "Seek executed",
  "position_seconds": 4.1036262512207
}
VitHeadlessService: command reply (truncated): {
  "status": "ok",
  "message": "Seek executed",
  "position_seconds": 4.1036262512207
}
ZmqGateway: received command payload: {"cmd":"seek","time":4.1036262512207}
ZmqGateway: dispatching payload to JUCE message thread.
VitHeadlessService: processing queued command on JUCE message thread: {"cmd":"seek","time":4.1036262512207}
Command received: {"cmd":"seek","time":4.1036262512207}
CommandDispatcher::handleSeek: position set to 4.1036s
Command executed: seek, result: {
  "status": "ok",
  "message": "Seek executed",
  "position_seconds": 4.1036262512207
}
VitHeadlessService: command reply (truncated): {
  "status": "ok",
  "message": "Seek executed",
  "position_seconds": 4.1036262512207
}
ZmqGateway: received command payload: {"cmd":"seek","time":4.1036262512207}
ZmqGateway: dispatching payload to JUCE message thread.
VitHeadlessService: processing queued command on JUCE message thread: {"cmd":"seek","time":4.1036262512207}
Command received: {"cmd":"seek","time":4.1036262512207}
CommandDispatcher::handleSeek: position set to 4.1036s
Command executed: seek, result: {
  "status": "ok",
  "message": "Seek executed",
  "position_seconds": 4.1036262512207
}
VitHeadlessService: command reply (truncated): {
  "status": "ok",
  "message": "Seek executed",
  "position_seconds": 4.1036262512207
}
ZmqGateway: received command payload: {"cmd":"seek","time":4.1036262512207}
ZmqGateway: dispatching payload to JUCE message thread.
VitHeadlessService: processing queued command on JUCE message thread: {"cmd":"seek","time":4.1036262512207}
Command received: {"cmd":"seek","time":4.1036262512207}
CommandDispatcher::handleSeek: position set to 4.1036s
Command executed: seek, result: {
  "status": "ok",
  "message": "Seek executed",
  "position_seconds": 4.1036262512207
}
VitHeadlessService: command reply (truncated): {
  "status": "ok",
  "message": "Seek executed",
  "position_seconds": 4.1036262512207
}
ZmqGateway: received command payload: {"cmd":"seek","time":4.1036262512207}
ZmqGateway: dispatching payload to JUCE message thread.
VitHeadlessService: processing queued command on JUCE message thread: {"cmd":"seek","time":4.1036262512207}
Command received: {"cmd":"seek","time":4.1036262512207}
CommandDispatcher::handleSeek: position set to 4.1036s
Command executed: seek, result: {
  "status": "ok",
  "message": "Seek executed",
  "position_seconds": 4.1036262512207
}
VitHeadlessService: command reply (truncated): {
  "status": "ok",
  "message": "Seek executed",
  "position_seconds": 4.1036262512207
}
ZmqGateway: received command payload: {"cmd":"seek","time":4.1036262512207}
ZmqGateway: dispatching payload to JUCE message thread.
VitHeadlessService: processing queued command on JUCE message thread: {"cmd":"seek","time":4.1036262512207}
Command received: {"cmd":"seek","time":4.1036262512207}
CommandDispatcher::handleSeek: position set to 4.1036s
Command executed: seek, result: {
  "status": "ok",
  "message": "Seek executed",
  "position_seconds": 4.1036262512207
}
VitHeadlessService: command reply (truncated): {
  "status": "ok",
  "message": "Seek executed",
  "position_seconds": 4.1036262512207
}
ZmqGateway: received command payload: {"cmd":"seek","time":4.1036262512207}
ZmqGateway: dispatching payload to JUCE message thread.
VitHeadlessService: processing queued command on JUCE message thread: {"cmd":"seek","time":4.1036262512207}
Command received: {"cmd":"seek","time":4.1036262512207}
CommandDispatcher::handleSeek: position set to 4.1036s
Command executed: seek, result: {
  "status": "ok",
  "message": "Seek executed",
  "position_seconds": 4.1036262512207
}
VitHeadlessService: command reply (truncated): {
  "status": "ok",
  "message": "Seek executed",
  "position_seconds": 4.1036262512207
}
ZmqGateway: received command payload: {"cmd":"seek","time":4.1036262512207}
ZmqGateway: dispatching payload to JUCE message thread.
VitHeadlessService: processing queued command on JUCE message thread: {"cmd":"seek","time":4.1036262512207}
Command received: {"cmd":"seek","time":4.1036262512207}
CommandDispatcher::handleSeek: position set to 4.1036s
Command executed: seek, result: {
  "status": "ok",
  "message": "Seek executed",
  "position_seconds": 4.1036262512207
}
VitHeadlessService: command reply (truncated): {
  "status": "ok",
  "message": "Seek executed",
  "position_seconds": 4.1036262512207
}
ZmqGateway: received command payload: {"cmd":"seek","time":4.1036262512207}
ZmqGateway: dispatching payload to JUCE message thread.
VitHeadlessService: processing queued command on JUCE message thread: {"cmd":"seek","time":4.1036262512207}
Command received: {"cmd":"seek","time":4.1036262512207}
CommandDispatcher::handleSeek: position set to 4.1036s
Command executed: seek, result: {
  "status": "ok",
  "message": "Seek executed",
  "position_seconds": 4.1036262512207
}
VitHeadlessService: command reply (truncated): {
  "status": "ok",
  "message": "Seek executed",
  "position_seconds": 4.1036262512207
}
ZmqGateway: received command payload: {"cmd":"seek","time":4.1036262512207}
ZmqGateway: dispatching payload to JUCE message thread.
VitHeadlessService: processing queued command on JUCE message thread: {"cmd":"seek","time":4.1036262512207}
Command received: {"cmd":"seek","time":4.1036262512207}
CommandDispatcher::handleSeek: position set to 4.1036s
Command executed: seek, result: {
  "status": "ok",
  "message": "Seek executed",
  "position_seconds": 4.1036262512207
}
VitHeadlessService: command reply (truncated): {
  "status": "ok",
  "message": "Seek executed",
  "position_seconds": 4.1036262512207
}
ZmqGateway: received command payload: {"cmd":"seek","time":4.1036262512207}
ZmqGateway: dispatching payload to JUCE message thread.
VitHeadlessService: processing queued command on JUCE message thread: {"cmd":"seek","time":4.1036262512207}
Command received: {"cmd":"seek","time":4.1036262512207}
CommandDispatcher::handleSeek: position set to 4.1036s
Command executed: seek, result: {
  "status": "ok",
  "message": "Seek executed",
  "position_seconds": 4.1036262512207
}
VitHeadlessService: command reply (truncated): {
  "status": "ok",
  "message": "Seek executed",
  "position_seconds": 4.1036262512207
}
ZmqGateway: received command payload: {"cmd":"seek","time":4.1036262512207}
ZmqGateway: dispatching payload to JUCE message thread.
VitHeadlessService: processing queued command on JUCE message thread: {"cmd":"seek","time":4.1036262512207}
Command received: {"cmd":"seek","time":4.1036262512207}
CommandDispatcher::handleSeek: position set to 4.1036s
Command executed: seek, result: {
  "status": "ok",
  "message": "Seek executed",
  "position_seconds": 4.1036262512207
}
VitHeadlessService: command reply (truncated): {
  "status": "ok",
  "message": "Seek executed",
  "position_seconds": 4.1036262512207
}
ZmqGateway: received command payload: {"cmd":"seek","time":4.1036262512207}
ZmqGateway: dispatching payload to JUCE message thread.
VitHeadlessService: processing queued command on JUCE message thread: {"cmd":"seek","time":4.1036262512207}
Command received: {"cmd":"seek","time":4.1036262512207}
CommandDispatcher::handleSeek: position set to 4.1036s
Command executed: seek, result: {
  "status": "ok",
  "message": "Seek executed",
  "position_seconds": 4.1036262512207
}
VitHeadlessService: command reply (truncated): {
  "status": "ok",
  "message": "Seek executed",
  "position_seconds": 4.1036262512207
}
ZmqGateway: received command payload: {"cmd":"seek","time":4.1036262512207}
ZmqGateway: dispatching payload to JUCE message thread.
VitHeadlessService: processing queued command on JUCE message thread: {"cmd":"seek","time":4.1036262512207}
Command received: {"cmd":"seek","time":4.1036262512207}
CommandDispatcher::handleSeek: position set to 4.1036s
Command executed: seek, result: {
  "status": "ok",
  "message": "Seek executed",
  "position_seconds": 4.1036262512207
}
VitHeadlessService: command reply (truncated): {
  "status": "ok",
  "message": "Seek executed",
  "position_seconds": 4.1036262512207
}
ZmqGateway: received command payload: {"cmd":"seek","time":4.1036262512207}
ZmqGateway: dispatching payload to JUCE message thread.
VitHeadlessService: processing queued command on JUCE message thread: {"cmd":"seek","time":4.1036262512207}
Command received: {"cmd":"seek","time":4.1036262512207}
CommandDispatcher::handleSeek: position set to 4.1036s
Command executed: seek, result: {
  "status": "ok",
  "message": "Seek executed",
  "position_seconds": 4.1036262512207
}
VitHeadlessService: command reply (truncated): {
  "status": "ok",
  "message": "Seek executed",
  "position_seconds": 4.1036262512207
}
ZmqGateway: received command payload: {"cmd":"seek","time":4.1036262512207}
ZmqGateway: dispatching payload to JUCE message thread.
VitHeadlessService: processing queued command on JUCE message thread: {"cmd":"seek","time":4.1036262512207}
Command received: {"cmd":"seek","time":4.1036262512207}
CommandDispatcher::handleSeek: position set to 4.1036s
Command executed: seek, result: {
  "status": "ok",
  "message": "Seek executed",
  "position_seconds": 4.1036262512207
}
VitHeadlessService: command reply (truncated): {
  "status": "ok",
  "message": "Seek executed",
  "position_seconds": 4.1036262512207
}
ZmqGateway: received command payload: {"cmd":"seek","time":4.1036262512207}
ZmqGateway: dispatching payload to JUCE message thread.
VitHeadlessService: processing queued command on JUCE message thread: {"cmd":"seek","time":4.1036262512207}
Command received: {"cmd":"seek","time":4.1036262512207}
CommandDispatcher::handleSeek: position set to 4.1036s
Command executed: seek, result: {
  "status": "ok",
  "message": "Seek executed",
  "position_seconds": 4.1036262512207
}
VitHeadlessService: command reply (truncated): {
  "status": "ok",
  "message": "Seek executed",
  "position_seconds": 4.1036262512207
}
ZmqGateway: received command payload: {"cmd":"seek","time":4.1036262512207}
ZmqGateway: dispatching payload to JUCE message thread.
VitHeadlessService: processing queued command on JUCE message thread: {"cmd":"seek","time":4.1036262512207}
Command received: {"cmd":"seek","time":4.1036262512207}
CommandDispatcher::handleSeek: position set to 4.1036s
Command executed: seek, result: {
  "status": "ok",
  "message": "Seek executed",
  "position_seconds": 4.1036262512207
}
VitHeadlessService: command reply (truncated): {
  "status": "ok",
  "message": "Seek executed",
  "position_seconds": 4.1036262512207
}
ZmqGateway: received command payload: {"cmd":"seek","time":4.1036262512207}
ZmqGateway: dispatching payload to JUCE message thread.
VitHeadlessService: processing queued command on JUCE message thread: {"cmd":"seek","time":4.1036262512207}
Command received: {"cmd":"seek","time":4.1036262512207}
CommandDispatcher::handleSeek: position set to 4.1036s
Command executed: seek, result: {
  "status": "ok",
  "message": "Seek executed",
  "position_seconds": 4.1036262512207
}
VitHeadlessService: command reply (truncated): {
  "status": "ok",
  "message": "Seek executed",
  "position_seconds": 4.1036262512207
}
ZmqGateway: received command payload: {"cmd":"seek","time":4.1036262512207}
ZmqGateway: dispatching payload to JUCE message thread.
VitHeadlessService: processing queued command on JUCE message thread: {"cmd":"seek","time":4.1036262512207}
Command received: {"cmd":"seek","time":4.1036262512207}
CommandDispatcher::handleSeek: position set to 4.1036s
Command executed: seek, result: {
  "status": "ok",
  "message": "Seek executed",
  "position_seconds": 4.1036262512207
}
VitHeadlessService: command reply (truncated): {
  "status": "ok",
  "message": "Seek executed",
  "position_seconds": 4.1036262512207
}
ZmqGateway: received command payload: {"cmd":"seek","time":4.1036262512207}
ZmqGateway: dispatching payload to JUCE message thread.
VitHeadlessService: processing queued command on JUCE message thread: {"cmd":"seek","time":4.1036262512207}
Command received: {"cmd":"seek","time":4.1036262512207}
CommandDispatcher::handleSeek: position set to 4.1036s
Command executed: seek, result: {
  "status": "ok",
  "message": "Seek executed",
  "position_seconds": 4.1036262512207
}
VitHeadlessService: command reply (truncated): {
  "status": "ok",
  "message": "Seek executed",
  "position_seconds": 4.1036262512207
}
ZmqGateway: received command payload: {"cmd":"seek","time":4.1036262512207}
ZmqGateway: dispatching payload to JUCE message thread.
VitHeadlessService: processing queued command on JUCE message thread: {"cmd":"seek","time":4.1036262512207}
Command received: {"cmd":"seek","time":4.1036262512207}
CommandDispatcher::handleSeek: position set to 4.1036s
Command executed: seek, result: {
  "status": "ok",
  "message": "Seek executed",
  "position_seconds": 4.1036262512207
}
VitHeadlessService: command reply (truncated): {
  "status": "ok",
  "message": "Seek executed",
  "position_seconds": 4.1036262512207
}
ZmqGateway: received command payload: {"cmd":"seek","time":4.1036262512207}
ZmqGateway: dispatching payload to JUCE message thread.
VitHeadlessService: processing queued command on JUCE message thread: {"cmd":"seek","time":4.1036262512207}
Command received: {"cmd":"seek","time":4.1036262512207}
CommandDispatcher::handleSeek: position set to 4.1036s
Command executed: seek, result: {
  "status": "ok",
  "message": "Seek executed",
  "position_seconds": 4.1036262512207
}
VitHeadlessService: command reply (truncated): {
  "status": "ok",
  "message": "Seek executed",
  "position_seconds": 4.1036262512207
}
ZmqGateway: received command payload: {"cmd":"seek","time":4.15025806427002}
ZmqGateway: dispatching payload to JUCE message thread.
VitHeadlessService: processing queued command on JUCE message thread: {"cmd":"seek","time":4.15025806427002}
Command received: {"cmd":"seek","time":4.15025806427002}
CommandDispatcher::handleSeek: position set to 4.1503s
Command executed: seek, result: {
  "status": "ok",
  "message": "Seek executed",
  "position_seconds": 4.15025806427002
}
VitHeadlessService: command reply (truncated): {
  "status": "ok",
  "message": "Seek executed",
  "position_seconds": 4.15025806427002
}
ZmqGateway: received command payload: {"cmd":"seek","time":4.22797775268555}
ZmqGateway: dispatching payload to JUCE message thread.
VitHeadlessService: processing queued command on JUCE message thread: {"cmd":"seek","time":4.22797775268555}
Command received: {"cmd":"seek","time":4.22797775268555}
CommandDispatcher::handleSeek: position set to 4.2280s
Command executed: seek, result: {
  "status": "ok",
  "message": "Seek executed",
  "position_seconds": 4.22797775268555
}
VitHeadlessService: command reply (truncated): {
  "status": "ok",
  "message": "Seek executed",
  "position_seconds": 4.22797775268555
}
ZmqGateway: received command payload: {"cmd":"seek","time":4.35233020782471}
ZmqGateway: dispatching payload to JUCE message thread.
VitHeadlessService: processing queued command on JUCE message thread: {"cmd":"seek","time":4.35233020782471}
Command received: {"cmd":"seek","time":4.35233020782471}
CommandDispatcher::handleSeek: position set to 4.3523s
Command executed: seek, result: {
  "status": "ok",
  "message": "Seek executed",
  "position_seconds": 4.35233020782471
}
VitHeadlessService: command reply (truncated): {
  "status": "ok",
  "message": "Seek executed",
  "position_seconds": 4.35233020782471
}
ZmqGateway: received command payload: {"cmd":"seek","time":4.47668266296387}
ZmqGateway: dispatching payload to JUCE message thread.
VitHeadlessService: processing queued command on JUCE message thread: {"cmd":"seek","time":4.47668266296387}
Command received: {"cmd":"seek","time":4.47668266296387}
CommandDispatcher::handleSeek: position set to 4.4767s
Command executed: seek, result: {
  "status": "ok",
  "message": "Seek executed",
  "position_seconds": 4.47668266296387
}
VitHeadlessService: command reply (truncated): {
  "status": "ok",
  "message": "Seek executed",
  "position_seconds": 4.47668266296387
}
ZmqGateway: received command payload: {"cmd":"seek","time":4.67875480651855}
ZmqGateway: dispatching payload to JUCE message thread.
VitHeadlessService: processing queued command on JUCE message thread: {"cmd":"seek","time":4.67875480651855}
Command received: {"cmd":"seek","time":4.67875480651855}
CommandDispatcher::handleSeek: position set to 4.6788s
Command executed: seek, result: {
  "status": "ok",
  "message": "Seek executed",
  "position_seconds": 4.67875480651855
}
VitHeadlessService: command reply (truncated): {
  "status": "ok",
  "message": "Seek executed",
  "position_seconds": 4.67875480651855
}
ZmqGateway: received command payload: {"cmd":"seek","time":4.91191577911377}
ZmqGateway: dispatching payload to JUCE message thread.
VitHeadlessService: processing queued command on JUCE message thread: {"cmd":"seek","time":4.91191577911377}
Command received: {"cmd":"seek","time":4.91191577911377}
CommandDispatcher::handleSeek: position set to 4.9119s
Command executed: seek, result: {
  "status": "ok",
  "message": "Seek executed",
  "position_seconds": 4.91191577911377
}
VitHeadlessService: command reply (truncated): {
  "status": "ok",
  "message": "Seek executed",
  "position_seconds": 4.91191577911377
}
ZmqGateway: received command payload: {"cmd":"seek","time":5.12953186035156}
ZmqGateway: dispatching payload to JUCE message thread.
VitHeadlessService: processing queued command on JUCE message thread: {"cmd":"seek","time":5.12953186035156}
Command received: {"cmd":"seek","time":5.12953186035156}
CommandDispatcher::handleSeek: position set to 5.1295s
Command executed: seek, result: {
  "status": "ok",
  "message": "Seek executed",
  "position_seconds": 5.12953186035156
}
VitHeadlessService: command reply (truncated): {
  "status": "ok",
  "message": "Seek executed",
  "position_seconds": 5.12953186035156
}
ZmqGateway: received command payload: {"cmd":"seek","time":5.37823677062988}
ZmqGateway: dispatching payload to JUCE message thread.
VitHeadlessService: processing queued command on JUCE message thread: {"cmd":"seek","time":5.37823677062988}
Command received: {"cmd":"seek","time":5.37823677062988}
CommandDispatcher::handleSeek: position set to 5.3782s
Command executed: seek, result: {
  "status": "ok",
  "message": "Seek executed",
  "position_seconds": 5.37823677062988
}
VitHeadlessService: command reply (truncated): {
  "status": "ok",
  "message": "Seek executed",
  "position_seconds": 5.37823677062988
}
ZmqGateway: received command payload: {"cmd":"seek","time":5.6113977432251}
ZmqGateway: dispatching payload to JUCE message thread.
VitHeadlessService: processing queued command on JUCE message thread: {"cmd":"seek","time":5.6113977432251}
Command received: {"cmd":"seek","time":5.6113977432251}
CommandDispatcher::handleSeek: position set to 5.6114s
Command executed: seek, result: {
  "status": "ok",
  "message": "Seek executed",
  "position_seconds": 5.6113977432251
}
VitHeadlessService: command reply (truncated): {
  "status": "ok",
  "message": "Seek executed",
  "position_seconds": 5.6113977432251
}
ZmqGateway: received command payload: {"cmd":"seek","time":5.78238201141357}
ZmqGateway: dispatching payload to JUCE message thread.
VitHeadlessService: processing queued command on JUCE message thread: {"cmd":"seek","time":5.78238201141357}
Command received: {"cmd":"seek","time":5.78238201141357}
CommandDispatcher::handleSeek: position set to 5.7824s
Command executed: seek, result: {
  "status": "ok",
  "message": "Seek executed",
  "position_seconds": 5.78238201141357
}
VitHeadlessService: command reply (truncated): {
  "status": "ok",
  "message": "Seek executed",
  "position_seconds": 5.78238201141357
}
ZmqGateway: received command payload: {"cmd":"seek","time":5.90673446655273}
ZmqGateway: dispatching payload to JUCE message thread.
VitHeadlessService: processing queued command on JUCE message thread: {"cmd":"seek","time":5.90673446655273}
Command received: {"cmd":"seek","time":5.90673446655273}
CommandDispatcher::handleSeek: position set to 5.9067s
Command executed: seek, result: {
  "status": "ok",
  "message": "Seek executed",
  "position_seconds": 5.90673446655273
}
VitHeadlessService: command reply (truncated): {
  "status": "ok",
  "message": "Seek executed",
  "position_seconds": 5.90673446655273
}
ZmqGateway: received command payload: {"cmd":"seek","time":5.98445510864258}
ZmqGateway: dispatching payload to JUCE message thread.
VitHeadlessService: processing queued command on JUCE message thread: {"cmd":"seek","time":5.98445510864258}
Command received: {"cmd":"seek","time":5.98445510864258}
CommandDispatcher::handleSeek: position set to 5.9845s
Command executed: seek, result: {
  "status": "ok",
  "message": "Seek executed",
  "position_seconds": 5.98445510864258
}
VitHeadlessService: command reply (truncated): {
  "status": "ok",
  "message": "Seek executed",
  "position_seconds": 5.98445510864258
}
ZmqGateway: received command payload: {"cmd":"seek","time":6.01554298400879}
ZmqGateway: dispatching payload to JUCE message thread.
VitHeadlessService: processing queued command on JUCE message thread: {"cmd":"seek","time":6.01554298400879}
Command received: {"cmd":"seek","time":6.01554298400879}
CommandDispatcher::handleSeek: position set to 6.0155s
Command executed: seek, result: {
  "status": "ok",
  "message": "Seek executed",
  "position_seconds": 6.01554298400879
}
VitHeadlessService: command reply (truncated): {
  "status": "ok",
  "message": "Seek executed",
  "position_seconds": 6.01554298400879
}
ZmqGateway: received command payload: {"cmd":"seek","time":6.01554298400879}
ZmqGateway: dispatching payload to JUCE message thread.
VitHeadlessService: processing queued command on JUCE message thread: {"cmd":"seek","time":6.01554298400879}
Command received: {"cmd":"seek","time":6.01554298400879}
CommandDispatcher::handleSeek: position set to 6.0155s
Command executed: seek, result: {
  "status": "ok",
  "message": "Seek executed",
  "position_seconds": 6.01554298400879
}
VitHeadlessService: command reply (truncated): {
  "status": "ok",
  "message": "Seek executed",
  "position_seconds": 6.01554298400879
}
ZmqGateway: received command payload: {"cmd":"seek","time":6.01554298400879}
ZmqGateway: dispatching payload to JUCE message thread.
VitHeadlessService: processing queued command on JUCE message thread: {"cmd":"seek","time":6.01554298400879}
Command received: {"cmd":"seek","time":6.01554298400879}
CommandDispatcher::handleSeek: position set to 6.0155s
Command executed: seek, result: {
  "status": "ok",
  "message": "Seek executed",
  "position_seconds": 6.01554298400879
}
VitHeadlessService: command reply (truncated): {
  "status": "ok",
  "message": "Seek executed",
  "position_seconds": 6.01554298400879
}
ZmqGateway: received command payload: {"cmd":"seek","time":6.01554298400879}
ZmqGateway: dispatching payload to JUCE message thread.
VitHeadlessService: processing queued command on JUCE message thread: {"cmd":"seek","time":6.01554298400879}
Command received: {"cmd":"seek","time":6.01554298400879}
CommandDispatcher::handleSeek: position set to 6.0155s
Command executed: seek, result: {
  "status": "ok",
  "message": "Seek executed",
  "position_seconds": 6.01554298400879
}
VitHeadlessService: command reply (truncated): {
  "status": "ok",
  "message": "Seek executed",
  "position_seconds": 6.01554298400879
}
ZmqGateway: received command payload: {"cmd":"seek","time":6.01554298400879}
ZmqGateway: dispatching payload to JUCE message thread.
VitHeadlessService: processing queued command on JUCE message thread: {"cmd":"seek","time":6.01554298400879}
Command received: {"cmd":"seek","time":6.01554298400879}
CommandDispatcher::handleSeek: position set to 6.0155s
Command executed: seek, result: {
  "status": "ok",
  "message": "Seek executed",
  "position_seconds": 6.01554298400879
}
VitHeadlessService: command reply (truncated): {
  "status": "ok",
  "message": "Seek executed",
  "position_seconds": 6.01554298400879
}
ZmqGateway: received command payload: {"cmd":"seek","time":6.01554298400879}
ZmqGateway: dispatching payload to JUCE message thread.
VitHeadlessService: processing queued command on JUCE message thread: {"cmd":"seek","time":6.01554298400879}
Command received: {"cmd":"seek","time":6.01554298400879}
CommandDispatcher::handleSeek: position set to 6.0155s
Command executed: seek, result: {
  "status": "ok",
  "message": "Seek executed",
  "position_seconds": 6.01554298400879
}
VitHeadlessService: command reply (truncated): {
  "status": "ok",
  "message": "Seek executed",
  "position_seconds": 6.01554298400879
}
ZmqGateway: received command payload: {"cmd":"seek","time":6.01554298400879}
ZmqGateway: dispatching payload to JUCE message thread.
VitHeadlessService: processing queued command on JUCE message thread: {"cmd":"seek","time":6.01554298400879}
Command received: {"cmd":"seek","time":6.01554298400879}
CommandDispatcher::handleSeek: position set to 6.0155s
Command executed: seek, result: {
  "status": "ok",
  "message": "Seek executed",
  "position_seconds": 6.01554298400879
}
VitHeadlessService: command reply (truncated): {
  "status": "ok",
  "message": "Seek executed",
  "position_seconds": 6.01554298400879
}
ZmqGateway: received command payload: {"cmd":"seek","time":6.01554298400879}
ZmqGateway: dispatching payload to JUCE message thread.
VitHeadlessService: processing queued command on JUCE message thread: {"cmd":"seek","time":6.01554298400879}
Command received: {"cmd":"seek","time":6.01554298400879}
CommandDispatcher::handleSeek: position set to 6.0155s
Command executed: seek, result: {
  "status": "ok",
  "message": "Seek executed",
  "position_seconds": 6.01554298400879
}
VitHeadlessService: command reply (truncated): {
  "status": "ok",
  "message": "Seek executed",
  "position_seconds": 6.01554298400879
}
ZmqGateway: received command payload: {"cmd":"seek","time":6.01554298400879}
ZmqGateway: dispatching payload to JUCE message thread.
VitHeadlessService: processing queued command on JUCE message thread: {"cmd":"seek","time":6.01554298400879}
Command received: {"cmd":"seek","time":6.01554298400879}
CommandDispatcher::handleSeek: position set to 6.0155s
Command executed: seek, result: {
  "status": "ok",
  "message": "Seek executed",
  "position_seconds": 6.01554298400879
}
VitHeadlessService: command reply (truncated): {
  "status": "ok",
  "message": "Seek executed",
  "position_seconds": 6.01554298400879
}
ZmqGateway: received command payload: {"cmd":"seek","time":6.01554298400879}
ZmqGateway: dispatching payload to JUCE message thread.
VitHeadlessService: processing queued command on JUCE message thread: {"cmd":"seek","time":6.01554298400879}
Command received: {"cmd":"seek","time":6.01554298400879}
CommandDispatcher::handleSeek: position set to 6.0155s
Command executed: seek, result: {
  "status": "ok",
  "message": "Seek executed",
  "position_seconds": 6.01554298400879
}
VitHeadlessService: command reply (truncated): {
  "status": "ok",
  "message": "Seek executed",
  "position_seconds": 6.01554298400879
}
ZmqGateway: received command payload: {"cmd":"seek","time":6.01554298400879}
ZmqGateway: dispatching payload to JUCE message thread.
VitHeadlessService: processing queued command on JUCE message thread: {"cmd":"seek","time":6.01554298400879}
Command received: {"cmd":"seek","time":6.01554298400879}
CommandDispatcher::handleSeek: position set to 6.0155s
Command executed: seek, result: {
  "status": "ok",
  "message": "Seek executed",
  "position_seconds": 6.01554298400879
}
VitHeadlessService: command reply (truncated): {
  "status": "ok",
  "message": "Seek executed",
  "position_seconds": 6.01554298400879
}
ZmqGateway: received command payload: {"cmd":"seek","time":5.99999904632568}
ZmqGateway: dispatching payload to JUCE message thread.
VitHeadlessService: processing queued command on JUCE message thread: {"cmd":"seek","time":5.99999904632568}
Command received: {"cmd":"seek","time":5.99999904632568}
CommandDispatcher::handleSeek: position set to 6.0000s
Command executed: seek, result: {
  "status": "ok",
  "message": "Seek executed",
  "position_seconds": 5.99999904632568
}
VitHeadlessService: command reply (truncated): {
  "status": "ok",
  "message": "Seek executed",
  "position_seconds": 5.99999904632568
}
ZmqGateway: received command payload: {"cmd":"seek","time":5.98445510864258}
ZmqGateway: dispatching payload to JUCE message thread.
VitHeadlessService: processing queued command on JUCE message thread: {"cmd":"seek","time":5.98445510864258}
Command received: {"cmd":"seek","time":5.98445510864258}
CommandDispatcher::handleSeek: position set to 5.9845s
Command executed: seek, result: {
  "status": "ok",
  "message": "Seek executed",
  "position_seconds": 5.98445510864258
}
VitHeadlessService: command reply (truncated): {
  "status": "ok",
  "message": "Seek executed",
  "position_seconds": 5.98445510864258
}
ZmqGateway: received command payload: {"cmd":"seek","time":5.96891021728516}
ZmqGateway: dispatching payload to JUCE message thread.
VitHeadlessService: processing queued command on JUCE message thread: {"cmd":"seek","time":5.96891021728516}
Command received: {"cmd":"seek","time":5.96891021728516}
CommandDispatcher::handleSeek: position set to 5.9689s
Command executed: seek, result: {
  "status": "ok",
  "message": "Seek executed",
  "position_seconds": 5.96891021728516
}
VitHeadlessService: command reply (truncated): {
  "status": "ok",
  "message": "Seek executed",
  "position_seconds": 5.96891021728516
}
ZmqGateway: received command payload: {"cmd":"seek","time":5.96891021728516}
ZmqGateway: dispatching payload to JUCE message thread.
VitHeadlessService: processing queued command on JUCE message thread: {"cmd":"seek","time":5.96891021728516}
Command received: {"cmd":"seek","time":5.96891021728516}
CommandDispatcher::handleSeek: position set to 5.9689s
Command executed: seek, result: {
  "status": "ok",
  "message": "Seek executed",
  "position_seconds": 5.96891021728516
}
VitHeadlessService: command reply (truncated): {
  "status": "ok",
  "message": "Seek executed",
  "position_seconds": 5.96891021728516
}
ZmqGateway: received command payload: {"cmd":"seek","time":5.96891021728516}
ZmqGateway: dispatching payload to JUCE message thread.
VitHeadlessService: processing queued command on JUCE message thread: {"cmd":"seek","time":5.96891021728516}
Command received: {"cmd":"seek","time":5.96891021728516}
CommandDispatcher::handleSeek: position set to 5.9689s
Command executed: seek, result: {
  "status": "ok",
  "message": "Seek executed",
  "position_seconds": 5.96891021728516
}
VitHeadlessService: command reply (truncated): {
  "status": "ok",
  "message": "Seek executed",
  "position_seconds": 5.96891021728516
}
ZmqGateway: received command payload: {"cmd":"seek","time":5.96891021728516}
ZmqGateway: dispatching payload to JUCE message thread.
VitHeadlessService: processing queued command on JUCE message thread: {"cmd":"seek","time":5.96891021728516}
Command received: {"cmd":"seek","time":5.96891021728516}
CommandDispatcher::handleSeek: position set to 5.9689s
Command executed: seek, result: {
  "status": "ok",
  "message": "Seek executed",
  "position_seconds": 5.96891021728516
}
VitHeadlessService: command reply (truncated): {
  "status": "ok",
  "message": "Seek executed",
  "position_seconds": 5.96891021728516
}
ZmqGateway: received command payload: {"cmd":"seek","time":5.96891021728516}
ZmqGateway: dispatching payload to JUCE message thread.
VitHeadlessService: processing queued command on JUCE message thread: {"cmd":"seek","time":5.96891021728516}
Command received: {"cmd":"seek","time":5.96891021728516}
CommandDispatcher::handleSeek: position set to 5.9689s
Command executed: seek, result: {
  "status": "ok",
  "message": "Seek executed",
  "position_seconds": 5.96891021728516
}
VitHeadlessService: command reply (truncated): {
  "status": "ok",
  "message": "Seek executed",
  "position_seconds": 5.96891021728516
}
ZmqGateway: received command payload: {"cmd":"seek","time":5.96891021728516}
ZmqGateway: dispatching payload to JUCE message thread.
VitHeadlessService: processing queued command on JUCE message thread: {"cmd":"seek","time":5.96891021728516}
Command received: {"cmd":"seek","time":5.96891021728516}
CommandDispatcher::handleSeek: position set to 5.9689s
Command executed: seek, result: {
  "status": "ok",
  "message": "Seek executed",
  "position_seconds": 5.96891021728516
}
VitHeadlessService: command reply (truncated): {
  "status": "ok",
  "message": "Seek executed",
  "position_seconds": 5.96891021728516
}
ZmqGateway: received command payload: {"cmd":"seek","time":5.96891021728516}
ZmqGateway: dispatching payload to JUCE message thread.
VitHeadlessService: processing queued command on JUCE message thread: {"cmd":"seek","time":5.96891021728516}
Command received: {"cmd":"seek","time":5.96891021728516}
CommandDispatcher::handleSeek: position set to 5.9689s
Command executed: seek, result: {
  "status": "ok",
  "message": "Seek executed",
  "position_seconds": 5.96891021728516
}
VitHeadlessService: command reply (truncated): {
  "status": "ok",
  "message": "Seek executed",
  "position_seconds": 5.96891021728516
}
ZmqGateway: received command payload: {"cmd":"seek","time":5.96891021728516}
ZmqGateway: dispatching payload to JUCE message thread.
VitHeadlessService: processing queued command on JUCE message thread: {"cmd":"seek","time":5.96891021728516}
Command received: {"cmd":"seek","time":5.96891021728516}
CommandDispatcher::handleSeek: position set to 5.9689s
Command executed: seek, result: {
  "status": "ok",
  "message": "Seek executed",
  "position_seconds": 5.96891021728516
}
VitHeadlessService: command reply (truncated): {
  "status": "ok",
  "message": "Seek executed",
  "position_seconds": 5.96891021728516
}
ZmqGateway: received command payload: {"action":"play"}
ZmqGateway: dispatching payload to JUCE message thread.
VitHeadlessService: processing queued command on JUCE message thread: {"action":"play"}
Command received: {"action":"play"}
CommandDispatcher::handlePlay: before isPlaying=false isRecording=false playContextActive=true positionSeconds=5.969 editLengthSeconds=11.772
CommandDispatcher::handlePlay: after isPlaying=true isRecording=false playContextActive=true positionSeconds=5.969 editLengthSeconds=11.772
Command executed: play, result: {
  "status": "ok",
  "message": "Transport playing",
  "is_playing": true,
  "is_recording": false,
  "position_seconds": 5.96891021728516,
  "click_track_enabled": false
}
VitHeadlessService: command reply (truncated): {
  "status": "ok",
  "message": "Transport playing",
  "is_playing": true,
  "is_recording": false,
  "position_seconds": 5.96891021728516,
  "click_track_enabled": false
}
ZmqGateway: received command payload: {"action":"stop"}
ZmqGateway: dispatching payload to JUCE message thread.
VitHeadlessService: processing queued command on JUCE message thread: {"action":"stop"}
Command received: {"action":"stop"}
CommandDispatcher::handleStop: before isPlaying=true isRecording=false playContextActive=true positionSeconds=6.399 editLengthSeconds=11.772
CommandDispatcher::handleStop: after isPlaying=false isRecording=false playContextActive=true positionSeconds=6.399 editLengthSeconds=11.772
Command executed: stop, result: {
  "status": "ok",
  "message": "Transport stopped",
  "is_playing": false,
  "is_recording": false,
  "position_seconds": 6.398916666666667,
  "click_track_enabled": false
}
VitHeadlessService: command reply (truncated): {
  "status": "ok",
  "message": "Transport stopped",
  "is_playing": false,
  "is_recording": false,
  "position_seconds": 6.398916666666667,
  "click_track_enabled": false
}
