
**********************************************************
VitHeadlessServer session log
Log started: 12 Apr 2026 2:39:28pm

VitHeadlessServer: application startup.
Settings file: D:\Vit_DAW\VitApp\Workspace\Settings\Settings.xml
Audio block size: 480  Rate: 48000
Creating Default Controllers...
VitEngineDevice: initialising Tracktion Engine device manager.
Audio block size: 480  Rate: 48000
Rebuilding Wave Device List...
Wave In: Input 1 (enabled): 0 (L)
Wave In: Input 2 (enabled): 1 (L)
Wave Out: Output 1 + 2 (enabled): 0 (L), 1 (R)
Default Wave Out: Output 1 + 2
Default MIDI Out: 
Default Wave In: Input 1
Default MIDI In: 
VitEngineDevice: audio IO ready for playback graph: "扬声器 (2- USB AUDIO  CODEC)" 48000.00 Hz, block 480 samples
VitEngineDevice: audio setup outputDevice="扬声器 (2- USB AUDIO  CODEC)" inputDevice="麦克风 (Sonic Studio Virtual Mixer)" sampleRate=48000.00 bufferSize=480 inputChannels=11 outputChannels=11
VitEngineDevice: current audio device name="扬声器 (2- USB AUDIO  CODEC)" type="Windows Audio" activeOutputChannels=Output channel 1, Output channel 2" activeInputChannels=Input channel 1, Input channel 2"
VitHeadlessService: edit loaded from D:\Vit_DAW\VitApp\Workspace\default_project.xml
VitEngineDevice: audio IO ready for playback graph: "扬声器 (2- USB AUDIO  CODEC)" 48000.00 Hz, block 480 samples
VitKernelUtils: wave clip 1012 forced direct file rebind: D:\Vit_DAW\test_target_3s.wav
VitHeadlessService: project reload complete.
ZmqGateway: bound command endpoint to tcp://127.0.0.1:5555
ZmqGateway: bound publish endpoint to tcp://127.0.0.1:5556
ZmqGateway: bound log endpoint to tcp://127.0.0.1:5557
ZmqGateway: started network thread.
VitHeadlessService: service started successfully.
VitHeadlessServer: startup complete, entering background message loop.
ZmqGateway: received command payload: {"cmd":"get_recent_projects"}
ZmqGateway: dispatching payload to JUCE message thread.
VitHeadlessService: processing queued command on JUCE message thread: {"cmd":"get_recent_projects"}
Command received: {"cmd":"get_recent_projects"}
Command executed: get_recent_projects, result: {
  "status": "ok",
  "recent_projects": [
    "D:\\Godot\\project\\vit-daw-frontend\\4.4.3.vit",
    "D:\\Godot\\project\\vit-daw-frontend\\4.4.2.vit",
    "D:\\Godot\\project\\vit-daw-frontend\\4.4.1.vit",
    "D:\\Godot\\project\\vit-daw-frontend\\4.4.vit",
    "D:\\4.1.tracktionedit"
  ]
}
VitHeadlessService: command reply (truncated): {
  "status": "ok",
  "recent_projects": [
    "D:\\Godot\\project\\vit-daw-frontend\\4.4.3.vit",
    "D:\\Godot\\project\\vit-daw-frontend\\4.4.2.vit",
    "D:\\Godot\\project\\vit-daw-frontend\\4.4.1.vit",
    "D
MIDI Input devices scanned in: 0
Updating MIDI I/O devices
Found MIDI in: all_midi_in ("All MIDI Ins") (enabled)
Found MIDI out: out_81b0d7ef ("Microsoft GS Wavetable Synth") (enabled)
opening MIDI out device: out_81b0d7ef (Microsoft GS Wavetable Synth)
ZmqGateway: received command payload: {"cmd":"new_project"}
ZmqGateway: dispatching payload to JUCE message thread.
VitHeadlessService: processing queued command on JUCE message thread: {"cmd":"new_project"}
Command received: {"cmd":"new_project"}
VitEngineDevice: audio IO ready for playback graph: "扬声器 (2- USB AUDIO  CODEC)" 48000.00 Hz, block 480 samples
Command executed: new_project, result: {
  "status": "ok",
  "message": "Blank project created"
}
VitHeadlessService: command reply (truncated): {
  "status": "ok",
  "message": "Blank project created"
}
ZmqGateway: received command payload: {"cmd":"ping"}
ZmqGateway: dispatching payload to JUCE message thread.
VitHeadlessService: processing queued command on JUCE message thread: {"cmd":"ping"}
Command received: {"cmd":"ping"}
CommandDispatcher: handled ping command.
Command executed: ping, result: {
  "status": "ok",
  "message": "pong"
}
VitHeadlessService: command reply (truncated): {
  "status": "ok",
  "message": "pong"
}
ZmqGateway: received command payload: {"cmd":"get_project_state"}
ZmqGateway: dispatching payload to JUCE message thread.
VitHeadlessService: processing queued command on JUCE message thread: {"cmd":"get_project_state"}
Command received: {"cmd":"get_project_state"}
Command executed: get_project_state, result: {
  "status": "ok",
  "project_path": "",
  "tracks": [
    {
      "track_id": "1002",
      "track_name": "Arranger",
      "track_type": "track",
      "is_audio_track": false,
      "is_audio": false,
      "plugins": [],
      "clips": []
    },
    {
      "track_id": "1003",
      "track_name": "Chord",
      "track_type": "track",
      "is_audio_track": false,
      "is_audio": false,
      "plugins": [],
      "clips": []
    },
    {
      "track_id": "1004",
      "track_name": "Marker",
      "track_type": "track",
      "is_audio_track": false,
      "is_audio": false,
      "plugins": [],
      "clips": []
    },
    {
      "track_id": "1005",
      "track_name": "Tempo",
      "track_type": "track",
      "is_audio_track": false,
      "is_audio": false,
      "plugins": [],
      "clips": []
    },
    {
      "track_id": "1006",
      "track_name": "Master",
      "track_type": "master",
      "is_audio_track": false,
      "is_audio": false,
      "plugins": [],
      "clips": []
    }
  ]
}
VitHeadlessService: command reply (truncated): {
  "status": "ok",
  "project_path": "",
  "tracks": [
    {
      "track_id": "1002",
      "track_name": "Arranger",
      "track_type": "track",
      "is_audio_track": false,
      "is_audio": false,
     
ZmqGateway: received command payload: {"cmd":"list_tracks"}
ZmqGateway: dispatching payload to JUCE message thread.
VitHeadlessService: processing queued command on JUCE message thread: {"cmd":"list_tracks"}
Command received: {"cmd":"list_tracks"}
Command executed: list_tracks, result: {
  "status": "ok",
  "message": "Track list fetched",
  "tracks": [
    {
      "track_id": "1002",
      "name": "Arranger",
      "track_type": "track",
      "is_audio": false,
      "is_audio_track": false,
      "vit_type": "",
      "vit_intent": "",
      "plugin_count": 0,
      "plugins": []
    },
    {
      "track_id": "1003",
      "name": "Chord",
      "track_type": "track",
      "is_audio": false,
      "is_audio_track": false,
      "vit_type": "",
      "vit_intent": "",
      "plugin_count": 0,
      "plugins": []
    },
    {
      "track_id": "1004",
      "name": "Marker",
      "track_type": "track",
      "is_audio": false,
      "is_audio_track": false,
      "vit_type": "",
      "vit_intent": "",
      "plugin_count": 0,
      "plugins": []
    },
    {
      "track_id": "1005",
      "name": "Tempo",
      "track_type": "track",
      "is_audio": false,
      "is_audio_track": false,
      "vit_type": "",
      "vit_intent": "",
      "plugin_count": 0,
      "plugins": []
    },
    {
      "track_id": "1006",
      "name": "Master",
      "track_type": "master",
      "is_audio": false,
      "is_audio_track": false,
      "vit_type": "",
      "vit_intent": "",
      "plugin_count": 0,
      "plugins": []
    }
  ]
}
VitHeadlessService: command reply (truncated): {
  "status": "ok",
  "message": "Track list fetched",
  "tracks": [
    {
      "track_id": "1002",
      "name": "Arranger",
      "track_type": "track",
      "is_audio": false,
      "is_audio_track": false,
ZmqGateway: received command payload: {"cmd":"list_tracks"}
ZmqGateway: dispatching payload to JUCE message thread.
VitHeadlessService: processing queued command on JUCE message thread: {"cmd":"list_tracks"}
Command received: {"cmd":"list_tracks"}
Command executed: list_tracks, result: {
  "status": "ok",
  "message": "Track list fetched",
  "tracks": [
    {
      "track_id": "1002",
      "name": "Arranger",
      "track_type": "track",
      "is_audio": false,
      "is_audio_track": false,
      "vit_type": "",
      "vit_intent": "",
      "plugin_count": 0,
      "plugins": []
    },
    {
      "track_id": "1003",
      "name": "Chord",
      "track_type": "track",
      "is_audio": false,
      "is_audio_track": false,
      "vit_type": "",
      "vit_intent": "",
      "plugin_count": 0,
      "plugins": []
    },
    {
      "track_id": "1004",
      "name": "Marker",
      "track_type": "track",
      "is_audio": false,
      "is_audio_track": false,
      "vit_type": "",
      "vit_intent": "",
      "plugin_count": 0,
      "plugins": []
    },
    {
      "track_id": "1005",
      "name": "Tempo",
      "track_type": "track",
      "is_audio": false,
      "is_audio_track": false,
      "vit_type": "",
      "vit_intent": "",
      "plugin_count": 0,
      "plugins": []
    },
    {
      "track_id": "1006",
      "name": "Master",
      "track_type": "master",
      "is_audio": false,
      "is_audio_track": false,
      "vit_type": "",
      "vit_intent": "",
      "plugin_count": 0,
      "plugins": []
    }
  ]
}
VitHeadlessService: command reply (truncated): {
  "status": "ok",
  "message": "Track list fetched",
  "tracks": [
    {
      "track_id": "1002",
      "name": "Arranger",
      "track_type": "track",
      "is_audio": false,
      "is_audio_track": false,
ZmqGateway: received command payload: {"cmd":"add_track","type":"hybrid"}
ZmqGateway: dispatching payload to JUCE message thread.
VitHeadlessService: processing queued command on JUCE message thread: {"cmd":"add_track","type":"hybrid"}
Command received: {"cmd":"add_track","type":"hybrid"}
VitHeadlessService: project saved to D:\Vit_DAW\VitApp\Workspace\default_project.xml
Command executed: add_track, result: {
  "status": "ok",
  "message": "Track added",
  "track_id": "1007",
  "track_name": "Track 1"
}
VitHeadlessService: command reply (truncated): {
  "status": "ok",
  "message": "Track added",
  "track_id": "1007",
  "track_name": "Track 1"
}
ZmqGateway: received command payload: {"cmd":"list_tracks"}
ZmqGateway: dispatching payload to JUCE message thread.
VitHeadlessService: processing queued command on JUCE message thread: {"cmd":"list_tracks"}
Command received: {"cmd":"list_tracks"}
Command executed: list_tracks, result: {
  "status": "ok",
  "message": "Track list fetched",
  "tracks": [
    {
      "track_id": "1002",
      "name": "Arranger",
      "track_type": "track",
      "is_audio": false,
      "is_audio_track": false,
      "vit_type": "",
      "vit_intent": "",
      "plugin_count": 0,
      "plugins": []
    },
    {
      "track_id": "1003",
      "name": "Chord",
      "track_type": "track",
      "is_audio": false,
      "is_audio_track": false,
      "vit_type": "",
      "vit_intent": "",
      "plugin_count": 0,
      "plugins": []
    },
    {
      "track_id": "1004",
      "name": "Marker",
      "track_type": "track",
      "is_audio": false,
      "is_audio_track": false,
      "vit_type": "",
      "vit_intent": "",
      "plugin_count": 0,
      "plugins": []
    },
    {
      "track_id": "1005",
      "name": "Tempo",
      "track_type": "track",
      "is_audio": false,
      "is_audio_track": false,
      "vit_type": "",
      "vit_intent": "",
      "plugin_count": 0,
      "plugins": []
    },
    {
      "track_id": "1006",
      "name": "Master",
      "track_type": "master",
      "is_audio": false,
      "is_audio_track": false,
      "vit_type": "",
      "vit_intent": "",
      "plugin_count": 0,
      "plugins": []
    },
    {
      "track_id": "1007",
      "name": "Track 1",
      "track_type": "hybrid",
      "is_audio": true,
      "is_audio_track": true,
      "vit_type": "",
      "vit_intent": "",
      "plugin_count": 2,
      "plugins": [
        {
          "name": "Volume & Pan Plugin",
          "type": "volume",
          "enabled": true
        },
        {
          "name": "Level Meter",
          "type": "level",
          "enabled": true
        }
      ]
    }
  ]
}
VitHeadlessService: command reply (truncated): {
  "status": "ok",
  "message": "Track list fetched",
  "tracks": [
    {
      "track_id": "1002",
      "name": "Arranger",
      "track_type": "track",
      "is_audio": false,
      "is_audio_track": false,
ZmqGateway: received command payload: {"cmd":"get_project_state"}
ZmqGateway: dispatching payload to JUCE message thread.
VitHeadlessService: processing queued command on JUCE message thread: {"cmd":"get_project_state"}
Command received: {"cmd":"get_project_state"}
Command executed: get_project_state, result: {
  "status": "ok",
  "project_path": "",
  "tracks": [
    {
      "track_id": "1002",
      "track_name": "Arranger",
      "track_type": "track",
      "is_audio_track": false,
      "is_audio": false,
      "plugins": [],
      "clips": []
    },
    {
      "track_id": "1003",
      "track_name": "Chord",
      "track_type": "track",
      "is_audio_track": false,
      "is_audio": false,
      "plugins": [],
      "clips": []
    },
    {
      "track_id": "1004",
      "track_name": "Marker",
      "track_type": "track",
      "is_audio_track": false,
      "is_audio": false,
      "plugins": [],
      "clips": []
    },
    {
      "track_id": "1005",
      "track_name": "Tempo",
      "track_type": "track",
      "is_audio_track": false,
      "is_audio": false,
      "plugins": [],
      "clips": []
    },
    {
      "track_id": "1006",
      "track_name": "Master",
      "track_type": "master",
      "is_audio_track": false,
      "is_audio": false,
      "plugins": [],
      "clips": []
    },
    {
      "track_id": "1007",
      "track_name": "Track 1",
      "track_type": "hybrid",
      "is_audio_track": true,
      "is_audio": true,
      "plugins": [
        {
          "id": "1008",
          "item_id": "1008",
          "name": "Volume & Pan Plugin",
          "type": "volume",
          "enabled": true
        },
        {
          "id": "1009",
          "item_id": "1009",
          "name": "Level Meter",
          "type": "level",
          "enabled": true
        }
      ],
      "clips": [],
      "output_to_device_resolved": true,
      "output_device_enabled": true,
      "output_device_id": "out_b7a4b4c1",
      "output_routing_name": "(default audio output)"
    }
  ]
}
VitHeadlessService: command reply (truncated): {
  "status": "ok",
  "project_path": "",
  "tracks": [
    {
      "track_id": "1002",
      "track_name": "Arranger",
      "track_type": "track",
      "is_audio_track": false,
      "is_audio": false,
     
ZmqGateway: received command payload: {"cmd":"list_tracks"}
ZmqGateway: dispatching payload to JUCE message thread.
VitHeadlessService: processing queued command on JUCE message thread: {"cmd":"list_tracks"}
Command received: {"cmd":"list_tracks"}
Command executed: list_tracks, result: {
  "status": "ok",
  "message": "Track list fetched",
  "tracks": [
    {
      "track_id": "1002",
      "name": "Arranger",
      "track_type": "track",
      "is_audio": false,
      "is_audio_track": false,
      "vit_type": "",
      "vit_intent": "",
      "plugin_count": 0,
      "plugins": []
    },
    {
      "track_id": "1003",
      "name": "Chord",
      "track_type": "track",
      "is_audio": false,
      "is_audio_track": false,
      "vit_type": "",
      "vit_intent": "",
      "plugin_count": 0,
      "plugins": []
    },
    {
      "track_id": "1004",
      "name": "Marker",
      "track_type": "track",
      "is_audio": false,
      "is_audio_track": false,
      "vit_type": "",
      "vit_intent": "",
      "plugin_count": 0,
      "plugins": []
    },
    {
      "track_id": "1005",
      "name": "Tempo",
      "track_type": "track",
      "is_audio": false,
      "is_audio_track": false,
      "vit_type": "",
      "vit_intent": "",
      "plugin_count": 0,
      "plugins": []
    },
    {
      "track_id": "1006",
      "name": "Master",
      "track_type": "master",
      "is_audio": false,
      "is_audio_track": false,
      "vit_type": "",
      "vit_intent": "",
      "plugin_count": 0,
      "plugins": []
    },
    {
      "track_id": "1007",
      "name": "Track 1",
      "track_type": "hybrid",
      "is_audio": true,
      "is_audio_track": true,
      "vit_type": "",
      "vit_intent": "",
      "plugin_count": 2,
      "plugins": [
        {
          "name": "Volume & Pan Plugin",
          "type": "volume",
          "enabled": true
        },
        {
          "name": "Level Meter",
          "type": "level",
          "enabled": true
        }
      ]
    }
  ]
}
VitHeadlessService: command reply (truncated): {
  "status": "ok",
  "message": "Track list fetched",
  "tracks": [
    {
      "track_id": "1002",
      "name": "Arranger",
      "track_type": "track",
      "is_audio": false,
      "is_audio_track": false,
ZmqGateway: received command payload: {"cmd":"insert_midi_clip","command":"insert_midi_clip","length":4.0,"start":0.0,"time_unit":"beats","track_id":"1007"}
ZmqGateway: dispatching payload to JUCE message thread.
VitHeadlessService: processing queued command on JUCE message thread: {"cmd":"insert_midi_clip","command":"insert_midi_clip","length":4.0,"start":0.0,"time_unit":"beats","track_id":"1007"}
Command received: {"cmd":"insert_midi_clip","command":"insert_midi_clip","length":4.0,"start":0.0,"time_unit":"beats","track_id":"1007"}
Command executed: insert_midi_clip, result: {
  "status": "ok",
  "message": "MIDI clip inserted",
  "clip_id": "1010",
  "track_id": "1007",
  "start_seconds": 0.0,
  "length_seconds": 2.0
}
VitHeadlessService: command reply (truncated): {
  "status": "ok",
  "message": "MIDI clip inserted",
  "clip_id": "1010",
  "track_id": "1007",
  "start_seconds": 0.0,
  "length_seconds": 2.0
}
ZmqGateway: received command payload: {"cmd":"get_project_state"}
ZmqGateway: dispatching payload to JUCE message thread.
VitHeadlessService: processing queued command on JUCE message thread: {"cmd":"get_project_state"}
Command received: {"cmd":"get_project_state"}
Command executed: get_project_state, result: {
  "status": "ok",
  "project_path": "",
  "tracks": [
    {
      "track_id": "1002",
      "track_name": "Arranger",
      "track_type": "track",
      "is_audio_track": false,
      "is_audio": false,
      "plugins": [],
      "clips": []
    },
    {
      "track_id": "1003",
      "track_name": "Chord",
      "track_type": "track",
      "is_audio_track": false,
      "is_audio": false,
      "plugins": [],
      "clips": []
    },
    {
      "track_id": "1004",
      "track_name": "Marker",
      "track_type": "track",
      "is_audio_track": false,
      "is_audio": false,
      "plugins": [],
      "clips": []
    },
    {
      "track_id": "1005",
      "track_name": "Tempo",
      "track_type": "track",
      "is_audio_track": false,
      "is_audio": false,
      "plugins": [],
      "clips": []
    },
    {
      "track_id": "1006",
      "track_name": "Master",
      "track_type": "master",
      "is_audio_track": false,
      "is_audio": false,
      "plugins": [],
      "clips": []
    },
    {
      "track_id": "1007",
      "track_name": "Track 1",
      "track_type": "hybrid",
      "is_audio_track": true,
      "is_audio": true,
      "plugins": [
        {
          "id": "1008",
          "item_id": "1008",
          "name": "Volume & Pan Plugin",
          "type": "volume",
          "enabled": true
        },
        {
          "id": "1009",
          "item_id": "1009",
          "name": "Level Meter",
          "type": "level",
          "enabled": true
        }
      ],
      "clips": [
        {
          "id": "1010",
          "name": "New MIDI Clip",
          "clip_type": "midi",
          "start_seconds": 0.0,
          "end_seconds": 2.0,
          "length_seconds": 2.0,
          "offset_in_source_seconds": 0.0
        }
      ],
      "output_to_device_resolved": true,
      "output_device_enabled": true,
      "output_device_id": "out_b7a4b4c1",
      "output_routing_name": "(default audio output)"
    }
  ]
}
VitHeadlessService: command reply (truncated): {
  "status": "ok",
  "project_path": "",
  "tracks": [
    {
      "track_id": "1002",
      "track_name": "Arranger",
      "track_type": "track",
      "is_audio_track": false,
      "is_audio": false,
     
ZmqGateway: received command payload: {"cmd":"list_tracks"}
ZmqGateway: dispatching payload to JUCE message thread.
VitHeadlessService: processing queued command on JUCE message thread: {"cmd":"list_tracks"}
Command received: {"cmd":"list_tracks"}
Command executed: list_tracks, result: {
  "status": "ok",
  "message": "Track list fetched",
  "tracks": [
    {
      "track_id": "1002",
      "name": "Arranger",
      "track_type": "track",
      "is_audio": false,
      "is_audio_track": false,
      "vit_type": "",
      "vit_intent": "",
      "plugin_count": 0,
      "plugins": []
    },
    {
      "track_id": "1003",
      "name": "Chord",
      "track_type": "track",
      "is_audio": false,
      "is_audio_track": false,
      "vit_type": "",
      "vit_intent": "",
      "plugin_count": 0,
      "plugins": []
    },
    {
      "track_id": "1004",
      "name": "Marker",
      "track_type": "track",
      "is_audio": false,
      "is_audio_track": false,
      "vit_type": "",
      "vit_intent": "",
      "plugin_count": 0,
      "plugins": []
    },
    {
      "track_id": "1005",
      "name": "Tempo",
      "track_type": "track",
      "is_audio": false,
      "is_audio_track": false,
      "vit_type": "",
      "vit_intent": "",
      "plugin_count": 0,
      "plugins": []
    },
    {
      "track_id": "1006",
      "name": "Master",
      "track_type": "master",
      "is_audio": false,
      "is_audio_track": false,
      "vit_type": "",
      "vit_intent": "",
      "plugin_count": 0,
      "plugins": []
    },
    {
      "track_id": "1007",
      "name": "Track 1",
      "track_type": "hybrid",
      "is_audio": true,
      "is_audio_track": true,
      "vit_type": "",
      "vit_intent": "",
      "plugin_count": 2,
      "plugins": [
        {
          "name": "Volume & Pan Plugin",
          "type": "volume",
          "enabled": true
        },
        {
          "name": "Level Meter",
          "type": "level",
          "enabled": true
        }
      ]
    }
  ]
}
VitHeadlessService: command reply (truncated): {
  "status": "ok",
  "message": "Track list fetched",
  "tracks": [
    {
      "track_id": "1002",
      "name": "Arranger",
      "track_type": "track",
      "is_audio": false,
      "is_audio_track": false,
ZmqGateway: received command payload: {"clip_id":"1010","cmd":"get_midi_clip_data","command":"get_midi_clip_data","time_unit":"beats"}
ZmqGateway: dispatching payload to JUCE message thread.
VitHeadlessService: processing queued command on JUCE message thread: {"clip_id":"1010","cmd":"get_midi_clip_data","command":"get_midi_clip_data","time_unit":"beats"}
Command received: {"clip_id":"1010","cmd":"get_midi_clip_data","command":"get_midi_clip_data","time_unit":"beats"}
Command executed: get_midi_clip_data, result: {
  "status": "ok",
  "clip_id": "1010",
  "time_unit": "beats",
  "notes": []
}
VitHeadlessService: command reply (truncated): {
  "status": "ok",
  "clip_id": "1010",
  "time_unit": "beats",
  "notes": []
}
ZmqGateway: received command payload: {"clip_id":"1010","cmd":"get_midi_clip_notes","command":"get_midi_clip_notes","time_unit":"beats","track_id":"1007"}
ZmqGateway: dispatching payload to JUCE message thread.
VitHeadlessService: processing queued command on JUCE message thread: {"clip_id":"1010","cmd":"get_midi_clip_notes","command":"get_midi_clip_notes","time_unit":"beats","track_id":"1007"}
Command received: {"clip_id":"1010","cmd":"get_midi_clip_notes","command":"get_midi_clip_notes","time_unit":"beats","track_id":"1007"}
Command executed: get_midi_clip_notes, result: {
  "status": "ok",
  "message": "MIDI clip notes",
  "clip_id": "1010",
  "track_id": "1007",
  "time_unit": "beats",
  "notes": []
}
VitHeadlessService: command reply (truncated): {
  "status": "ok",
  "message": "MIDI clip notes",
  "clip_id": "1010",
  "track_id": "1007",
  "time_unit": "beats",
  "notes": []
}
ZmqGateway: received command payload: {"clip_id":"1010","cmd":"resize_clip","command":"resize_clip","new_length":22.0,"new_start":0.0,"offset_in_source":0.0,"time_unit":"beats","track_id":"1007","track_index":0}
ZmqGateway: dispatching payload to JUCE message thread.
VitHeadlessService: processing queued command on JUCE message thread: {"clip_id":"1010","cmd":"resize_clip","command":"resize_clip","new_length":22.0,"new_start":0.0,"offset_in_source":0.0,"time_unit":"beats","track_id":"1007","track_index":0}
Command received: {"clip_id":"1010","cmd":"resize_clip","command":"resize_clip","new_length":22.0,"new_start":0.0,"offset_in_source":0.0,"time_unit":"beats","track_id":"1007","track_index":0}
Command executed: resize_clip, result: {
  "status": "ok",
  "message": "Clip resized",
  "clip_id": "1010",
  "track_id": "1007",
  "affected_track_id": "1007",
  "new_start_seconds": 0.0,
  "new_length_seconds": 11.0,
  "offset_in_source_seconds": 0.0,
  "overlap_mode": "trim",
  "created_clip_ids": [],
  "removed_clip_ids": [],
  "affected_clip_ids": []
}
VitHeadlessService: command reply (truncated): {
  "status": "ok",
  "message": "Clip resized",
  "clip_id": "1010",
  "track_id": "1007",
  "affected_track_id": "1007",
  "new_start_seconds": 0.0,
  "new_length_seconds": 11.0,
  "offset_in_source_seconds": 0
ZmqGateway: received command payload: {"clip_id":"1010","cmd":"add_midi_notes","command":"add_midi_notes","notes":[{"id":"note_5601","length":1.0,"pitch":69,"start":3.75,"state":"solid","velocity":100}],"time_unit":"beats","track_id":"1007","track_index":0}
ZmqGateway: dispatching payload to JUCE message thread.
VitHeadlessService: processing queued command on JUCE message thread: {"clip_id":"1010","cmd":"add_midi_notes","command":"add_midi_notes","notes":[{"id":"note_5601","length":1.0,"pitch":69,"start":3.75,"state":"solid","velocity":100}],"time_unit":"beats","track_id":"1007","track_index":0}
Command received: {"clip_id":"1010","cmd":"add_midi_notes","command":"add_midi_notes","notes":[{"id":"note_5601","length":1.0,"pitch":69,"start":3.75,"state":"solid","velocity":100}],"time_unit":"beats","track_id":"1007","track_index":0}
Command executed: add_midi_notes, result: {
  "status": "ok",
  "message": "MIDI notes added",
  "clip_id": "1010",
  "track_id": "1007",
  "added_count": 1
}
VitHeadlessService: command reply (truncated): {
  "status": "ok",
  "message": "MIDI notes added",
  "clip_id": "1010",
  "track_id": "1007",
  "added_count": 1
}
ZmqGateway: received command payload: {"clip_id":"1010","cmd":"add_midi_notes","command":"add_midi_notes","notes":[{"id":"note_6036","length":1.0,"pitch":64,"start":2.75,"state":"solid","velocity":100}],"time_unit":"beats","track_id":"1007","track_index":0}
ZmqGateway: dispatching payload to JUCE message thread.
VitHeadlessService: processing queued command on JUCE message thread: {"clip_id":"1010","cmd":"add_midi_notes","command":"add_midi_notes","notes":[{"id":"note_6036","length":1.0,"pitch":64,"start":2.75,"state":"solid","velocity":100}],"time_unit":"beats","track_id":"1007","track_index":0}
Command received: {"clip_id":"1010","cmd":"add_midi_notes","command":"add_midi_notes","notes":[{"id":"note_6036","length":1.0,"pitch":64,"start":2.75,"state":"solid","velocity":100}],"time_unit":"beats","track_id":"1007","track_index":0}
Command executed: add_midi_notes, result: {
  "status": "ok",
  "message": "MIDI notes added",
  "clip_id": "1010",
  "track_id": "1007",
  "added_count": 1
}
VitHeadlessService: command reply (truncated): {
  "status": "ok",
  "message": "MIDI notes added",
  "clip_id": "1010",
  "track_id": "1007",
  "added_count": 1
}
ZmqGateway: received command payload: {"clip_id":"1010","cmd":"add_midi_notes","command":"add_midi_notes","notes":[{"id":"note_6495","length":1.0,"pitch":69,"start":0.75,"state":"solid","velocity":100}],"time_unit":"beats","track_id":"1007","track_index":0}
ZmqGateway: dispatching payload to JUCE message thread.
VitHeadlessService: processing queued command on JUCE message thread: {"clip_id":"1010","cmd":"add_midi_notes","command":"add_midi_notes","notes":[{"id":"note_6495","length":1.0,"pitch":69,"start":0.75,"state":"solid","velocity":100}],"time_unit":"beats","track_id":"1007","track_index":0}
Command received: {"clip_id":"1010","cmd":"add_midi_notes","command":"add_midi_notes","notes":[{"id":"note_6495","length":1.0,"pitch":69,"start":0.75,"state":"solid","velocity":100}],"time_unit":"beats","track_id":"1007","track_index":0}
Command executed: add_midi_notes, result: {
  "status": "ok",
  "message": "MIDI notes added",
  "clip_id": "1010",
  "track_id": "1007",
  "added_count": 1
}
VitHeadlessService: command reply (truncated): {
  "status": "ok",
  "message": "MIDI notes added",
  "clip_id": "1010",
  "track_id": "1007",
  "added_count": 1
}
ZmqGateway: received command payload: {"clip_id":"1010","cmd":"add_midi_notes","command":"add_midi_notes","notes":[{"id":"note_6954","length":1.0,"pitch":61,"start":9.0,"state":"solid","velocity":100}],"time_unit":"beats","track_id":"1007","track_index":0}
ZmqGateway: dispatching payload to JUCE message thread.
VitHeadlessService: processing queued command on JUCE message thread: {"clip_id":"1010","cmd":"add_midi_notes","command":"add_midi_notes","notes":[{"id":"note_6954","length":1.0,"pitch":61,"start":9.0,"state":"solid","velocity":100}],"time_unit":"beats","track_id":"1007","track_index":0}
Command received: {"clip_id":"1010","cmd":"add_midi_notes","command":"add_midi_notes","notes":[{"id":"note_6954","length":1.0,"pitch":61,"start":9.0,"state":"solid","velocity":100}],"time_unit":"beats","track_id":"1007","track_index":0}
Command executed: add_midi_notes, result: {
  "status": "ok",
  "message": "MIDI notes added",
  "clip_id": "1010",
  "track_id": "1007",
  "added_count": 1
}
VitHeadlessService: command reply (truncated): {
  "status": "ok",
  "message": "MIDI notes added",
  "clip_id": "1010",
  "track_id": "1007",
  "added_count": 1
}
ZmqGateway: received command payload: {"clip_id":"1010","cmd":"add_midi_notes","command":"add_midi_notes","notes":[{"id":"note_7389","length":1.0,"pitch":51,"start":8.25,"state":"solid","velocity":100}],"time_unit":"beats","track_id":"1007","track_index":0}
ZmqGateway: dispatching payload to JUCE message thread.
VitHeadlessService: processing queued command on JUCE message thread: {"clip_id":"1010","cmd":"add_midi_notes","command":"add_midi_notes","notes":[{"id":"note_7389","length":1.0,"pitch":51,"start":8.25,"state":"solid","velocity":100}],"time_unit":"beats","track_id":"1007","track_index":0}
Command received: {"clip_id":"1010","cmd":"add_midi_notes","command":"add_midi_notes","notes":[{"id":"note_7389","length":1.0,"pitch":51,"start":8.25,"state":"solid","velocity":100}],"time_unit":"beats","track_id":"1007","track_index":0}
Command executed: add_midi_notes, result: {
  "status": "ok",
  "message": "MIDI notes added",
  "clip_id": "1010",
  "track_id": "1007",
  "added_count": 1
}
VitHeadlessService: command reply (truncated): {
  "status": "ok",
  "message": "MIDI notes added",
  "clip_id": "1010",
  "track_id": "1007",
  "added_count": 1
}
ZmqGateway: received command payload: {"clip_id":"1010","cmd":"add_midi_notes","command":"add_midi_notes","notes":[{"id":"note_7801","length":1.0,"pitch":42,"start":14.75,"state":"solid","velocity":100}],"time_unit":"beats","track_id":"1007","track_index":0}
ZmqGateway: dispatching payload to JUCE message thread.
VitHeadlessService: processing queued command on JUCE message thread: {"clip_id":"1010","cmd":"add_midi_notes","command":"add_midi_notes","notes":[{"id":"note_7801","length":1.0,"pitch":42,"start":14.75,"state":"solid","velocity":100}],"time_unit":"beats","track_id":"1007","track_index":0}
Command received: {"clip_id":"1010","cmd":"add_midi_notes","command":"add_midi_notes","notes":[{"id":"note_7801","length":1.0,"pitch":42,"start":14.75,"state":"solid","velocity":100}],"time_unit":"beats","track_id":"1007","track_index":0}
Command executed: add_midi_notes, result: {
  "status": "ok",
  "message": "MIDI notes added",
  "clip_id": "1010",
  "track_id": "1007",
  "added_count": 1
}
VitHeadlessService: command reply (truncated): {
  "status": "ok",
  "message": "MIDI notes added",
  "clip_id": "1010",
  "track_id": "1007",
  "added_count": 1
}
ZmqGateway: received command payload: {"clip_id":"1010","cmd":"add_midi_notes","command":"add_midi_notes","notes":[{"id":"note_8225","length":1.0,"pitch":56,"start":14.5,"state":"solid","velocity":100}],"time_unit":"beats","track_id":"1007","track_index":0}
ZmqGateway: dispatching payload to JUCE message thread.
VitHeadlessService: processing queued command on JUCE message thread: {"clip_id":"1010","cmd":"add_midi_notes","command":"add_midi_notes","notes":[{"id":"note_8225","length":1.0,"pitch":56,"start":14.5,"state":"solid","velocity":100}],"time_unit":"beats","track_id":"1007","track_index":0}
Command received: {"clip_id":"1010","cmd":"add_midi_notes","command":"add_midi_notes","notes":[{"id":"note_8225","length":1.0,"pitch":56,"start":14.5,"state":"solid","velocity":100}],"time_unit":"beats","track_id":"1007","track_index":0}
Command executed: add_midi_notes, result: {
  "status": "ok",
  "message": "MIDI notes added",
  "clip_id": "1010",
  "track_id": "1007",
  "added_count": 1
}
VitHeadlessService: command reply (truncated): {
  "status": "ok",
  "message": "MIDI notes added",
  "clip_id": "1010",
  "track_id": "1007",
  "added_count": 1
}
ZmqGateway: received command payload: {"clip_id":"1010","cmd":"add_midi_notes","command":"add_midi_notes","notes":[{"id":"note_8631","length":1.0,"pitch":50,"start":12.25,"state":"solid","velocity":100}],"time_unit":"beats","track_id":"1007","track_index":0}
ZmqGateway: dispatching payload to JUCE message thread.
VitHeadlessService: processing queued command on JUCE message thread: {"clip_id":"1010","cmd":"add_midi_notes","command":"add_midi_notes","notes":[{"id":"note_8631","length":1.0,"pitch":50,"start":12.25,"state":"solid","velocity":100}],"time_unit":"beats","track_id":"1007","track_index":0}
Command received: {"clip_id":"1010","cmd":"add_midi_notes","command":"add_midi_notes","notes":[{"id":"note_8631","length":1.0,"pitch":50,"start":12.25,"state":"solid","velocity":100}],"time_unit":"beats","track_id":"1007","track_index":0}
Command executed: add_midi_notes, result: {
  "status": "ok",
  "message": "MIDI notes added",
  "clip_id": "1010",
  "track_id": "1007",
  "added_count": 1
}
VitHeadlessService: command reply (truncated): {
  "status": "ok",
  "message": "MIDI notes added",
  "clip_id": "1010",
  "track_id": "1007",
  "added_count": 1
}
ZmqGateway: received command payload: {"clip_id":"1010","cmd":"add_midi_notes","command":"add_midi_notes","notes":[{"id":"note_9060","length":1.0,"pitch":59,"start":20.25,"state":"solid","velocity":100}],"time_unit":"beats","track_id":"1007","track_index":0}
ZmqGateway: dispatching payload to JUCE message thread.
VitHeadlessService: processing queued command on JUCE message thread: {"clip_id":"1010","cmd":"add_midi_notes","command":"add_midi_notes","notes":[{"id":"note_9060","length":1.0,"pitch":59,"start":20.25,"state":"solid","velocity":100}],"time_unit":"beats","track_id":"1007","track_index":0}
Command received: {"clip_id":"1010","cmd":"add_midi_notes","command":"add_midi_notes","notes":[{"id":"note_9060","length":1.0,"pitch":59,"start":20.25,"state":"solid","velocity":100}],"time_unit":"beats","track_id":"1007","track_index":0}
Command executed: add_midi_notes, result: {
  "status": "ok",
  "message": "MIDI notes added",
  "clip_id": "1010",
  "track_id": "1007",
  "added_count": 1
}
VitHeadlessService: command reply (truncated): {
  "status": "ok",
  "message": "MIDI notes added",
  "clip_id": "1010",
  "track_id": "1007",
  "added_count": 1
}
ZmqGateway: received command payload: {"clip_id":"1010","cmd":"add_midi_notes","command":"add_midi_notes","notes":[{"id":"note_9984","length":1.0,"pitch":66,"start":17.0,"state":"solid","velocity":100}],"time_unit":"beats","track_id":"1007","track_index":0}
ZmqGateway: dispatching payload to JUCE message thread.
VitHeadlessService: processing queued command on JUCE message thread: {"clip_id":"1010","cmd":"add_midi_notes","command":"add_midi_notes","notes":[{"id":"note_9984","length":1.0,"pitch":66,"start":17.0,"state":"solid","velocity":100}],"time_unit":"beats","track_id":"1007","track_index":0}
Command received: {"clip_id":"1010","cmd":"add_midi_notes","command":"add_midi_notes","notes":[{"id":"note_9984","length":1.0,"pitch":66,"start":17.0,"state":"solid","velocity":100}],"time_unit":"beats","track_id":"1007","track_index":0}
Command executed: add_midi_notes, result: {
  "status": "ok",
  "message": "MIDI notes added",
  "clip_id": "1010",
  "track_id": "1007",
  "added_count": 1
}
VitHeadlessService: command reply (truncated): {
  "status": "ok",
  "message": "MIDI notes added",
  "clip_id": "1010",
  "track_id": "1007",
  "added_count": 1
}
ZmqGateway: received command payload: {"clip_id":"1010","cmd":"add_midi_notes","command":"add_midi_notes","notes":[{"id":"note_10431","length":1.0,"pitch":51,"start":19.5,"state":"solid","velocity":100}],"time_unit":"beats","track_id":"1007","track_index":0}
ZmqGateway: dispatching payload to JUCE message thread.
VitHeadlessService: processing queued command on JUCE message thread: {"clip_id":"1010","cmd":"add_midi_notes","command":"add_midi_notes","notes":[{"id":"note_10431","length":1.0,"pitch":51,"start":19.5,"state":"solid","velocity":100}],"time_unit":"beats","track_id":"1007","track_index":0}
Command received: {"clip_id":"1010","cmd":"add_midi_notes","command":"add_midi_notes","notes":[{"id":"note_10431","length":1.0,"pitch":51,"start":19.5,"state":"solid","velocity":100}],"time_unit":"beats","track_id":"1007","track_index":0}
Command executed: add_midi_notes, result: {
  "status": "ok",
  "message": "MIDI notes added",
  "clip_id": "1010",
  "track_id": "1007",
  "added_count": 1
}
VitHeadlessService: command reply (truncated): {
  "status": "ok",
  "message": "MIDI notes added",
  "clip_id": "1010",
  "track_id": "1007",
  "added_count": 1
}
ZmqGateway: received command payload: {"clip_id":"1010","cmd":"add_midi_notes","command":"add_midi_notes","notes":[{"id":"note_10866","length":1.0,"pitch":55,"start":18.0,"state":"solid","velocity":100}],"time_unit":"beats","track_id":"1007","track_index":0}
ZmqGateway: dispatching payload to JUCE message thread.
VitHeadlessService: processing queued command on JUCE message thread: {"clip_id":"1010","cmd":"add_midi_notes","command":"add_midi_notes","notes":[{"id":"note_10866","length":1.0,"pitch":55,"start":18.0,"state":"solid","velocity":100}],"time_unit":"beats","track_id":"1007","track_index":0}
Command received: {"clip_id":"1010","cmd":"add_midi_notes","command":"add_midi_notes","notes":[{"id":"note_10866","length":1.0,"pitch":55,"start":18.0,"state":"solid","velocity":100}],"time_unit":"beats","track_id":"1007","track_index":0}
Command executed: add_midi_notes, result: {
  "status": "ok",
  "message": "MIDI notes added",
  "clip_id": "1010",
  "track_id": "1007",
  "added_count": 1
}
VitHeadlessService: command reply (truncated): {
  "status": "ok",
  "message": "MIDI notes added",
  "clip_id": "1010",
  "track_id": "1007",
  "added_count": 1
}
ZmqGateway: received command payload: {"action":"import_media_to_track","cmd":"import_media_to_track","file_path":"D:/Vit_DAW/test_target_3s.wav","media_type":"audio","start_time":18.8411178588867,"track_id":"1007"}
ZmqGateway: dispatching payload to JUCE message thread.
VitHeadlessService: processing queued command on JUCE message thread: {"action":"import_media_to_track","cmd":"import_media_to_track","file_path":"D:/Vit_DAW/test_target_3s.wav","media_type":"audio","start_time":18.8411178588867,"track_id":"1007"}
Command received: {"action":"import_media_to_track","cmd":"import_media_to_track","file_path":"D:/Vit_DAW/test_target_3s.wav","media_type":"audio","start_time":18.8411178588867,"track_id":"1007"}
VitHeadlessService: project saved to D:\Vit_DAW\VitApp\Workspace\default_project.xml
CommandDispatcher::handleImportMediaToTrack: clipId="1012" clip="test_target_3s" trackId="1007" source="D:\Vit_DAW\test_target_3s.wav" lengthSec=3.000 isPlaying=false isRecording=false playContextActive=true positionSeconds=0.000 editLengthSeconds=21.841
Command executed: import_media_to_track, result: {
  "status": "success",
  "action": "import_media_to_track",
  "clip_id": "1012",
  "track_id": "1007",
  "start_time": 18.841117858886701,
  "resolved_start_time": 18.841117858886701,
  "length": 3.0,
  "applied_mode": "destructive",
  "clip_name": "test_target_3s",
  "file_path": "D:\\Vit_DAW\\test_target_3s.wav",
  "edit_length_seconds": 21.841117858886701,
  "baking_status": "baking_started"
}
VitHeadlessService: command reply (truncated): {
  "status": "success",
  "action": "import_media_to_track",
  "clip_id": "1012",
  "track_id": "1007",
  "start_time": 18.841117858886701,
  "resolved_start_time": 18.841117858886701,
  "length": 3.0,
  "applie
ZmqGateway: received command payload: {"cmd":"get_project_state"}
ZmqGateway: dispatching payload to JUCE message thread.
VitHeadlessService: processing queued command on JUCE message thread: {"cmd":"get_project_state"}
Command received: {"cmd":"get_project_state"}
Command executed: get_project_state, result: {
  "status": "ok",
  "project_path": "",
  "tracks": [
    {
      "track_id": "1002",
      "track_name": "Arranger",
      "track_type": "track",
      "is_audio_track": false,
      "is_audio": false,
      "plugins": [],
      "clips": []
    },
    {
      "track_id": "1003",
      "track_name": "Chord",
      "track_type": "track",
      "is_audio_track": false,
      "is_audio": false,
      "plugins": [],
      "clips": []
    },
    {
      "track_id": "1004",
      "track_name": "Marker",
      "track_type": "track",
      "is_audio_track": false,
      "is_audio": false,
      "plugins": [],
      "clips": []
    },
    {
      "track_id": "1005",
      "track_name": "Tempo",
      "track_type": "track",
      "is_audio_track": false,
      "is_audio": false,
      "plugins": [],
      "clips": []
    },
    {
      "track_id": "1006",
      "track_name": "Master",
      "track_type": "master",
      "is_audio_track": false,
      "is_audio": false,
      "plugins": [],
      "clips": []
    },
    {
      "track_id": "1007",
      "track_name": "Track 1",
      "track_type": "hybrid",
      "is_audio_track": true,
      "is_audio": true,
      "plugins": [
        {
          "id": "1008",
          "item_id": "1008",
          "name": "Volume & Pan Plugin",
          "type": "volume",
          "enabled": true
        },
        {
          "id": "1009",
          "item_id": "1009",
          "name": "Level Meter",
          "type": "level",
          "enabled": true
        }
      ],
      "clips": [
        {
          "id": "1010",
          "name": "New MIDI Clip",
          "clip_type": "midi",
          "start_seconds": 0.0,
          "end_seconds": 11.0,
          "length_seconds": 11.0,
          "offset_in_source_seconds": 0.0
        },
        {
          "id": "1012",
          "name": "test_target_3s",
          "clip_type": "wave",
          "start_seconds": 18.841117858886701,
          "end_seconds": 21.841117858886701,
          "length_seconds": 3.0,
          "offset_in_source_seconds": 0.0,
          "file_path": "D:\\Vit_DAW\\test_target_3s.wav",
          "current_source_path": "D:\\Vit_DAW\\test_target_3s.wav",
          "playback_source_valid": true
        }
      ],
      "output_to_device_resolved": true,
      "output_device_enabled": true,
      "output_device_id": "out_b7a4b4c1",
      "output_routing_name": "(default audio output)"
    }
  ]
}
VitHeadlessService: command reply (truncated): {
  "status": "ok",
  "project_path": "",
  "tracks": [
    {
      "track_id": "1002",
      "track_name": "Arranger",
      "track_type": "track",
      "is_audio_track": false,
      "is_audio": false,
     
ZmqGateway: received command payload: {"cmd":"list_tracks"}
ZmqGateway: dispatching payload to JUCE message thread.
VitHeadlessService: processing queued command on JUCE message thread: {"cmd":"list_tracks"}
Command received: {"cmd":"list_tracks"}
Command executed: list_tracks, result: {
  "status": "ok",
  "message": "Track list fetched",
  "tracks": [
    {
      "track_id": "1002",
      "name": "Arranger",
      "track_type": "track",
      "is_audio": false,
      "is_audio_track": false,
      "vit_type": "",
      "vit_intent": "",
      "plugin_count": 0,
      "plugins": []
    },
    {
      "track_id": "1003",
      "name": "Chord",
      "track_type": "track",
      "is_audio": false,
      "is_audio_track": false,
      "vit_type": "",
      "vit_intent": "",
      "plugin_count": 0,
      "plugins": []
    },
    {
      "track_id": "1004",
      "name": "Marker",
      "track_type": "track",
      "is_audio": false,
      "is_audio_track": false,
      "vit_type": "",
      "vit_intent": "",
      "plugin_count": 0,
      "plugins": []
    },
    {
      "track_id": "1005",
      "name": "Tempo",
      "track_type": "track",
      "is_audio": false,
      "is_audio_track": false,
      "vit_type": "",
      "vit_intent": "",
      "plugin_count": 0,
      "plugins": []
    },
    {
      "track_id": "1006",
      "name": "Master",
      "track_type": "master",
      "is_audio": false,
      "is_audio_track": false,
      "vit_type": "",
      "vit_intent": "",
      "plugin_count": 0,
      "plugins": []
    },
    {
      "track_id": "1007",
      "name": "Track 1",
      "track_type": "hybrid",
      "is_audio": true,
      "is_audio_track": true,
      "vit_type": "",
      "vit_intent": "",
      "plugin_count": 2,
      "plugins": [
        {
          "name": "Volume & Pan Plugin",
          "type": "volume",
          "enabled": true
        },
        {
          "name": "Level Meter",
          "type": "level",
          "enabled": true
        }
      ]
    }
  ]
}
VitHeadlessService: command reply (truncated): {
  "status": "ok",
  "message": "Track list fetched",
  "tracks": [
    {
      "track_id": "1002",
      "name": "Arranger",
      "track_type": "track",
      "is_audio": false,
      "is_audio_track": false,
ZmqGateway: received command payload: {"clip_ids":["1012"],"cmd":"remove_clips"}
ZmqGateway: dispatching payload to JUCE message thread.
VitHeadlessService: processing queued command on JUCE message thread: {"clip_ids":["1012"],"cmd":"remove_clips"}
Command received: {"clip_ids":["1012"],"cmd":"remove_clips"}
Command executed: remove_clips, result: {
  "status": "ok",
  "message": "Clips removed",
  "removed_count": 1,
  "missing_ids": []
}
VitHeadlessService: command reply (truncated): {
  "status": "ok",
  "message": "Clips removed",
  "removed_count": 1,
  "missing_ids": []
}
ZmqGateway: received command payload: {"cmd":"get_project_state"}
ZmqGateway: dispatching payload to JUCE message thread.
VitHeadlessService: processing queued command on JUCE message thread: {"cmd":"get_project_state"}
Command received: {"cmd":"get_project_state"}
Command executed: get_project_state, result: {
  "status": "ok",
  "project_path": "",
  "tracks": [
    {
      "track_id": "1002",
      "track_name": "Arranger",
      "track_type": "track",
      "is_audio_track": false,
      "is_audio": false,
      "plugins": [],
      "clips": []
    },
    {
      "track_id": "1003",
      "track_name": "Chord",
      "track_type": "track",
      "is_audio_track": false,
      "is_audio": false,
      "plugins": [],
      "clips": []
    },
    {
      "track_id": "1004",
      "track_name": "Marker",
      "track_type": "track",
      "is_audio_track": false,
      "is_audio": false,
      "plugins": [],
      "clips": []
    },
    {
      "track_id": "1005",
      "track_name": "Tempo",
      "track_type": "track",
      "is_audio_track": false,
      "is_audio": false,
      "plugins": [],
      "clips": []
    },
    {
      "track_id": "1006",
      "track_name": "Master",
      "track_type": "master",
      "is_audio_track": false,
      "is_audio": false,
      "plugins": [],
      "clips": []
    },
    {
      "track_id": "1007",
      "track_name": "Track 1",
      "track_type": "hybrid",
      "is_audio_track": true,
      "is_audio": true,
      "plugins": [
        {
          "id": "1008",
          "item_id": "1008",
          "name": "Volume & Pan Plugin",
          "type": "volume",
          "enabled": true
        },
        {
          "id": "1009",
          "item_id": "1009",
          "name": "Level Meter",
          "type": "level",
          "enabled": true
        }
      ],
      "clips": [
        {
          "id": "1010",
          "name": "New MIDI Clip",
          "clip_type": "midi",
          "start_seconds": 0.0,
          "end_seconds": 11.0,
          "length_seconds": 11.0,
          "offset_in_source_seconds": 0.0
        }
      ],
      "output_to_device_resolved": true,
      "output_device_enabled": true,
      "output_device_id": "out_b7a4b4c1",
      "output_routing_name": "(default audio output)"
    }
  ]
}
VitHeadlessService: command reply (truncated): {
  "status": "ok",
  "project_path": "",
  "tracks": [
    {
      "track_id": "1002",
      "track_name": "Arranger",
      "track_type": "track",
      "is_audio_track": false,
      "is_audio": false,
     
ZmqGateway: received command payload: {"cmd":"list_tracks"}
ZmqGateway: dispatching payload to JUCE message thread.
VitHeadlessService: processing queued command on JUCE message thread: {"cmd":"list_tracks"}
Command received: {"cmd":"list_tracks"}
Command executed: list_tracks, result: {
  "status": "ok",
  "message": "Track list fetched",
  "tracks": [
    {
      "track_id": "1002",
      "name": "Arranger",
      "track_type": "track",
      "is_audio": false,
      "is_audio_track": false,
      "vit_type": "",
      "vit_intent": "",
      "plugin_count": 0,
      "plugins": []
    },
    {
      "track_id": "1003",
      "name": "Chord",
      "track_type": "track",
      "is_audio": false,
      "is_audio_track": false,
      "vit_type": "",
      "vit_intent": "",
      "plugin_count": 0,
      "plugins": []
    },
    {
      "track_id": "1004",
      "name": "Marker",
      "track_type": "track",
      "is_audio": false,
      "is_audio_track": false,
      "vit_type": "",
      "vit_intent": "",
      "plugin_count": 0,
      "plugins": []
    },
    {
      "track_id": "1005",
      "name": "Tempo",
      "track_type": "track",
      "is_audio": false,
      "is_audio_track": false,
      "vit_type": "",
      "vit_intent": "",
      "plugin_count": 0,
      "plugins": []
    },
    {
      "track_id": "1006",
      "name": "Master",
      "track_type": "master",
      "is_audio": false,
      "is_audio_track": false,
      "vit_type": "",
      "vit_intent": "",
      "plugin_count": 0,
      "plugins": []
    },
    {
      "track_id": "1007",
      "name": "Track 1",
      "track_type": "hybrid",
      "is_audio": true,
      "is_audio_track": true,
      "vit_type": "",
      "vit_intent": "",
      "plugin_count": 2,
      "plugins": [
        {
          "name": "Volume & Pan Plugin",
          "type": "volume",
          "enabled": true
        },
        {
          "name": "Level Meter",
          "type": "level",
          "enabled": true
        }
      ]
    }
  ]
}
VitHeadlessService: command reply (truncated): {
  "status": "ok",
  "message": "Track list fetched",
  "tracks": [
    {
      "track_id": "1002",
      "name": "Arranger",
      "track_type": "track",
      "is_audio": false,
      "is_audio_track": false,
ZmqGateway: received command payload: {"clip_id":"1010","cmd":"move_clip","new_start":3.02803802490234,"new_start_seconds":1.51401901245117,"overlap_mode":"trim","source_track_id":"1007","target_track_id":"1007","time_unit":"beats"}
ZmqGateway: dispatching payload to JUCE message thread.
VitHeadlessService: processing queued command on JUCE message thread: {"clip_id":"1010","cmd":"move_clip","new_start":3.02803802490234,"new_start_seconds":1.51401901245117,"overlap_mode":"trim","source_track_id":"1007","target_track_id":"1007","time_unit":"beats"}
Command received: {"clip_id":"1010","cmd":"move_clip","new_start":3.02803802490234,"new_start_seconds":1.51401901245117,"overlap_mode":"trim","source_track_id":"1007","target_track_id":"1007","time_unit":"beats"}
Command executed: move_clip, result: {
  "status": "ok",
  "message": "Clip moved",
  "clip_id": "1010",
  "source_track_id": "1007",
  "target_track_id": "1007",
  "affected_track_id": "1007",
  "new_start_seconds": 1.51401901245117,
  "overlap_mode": "trim",
  "created_clip_ids": [],
  "removed_clip_ids": [],
  "affected_clip_ids": []
}
VitHeadlessService: command reply (truncated): {
  "status": "ok",
  "message": "Clip moved",
  "clip_id": "1010",
  "source_track_id": "1007",
  "target_track_id": "1007",
  "affected_track_id": "1007",
  "new_start_seconds": 1.51401901245117,
  "overlap_mod
ZmqGateway: received command payload: {"cmd":"get_project_state"}
ZmqGateway: dispatching payload to JUCE message thread.
VitHeadlessService: processing queued command on JUCE message thread: {"cmd":"get_project_state"}
Command received: {"cmd":"get_project_state"}
Command executed: get_project_state, result: {
  "status": "ok",
  "project_path": "",
  "tracks": [
    {
      "track_id": "1002",
      "track_name": "Arranger",
      "track_type": "track",
      "is_audio_track": false,
      "is_audio": false,
      "plugins": [],
      "clips": []
    },
    {
      "track_id": "1003",
      "track_name": "Chord",
      "track_type": "track",
      "is_audio_track": false,
      "is_audio": false,
      "plugins": [],
      "clips": []
    },
    {
      "track_id": "1004",
      "track_name": "Marker",
      "track_type": "track",
      "is_audio_track": false,
      "is_audio": false,
      "plugins": [],
      "clips": []
    },
    {
      "track_id": "1005",
      "track_name": "Tempo",
      "track_type": "track",
      "is_audio_track": false,
      "is_audio": false,
      "plugins": [],
      "clips": []
    },
    {
      "track_id": "1006",
      "track_name": "Master",
      "track_type": "master",
      "is_audio_track": false,
      "is_audio": false,
      "plugins": [],
      "clips": []
    },
    {
      "track_id": "1007",
      "track_name": "Track 1",
      "track_type": "hybrid",
      "is_audio_track": true,
      "is_audio": true,
      "plugins": [
        {
          "id": "1008",
          "item_id": "1008",
          "name": "Volume & Pan Plugin",
          "type": "volume",
          "enabled": true
        },
        {
          "id": "1009",
          "item_id": "1009",
          "name": "Level Meter",
          "type": "level",
          "enabled": true
        }
      ],
      "clips": [
        {
          "id": "1010",
          "name": "New MIDI Clip",
          "clip_type": "midi",
          "start_seconds": 1.51401901245117,
          "end_seconds": 12.51401901245117,
          "length_seconds": 11.0,
          "offset_in_source_seconds": 0.0
        }
      ],
      "output_to_device_resolved": true,
      "output_device_enabled": true,
      "output_device_id": "out_b7a4b4c1",
      "output_routing_name": "(default audio output)"
    }
  ]
}
VitHeadlessService: command reply (truncated): {
  "status": "ok",
  "project_path": "",
  "tracks": [
    {
      "track_id": "1002",
      "track_name": "Arranger",
      "track_type": "track",
      "is_audio_track": false,
      "is_audio": false,
     
ZmqGateway: received command payload: {"cmd":"list_tracks"}
ZmqGateway: dispatching payload to JUCE message thread.
VitHeadlessService: processing queued command on JUCE message thread: {"cmd":"list_tracks"}
Command received: {"cmd":"list_tracks"}
Command executed: list_tracks, result: {
  "status": "ok",
  "message": "Track list fetched",
  "tracks": [
    {
      "track_id": "1002",
      "name": "Arranger",
      "track_type": "track",
      "is_audio": false,
      "is_audio_track": false,
      "vit_type": "",
      "vit_intent": "",
      "plugin_count": 0,
      "plugins": []
    },
    {
      "track_id": "1003",
      "name": "Chord",
      "track_type": "track",
      "is_audio": false,
      "is_audio_track": false,
      "vit_type": "",
      "vit_intent": "",
      "plugin_count": 0,
      "plugins": []
    },
    {
      "track_id": "1004",
      "name": "Marker",
      "track_type": "track",
      "is_audio": false,
      "is_audio_track": false,
      "vit_type": "",
      "vit_intent": "",
      "plugin_count": 0,
      "plugins": []
    },
    {
      "track_id": "1005",
      "name": "Tempo",
      "track_type": "track",
      "is_audio": false,
      "is_audio_track": false,
      "vit_type": "",
      "vit_intent": "",
      "plugin_count": 0,
      "plugins": []
    },
    {
      "track_id": "1006",
      "name": "Master",
      "track_type": "master",
      "is_audio": false,
      "is_audio_track": false,
      "vit_type": "",
      "vit_intent": "",
      "plugin_count": 0,
      "plugins": []
    },
    {
      "track_id": "1007",
      "name": "Track 1",
      "track_type": "hybrid",
      "is_audio": true,
      "is_audio_track": true,
      "vit_type": "",
      "vit_intent": "",
      "plugin_count": 2,
      "plugins": [
        {
          "name": "Volume & Pan Plugin",
          "type": "volume",
          "enabled": true
        },
        {
          "name": "Level Meter",
          "type": "level",
          "enabled": true
        }
      ]
    }
  ]
}
VitHeadlessService: command reply (truncated): {
  "status": "ok",
  "message": "Track list fetched",
  "tracks": [
    {
      "track_id": "1002",
      "name": "Arranger",
      "track_type": "track",
      "is_audio": false,
      "is_audio_track": false,
ZmqGateway: received command payload: {"cmd":"get_recent_projects"}
ZmqGateway: dispatching payload to JUCE message thread.
VitHeadlessService: processing queued command on JUCE message thread: {"cmd":"get_recent_projects"}
Command received: {"cmd":"get_recent_projects"}
Command executed: get_recent_projects, result: {
  "status": "ok",
  "recent_projects": [
    "D:\\Godot\\project\\vit-daw-frontend\\4.4.3.vit",
    "D:\\Godot\\project\\vit-daw-frontend\\4.4.2.vit",
    "D:\\Godot\\project\\vit-daw-frontend\\4.4.1.vit",
    "D:\\Godot\\project\\vit-daw-frontend\\4.4.vit",
    "D:\\4.1.tracktionedit"
  ]
}
VitHeadlessService: command reply (truncated): {
  "status": "ok",
  "recent_projects": [
    "D:\\Godot\\project\\vit-daw-frontend\\4.4.3.vit",
    "D:\\Godot\\project\\vit-daw-frontend\\4.4.2.vit",
    "D:\\Godot\\project\\vit-daw-frontend\\4.4.1.vit",
    "D
ZmqGateway: received command payload: {"cmd":"new_project"}
ZmqGateway: dispatching payload to JUCE message thread.
VitHeadlessService: processing queued command on JUCE message thread: {"cmd":"new_project"}
Command received: {"cmd":"new_project"}
VitEngineDevice: audio IO ready for playback graph: "扬声器 (2- USB AUDIO  CODEC)" 48000.00 Hz, block 480 samples
Command executed: new_project, result: {
  "status": "ok",
  "message": "Blank project created"
}
VitHeadlessService: command reply (truncated): {
  "status": "ok",
  "message": "Blank project created"
}
ZmqGateway: received command payload: {"cmd":"ping"}
ZmqGateway: dispatching payload to JUCE message thread.
VitHeadlessService: processing queued command on JUCE message thread: {"cmd":"ping"}
Command received: {"cmd":"ping"}
CommandDispatcher: handled ping command.
Command executed: ping, result: {
  "status": "ok",
  "message": "pong"
}
VitHeadlessService: command reply (truncated): {
  "status": "ok",
  "message": "pong"
}
ZmqGateway: received command payload: {"cmd":"get_project_state"}
ZmqGateway: dispatching payload to JUCE message thread.
VitHeadlessService: processing queued command on JUCE message thread: {"cmd":"get_project_state"}
Command received: {"cmd":"get_project_state"}
Command executed: get_project_state, result: {
  "status": "ok",
  "project_path": "",
  "tracks": [
    {
      "track_id": "1002",
      "track_name": "Arranger",
      "track_type": "track",
      "is_audio_track": false,
      "is_audio": false,
      "plugins": [],
      "clips": []
    },
    {
      "track_id": "1003",
      "track_name": "Chord",
      "track_type": "track",
      "is_audio_track": false,
      "is_audio": false,
      "plugins": [],
      "clips": []
    },
    {
      "track_id": "1004",
      "track_name": "Marker",
      "track_type": "track",
      "is_audio_track": false,
      "is_audio": false,
      "plugins": [],
      "clips": []
    },
    {
      "track_id": "1005",
      "track_name": "Tempo",
      "track_type": "track",
      "is_audio_track": false,
      "is_audio": false,
      "plugins": [],
      "clips": []
    },
    {
      "track_id": "1006",
      "track_name": "Master",
      "track_type": "master",
      "is_audio_track": false,
      "is_audio": false,
      "plugins": [],
      "clips": []
    }
  ]
}
VitHeadlessService: command reply (truncated): {
  "status": "ok",
  "project_path": "",
  "tracks": [
    {
      "track_id": "1002",
      "track_name": "Arranger",
      "track_type": "track",
      "is_audio_track": false,
      "is_audio": false,
     
ZmqGateway: received command payload: {"cmd":"list_tracks"}
ZmqGateway: dispatching payload to JUCE message thread.
VitHeadlessService: processing queued command on JUCE message thread: {"cmd":"list_tracks"}
Command received: {"cmd":"list_tracks"}
Command executed: list_tracks, result: {
  "status": "ok",
  "message": "Track list fetched",
  "tracks": [
    {
      "track_id": "1002",
      "name": "Arranger",
      "track_type": "track",
      "is_audio": false,
      "is_audio_track": false,
      "vit_type": "",
      "vit_intent": "",
      "plugin_count": 0,
      "plugins": []
    },
    {
      "track_id": "1003",
      "name": "Chord",
      "track_type": "track",
      "is_audio": false,
      "is_audio_track": false,
      "vit_type": "",
      "vit_intent": "",
      "plugin_count": 0,
      "plugins": []
    },
    {
      "track_id": "1004",
      "name": "Marker",
      "track_type": "track",
      "is_audio": false,
      "is_audio_track": false,
      "vit_type": "",
      "vit_intent": "",
      "plugin_count": 0,
      "plugins": []
    },
    {
      "track_id": "1005",
      "name": "Tempo",
      "track_type": "track",
      "is_audio": false,
      "is_audio_track": false,
      "vit_type": "",
      "vit_intent": "",
      "plugin_count": 0,
      "plugins": []
    },
    {
      "track_id": "1006",
      "name": "Master",
      "track_type": "master",
      "is_audio": false,
      "is_audio_track": false,
      "vit_type": "",
      "vit_intent": "",
      "plugin_count": 0,
      "plugins": []
    }
  ]
}
VitHeadlessService: command reply (truncated): {
  "status": "ok",
  "message": "Track list fetched",
  "tracks": [
    {
      "track_id": "1002",
      "name": "Arranger",
      "track_type": "track",
      "is_audio": false,
      "is_audio_track": false,
ZmqGateway: received command payload: {"cmd":"list_tracks"}
ZmqGateway: dispatching payload to JUCE message thread.
VitHeadlessService: processing queued command on JUCE message thread: {"cmd":"list_tracks"}
Command received: {"cmd":"list_tracks"}
Command executed: list_tracks, result: {
  "status": "ok",
  "message": "Track list fetched",
  "tracks": [
    {
      "track_id": "1002",
      "name": "Arranger",
      "track_type": "track",
      "is_audio": false,
      "is_audio_track": false,
      "vit_type": "",
      "vit_intent": "",
      "plugin_count": 0,
      "plugins": []
    },
    {
      "track_id": "1003",
      "name": "Chord",
      "track_type": "track",
      "is_audio": false,
      "is_audio_track": false,
      "vit_type": "",
      "vit_intent": "",
      "plugin_count": 0,
      "plugins": []
    },
    {
      "track_id": "1004",
      "name": "Marker",
      "track_type": "track",
      "is_audio": false,
      "is_audio_track": false,
      "vit_type": "",
      "vit_intent": "",
      "plugin_count": 0,
      "plugins": []
    },
    {
      "track_id": "1005",
      "name": "Tempo",
      "track_type": "track",
      "is_audio": false,
      "is_audio_track": false,
      "vit_type": "",
      "vit_intent": "",
      "plugin_count": 0,
      "plugins": []
    },
    {
      "track_id": "1006",
      "name": "Master",
      "track_type": "master",
      "is_audio": false,
      "is_audio_track": false,
      "vit_type": "",
      "vit_intent": "",
      "plugin_count": 0,
      "plugins": []
    }
  ]
}
VitHeadlessService: command reply (truncated): {
  "status": "ok",
  "message": "Track list fetched",
  "tracks": [
    {
      "track_id": "1002",
      "name": "Arranger",
      "track_type": "track",
      "is_audio": false,
      "is_audio_track": false,
ZmqGateway: received command payload: {"cmd":"add_track","type":"hybrid"}
ZmqGateway: dispatching payload to JUCE message thread.
VitHeadlessService: processing queued command on JUCE message thread: {"cmd":"add_track","type":"hybrid"}
Command received: {"cmd":"add_track","type":"hybrid"}
VitHeadlessService: project saved to D:\Vit_DAW\VitApp\Workspace\default_project.xml
Command executed: add_track, result: {
  "status": "ok",
  "message": "Track added",
  "track_id": "1007",
  "track_name": "Track 1"
}
VitHeadlessService: command reply (truncated): {
  "status": "ok",
  "message": "Track added",
  "track_id": "1007",
  "track_name": "Track 1"
}
ZmqGateway: received command payload: {"cmd":"list_tracks"}
ZmqGateway: dispatching payload to JUCE message thread.
VitHeadlessService: processing queued command on JUCE message thread: {"cmd":"list_tracks"}
Command received: {"cmd":"list_tracks"}
Command executed: list_tracks, result: {
  "status": "ok",
  "message": "Track list fetched",
  "tracks": [
    {
      "track_id": "1002",
      "name": "Arranger",
      "track_type": "track",
      "is_audio": false,
      "is_audio_track": false,
      "vit_type": "",
      "vit_intent": "",
      "plugin_count": 0,
      "plugins": []
    },
    {
      "track_id": "1003",
      "name": "Chord",
      "track_type": "track",
      "is_audio": false,
      "is_audio_track": false,
      "vit_type": "",
      "vit_intent": "",
      "plugin_count": 0,
      "plugins": []
    },
    {
      "track_id": "1004",
      "name": "Marker",
      "track_type": "track",
      "is_audio": false,
      "is_audio_track": false,
      "vit_type": "",
      "vit_intent": "",
      "plugin_count": 0,
      "plugins": []
    },
    {
      "track_id": "1005",
      "name": "Tempo",
      "track_type": "track",
      "is_audio": false,
      "is_audio_track": false,
      "vit_type": "",
      "vit_intent": "",
      "plugin_count": 0,
      "plugins": []
    },
    {
      "track_id": "1006",
      "name": "Master",
      "track_type": "master",
      "is_audio": false,
      "is_audio_track": false,
      "vit_type": "",
      "vit_intent": "",
      "plugin_count": 0,
      "plugins": []
    },
    {
      "track_id": "1007",
      "name": "Track 1",
      "track_type": "hybrid",
      "is_audio": true,
      "is_audio_track": true,
      "vit_type": "",
      "vit_intent": "",
      "plugin_count": 2,
      "plugins": [
        {
          "name": "Volume & Pan Plugin",
          "type": "volume",
          "enabled": true
        },
        {
          "name": "Level Meter",
          "type": "level",
          "enabled": true
        }
      ]
    }
  ]
}
VitHeadlessService: command reply (truncated): {
  "status": "ok",
  "message": "Track list fetched",
  "tracks": [
    {
      "track_id": "1002",
      "name": "Arranger",
      "track_type": "track",
      "is_audio": false,
      "is_audio_track": false,
ZmqGateway: received command payload: {"cmd":"get_project_state"}
ZmqGateway: dispatching payload to JUCE message thread.
VitHeadlessService: processing queued command on JUCE message thread: {"cmd":"get_project_state"}
Command received: {"cmd":"get_project_state"}
Command executed: get_project_state, result: {
  "status": "ok",
  "project_path": "",
  "tracks": [
    {
      "track_id": "1002",
      "track_name": "Arranger",
      "track_type": "track",
      "is_audio_track": false,
      "is_audio": false,
      "plugins": [],
      "clips": []
    },
    {
      "track_id": "1003",
      "track_name": "Chord",
      "track_type": "track",
      "is_audio_track": false,
      "is_audio": false,
      "plugins": [],
      "clips": []
    },
    {
      "track_id": "1004",
      "track_name": "Marker",
      "track_type": "track",
      "is_audio_track": false,
      "is_audio": false,
      "plugins": [],
      "clips": []
    },
    {
      "track_id": "1005",
      "track_name": "Tempo",
      "track_type": "track",
      "is_audio_track": false,
      "is_audio": false,
      "plugins": [],
      "clips": []
    },
    {
      "track_id": "1006",
      "track_name": "Master",
      "track_type": "master",
      "is_audio_track": false,
      "is_audio": false,
      "plugins": [],
      "clips": []
    },
    {
      "track_id": "1007",
      "track_name": "Track 1",
      "track_type": "hybrid",
      "is_audio_track": true,
      "is_audio": true,
      "plugins": [
        {
          "id": "1008",
          "item_id": "1008",
          "name": "Volume & Pan Plugin",
          "type": "volume",
          "enabled": true
        },
        {
          "id": "1009",
          "item_id": "1009",
          "name": "Level Meter",
          "type": "level",
          "enabled": true
        }
      ],
      "clips": [],
      "output_to_device_resolved": true,
      "output_device_enabled": true,
      "output_device_id": "out_b7a4b4c1",
      "output_routing_name": "(default audio output)"
    }
  ]
}
VitHeadlessService: command reply (truncated): {
  "status": "ok",
  "project_path": "",
  "tracks": [
    {
      "track_id": "1002",
      "track_name": "Arranger",
      "track_type": "track",
      "is_audio_track": false,
      "is_audio": false,
     
ZmqGateway: received command payload: {"cmd":"list_tracks"}
ZmqGateway: dispatching payload to JUCE message thread.
VitHeadlessService: processing queued command on JUCE message thread: {"cmd":"list_tracks"}
Command received: {"cmd":"list_tracks"}
Command executed: list_tracks, result: {
  "status": "ok",
  "message": "Track list fetched",
  "tracks": [
    {
      "track_id": "1002",
      "name": "Arranger",
      "track_type": "track",
      "is_audio": false,
      "is_audio_track": false,
      "vit_type": "",
      "vit_intent": "",
      "plugin_count": 0,
      "plugins": []
    },
    {
      "track_id": "1003",
      "name": "Chord",
      "track_type": "track",
      "is_audio": false,
      "is_audio_track": false,
      "vit_type": "",
      "vit_intent": "",
      "plugin_count": 0,
      "plugins": []
    },
    {
      "track_id": "1004",
      "name": "Marker",
      "track_type": "track",
      "is_audio": false,
      "is_audio_track": false,
      "vit_type": "",
      "vit_intent": "",
      "plugin_count": 0,
      "plugins": []
    },
    {
      "track_id": "1005",
      "name": "Tempo",
      "track_type": "track",
      "is_audio": false,
      "is_audio_track": false,
      "vit_type": "",
      "vit_intent": "",
      "plugin_count": 0,
      "plugins": []
    },
    {
      "track_id": "1006",
      "name": "Master",
      "track_type": "master",
      "is_audio": false,
      "is_audio_track": false,
      "vit_type": "",
      "vit_intent": "",
      "plugin_count": 0,
      "plugins": []
    },
    {
      "track_id": "1007",
      "name": "Track 1",
      "track_type": "hybrid",
      "is_audio": true,
      "is_audio_track": true,
      "vit_type": "",
      "vit_intent": "",
      "plugin_count": 2,
      "plugins": [
        {
          "name": "Volume & Pan Plugin",
          "type": "volume",
          "enabled": true
        },
        {
          "name": "Level Meter",
          "type": "level",
          "enabled": true
        }
      ]
    }
  ]
}
VitHeadlessService: command reply (truncated): {
  "status": "ok",
  "message": "Track list fetched",
  "tracks": [
    {
      "track_id": "1002",
      "name": "Arranger",
      "track_type": "track",
      "is_audio": false,
      "is_audio_track": false,
ZmqGateway: received command payload: {"cmd":"insert_midi_clip","command":"insert_midi_clip","length":4.0,"start":0.0,"time_unit":"beats","track_id":"1007"}
ZmqGateway: dispatching payload to JUCE message thread.
VitHeadlessService: processing queued command on JUCE message thread: {"cmd":"insert_midi_clip","command":"insert_midi_clip","length":4.0,"start":0.0,"time_unit":"beats","track_id":"1007"}
Command received: {"cmd":"insert_midi_clip","command":"insert_midi_clip","length":4.0,"start":0.0,"time_unit":"beats","track_id":"1007"}
Command executed: insert_midi_clip, result: {
  "status": "ok",
  "message": "MIDI clip inserted",
  "clip_id": "1010",
  "track_id": "1007",
  "start_seconds": 0.0,
  "length_seconds": 2.0
}
VitHeadlessService: command reply (truncated): {
  "status": "ok",
  "message": "MIDI clip inserted",
  "clip_id": "1010",
  "track_id": "1007",
  "start_seconds": 0.0,
  "length_seconds": 2.0
}
ZmqGateway: received command payload: {"cmd":"get_project_state"}
ZmqGateway: dispatching payload to JUCE message thread.
VitHeadlessService: processing queued command on JUCE message thread: {"cmd":"get_project_state"}
Command received: {"cmd":"get_project_state"}
Command executed: get_project_state, result: {
  "status": "ok",
  "project_path": "",
  "tracks": [
    {
      "track_id": "1002",
      "track_name": "Arranger",
      "track_type": "track",
      "is_audio_track": false,
      "is_audio": false,
      "plugins": [],
      "clips": []
    },
    {
      "track_id": "1003",
      "track_name": "Chord",
      "track_type": "track",
      "is_audio_track": false,
      "is_audio": false,
      "plugins": [],
      "clips": []
    },
    {
      "track_id": "1004",
      "track_name": "Marker",
      "track_type": "track",
      "is_audio_track": false,
      "is_audio": false,
      "plugins": [],
      "clips": []
    },
    {
      "track_id": "1005",
      "track_name": "Tempo",
      "track_type": "track",
      "is_audio_track": false,
      "is_audio": false,
      "plugins": [],
      "clips": []
    },
    {
      "track_id": "1006",
      "track_name": "Master",
      "track_type": "master",
      "is_audio_track": false,
      "is_audio": false,
      "plugins": [],
      "clips": []
    },
    {
      "track_id": "1007",
      "track_name": "Track 1",
      "track_type": "hybrid",
      "is_audio_track": true,
      "is_audio": true,
      "plugins": [
        {
          "id": "1008",
          "item_id": "1008",
          "name": "Volume & Pan Plugin",
          "type": "volume",
          "enabled": true
        },
        {
          "id": "1009",
          "item_id": "1009",
          "name": "Level Meter",
          "type": "level",
          "enabled": true
        }
      ],
      "clips": [
        {
          "id": "1010",
          "name": "New MIDI Clip",
          "clip_type": "midi",
          "start_seconds": 0.0,
          "end_seconds": 2.0,
          "length_seconds": 2.0,
          "offset_in_source_seconds": 0.0
        }
      ],
      "output_to_device_resolved": true,
      "output_device_enabled": true,
      "output_device_id": "out_b7a4b4c1",
      "output_routing_name": "(default audio output)"
    }
  ]
}
VitHeadlessService: command reply (truncated): {
  "status": "ok",
  "project_path": "",
  "tracks": [
    {
      "track_id": "1002",
      "track_name": "Arranger",
      "track_type": "track",
      "is_audio_track": false,
      "is_audio": false,
     
ZmqGateway: received command payload: {"cmd":"list_tracks"}
ZmqGateway: dispatching payload to JUCE message thread.
VitHeadlessService: processing queued command on JUCE message thread: {"cmd":"list_tracks"}
Command received: {"cmd":"list_tracks"}
Command executed: list_tracks, result: {
  "status": "ok",
  "message": "Track list fetched",
  "tracks": [
    {
      "track_id": "1002",
      "name": "Arranger",
      "track_type": "track",
      "is_audio": false,
      "is_audio_track": false,
      "vit_type": "",
      "vit_intent": "",
      "plugin_count": 0,
      "plugins": []
    },
    {
      "track_id": "1003",
      "name": "Chord",
      "track_type": "track",
      "is_audio": false,
      "is_audio_track": false,
      "vit_type": "",
      "vit_intent": "",
      "plugin_count": 0,
      "plugins": []
    },
    {
      "track_id": "1004",
      "name": "Marker",
      "track_type": "track",
      "is_audio": false,
      "is_audio_track": false,
      "vit_type": "",
      "vit_intent": "",
      "plugin_count": 0,
      "plugins": []
    },
    {
      "track_id": "1005",
      "name": "Tempo",
      "track_type": "track",
      "is_audio": false,
      "is_audio_track": false,
      "vit_type": "",
      "vit_intent": "",
      "plugin_count": 0,
      "plugins": []
    },
    {
      "track_id": "1006",
      "name": "Master",
      "track_type": "master",
      "is_audio": false,
      "is_audio_track": false,
      "vit_type": "",
      "vit_intent": "",
      "plugin_count": 0,
      "plugins": []
    },
    {
      "track_id": "1007",
      "name": "Track 1",
      "track_type": "hybrid",
      "is_audio": true,
      "is_audio_track": true,
      "vit_type": "",
      "vit_intent": "",
      "plugin_count": 2,
      "plugins": [
        {
          "name": "Volume & Pan Plugin",
          "type": "volume",
          "enabled": true
        },
        {
          "name": "Level Meter",
          "type": "level",
          "enabled": true
        }
      ]
    }
  ]
}
VitHeadlessService: command reply (truncated): {
  "status": "ok",
  "message": "Track list fetched",
  "tracks": [
    {
      "track_id": "1002",
      "name": "Arranger",
      "track_type": "track",
      "is_audio": false,
      "is_audio_track": false,
ZmqGateway: received command payload: {"clip_id":"1010","cmd":"get_midi_clip_data","command":"get_midi_clip_data","time_unit":"beats"}
ZmqGateway: dispatching payload to JUCE message thread.
VitHeadlessService: processing queued command on JUCE message thread: {"clip_id":"1010","cmd":"get_midi_clip_data","command":"get_midi_clip_data","time_unit":"beats"}
Command received: {"clip_id":"1010","cmd":"get_midi_clip_data","command":"get_midi_clip_data","time_unit":"beats"}
Command executed: get_midi_clip_data, result: {
  "status": "ok",
  "clip_id": "1010",
  "time_unit": "beats",
  "notes": []
}
VitHeadlessService: command reply (truncated): {
  "status": "ok",
  "clip_id": "1010",
  "time_unit": "beats",
  "notes": []
}
ZmqGateway: received command payload: {"clip_id":"1010","cmd":"get_midi_clip_notes","command":"get_midi_clip_notes","time_unit":"beats","track_id":"1007"}
ZmqGateway: dispatching payload to JUCE message thread.
VitHeadlessService: processing queued command on JUCE message thread: {"clip_id":"1010","cmd":"get_midi_clip_notes","command":"get_midi_clip_notes","time_unit":"beats","track_id":"1007"}
Command received: {"clip_id":"1010","cmd":"get_midi_clip_notes","command":"get_midi_clip_notes","time_unit":"beats","track_id":"1007"}
Command executed: get_midi_clip_notes, result: {
  "status": "ok",
  "message": "MIDI clip notes",
  "clip_id": "1010",
  "track_id": "1007",
  "time_unit": "beats",
  "notes": []
}
VitHeadlessService: command reply (truncated): {
  "status": "ok",
  "message": "MIDI clip notes",
  "clip_id": "1010",
  "track_id": "1007",
  "time_unit": "beats",
  "notes": []
}
ZmqGateway: received command payload: {"clip_id":"1010","cmd":"trigger_note_on","command":"trigger_note_on","pitch":71,"track_id":"1007","track_index":0,"velocity":100}
ZmqGateway: dispatching payload to JUCE message thread.
VitHeadlessService: processing queued command on JUCE message thread: {"clip_id":"1010","cmd":"trigger_note_on","command":"trigger_note_on","pitch":71,"track_id":"1007","track_index":0,"velocity":100}
Command received: {"clip_id":"1010","cmd":"trigger_note_on","command":"trigger_note_on","pitch":71,"track_id":"1007","track_index":0,"velocity":100}
VitHeadlessService: command reply (truncated): {
  "status": "error",
  "message": "Unknown command: trigger_note_on"
}
ZmqGateway: received command payload: {"clip_id":"1010","cmd":"trigger_note_off","command":"trigger_note_off","pitch":71,"track_id":"1007","track_index":0}
ZmqGateway: dispatching payload to JUCE message thread.
VitHeadlessService: processing queued command on JUCE message thread: {"clip_id":"1010","cmd":"trigger_note_off","command":"trigger_note_off","pitch":71,"track_id":"1007","track_index":0}
Command received: {"clip_id":"1010","cmd":"trigger_note_off","command":"trigger_note_off","pitch":71,"track_id":"1007","track_index":0}
VitHeadlessService: command reply (truncated): {
  "status": "error",
  "message": "Unknown command: trigger_note_off"
}
ZmqGateway: received command payload: {"clip_id":"1010","cmd":"add_midi_notes","command":"add_midi_notes","notes":[{"id":"note_5876","length":1.0,"pitch":71,"start":0.5,"state":"solid","velocity":100}],"time_unit":"beats","track_id":"1007","track_index":0}
ZmqGateway: dispatching payload to JUCE message thread.
VitHeadlessService: processing queued command on JUCE message thread: {"clip_id":"1010","cmd":"add_midi_notes","command":"add_midi_notes","notes":[{"id":"note_5876","length":1.0,"pitch":71,"start":0.5,"state":"solid","velocity":100}],"time_unit":"beats","track_id":"1007","track_index":0}
Command received: {"clip_id":"1010","cmd":"add_midi_notes","command":"add_midi_notes","notes":[{"id":"note_5876","length":1.0,"pitch":71,"start":0.5,"state":"solid","velocity":100}],"time_unit":"beats","track_id":"1007","track_index":0}
Command executed: add_midi_notes, result: {
  "status": "ok",
  "message": "MIDI notes added",
  "clip_id": "1010",
  "track_id": "1007",
  "added_count": 1
}
VitHeadlessService: command reply (truncated): {
  "status": "ok",
  "message": "MIDI notes added",
  "clip_id": "1010",
  "track_id": "1007",
  "added_count": 1
}
ZmqGateway: received command payload: {"clip_id":"1010","cmd":"mutate_midi_notes","command":"mutate_midi_notes","notes":[{"id":"note_5876","length":1.0,"pitch":71,"start":0.5,"velocity":100}],"time_unit":"beats","track_id":"1007","track_index":0}
ZmqGateway: dispatching payload to JUCE message thread.
VitHeadlessService: processing queued command on JUCE message thread: {"clip_id":"1010","cmd":"mutate_midi_notes","command":"mutate_midi_notes","notes":[{"id":"note_5876","length":1.0,"pitch":71,"start":0.5,"velocity":100}],"time_unit":"beats","track_id":"1007","track_index":0}
Command received: {"clip_id":"1010","cmd":"mutate_midi_notes","command":"mutate_midi_notes","notes":[{"id":"note_5876","length":1.0,"pitch":71,"start":0.5,"velocity":100}],"time_unit":"beats","track_id":"1007","track_index":0}
Command executed: mutate_midi_notes, result: {
  "status": "ok",
  "message": "MIDI notes mutated",
  "clip_id": "1010",
  "track_id": "1007",
  "mutated_count": 1,
  "missing_note_ids": []
}
VitHeadlessService: command reply (truncated): {
  "status": "ok",
  "message": "MIDI notes mutated",
  "clip_id": "1010",
  "track_id": "1007",
  "mutated_count": 1,
  "missing_note_ids": []
}
ZmqGateway: received command payload: {"clip_id":"1010","cmd":"add_midi_notes","command":"add_midi_notes","notes":[{"id":"note_6447","length":1.0,"pitch":65,"start":1.25,"state":"solid","velocity":100}],"time_unit":"beats","track_id":"1007","track_index":0}
ZmqGateway: dispatching payload to JUCE message thread.
VitHeadlessService: processing queued command on JUCE message thread: {"clip_id":"1010","cmd":"add_midi_notes","command":"add_midi_notes","notes":[{"id":"note_6447","length":1.0,"pitch":65,"start":1.25,"state":"solid","velocity":100}],"time_unit":"beats","track_id":"1007","track_index":0}
Command received: {"clip_id":"1010","cmd":"add_midi_notes","command":"add_midi_notes","notes":[{"id":"note_6447","length":1.0,"pitch":65,"start":1.25,"state":"solid","velocity":100}],"time_unit":"beats","track_id":"1007","track_index":0}
Command executed: add_midi_notes, result: {
  "status": "ok",
  "message": "MIDI notes added",
  "clip_id": "1010",
  "track_id": "1007",
  "added_count": 1
}
VitHeadlessService: command reply (truncated): {
  "status": "ok",
  "message": "MIDI notes added",
  "clip_id": "1010",
  "track_id": "1007",
  "added_count": 1
}
ZmqGateway: received command payload: {"clip_id":"1010","cmd":"add_midi_notes","command":"add_midi_notes","notes":[{"id":"note_6870","length":1.0,"pitch":70,"start":1.75,"state":"solid","velocity":100}],"time_unit":"beats","track_id":"1007","track_index":0}
ZmqGateway: dispatching payload to JUCE message thread.
VitHeadlessService: processing queued command on JUCE message thread: {"clip_id":"1010","cmd":"add_midi_notes","command":"add_midi_notes","notes":[{"id":"note_6870","length":1.0,"pitch":70,"start":1.75,"state":"solid","velocity":100}],"time_unit":"beats","track_id":"1007","track_index":0}
Command received: {"clip_id":"1010","cmd":"add_midi_notes","command":"add_midi_notes","notes":[{"id":"note_6870","length":1.0,"pitch":70,"start":1.75,"state":"solid","velocity":100}],"time_unit":"beats","track_id":"1007","track_index":0}
Command executed: add_midi_notes, result: {
  "status": "ok",
  "message": "MIDI notes added",
  "clip_id": "1010",
  "track_id": "1007",
  "added_count": 1
}
VitHeadlessService: command reply (truncated): {
  "status": "ok",
  "message": "MIDI notes added",
  "clip_id": "1010",
  "track_id": "1007",
  "added_count": 1
}
ZmqGateway: received command payload: {"clip_id":"1010","cmd":"move_clip","new_start":14.5233631134033,"new_start_seconds":7.26168155670166,"overlap_mode":"trim","source_track_id":"1007","target_track_id":"1007","time_unit":"beats"}
ZmqGateway: dispatching payload to JUCE message thread.
VitHeadlessService: processing queued command on JUCE message thread: {"clip_id":"1010","cmd":"move_clip","new_start":14.5233631134033,"new_start_seconds":7.26168155670166,"overlap_mode":"trim","source_track_id":"1007","target_track_id":"1007","time_unit":"beats"}
Command received: {"clip_id":"1010","cmd":"move_clip","new_start":14.5233631134033,"new_start_seconds":7.26168155670166,"overlap_mode":"trim","source_track_id":"1007","target_track_id":"1007","time_unit":"beats"}
Command executed: move_clip, result: {
  "status": "ok",
  "message": "Clip moved",
  "clip_id": "1010",
  "source_track_id": "1007",
  "target_track_id": "1007",
  "affected_track_id": "1007",
  "new_start_seconds": 7.26168155670165,
  "overlap_mode": "trim",
  "created_clip_ids": [],
  "removed_clip_ids": [],
  "affected_clip_ids": []
}
VitHeadlessService: command reply (truncated): {
  "status": "ok",
  "message": "Clip moved",
  "clip_id": "1010",
  "source_track_id": "1007",
  "target_track_id": "1007",
  "affected_track_id": "1007",
  "new_start_seconds": 7.26168155670165,
  "overlap_mod
ZmqGateway: received command payload: {"cmd":"get_project_state"}
ZmqGateway: dispatching payload to JUCE message thread.
VitHeadlessService: processing queued command on JUCE message thread: {"cmd":"get_project_state"}
Command received: {"cmd":"get_project_state"}
Command executed: get_project_state, result: {
  "status": "ok",
  "project_path": "",
  "tracks": [
    {
      "track_id": "1002",
      "track_name": "Arranger",
      "track_type": "track",
      "is_audio_track": false,
      "is_audio": false,
      "plugins": [],
      "clips": []
    },
    {
      "track_id": "1003",
      "track_name": "Chord",
      "track_type": "track",
      "is_audio_track": false,
      "is_audio": false,
      "plugins": [],
      "clips": []
    },
    {
      "track_id": "1004",
      "track_name": "Marker",
      "track_type": "track",
      "is_audio_track": false,
      "is_audio": false,
      "plugins": [],
      "clips": []
    },
    {
      "track_id": "1005",
      "track_name": "Tempo",
      "track_type": "track",
      "is_audio_track": false,
      "is_audio": false,
      "plugins": [],
      "clips": []
    },
    {
      "track_id": "1006",
      "track_name": "Master",
      "track_type": "master",
      "is_audio_track": false,
      "is_audio": false,
      "plugins": [],
      "clips": []
    },
    {
      "track_id": "1007",
      "track_name": "Track 1",
      "track_type": "hybrid",
      "is_audio_track": true,
      "is_audio": true,
      "plugins": [
        {
          "id": "1008",
          "item_id": "1008",
          "name": "Volume & Pan Plugin",
          "type": "volume",
          "enabled": true
        },
        {
          "id": "1009",
          "item_id": "1009",
          "name": "Level Meter",
          "type": "level",
          "enabled": true
        }
      ],
      "clips": [
        {
          "id": "1010",
          "name": "New MIDI Clip",
          "clip_type": "midi",
          "start_seconds": 7.26168155670165,
          "end_seconds": 9.261681556701649,
          "length_seconds": 1.999999999999999,
          "offset_in_source_seconds": 0.0
        }
      ],
      "output_to_device_resolved": true,
      "output_device_enabled": true,
      "output_device_id": "out_b7a4b4c1",
      "output_routing_name": "(default audio output)"
    }
  ]
}
VitHeadlessService: command reply (truncated): {
  "status": "ok",
  "project_path": "",
  "tracks": [
    {
      "track_id": "1002",
      "track_name": "Arranger",
      "track_type": "track",
      "is_audio_track": false,
      "is_audio": false,
     
ZmqGateway: received command payload: {"cmd":"list_tracks"}
ZmqGateway: dispatching payload to JUCE message thread.
VitHeadlessService: processing queued command on JUCE message thread: {"cmd":"list_tracks"}
Command received: {"cmd":"list_tracks"}
Command executed: list_tracks, result: {
  "status": "ok",
  "message": "Track list fetched",
  "tracks": [
    {
      "track_id": "1002",
      "name": "Arranger",
      "track_type": "track",
      "is_audio": false,
      "is_audio_track": false,
      "vit_type": "",
      "vit_intent": "",
      "plugin_count": 0,
      "plugins": []
    },
    {
      "track_id": "1003",
      "name": "Chord",
      "track_type": "track",
      "is_audio": false,
      "is_audio_track": false,
      "vit_type": "",
      "vit_intent": "",
      "plugin_count": 0,
      "plugins": []
    },
    {
      "track_id": "1004",
      "name": "Marker",
      "track_type": "track",
      "is_audio": false,
      "is_audio_track": false,
      "vit_type": "",
      "vit_intent": "",
      "plugin_count": 0,
      "plugins": []
    },
    {
      "track_id": "1005",
      "name": "Tempo",
      "track_type": "track",
      "is_audio": false,
      "is_audio_track": false,
      "vit_type": "",
      "vit_intent": "",
      "plugin_count": 0,
      "plugins": []
    },
    {
      "track_id": "1006",
      "name": "Master",
      "track_type": "master",
      "is_audio": false,
      "is_audio_track": false,
      "vit_type": "",
      "vit_intent": "",
      "plugin_count": 0,
      "plugins": []
    },
    {
      "track_id": "1007",
      "name": "Track 1",
      "track_type": "hybrid",
      "is_audio": true,
      "is_audio_track": true,
      "vit_type": "",
      "vit_intent": "",
      "plugin_count": 2,
      "plugins": [
        {
          "name": "Volume & Pan Plugin",
          "type": "volume",
          "enabled": true
        },
        {
          "name": "Level Meter",
          "type": "level",
          "enabled": true
        }
      ]
    }
  ]
}
VitHeadlessService: command reply (truncated): {
  "status": "ok",
  "message": "Track list fetched",
  "tracks": [
    {
      "track_id": "1002",
      "name": "Arranger",
      "track_type": "track",
      "is_audio": false,
      "is_audio_track": false,
ZmqGateway: received command payload: {"clip_id":"1010","cmd":"get_midi_clip_data","command":"get_midi_clip_data","time_unit":"beats"}
ZmqGateway: dispatching payload to JUCE message thread.
VitHeadlessService: processing queued command on JUCE message thread: {"clip_id":"1010","cmd":"get_midi_clip_data","command":"get_midi_clip_data","time_unit":"beats"}
Command received: {"clip_id":"1010","cmd":"get_midi_clip_data","command":"get_midi_clip_data","time_unit":"beats"}
Command executed: get_midi_clip_data, result: {
  "status": "ok",
  "clip_id": "1010",
  "time_unit": "beats",
  "notes": [
    {
      "id": "note_5876",
      "start": 0.5,
      "length": 1.0,
      "pitch": 71,
      "velocity": 100
    },
    {
      "id": "note_6447",
      "start": 1.25,
      "length": 1.0,
      "pitch": 65,
      "velocity": 100
    },
    {
      "id": "note_6870",
      "start": 1.75,
      "length": 1.0,
      "pitch": 70,
      "velocity": 100
    }
  ]
}
VitHeadlessService: command reply (truncated): {
  "status": "ok",
  "clip_id": "1010",
  "time_unit": "beats",
  "notes": [
    {
      "id": "note_5876",
      "start": 0.5,
      "length": 1.0,
      "pitch": 71,
      "velocity": 100
    },
    {
   
ZmqGateway: received command payload: {"clip_id":"1010","cmd":"move_clip","new_start":15.813081741333,"new_start_seconds":7.90654087066649,"overlap_mode":"trim","source_track_id":"1007","target_track_id":"1007","time_unit":"beats"}
ZmqGateway: dispatching payload to JUCE message thread.
VitHeadlessService: processing queued command on JUCE message thread: {"clip_id":"1010","cmd":"move_clip","new_start":15.813081741333,"new_start_seconds":7.90654087066649,"overlap_mode":"trim","source_track_id":"1007","target_track_id":"1007","time_unit":"beats"}
Command received: {"clip_id":"1010","cmd":"move_clip","new_start":15.813081741333,"new_start_seconds":7.90654087066649,"overlap_mode":"trim","source_track_id":"1007","target_track_id":"1007","time_unit":"beats"}
Command executed: move_clip, result: {
  "status": "ok",
  "message": "Clip moved",
  "clip_id": "1010",
  "source_track_id": "1007",
  "target_track_id": "1007",
  "affected_track_id": "1007",
  "new_start_seconds": 7.9065408706665,
  "overlap_mode": "trim",
  "created_clip_ids": [],
  "removed_clip_ids": [],
  "affected_clip_ids": []
}
VitHeadlessService: command reply (truncated): {
  "status": "ok",
  "message": "Clip moved",
  "clip_id": "1010",
  "source_track_id": "1007",
  "target_track_id": "1007",
  "affected_track_id": "1007",
  "new_start_seconds": 7.9065408706665,
  "overlap_mode
ZmqGateway: received command payload: {"cmd":"get_project_state"}
ZmqGateway: dispatching payload to JUCE message thread.
VitHeadlessService: processing queued command on JUCE message thread: {"cmd":"get_project_state"}
Command received: {"cmd":"get_project_state"}
Command executed: get_project_state, result: {
  "status": "ok",
  "project_path": "",
  "tracks": [
    {
      "track_id": "1002",
      "track_name": "Arranger",
      "track_type": "track",
      "is_audio_track": false,
      "is_audio": false,
      "plugins": [],
      "clips": []
    },
    {
      "track_id": "1003",
      "track_name": "Chord",
      "track_type": "track",
      "is_audio_track": false,
      "is_audio": false,
      "plugins": [],
      "clips": []
    },
    {
      "track_id": "1004",
      "track_name": "Marker",
      "track_type": "track",
      "is_audio_track": false,
      "is_audio": false,
      "plugins": [],
      "clips": []
    },
    {
      "track_id": "1005",
      "track_name": "Tempo",
      "track_type": "track",
      "is_audio_track": false,
      "is_audio": false,
      "plugins": [],
      "clips": []
    },
    {
      "track_id": "1006",
      "track_name": "Master",
      "track_type": "master",
      "is_audio_track": false,
      "is_audio": false,
      "plugins": [],
      "clips": []
    },
    {
      "track_id": "1007",
      "track_name": "Track 1",
      "track_type": "hybrid",
      "is_audio_track": true,
      "is_audio": true,
      "plugins": [
        {
          "id": "1008",
          "item_id": "1008",
          "name": "Volume & Pan Plugin",
          "type": "volume",
          "enabled": true
        },
        {
          "id": "1009",
          "item_id": "1009",
          "name": "Level Meter",
          "type": "level",
          "enabled": true
        }
      ],
      "clips": [
        {
          "id": "1010",
          "name": "New MIDI Clip",
          "clip_type": "midi",
          "start_seconds": 7.9065408706665,
          "end_seconds": 9.9065408706665,
          "length_seconds": 2.0,
          "offset_in_source_seconds": 0.0
        }
      ],
      "output_to_device_resolved": true,
      "output_device_enabled": true,
      "output_device_id": "out_b7a4b4c1",
      "output_routing_name": "(default audio output)"
    }
  ]
}
VitHeadlessService: command reply (truncated): {
  "status": "ok",
  "project_path": "",
  "tracks": [
    {
      "track_id": "1002",
      "track_name": "Arranger",
      "track_type": "track",
      "is_audio_track": false,
      "is_audio": false,
     
ZmqGateway: received command payload: {"cmd":"list_tracks"}
ZmqGateway: dispatching payload to JUCE message thread.
VitHeadlessService: processing queued command on JUCE message thread: {"cmd":"list_tracks"}
Command received: {"cmd":"list_tracks"}
Command executed: list_tracks, result: {
  "status": "ok",
  "message": "Track list fetched",
  "tracks": [
    {
      "track_id": "1002",
      "name": "Arranger",
      "track_type": "track",
      "is_audio": false,
      "is_audio_track": false,
      "vit_type": "",
      "vit_intent": "",
      "plugin_count": 0,
      "plugins": []
    },
    {
      "track_id": "1003",
      "name": "Chord",
      "track_type": "track",
      "is_audio": false,
      "is_audio_track": false,
      "vit_type": "",
      "vit_intent": "",
      "plugin_count": 0,
      "plugins": []
    },
    {
      "track_id": "1004",
      "name": "Marker",
      "track_type": "track",
      "is_audio": false,
      "is_audio_track": false,
      "vit_type": "",
      "vit_intent": "",
      "plugin_count": 0,
      "plugins": []
    },
    {
      "track_id": "1005",
      "name": "Tempo",
      "track_type": "track",
      "is_audio": false,
      "is_audio_track": false,
      "vit_type": "",
      "vit_intent": "",
      "plugin_count": 0,
      "plugins": []
    },
    {
      "track_id": "1006",
      "name": "Master",
      "track_type": "master",
      "is_audio": false,
      "is_audio_track": false,
      "vit_type": "",
      "vit_intent": "",
      "plugin_count": 0,
      "plugins": []
    },
    {
      "track_id": "1007",
      "name": "Track 1",
      "track_type": "hybrid",
      "is_audio": true,
      "is_audio_track": true,
      "vit_type": "",
      "vit_intent": "",
      "plugin_count": 2,
      "plugins": [
        {
          "name": "Volume & Pan Plugin",
          "type": "volume",
          "enabled": true
        },
        {
          "name": "Level Meter",
          "type": "level",
          "enabled": true
        }
      ]
    }
  ]
}
VitHeadlessService: command reply (truncated): {
  "status": "ok",
  "message": "Track list fetched",
  "tracks": [
    {
      "track_id": "1002",
      "name": "Arranger",
      "track_type": "track",
      "is_audio": false,
      "is_audio_track": false,
ZmqGateway: received command payload: {"clip_id":"1010","cmd":"move_clip","new_start":11.2149496078491,"new_start_seconds":5.60747480392456,"overlap_mode":"trim","source_track_id":"1007","target_track_id":"1007","time_unit":"beats"}
ZmqGateway: dispatching payload to JUCE message thread.
VitHeadlessService: processing queued command on JUCE message thread: {"clip_id":"1010","cmd":"move_clip","new_start":11.2149496078491,"new_start_seconds":5.60747480392456,"overlap_mode":"trim","source_track_id":"1007","target_track_id":"1007","time_unit":"beats"}
Command received: {"clip_id":"1010","cmd":"move_clip","new_start":11.2149496078491,"new_start_seconds":5.60747480392456,"overlap_mode":"trim","source_track_id":"1007","target_track_id":"1007","time_unit":"beats"}
Command executed: move_clip, result: {
  "status": "ok",
  "message": "Clip moved",
  "clip_id": "1010",
  "source_track_id": "1007",
  "target_track_id": "1007",
  "affected_track_id": "1007",
  "new_start_seconds": 5.60747480392455,
  "overlap_mode": "trim",
  "created_clip_ids": [],
  "removed_clip_ids": [],
  "affected_clip_ids": []
}
VitHeadlessService: command reply (truncated): {
  "status": "ok",
  "message": "Clip moved",
  "clip_id": "1010",
  "source_track_id": "1007",
  "target_track_id": "1007",
  "affected_track_id": "1007",
  "new_start_seconds": 5.60747480392455,
  "overlap_mod
ZmqGateway: received command payload: {"cmd":"get_project_state"}
ZmqGateway: dispatching payload to JUCE message thread.
VitHeadlessService: processing queued command on JUCE message thread: {"cmd":"get_project_state"}
Command received: {"cmd":"get_project_state"}
Command executed: get_project_state, result: {
  "status": "ok",
  "project_path": "",
  "tracks": [
    {
      "track_id": "1002",
      "track_name": "Arranger",
      "track_type": "track",
      "is_audio_track": false,
      "is_audio": false,
      "plugins": [],
      "clips": []
    },
    {
      "track_id": "1003",
      "track_name": "Chord",
      "track_type": "track",
      "is_audio_track": false,
      "is_audio": false,
      "plugins": [],
      "clips": []
    },
    {
      "track_id": "1004",
      "track_name": "Marker",
      "track_type": "track",
      "is_audio_track": false,
      "is_audio": false,
      "plugins": [],
      "clips": []
    },
    {
      "track_id": "1005",
      "track_name": "Tempo",
      "track_type": "track",
      "is_audio_track": false,
      "is_audio": false,
      "plugins": [],
      "clips": []
    },
    {
      "track_id": "1006",
      "track_name": "Master",
      "track_type": "master",
      "is_audio_track": false,
      "is_audio": false,
      "plugins": [],
      "clips": []
    },
    {
      "track_id": "1007",
      "track_name": "Track 1",
      "track_type": "hybrid",
      "is_audio_track": true,
      "is_audio": true,
      "plugins": [
        {
          "id": "1008",
          "item_id": "1008",
          "name": "Volume & Pan Plugin",
          "type": "volume",
          "enabled": true
        },
        {
          "id": "1009",
          "item_id": "1009",
          "name": "Level Meter",
          "type": "level",
          "enabled": true
        }
      ],
      "clips": [
        {
          "id": "1010",
          "name": "New MIDI Clip",
          "clip_type": "midi",
          "start_seconds": 5.60747480392455,
          "end_seconds": 7.60747480392455,
          "length_seconds": 2.0,
          "offset_in_source_seconds": 0.0
        }
      ],
      "output_to_device_resolved": true,
      "output_device_enabled": true,
      "output_device_id": "out_b7a4b4c1",
      "output_routing_name": "(default audio output)"
    }
  ]
}
VitHeadlessService: command reply (truncated): {
  "status": "ok",
  "project_path": "",
  "tracks": [
    {
      "track_id": "1002",
      "track_name": "Arranger",
      "track_type": "track",
      "is_audio_track": false,
      "is_audio": false,
     
ZmqGateway: received command payload: {"cmd":"list_tracks"}
ZmqGateway: dispatching payload to JUCE message thread.
VitHeadlessService: processing queued command on JUCE message thread: {"cmd":"list_tracks"}
Command received: {"cmd":"list_tracks"}
Command executed: list_tracks, result: {
  "status": "ok",
  "message": "Track list fetched",
  "tracks": [
    {
      "track_id": "1002",
      "name": "Arranger",
      "track_type": "track",
      "is_audio": false,
      "is_audio_track": false,
      "vit_type": "",
      "vit_intent": "",
      "plugin_count": 0,
      "plugins": []
    },
    {
      "track_id": "1003",
      "name": "Chord",
      "track_type": "track",
      "is_audio": false,
      "is_audio_track": false,
      "vit_type": "",
      "vit_intent": "",
      "plugin_count": 0,
      "plugins": []
    },
    {
      "track_id": "1004",
      "name": "Marker",
      "track_type": "track",
      "is_audio": false,
      "is_audio_track": false,
      "vit_type": "",
      "vit_intent": "",
      "plugin_count": 0,
      "plugins": []
    },
    {
      "track_id": "1005",
      "name": "Tempo",
      "track_type": "track",
      "is_audio": false,
      "is_audio_track": false,
      "vit_type": "",
      "vit_intent": "",
      "plugin_count": 0,
      "plugins": []
    },
    {
      "track_id": "1006",
      "name": "Master",
      "track_type": "master",
      "is_audio": false,
      "is_audio_track": false,
      "vit_type": "",
      "vit_intent": "",
      "plugin_count": 0,
      "plugins": []
    },
    {
      "track_id": "1007",
      "name": "Track 1",
      "track_type": "hybrid",
      "is_audio": true,
      "is_audio_track": true,
      "vit_type": "",
      "vit_intent": "",
      "plugin_count": 2,
      "plugins": [
        {
          "name": "Volume & Pan Plugin",
          "type": "volume",
          "enabled": true
        },
        {
          "name": "Level Meter",
          "type": "level",
          "enabled": true
        }
      ]
    }
  ]
}
VitHeadlessService: command reply (truncated): {
  "status": "ok",
  "message": "Track list fetched",
  "tracks": [
    {
      "track_id": "1002",
      "name": "Arranger",
      "track_type": "track",
      "is_audio": false,
      "is_audio_track": false,
ZmqGateway: received command payload: {"clip_id":"1010","cmd":"get_midi_clip_data","command":"get_midi_clip_data","time_unit":"beats"}
ZmqGateway: dispatching payload to JUCE message thread.
VitHeadlessService: processing queued command on JUCE message thread: {"clip_id":"1010","cmd":"get_midi_clip_data","command":"get_midi_clip_data","time_unit":"beats"}
Command received: {"clip_id":"1010","cmd":"get_midi_clip_data","command":"get_midi_clip_data","time_unit":"beats"}
Command executed: get_midi_clip_data, result: {
  "status": "ok",
  "clip_id": "1010",
  "time_unit": "beats",
  "notes": [
    {
      "id": "note_5876",
      "start": 0.5,
      "length": 1.0,
      "pitch": 71,
      "velocity": 100
    },
    {
      "id": "note_6447",
      "start": 1.25,
      "length": 1.0,
      "pitch": 65,
      "velocity": 100
    },
    {
      "id": "note_6870",
      "start": 1.75,
      "length": 1.0,
      "pitch": 70,
      "velocity": 100
    }
  ]
}
VitHeadlessService: command reply (truncated): {
  "status": "ok",
  "clip_id": "1010",
  "time_unit": "beats",
  "notes": [
    {
      "id": "note_5876",
      "start": 0.5,
      "length": 1.0,
      "pitch": 71,
      "velocity": 100
    },
    {
   
ZmqGateway: received command payload: {"clip_id":"1010","cmd":"move_clip","new_start":19.3457889556885,"new_start_seconds":9.67289447784423,"overlap_mode":"trim","source_track_id":"1007","target_track_id":"1007","time_unit":"beats"}
ZmqGateway: dispatching payload to JUCE message thread.
VitHeadlessService: processing queued command on JUCE message thread: {"clip_id":"1010","cmd":"move_clip","new_start":19.3457889556885,"new_start_seconds":9.67289447784423,"overlap_mode":"trim","source_track_id":"1007","target_track_id":"1007","time_unit":"beats"}
Command received: {"clip_id":"1010","cmd":"move_clip","new_start":19.3457889556885,"new_start_seconds":9.67289447784423,"overlap_mode":"trim","source_track_id":"1007","target_track_id":"1007","time_unit":"beats"}
Command executed: move_clip, result: {
  "status": "ok",
  "message": "Clip moved",
  "clip_id": "1010",
  "source_track_id": "1007",
  "target_track_id": "1007",
  "affected_track_id": "1007",
  "new_start_seconds": 9.672894477844251,
  "overlap_mode": "trim",
  "created_clip_ids": [],
  "removed_clip_ids": [],
  "affected_clip_ids": []
}
VitHeadlessService: command reply (truncated): {
  "status": "ok",
  "message": "Clip moved",
  "clip_id": "1010",
  "source_track_id": "1007",
  "target_track_id": "1007",
  "affected_track_id": "1007",
  "new_start_seconds": 9.672894477844251,
  "overlap_mo
ZmqGateway: received command payload: {"cmd":"get_project_state"}
ZmqGateway: dispatching payload to JUCE message thread.
VitHeadlessService: processing queued command on JUCE message thread: {"cmd":"get_project_state"}
Command received: {"cmd":"get_project_state"}
Command executed: get_project_state, result: {
  "status": "ok",
  "project_path": "",
  "tracks": [
    {
      "track_id": "1002",
      "track_name": "Arranger",
      "track_type": "track",
      "is_audio_track": false,
      "is_audio": false,
      "plugins": [],
      "clips": []
    },
    {
      "track_id": "1003",
      "track_name": "Chord",
      "track_type": "track",
      "is_audio_track": false,
      "is_audio": false,
      "plugins": [],
      "clips": []
    },
    {
      "track_id": "1004",
      "track_name": "Marker",
      "track_type": "track",
      "is_audio_track": false,
      "is_audio": false,
      "plugins": [],
      "clips": []
    },
    {
      "track_id": "1005",
      "track_name": "Tempo",
      "track_type": "track",
      "is_audio_track": false,
      "is_audio": false,
      "plugins": [],
      "clips": []
    },
    {
      "track_id": "1006",
      "track_name": "Master",
      "track_type": "master",
      "is_audio_track": false,
      "is_audio": false,
      "plugins": [],
      "clips": []
    },
    {
      "track_id": "1007",
      "track_name": "Track 1",
      "track_type": "hybrid",
      "is_audio_track": true,
      "is_audio": true,
      "plugins": [
        {
          "id": "1008",
          "item_id": "1008",
          "name": "Volume & Pan Plugin",
          "type": "volume",
          "enabled": true
        },
        {
          "id": "1009",
          "item_id": "1009",
          "name": "Level Meter",
          "type": "level",
          "enabled": true
        }
      ],
      "clips": [
        {
          "id": "1010",
          "name": "New MIDI Clip",
          "clip_type": "midi",
          "start_seconds": 9.672894477844251,
          "end_seconds": 11.672894477844251,
          "length_seconds": 2.0,
          "offset_in_source_seconds": 0.0
        }
      ],
      "output_to_device_resolved": true,
      "output_device_enabled": true,
      "output_device_id": "out_b7a4b4c1",
      "output_routing_name": "(default audio output)"
    }
  ]
}
VitHeadlessService: command reply (truncated): {
  "status": "ok",
  "project_path": "",
  "tracks": [
    {
      "track_id": "1002",
      "track_name": "Arranger",
      "track_type": "track",
      "is_audio_track": false,
      "is_audio": false,
     
ZmqGateway: received command payload: {"cmd":"list_tracks"}
ZmqGateway: dispatching payload to JUCE message thread.
VitHeadlessService: processing queued command on JUCE message thread: {"cmd":"list_tracks"}
Command received: {"cmd":"list_tracks"}
Command executed: list_tracks, result: {
  "status": "ok",
  "message": "Track list fetched",
  "tracks": [
    {
      "track_id": "1002",
      "name": "Arranger",
      "track_type": "track",
      "is_audio": false,
      "is_audio_track": false,
      "vit_type": "",
      "vit_intent": "",
      "plugin_count": 0,
      "plugins": []
    },
    {
      "track_id": "1003",
      "name": "Chord",
      "track_type": "track",
      "is_audio": false,
      "is_audio_track": false,
      "vit_type": "",
      "vit_intent": "",
      "plugin_count": 0,
      "plugins": []
    },
    {
      "track_id": "1004",
      "name": "Marker",
      "track_type": "track",
      "is_audio": false,
      "is_audio_track": false,
      "vit_type": "",
      "vit_intent": "",
      "plugin_count": 0,
      "plugins": []
    },
    {
      "track_id": "1005",
      "name": "Tempo",
      "track_type": "track",
      "is_audio": false,
      "is_audio_track": false,
      "vit_type": "",
      "vit_intent": "",
      "plugin_count": 0,
      "plugins": []
    },
    {
      "track_id": "1006",
      "name": "Master",
      "track_type": "master",
      "is_audio": false,
      "is_audio_track": false,
      "vit_type": "",
      "vit_intent": "",
      "plugin_count": 0,
      "plugins": []
    },
    {
      "track_id": "1007",
      "name": "Track 1",
      "track_type": "hybrid",
      "is_audio": true,
      "is_audio_track": true,
      "vit_type": "",
      "vit_intent": "",
      "plugin_count": 2,
      "plugins": [
        {
          "name": "Volume & Pan Plugin",
          "type": "volume",
          "enabled": true
        },
        {
          "name": "Level Meter",
          "type": "level",
          "enabled": true
        }
      ]
    }
  ]
}
VitHeadlessService: command reply (truncated): {
  "status": "ok",
  "message": "Track list fetched",
  "tracks": [
    {
      "track_id": "1002",
      "name": "Arranger",
      "track_type": "track",
      "is_audio": false,
      "is_audio_track": false,
ZmqGateway: received command payload: {"clip_id":"1010","cmd":"get_midi_clip_data","command":"get_midi_clip_data","time_unit":"beats"}
ZmqGateway: dispatching payload to JUCE message thread.
VitHeadlessService: processing queued command on JUCE message thread: {"clip_id":"1010","cmd":"get_midi_clip_data","command":"get_midi_clip_data","time_unit":"beats"}
Command received: {"clip_id":"1010","cmd":"get_midi_clip_data","command":"get_midi_clip_data","time_unit":"beats"}
Command executed: get_midi_clip_data, result: {
  "status": "ok",
  "clip_id": "1010",
  "time_unit": "beats",
  "notes": [
    {
      "id": "note_5876",
      "start": 0.5,
      "length": 1.0,
      "pitch": 71,
      "velocity": 100
    },
    {
      "id": "note_6447",
      "start": 1.25,
      "length": 1.0,
      "pitch": 65,
      "velocity": 100
    },
    {
      "id": "note_6870",
      "start": 1.75,
      "length": 1.0,
      "pitch": 70,
      "velocity": 100
    }
  ]
}
VitHeadlessService: command reply (truncated): {
  "status": "ok",
  "clip_id": "1010",
  "time_unit": "beats",
  "notes": [
    {
      "id": "note_5876",
      "start": 0.5,
      "length": 1.0,
      "pitch": 71,
      "velocity": 100
    },
    {
   
ZmqGateway: received command payload: {"clip_id":"1010","cmd":"move_clip","new_start":11.9439191818238,"new_start_seconds":5.97195959091188,"overlap_mode":"trim","source_track_id":"1007","target_track_id":"1007","time_unit":"beats"}
ZmqGateway: dispatching payload to JUCE message thread.
VitHeadlessService: processing queued command on JUCE message thread: {"clip_id":"1010","cmd":"move_clip","new_start":11.9439191818238,"new_start_seconds":5.97195959091188,"overlap_mode":"trim","source_track_id":"1007","target_track_id":"1007","time_unit":"beats"}
Command received: {"clip_id":"1010","cmd":"move_clip","new_start":11.9439191818238,"new_start_seconds":5.97195959091188,"overlap_mode":"trim","source_track_id":"1007","target_track_id":"1007","time_unit":"beats"}
Command executed: move_clip, result: {
  "status": "ok",
  "message": "Clip moved",
  "clip_id": "1010",
  "source_track_id": "1007",
  "target_track_id": "1007",
  "affected_track_id": "1007",
  "new_start_seconds": 5.9719595909119,
  "overlap_mode": "trim",
  "created_clip_ids": [],
  "removed_clip_ids": [],
  "affected_clip_ids": []
}
VitHeadlessService: command reply (truncated): {
  "status": "ok",
  "message": "Clip moved",
  "clip_id": "1010",
  "source_track_id": "1007",
  "target_track_id": "1007",
  "affected_track_id": "1007",
  "new_start_seconds": 5.9719595909119,
  "overlap_mode
ZmqGateway: received command payload: {"cmd":"get_project_state"}
ZmqGateway: dispatching payload to JUCE message thread.
VitHeadlessService: processing queued command on JUCE message thread: {"cmd":"get_project_state"}
Command received: {"cmd":"get_project_state"}
Command executed: get_project_state, result: {
  "status": "ok",
  "project_path": "",
  "tracks": [
    {
      "track_id": "1002",
      "track_name": "Arranger",
      "track_type": "track",
      "is_audio_track": false,
      "is_audio": false,
      "plugins": [],
      "clips": []
    },
    {
      "track_id": "1003",
      "track_name": "Chord",
      "track_type": "track",
      "is_audio_track": false,
      "is_audio": false,
      "plugins": [],
      "clips": []
    },
    {
      "track_id": "1004",
      "track_name": "Marker",
      "track_type": "track",
      "is_audio_track": false,
      "is_audio": false,
      "plugins": [],
      "clips": []
    },
    {
      "track_id": "1005",
      "track_name": "Tempo",
      "track_type": "track",
      "is_audio_track": false,
      "is_audio": false,
      "plugins": [],
      "clips": []
    },
    {
      "track_id": "1006",
      "track_name": "Master",
      "track_type": "master",
      "is_audio_track": false,
      "is_audio": false,
      "plugins": [],
      "clips": []
    },
    {
      "track_id": "1007",
      "track_name": "Track 1",
      "track_type": "hybrid",
      "is_audio_track": true,
      "is_audio": true,
      "plugins": [
        {
          "id": "1008",
          "item_id": "1008",
          "name": "Volume & Pan Plugin",
          "type": "volume",
          "enabled": true
        },
        {
          "id": "1009",
          "item_id": "1009",
          "name": "Level Meter",
          "type": "level",
          "enabled": true
        }
      ],
      "clips": [
        {
          "id": "1010",
          "name": "New MIDI Clip",
          "clip_type": "midi",
          "start_seconds": 5.9719595909119,
          "end_seconds": 7.9719595909119,
          "length_seconds": 2.0,
          "offset_in_source_seconds": 0.0
        }
      ],
      "output_to_device_resolved": true,
      "output_device_enabled": true,
      "output_device_id": "out_b7a4b4c1",
      "output_routing_name": "(default audio output)"
    }
  ]
}
VitHeadlessService: command reply (truncated): {
  "status": "ok",
  "project_path": "",
  "tracks": [
    {
      "track_id": "1002",
      "track_name": "Arranger",
      "track_type": "track",
      "is_audio_track": false,
      "is_audio": false,
     
ZmqGateway: received command payload: {"cmd":"list_tracks"}
ZmqGateway: dispatching payload to JUCE message thread.
VitHeadlessService: processing queued command on JUCE message thread: {"cmd":"list_tracks"}
Command received: {"cmd":"list_tracks"}
Command executed: list_tracks, result: {
  "status": "ok",
  "message": "Track list fetched",
  "tracks": [
    {
      "track_id": "1002",
      "name": "Arranger",
      "track_type": "track",
      "is_audio": false,
      "is_audio_track": false,
      "vit_type": "",
      "vit_intent": "",
      "plugin_count": 0,
      "plugins": []
    },
    {
      "track_id": "1003",
      "name": "Chord",
      "track_type": "track",
      "is_audio": false,
      "is_audio_track": false,
      "vit_type": "",
      "vit_intent": "",
      "plugin_count": 0,
      "plugins": []
    },
    {
      "track_id": "1004",
      "name": "Marker",
      "track_type": "track",
      "is_audio": false,
      "is_audio_track": false,
      "vit_type": "",
      "vit_intent": "",
      "plugin_count": 0,
      "plugins": []
    },
    {
      "track_id": "1005",
      "name": "Tempo",
      "track_type": "track",
      "is_audio": false,
      "is_audio_track": false,
      "vit_type": "",
      "vit_intent": "",
      "plugin_count": 0,
      "plugins": []
    },
    {
      "track_id": "1006",
      "name": "Master",
      "track_type": "master",
      "is_audio": false,
      "is_audio_track": false,
      "vit_type": "",
      "vit_intent": "",
      "plugin_count": 0,
      "plugins": []
    },
    {
      "track_id": "1007",
      "name": "Track 1",
      "track_type": "hybrid",
      "is_audio": true,
      "is_audio_track": true,
      "vit_type": "",
      "vit_intent": "",
      "plugin_count": 2,
      "plugins": [
        {
          "name": "Volume & Pan Plugin",
          "type": "volume",
          "enabled": true
        },
        {
          "name": "Level Meter",
          "type": "level",
          "enabled": true
        }
      ]
    }
  ]
}
VitHeadlessService: command reply (truncated): {
  "status": "ok",
  "message": "Track list fetched",
  "tracks": [
    {
      "track_id": "1002",
      "name": "Arranger",
      "track_type": "track",
      "is_audio": false,
      "is_audio_track": false,
ZmqGateway: received command payload: {"clip_id":"1010","cmd":"get_midi_clip_data","command":"get_midi_clip_data","time_unit":"beats"}
ZmqGateway: dispatching payload to JUCE message thread.
VitHeadlessService: processing queued command on JUCE message thread: {"clip_id":"1010","cmd":"get_midi_clip_data","command":"get_midi_clip_data","time_unit":"beats"}
Command received: {"clip_id":"1010","cmd":"get_midi_clip_data","command":"get_midi_clip_data","time_unit":"beats"}
Command executed: get_midi_clip_data, result: {
  "status": "ok",
  "clip_id": "1010",
  "time_unit": "beats",
  "notes": [
    {
      "id": "note_5876",
      "start": 0.5,
      "length": 1.0,
      "pitch": 71,
      "velocity": 100
    },
    {
      "id": "note_6447",
      "start": 1.25,
      "length": 1.0,
      "pitch": 65,
      "velocity": 100
    },
    {
      "id": "note_6870",
      "start": 1.75,
      "length": 1.0,
      "pitch": 70,
      "velocity": 100
    }
  ]
}
VitHeadlessService: command reply (truncated): {
  "status": "ok",
  "clip_id": "1010",
  "time_unit": "beats",
  "notes": [
    {
      "id": "note_5876",
      "start": 0.5,
      "length": 1.0,
      "pitch": 71,
      "velocity": 100
    },
    {
   
ZmqGateway: received command payload: {"cmd":"get_recent_projects"}
ZmqGateway: dispatching payload to JUCE message thread.
VitHeadlessService: processing queued command on JUCE message thread: {"cmd":"get_recent_projects"}
Command received: {"cmd":"get_recent_projects"}
Command executed: get_recent_projects, result: {
  "status": "ok",
  "recent_projects": [
    "D:\\Godot\\project\\vit-daw-frontend\\4.4.3.vit",
    "D:\\Godot\\project\\vit-daw-frontend\\4.4.2.vit",
    "D:\\Godot\\project\\vit-daw-frontend\\4.4.1.vit",
    "D:\\Godot\\project\\vit-daw-frontend\\4.4.vit",
    "D:\\4.1.tracktionedit"
  ]
}
VitHeadlessService: command reply (truncated): {
  "status": "ok",
  "recent_projects": [
    "D:\\Godot\\project\\vit-daw-frontend\\4.4.3.vit",
    "D:\\Godot\\project\\vit-daw-frontend\\4.4.2.vit",
    "D:\\Godot\\project\\vit-daw-frontend\\4.4.1.vit",
    "D
ZmqGateway: received command payload: {"cmd":"new_project"}
ZmqGateway: dispatching payload to JUCE message thread.
VitHeadlessService: processing queued command on JUCE message thread: {"cmd":"new_project"}
Command received: {"cmd":"new_project"}
VitEngineDevice: audio IO ready for playback graph: "扬声器 (2- USB AUDIO  CODEC)" 48000.00 Hz, block 480 samples
Command executed: new_project, result: {
  "status": "ok",
  "message": "Blank project created"
}
VitHeadlessService: command reply (truncated): {
  "status": "ok",
  "message": "Blank project created"
}
ZmqGateway: received command payload: {"cmd":"ping"}
ZmqGateway: dispatching payload to JUCE message thread.
VitHeadlessService: processing queued command on JUCE message thread: {"cmd":"ping"}
Command received: {"cmd":"ping"}
CommandDispatcher: handled ping command.
Command executed: ping, result: {
  "status": "ok",
  "message": "pong"
}
VitHeadlessService: command reply (truncated): {
  "status": "ok",
  "message": "pong"
}
ZmqGateway: received command payload: {"cmd":"get_project_state"}
ZmqGateway: dispatching payload to JUCE message thread.
VitHeadlessService: processing queued command on JUCE message thread: {"cmd":"get_project_state"}
Command received: {"cmd":"get_project_state"}
Command executed: get_project_state, result: {
  "status": "ok",
  "project_path": "",
  "tracks": [
    {
      "track_id": "1002",
      "track_name": "Arranger",
      "track_type": "track",
      "is_audio_track": false,
      "is_audio": false,
      "plugins": [],
      "clips": []
    },
    {
      "track_id": "1003",
      "track_name": "Chord",
      "track_type": "track",
      "is_audio_track": false,
      "is_audio": false,
      "plugins": [],
      "clips": []
    },
    {
      "track_id": "1004",
      "track_name": "Marker",
      "track_type": "track",
      "is_audio_track": false,
      "is_audio": false,
      "plugins": [],
      "clips": []
    },
    {
      "track_id": "1005",
      "track_name": "Tempo",
      "track_type": "track",
      "is_audio_track": false,
      "is_audio": false,
      "plugins": [],
      "clips": []
    },
    {
      "track_id": "1006",
      "track_name": "Master",
      "track_type": "master",
      "is_audio_track": false,
      "is_audio": false,
      "plugins": [],
      "clips": []
    }
  ]
}
VitHeadlessService: command reply (truncated): {
  "status": "ok",
  "project_path": "",
  "tracks": [
    {
      "track_id": "1002",
      "track_name": "Arranger",
      "track_type": "track",
      "is_audio_track": false,
      "is_audio": false,
     
ZmqGateway: received command payload: {"cmd":"list_tracks"}
ZmqGateway: dispatching payload to JUCE message thread.
VitHeadlessService: processing queued command on JUCE message thread: {"cmd":"list_tracks"}
Command received: {"cmd":"list_tracks"}
Command executed: list_tracks, result: {
  "status": "ok",
  "message": "Track list fetched",
  "tracks": [
    {
      "track_id": "1002",
      "name": "Arranger",
      "track_type": "track",
      "is_audio": false,
      "is_audio_track": false,
      "vit_type": "",
      "vit_intent": "",
      "plugin_count": 0,
      "plugins": []
    },
    {
      "track_id": "1003",
      "name": "Chord",
      "track_type": "track",
      "is_audio": false,
      "is_audio_track": false,
      "vit_type": "",
      "vit_intent": "",
      "plugin_count": 0,
      "plugins": []
    },
    {
      "track_id": "1004",
      "name": "Marker",
      "track_type": "track",
      "is_audio": false,
      "is_audio_track": false,
      "vit_type": "",
      "vit_intent": "",
      "plugin_count": 0,
      "plugins": []
    },
    {
      "track_id": "1005",
      "name": "Tempo",
      "track_type": "track",
      "is_audio": false,
      "is_audio_track": false,
      "vit_type": "",
      "vit_intent": "",
      "plugin_count": 0,
      "plugins": []
    },
    {
      "track_id": "1006",
      "name": "Master",
      "track_type": "master",
      "is_audio": false,
      "is_audio_track": false,
      "vit_type": "",
      "vit_intent": "",
      "plugin_count": 0,
      "plugins": []
    }
  ]
}
VitHeadlessService: command reply (truncated): {
  "status": "ok",
  "message": "Track list fetched",
  "tracks": [
    {
      "track_id": "1002",
      "name": "Arranger",
      "track_type": "track",
      "is_audio": false,
      "is_audio_track": false,
ZmqGateway: received command payload: {"cmd":"list_tracks"}
ZmqGateway: dispatching payload to JUCE message thread.
VitHeadlessService: processing queued command on JUCE message thread: {"cmd":"list_tracks"}
Command received: {"cmd":"list_tracks"}
Command executed: list_tracks, result: {
  "status": "ok",
  "message": "Track list fetched",
  "tracks": [
    {
      "track_id": "1002",
      "name": "Arranger",
      "track_type": "track",
      "is_audio": false,
      "is_audio_track": false,
      "vit_type": "",
      "vit_intent": "",
      "plugin_count": 0,
      "plugins": []
    },
    {
      "track_id": "1003",
      "name": "Chord",
      "track_type": "track",
      "is_audio": false,
      "is_audio_track": false,
      "vit_type": "",
      "vit_intent": "",
      "plugin_count": 0,
      "plugins": []
    },
    {
      "track_id": "1004",
      "name": "Marker",
      "track_type": "track",
      "is_audio": false,
      "is_audio_track": false,
      "vit_type": "",
      "vit_intent": "",
      "plugin_count": 0,
      "plugins": []
    },
    {
      "track_id": "1005",
      "name": "Tempo",
      "track_type": "track",
      "is_audio": false,
      "is_audio_track": false,
      "vit_type": "",
      "vit_intent": "",
      "plugin_count": 0,
      "plugins": []
    },
    {
      "track_id": "1006",
      "name": "Master",
      "track_type": "master",
      "is_audio": false,
      "is_audio_track": false,
      "vit_type": "",
      "vit_intent": "",
      "plugin_count": 0,
      "plugins": []
    }
  ]
}
VitHeadlessService: command reply (truncated): {
  "status": "ok",
  "message": "Track list fetched",
  "tracks": [
    {
      "track_id": "1002",
      "name": "Arranger",
      "track_type": "track",
      "is_audio": false,
      "is_audio_track": false,
ZmqGateway: received command payload: {"cmd":"add_track","type":"hybrid"}
ZmqGateway: dispatching payload to JUCE message thread.
VitHeadlessService: processing queued command on JUCE message thread: {"cmd":"add_track","type":"hybrid"}
Command received: {"cmd":"add_track","type":"hybrid"}
VitHeadlessService: project saved to D:\Vit_DAW\VitApp\Workspace\default_project.xml
Command executed: add_track, result: {
  "status": "ok",
  "message": "Track added",
  "track_id": "1007",
  "track_name": "Track 1"
}
VitHeadlessService: command reply (truncated): {
  "status": "ok",
  "message": "Track added",
  "track_id": "1007",
  "track_name": "Track 1"
}
ZmqGateway: received command payload: {"cmd":"list_tracks"}
ZmqGateway: dispatching payload to JUCE message thread.
VitHeadlessService: processing queued command on JUCE message thread: {"cmd":"list_tracks"}
Command received: {"cmd":"list_tracks"}
Command executed: list_tracks, result: {
  "status": "ok",
  "message": "Track list fetched",
  "tracks": [
    {
      "track_id": "1002",
      "name": "Arranger",
      "track_type": "track",
      "is_audio": false,
      "is_audio_track": false,
      "vit_type": "",
      "vit_intent": "",
      "plugin_count": 0,
      "plugins": []
    },
    {
      "track_id": "1003",
      "name": "Chord",
      "track_type": "track",
      "is_audio": false,
      "is_audio_track": false,
      "vit_type": "",
      "vit_intent": "",
      "plugin_count": 0,
      "plugins": []
    },
    {
      "track_id": "1004",
      "name": "Marker",
      "track_type": "track",
      "is_audio": false,
      "is_audio_track": false,
      "vit_type": "",
      "vit_intent": "",
      "plugin_count": 0,
      "plugins": []
    },
    {
      "track_id": "1005",
      "name": "Tempo",
      "track_type": "track",
      "is_audio": false,
      "is_audio_track": false,
      "vit_type": "",
      "vit_intent": "",
      "plugin_count": 0,
      "plugins": []
    },
    {
      "track_id": "1006",
      "name": "Master",
      "track_type": "master",
      "is_audio": false,
      "is_audio_track": false,
      "vit_type": "",
      "vit_intent": "",
      "plugin_count": 0,
      "plugins": []
    },
    {
      "track_id": "1007",
      "name": "Track 1",
      "track_type": "hybrid",
      "is_audio": true,
      "is_audio_track": true,
      "vit_type": "",
      "vit_intent": "",
      "plugin_count": 2,
      "plugins": [
        {
          "name": "Volume & Pan Plugin",
          "type": "volume",
          "enabled": true
        },
        {
          "name": "Level Meter",
          "type": "level",
          "enabled": true
        }
      ]
    }
  ]
}
VitHeadlessService: command reply (truncated): {
  "status": "ok",
  "message": "Track list fetched",
  "tracks": [
    {
      "track_id": "1002",
      "name": "Arranger",
      "track_type": "track",
      "is_audio": false,
      "is_audio_track": false,
ZmqGateway: received command payload: {"cmd":"get_project_state"}
ZmqGateway: dispatching payload to JUCE message thread.
VitHeadlessService: processing queued command on JUCE message thread: {"cmd":"get_project_state"}
Command received: {"cmd":"get_project_state"}
Command executed: get_project_state, result: {
  "status": "ok",
  "project_path": "",
  "tracks": [
    {
      "track_id": "1002",
      "track_name": "Arranger",
      "track_type": "track",
      "is_audio_track": false,
      "is_audio": false,
      "plugins": [],
      "clips": []
    },
    {
      "track_id": "1003",
      "track_name": "Chord",
      "track_type": "track",
      "is_audio_track": false,
      "is_audio": false,
      "plugins": [],
      "clips": []
    },
    {
      "track_id": "1004",
      "track_name": "Marker",
      "track_type": "track",
      "is_audio_track": false,
      "is_audio": false,
      "plugins": [],
      "clips": []
    },
    {
      "track_id": "1005",
      "track_name": "Tempo",
      "track_type": "track",
      "is_audio_track": false,
      "is_audio": false,
      "plugins": [],
      "clips": []
    },
    {
      "track_id": "1006",
      "track_name": "Master",
      "track_type": "master",
      "is_audio_track": false,
      "is_audio": false,
      "plugins": [],
      "clips": []
    },
    {
      "track_id": "1007",
      "track_name": "Track 1",
      "track_type": "hybrid",
      "is_audio_track": true,
      "is_audio": true,
      "plugins": [
        {
          "id": "1008",
          "item_id": "1008",
          "name": "Volume & Pan Plugin",
          "type": "volume",
          "enabled": true
        },
        {
          "id": "1009",
          "item_id": "1009",
          "name": "Level Meter",
          "type": "level",
          "enabled": true
        }
      ],
      "clips": [],
      "output_to_device_resolved": true,
      "output_device_enabled": true,
      "output_device_id": "out_b7a4b4c1",
      "output_routing_name": "(default audio output)"
    }
  ]
}
VitHeadlessService: command reply (truncated): {
  "status": "ok",
  "project_path": "",
  "tracks": [
    {
      "track_id": "1002",
      "track_name": "Arranger",
      "track_type": "track",
      "is_audio_track": false,
      "is_audio": false,
     
ZmqGateway: received command payload: {"cmd":"list_tracks"}
ZmqGateway: dispatching payload to JUCE message thread.
VitHeadlessService: processing queued command on JUCE message thread: {"cmd":"list_tracks"}
Command received: {"cmd":"list_tracks"}
Command executed: list_tracks, result: {
  "status": "ok",
  "message": "Track list fetched",
  "tracks": [
    {
      "track_id": "1002",
      "name": "Arranger",
      "track_type": "track",
      "is_audio": false,
      "is_audio_track": false,
      "vit_type": "",
      "vit_intent": "",
      "plugin_count": 0,
      "plugins": []
    },
    {
      "track_id": "1003",
      "name": "Chord",
      "track_type": "track",
      "is_audio": false,
      "is_audio_track": false,
      "vit_type": "",
      "vit_intent": "",
      "plugin_count": 0,
      "plugins": []
    },
    {
      "track_id": "1004",
      "name": "Marker",
      "track_type": "track",
      "is_audio": false,
      "is_audio_track": false,
      "vit_type": "",
      "vit_intent": "",
      "plugin_count": 0,
      "plugins": []
    },
    {
      "track_id": "1005",
      "name": "Tempo",
      "track_type": "track",
      "is_audio": false,
      "is_audio_track": false,
      "vit_type": "",
      "vit_intent": "",
      "plugin_count": 0,
      "plugins": []
    },
    {
      "track_id": "1006",
      "name": "Master",
      "track_type": "master",
      "is_audio": false,
      "is_audio_track": false,
      "vit_type": "",
      "vit_intent": "",
      "plugin_count": 0,
      "plugins": []
    },
    {
      "track_id": "1007",
      "name": "Track 1",
      "track_type": "hybrid",
      "is_audio": true,
      "is_audio_track": true,
      "vit_type": "",
      "vit_intent": "",
      "plugin_count": 2,
      "plugins": [
        {
          "name": "Volume & Pan Plugin",
          "type": "volume",
          "enabled": true
        },
        {
          "name": "Level Meter",
          "type": "level",
          "enabled": true
        }
      ]
    }
  ]
}
VitHeadlessService: command reply (truncated): {
  "status": "ok",
  "message": "Track list fetched",
  "tracks": [
    {
      "track_id": "1002",
      "name": "Arranger",
      "track_type": "track",
      "is_audio": false,
      "is_audio_track": false,
ZmqGateway: received command payload: {"cmd":"insert_midi_clip","command":"insert_midi_clip","length":4.0,"start":0.0,"time_unit":"beats","track_id":"1007"}
ZmqGateway: dispatching payload to JUCE message thread.
VitHeadlessService: processing queued command on JUCE message thread: {"cmd":"insert_midi_clip","command":"insert_midi_clip","length":4.0,"start":0.0,"time_unit":"beats","track_id":"1007"}
Command received: {"cmd":"insert_midi_clip","command":"insert_midi_clip","length":4.0,"start":0.0,"time_unit":"beats","track_id":"1007"}
Command executed: insert_midi_clip, result: {
  "status": "ok",
  "message": "MIDI clip inserted",
  "clip_id": "1010",
  "track_id": "1007",
  "start_seconds": 0.0,
  "length_seconds": 2.0
}
VitHeadlessService: command reply (truncated): {
  "status": "ok",
  "message": "MIDI clip inserted",
  "clip_id": "1010",
  "track_id": "1007",
  "start_seconds": 0.0,
  "length_seconds": 2.0
}
ZmqGateway: received command payload: {"cmd":"get_project_state"}
ZmqGateway: dispatching payload to JUCE message thread.
VitHeadlessService: processing queued command on JUCE message thread: {"cmd":"get_project_state"}
Command received: {"cmd":"get_project_state"}
Command executed: get_project_state, result: {
  "status": "ok",
  "project_path": "",
  "tracks": [
    {
      "track_id": "1002",
      "track_name": "Arranger",
      "track_type": "track",
      "is_audio_track": false,
      "is_audio": false,
      "plugins": [],
      "clips": []
    },
    {
      "track_id": "1003",
      "track_name": "Chord",
      "track_type": "track",
      "is_audio_track": false,
      "is_audio": false,
      "plugins": [],
      "clips": []
    },
    {
      "track_id": "1004",
      "track_name": "Marker",
      "track_type": "track",
      "is_audio_track": false,
      "is_audio": false,
      "plugins": [],
      "clips": []
    },
    {
      "track_id": "1005",
      "track_name": "Tempo",
      "track_type": "track",
      "is_audio_track": false,
      "is_audio": false,
      "plugins": [],
      "clips": []
    },
    {
      "track_id": "1006",
      "track_name": "Master",
      "track_type": "master",
      "is_audio_track": false,
      "is_audio": false,
      "plugins": [],
      "clips": []
    },
    {
      "track_id": "1007",
      "track_name": "Track 1",
      "track_type": "hybrid",
      "is_audio_track": true,
      "is_audio": true,
      "plugins": [
        {
          "id": "1008",
          "item_id": "1008",
          "name": "Volume & Pan Plugin",
          "type": "volume",
          "enabled": true
        },
        {
          "id": "1009",
          "item_id": "1009",
          "name": "Level Meter",
          "type": "level",
          "enabled": true
        }
      ],
      "clips": [
        {
          "id": "1010",
          "name": "New MIDI Clip",
          "clip_type": "midi",
          "start_seconds": 0.0,
          "end_seconds": 2.0,
          "length_seconds": 2.0,
          "offset_in_source_seconds": 0.0
        }
      ],
      "output_to_device_resolved": true,
      "output_device_enabled": true,
      "output_device_id": "out_b7a4b4c1",
      "output_routing_name": "(default audio output)"
    }
  ]
}
VitHeadlessService: command reply (truncated): {
  "status": "ok",
  "project_path": "",
  "tracks": [
    {
      "track_id": "1002",
      "track_name": "Arranger",
      "track_type": "track",
      "is_audio_track": false,
      "is_audio": false,
     
ZmqGateway: received command payload: {"cmd":"list_tracks"}
ZmqGateway: dispatching payload to JUCE message thread.
VitHeadlessService: processing queued command on JUCE message thread: {"cmd":"list_tracks"}
Command received: {"cmd":"list_tracks"}
Command executed: list_tracks, result: {
  "status": "ok",
  "message": "Track list fetched",
  "tracks": [
    {
      "track_id": "1002",
      "name": "Arranger",
      "track_type": "track",
      "is_audio": false,
      "is_audio_track": false,
      "vit_type": "",
      "vit_intent": "",
      "plugin_count": 0,
      "plugins": []
    },
    {
      "track_id": "1003",
      "name": "Chord",
      "track_type": "track",
      "is_audio": false,
      "is_audio_track": false,
      "vit_type": "",
      "vit_intent": "",
      "plugin_count": 0,
      "plugins": []
    },
    {
      "track_id": "1004",
      "name": "Marker",
      "track_type": "track",
      "is_audio": false,
      "is_audio_track": false,
      "vit_type": "",
      "vit_intent": "",
      "plugin_count": 0,
      "plugins": []
    },
    {
      "track_id": "1005",
      "name": "Tempo",
      "track_type": "track",
      "is_audio": false,
      "is_audio_track": false,
      "vit_type": "",
      "vit_intent": "",
      "plugin_count": 0,
      "plugins": []
    },
    {
      "track_id": "1006",
      "name": "Master",
      "track_type": "master",
      "is_audio": false,
      "is_audio_track": false,
      "vit_type": "",
      "vit_intent": "",
      "plugin_count": 0,
      "plugins": []
    },
    {
      "track_id": "1007",
      "name": "Track 1",
      "track_type": "hybrid",
      "is_audio": true,
      "is_audio_track": true,
      "vit_type": "",
      "vit_intent": "",
      "plugin_count": 2,
      "plugins": [
        {
          "name": "Volume & Pan Plugin",
          "type": "volume",
          "enabled": true
        },
        {
          "name": "Level Meter",
          "type": "level",
          "enabled": true
        }
      ]
    }
  ]
}
VitHeadlessService: command reply (truncated): {
  "status": "ok",
  "message": "Track list fetched",
  "tracks": [
    {
      "track_id": "1002",
      "name": "Arranger",
      "track_type": "track",
      "is_audio": false,
      "is_audio_track": false,
ZmqGateway: received command payload: {"clip_id":"1010","cmd":"get_midi_clip_data","command":"get_midi_clip_data","time_unit":"beats"}
ZmqGateway: dispatching payload to JUCE message thread.
VitHeadlessService: processing queued command on JUCE message thread: {"clip_id":"1010","cmd":"get_midi_clip_data","command":"get_midi_clip_data","time_unit":"beats"}
Command received: {"clip_id":"1010","cmd":"get_midi_clip_data","command":"get_midi_clip_data","time_unit":"beats"}
Command executed: get_midi_clip_data, result: {
  "status": "ok",
  "clip_id": "1010",
  "time_unit": "beats",
  "notes": []
}
VitHeadlessService: command reply (truncated): {
  "status": "ok",
  "clip_id": "1010",
  "time_unit": "beats",
  "notes": []
}
ZmqGateway: received command payload: {"clip_id":"1010","cmd":"get_midi_clip_notes","command":"get_midi_clip_notes","time_unit":"beats","track_id":"1007"}
ZmqGateway: dispatching payload to JUCE message thread.
VitHeadlessService: processing queued command on JUCE message thread: {"clip_id":"1010","cmd":"get_midi_clip_notes","command":"get_midi_clip_notes","time_unit":"beats","track_id":"1007"}
Command received: {"clip_id":"1010","cmd":"get_midi_clip_notes","command":"get_midi_clip_notes","time_unit":"beats","track_id":"1007"}
Command executed: get_midi_clip_notes, result: {
  "status": "ok",
  "message": "MIDI clip notes",
  "clip_id": "1010",
  "track_id": "1007",
  "time_unit": "beats",
  "notes": []
}
VitHeadlessService: command reply (truncated): {
  "status": "ok",
  "message": "MIDI clip notes",
  "clip_id": "1010",
  "track_id": "1007",
  "time_unit": "beats",
  "notes": []
}
ZmqGateway: received command payload: {"clip_id":"1010","cmd":"resize_clip","command":"resize_clip","new_length":16.5,"new_start":0.0,"offset_in_source":0.0,"time_unit":"beats","track_id":"1007","track_index":0}
ZmqGateway: dispatching payload to JUCE message thread.
VitHeadlessService: processing queued command on JUCE message thread: {"clip_id":"1010","cmd":"resize_clip","command":"resize_clip","new_length":16.5,"new_start":0.0,"offset_in_source":0.0,"time_unit":"beats","track_id":"1007","track_index":0}
Command received: {"clip_id":"1010","cmd":"resize_clip","command":"resize_clip","new_length":16.5,"new_start":0.0,"offset_in_source":0.0,"time_unit":"beats","track_id":"1007","track_index":0}
Command executed: resize_clip, result: {
  "status": "ok",
  "message": "Clip resized",
  "clip_id": "1010",
  "track_id": "1007",
  "affected_track_id": "1007",
  "new_start_seconds": 0.0,
  "new_length_seconds": 8.25,
  "offset_in_source_seconds": 0.0,
  "overlap_mode": "trim",
  "created_clip_ids": [],
  "removed_clip_ids": [],
  "affected_clip_ids": []
}
VitHeadlessService: command reply (truncated): {
  "status": "ok",
  "message": "Clip resized",
  "clip_id": "1010",
  "track_id": "1007",
  "affected_track_id": "1007",
  "new_start_seconds": 0.0,
  "new_length_seconds": 8.25,
  "offset_in_source_seconds": 0
ZmqGateway: received command payload: {"clip_id":"1010","cmd":"add_midi_notes","command":"add_midi_notes","notes":[{"id":"note_7092","length":1.0,"pitch":63,"start":1.25,"state":"solid","velocity":100}],"time_unit":"beats","track_id":"1007","track_index":0}
ZmqGateway: dispatching payload to JUCE message thread.
VitHeadlessService: processing queued command on JUCE message thread: {"clip_id":"1010","cmd":"add_midi_notes","command":"add_midi_notes","notes":[{"id":"note_7092","length":1.0,"pitch":63,"start":1.25,"state":"solid","velocity":100}],"time_unit":"beats","track_id":"1007","track_index":0}
Command received: {"clip_id":"1010","cmd":"add_midi_notes","command":"add_midi_notes","notes":[{"id":"note_7092","length":1.0,"pitch":63,"start":1.25,"state":"solid","velocity":100}],"time_unit":"beats","track_id":"1007","track_index":0}
Command executed: add_midi_notes, result: {
  "status": "ok",
  "message": "MIDI notes added",
  "clip_id": "1010",
  "track_id": "1007",
  "added_count": 1
}
VitHeadlessService: command reply (truncated): {
  "status": "ok",
  "message": "MIDI notes added",
  "clip_id": "1010",
  "track_id": "1007",
  "added_count": 1
}
ZmqGateway: received command payload: {"clip_id":"1010","cmd":"add_midi_notes","command":"add_midi_notes","notes":[{"id":"note_7539","length":1.0,"pitch":60,"start":3.5,"state":"solid","velocity":100}],"time_unit":"beats","track_id":"1007","track_index":0}
ZmqGateway: dispatching payload to JUCE message thread.
VitHeadlessService: processing queued command on JUCE message thread: {"clip_id":"1010","cmd":"add_midi_notes","command":"add_midi_notes","notes":[{"id":"note_7539","length":1.0,"pitch":60,"start":3.5,"state":"solid","velocity":100}],"time_unit":"beats","track_id":"1007","track_index":0}
Command received: {"clip_id":"1010","cmd":"add_midi_notes","command":"add_midi_notes","notes":[{"id":"note_7539","length":1.0,"pitch":60,"start":3.5,"state":"solid","velocity":100}],"time_unit":"beats","track_id":"1007","track_index":0}
Command executed: add_midi_notes, result: {
  "status": "ok",
  "message": "MIDI notes added",
  "clip_id": "1010",
  "track_id": "1007",
  "added_count": 1
}
VitHeadlessService: command reply (truncated): {
  "status": "ok",
  "message": "MIDI notes added",
  "clip_id": "1010",
  "track_id": "1007",
  "added_count": 1
}
ZmqGateway: received command payload: {"clip_id":"1010","cmd":"add_midi_notes","command":"add_midi_notes","notes":[{"id":"note_8015","length":1.0,"pitch":64,"start":4.25,"state":"solid","velocity":100}],"time_unit":"beats","track_id":"1007","track_index":0}
ZmqGateway: dispatching payload to JUCE message thread.
VitHeadlessService: processing queued command on JUCE message thread: {"clip_id":"1010","cmd":"add_midi_notes","command":"add_midi_notes","notes":[{"id":"note_8015","length":1.0,"pitch":64,"start":4.25,"state":"solid","velocity":100}],"time_unit":"beats","track_id":"1007","track_index":0}
Command received: {"clip_id":"1010","cmd":"add_midi_notes","command":"add_midi_notes","notes":[{"id":"note_8015","length":1.0,"pitch":64,"start":4.25,"state":"solid","velocity":100}],"time_unit":"beats","track_id":"1007","track_index":0}
Command executed: add_midi_notes, result: {
  "status": "ok",
  "message": "MIDI notes added",
  "clip_id": "1010",
  "track_id": "1007",
  "added_count": 1
}
VitHeadlessService: command reply (truncated): {
  "status": "ok",
  "message": "MIDI notes added",
  "clip_id": "1010",
  "track_id": "1007",
  "added_count": 1
}
ZmqGateway: received command payload: {"clip_id":"1010","cmd":"add_midi_notes","command":"add_midi_notes","notes":[{"id":"note_8439","length":1.0,"pitch":56,"start":6.25,"state":"solid","velocity":100}],"time_unit":"beats","track_id":"1007","track_index":0}
ZmqGateway: dispatching payload to JUCE message thread.
VitHeadlessService: processing queued command on JUCE message thread: {"clip_id":"1010","cmd":"add_midi_notes","command":"add_midi_notes","notes":[{"id":"note_8439","length":1.0,"pitch":56,"start":6.25,"state":"solid","velocity":100}],"time_unit":"beats","track_id":"1007","track_index":0}
Command received: {"clip_id":"1010","cmd":"add_midi_notes","command":"add_midi_notes","notes":[{"id":"note_8439","length":1.0,"pitch":56,"start":6.25,"state":"solid","velocity":100}],"time_unit":"beats","track_id":"1007","track_index":0}
Command executed: add_midi_notes, result: {
  "status": "ok",
  "message": "MIDI notes added",
  "clip_id": "1010",
  "track_id": "1007",
  "added_count": 1
}
VitHeadlessService: command reply (truncated): {
  "status": "ok",
  "message": "MIDI notes added",
  "clip_id": "1010",
  "track_id": "1007",
  "added_count": 1
}
ZmqGateway: received command payload: {"clip_id":"1010","cmd":"add_midi_notes","command":"add_midi_notes","notes":[{"id":"note_8845","length":1.0,"pitch":63,"start":6.75,"state":"solid","velocity":100}],"time_unit":"beats","track_id":"1007","track_index":0}
ZmqGateway: dispatching payload to JUCE message thread.
VitHeadlessService: processing queued command on JUCE message thread: {"clip_id":"1010","cmd":"add_midi_notes","command":"add_midi_notes","notes":[{"id":"note_8845","length":1.0,"pitch":63,"start":6.75,"state":"solid","velocity":100}],"time_unit":"beats","track_id":"1007","track_index":0}
Command received: {"clip_id":"1010","cmd":"add_midi_notes","command":"add_midi_notes","notes":[{"id":"note_8845","length":1.0,"pitch":63,"start":6.75,"state":"solid","velocity":100}],"time_unit":"beats","track_id":"1007","track_index":0}
Command executed: add_midi_notes, result: {
  "status": "ok",
  "message": "MIDI notes added",
  "clip_id": "1010",
  "track_id": "1007",
  "added_count": 1
}
VitHeadlessService: command reply (truncated): {
  "status": "ok",
  "message": "MIDI notes added",
  "clip_id": "1010",
  "track_id": "1007",
  "added_count": 1
}
ZmqGateway: received command payload: {"clip_id":"1010","cmd":"add_midi_notes","command":"add_midi_notes","notes":[{"id":"note_9256","length":1.0,"pitch":60,"start":10.25,"state":"solid","velocity":100}],"time_unit":"beats","track_id":"1007","track_index":0}
ZmqGateway: dispatching payload to JUCE message thread.
VitHeadlessService: processing queued command on JUCE message thread: {"clip_id":"1010","cmd":"add_midi_notes","command":"add_midi_notes","notes":[{"id":"note_9256","length":1.0,"pitch":60,"start":10.25,"state":"solid","velocity":100}],"time_unit":"beats","track_id":"1007","track_index":0}
Command received: {"clip_id":"1010","cmd":"add_midi_notes","command":"add_midi_notes","notes":[{"id":"note_9256","length":1.0,"pitch":60,"start":10.25,"state":"solid","velocity":100}],"time_unit":"beats","track_id":"1007","track_index":0}
Command executed: add_midi_notes, result: {
  "status": "ok",
  "message": "MIDI notes added",
  "clip_id": "1010",
  "track_id": "1007",
  "added_count": 1
}
VitHeadlessService: command reply (truncated): {
  "status": "ok",
  "message": "MIDI notes added",
  "clip_id": "1010",
  "track_id": "1007",
  "added_count": 1
}
ZmqGateway: received command payload: {"clip_id":"1010","cmd":"add_midi_notes","command":"add_midi_notes","notes":[{"id":"note_10192","length":1.0,"pitch":58,"start":13.75,"state":"solid","velocity":100}],"time_unit":"beats","track_id":"1007","track_index":0}
ZmqGateway: dispatching payload to JUCE message thread.
VitHeadlessService: processing queued command on JUCE message thread: {"clip_id":"1010","cmd":"add_midi_notes","command":"add_midi_notes","notes":[{"id":"note_10192","length":1.0,"pitch":58,"start":13.75,"state":"solid","velocity":100}],"time_unit":"beats","track_id":"1007","track_index":0}
Command received: {"clip_id":"1010","cmd":"add_midi_notes","command":"add_midi_notes","notes":[{"id":"note_10192","length":1.0,"pitch":58,"start":13.75,"state":"solid","velocity":100}],"time_unit":"beats","track_id":"1007","track_index":0}
Command executed: add_midi_notes, result: {
  "status": "ok",
  "message": "MIDI notes added",
  "clip_id": "1010",
  "track_id": "1007",
  "added_count": 1
}
VitHeadlessService: command reply (truncated): {
  "status": "ok",
  "message": "MIDI notes added",
  "clip_id": "1010",
  "track_id": "1007",
  "added_count": 1
}
ZmqGateway: received command payload: {"clip_id":"1010","cmd":"add_midi_notes","command":"add_midi_notes","notes":[{"id":"note_10721","length":1.0,"pitch":52,"start":12.25,"state":"solid","velocity":100}],"time_unit":"beats","track_id":"1007","track_index":0}
ZmqGateway: dispatching payload to JUCE message thread.
VitHeadlessService: processing queued command on JUCE message thread: {"clip_id":"1010","cmd":"add_midi_notes","command":"add_midi_notes","notes":[{"id":"note_10721","length":1.0,"pitch":52,"start":12.25,"state":"solid","velocity":100}],"time_unit":"beats","track_id":"1007","track_index":0}
Command received: {"clip_id":"1010","cmd":"add_midi_notes","command":"add_midi_notes","notes":[{"id":"note_10721","length":1.0,"pitch":52,"start":12.25,"state":"solid","velocity":100}],"time_unit":"beats","track_id":"1007","track_index":0}
Command executed: add_midi_notes, result: {
  "status": "ok",
  "message": "MIDI notes added",
  "clip_id": "1010",
  "track_id": "1007",
  "added_count": 1
}
VitHeadlessService: command reply (truncated): {
  "status": "ok",
  "message": "MIDI notes added",
  "clip_id": "1010",
  "track_id": "1007",
  "added_count": 1
}
ZmqGateway: received command payload: {"clip_id":"1010","cmd":"add_midi_notes","command":"add_midi_notes","notes":[{"id":"note_11233","length":1.0,"pitch":63,"start":13.75,"state":"solid","velocity":100}],"time_unit":"beats","track_id":"1007","track_index":0}
ZmqGateway: dispatching payload to JUCE message thread.
VitHeadlessService: processing queued command on JUCE message thread: {"clip_id":"1010","cmd":"add_midi_notes","command":"add_midi_notes","notes":[{"id":"note_11233","length":1.0,"pitch":63,"start":13.75,"state":"solid","velocity":100}],"time_unit":"beats","track_id":"1007","track_index":0}
Command received: {"clip_id":"1010","cmd":"add_midi_notes","command":"add_midi_notes","notes":[{"id":"note_11233","length":1.0,"pitch":63,"start":13.75,"state":"solid","velocity":100}],"time_unit":"beats","track_id":"1007","track_index":0}
Command executed: add_midi_notes, result: {
  "status": "ok",
  "message": "MIDI notes added",
  "clip_id": "1010",
  "track_id": "1007",
  "added_count": 1
}
VitHeadlessService: command reply (truncated): {
  "status": "ok",
  "message": "MIDI notes added",
  "clip_id": "1010",
  "track_id": "1007",
  "added_count": 1
}
ZmqGateway: received command payload: {"clip_id":"1010","cmd":"get_midi_clip_data","command":"get_midi_clip_data","time_unit":"beats"}
ZmqGateway: dispatching payload to JUCE message thread.
VitHeadlessService: processing queued command on JUCE message thread: {"clip_id":"1010","cmd":"get_midi_clip_data","command":"get_midi_clip_data","time_unit":"beats"}
Command received: {"clip_id":"1010","cmd":"get_midi_clip_data","command":"get_midi_clip_data","time_unit":"beats"}
Command executed: get_midi_clip_data, result: {
  "status": "ok",
  "clip_id": "1010",
  "time_unit": "beats",
  "notes": [
    {
      "id": "note_7092",
      "start": 1.25,
      "length": 1.0,
      "pitch": 63,
      "velocity": 100
    },
    {
      "id": "note_7539",
      "start": 3.5,
      "length": 1.0,
      "pitch": 60,
      "velocity": 100
    },
    {
      "id": "note_8015",
      "start": 4.25,
      "length": 1.0,
      "pitch": 64,
      "velocity": 100
    },
    {
      "id": "note_8439",
      "start": 6.25,
      "length": 1.0,
      "pitch": 56,
      "velocity": 100
    },
    {
      "id": "note_8845",
      "start": 6.75,
      "length": 1.0,
      "pitch": 63,
      "velocity": 100
    },
    {
      "id": "note_9256",
      "start": 10.25,
      "length": 1.0,
      "pitch": 60,
      "velocity": 100
    },
    {
      "id": "note_10721",
      "start": 12.25,
      "length": 1.0,
      "pitch": 52,
      "velocity": 100
    },
    {
      "id": "note_10192",
      "start": 13.75,
      "length": 1.0,
      "pitch": 58,
      "velocity": 100
    },
    {
      "id": "note_11233",
      "start": 13.75,
      "length": 1.0,
      "pitch": 63,
      "velocity": 100
    }
  ]
}
VitHeadlessService: command reply (truncated): {
  "status": "ok",
  "clip_id": "1010",
  "time_unit": "beats",
  "notes": [
    {
      "id": "note_7092",
      "start": 1.25,
      "length": 1.0,
      "pitch": 63,
      "velocity": 100
    },
    {
  
ZmqGateway: received command payload: {"clip_id":"1010","cmd":"resize_clip","command":"resize_clip","new_length":18.75,"new_start":0.0,"offset_in_source":0.0,"time_unit":"beats","track_id":"1007","track_index":0}
ZmqGateway: dispatching payload to JUCE message thread.
VitHeadlessService: processing queued command on JUCE message thread: {"clip_id":"1010","cmd":"resize_clip","command":"resize_clip","new_length":18.75,"new_start":0.0,"offset_in_source":0.0,"time_unit":"beats","track_id":"1007","track_index":0}
Command received: {"clip_id":"1010","cmd":"resize_clip","command":"resize_clip","new_length":18.75,"new_start":0.0,"offset_in_source":0.0,"time_unit":"beats","track_id":"1007","track_index":0}
Command executed: resize_clip, result: {
  "status": "ok",
  "message": "Clip resized",
  "clip_id": "1010",
  "track_id": "1007",
  "affected_track_id": "1007",
  "new_start_seconds": 0.0,
  "new_length_seconds": 9.375,
  "offset_in_source_seconds": 0.0,
  "overlap_mode": "trim",
  "created_clip_ids": [],
  "removed_clip_ids": [],
  "affected_clip_ids": []
}
VitHeadlessService: command reply (truncated): {
  "status": "ok",
  "message": "Clip resized",
  "clip_id": "1010",
  "track_id": "1007",
  "affected_track_id": "1007",
  "new_start_seconds": 0.0,
  "new_length_seconds": 9.375,
  "offset_in_source_seconds": 
ZmqGateway: received command payload: {"clip_id":"1010","cmd":"get_midi_clip_data","command":"get_midi_clip_data","time_unit":"beats"}
ZmqGateway: dispatching payload to JUCE message thread.
VitHeadlessService: processing queued command on JUCE message thread: {"clip_id":"1010","cmd":"get_midi_clip_data","command":"get_midi_clip_data","time_unit":"beats"}
Command received: {"clip_id":"1010","cmd":"get_midi_clip_data","command":"get_midi_clip_data","time_unit":"beats"}
Command executed: get_midi_clip_data, result: {
  "status": "ok",
  "clip_id": "1010",
  "time_unit": "beats",
  "notes": [
    {
      "id": "note_7092",
      "start": 1.25,
      "length": 1.0,
      "pitch": 63,
      "velocity": 100
    },
    {
      "id": "note_7539",
      "start": 3.5,
      "length": 1.0,
      "pitch": 60,
      "velocity": 100
    },
    {
      "id": "note_8015",
      "start": 4.25,
      "length": 1.0,
      "pitch": 64,
      "velocity": 100
    },
    {
      "id": "note_8439",
      "start": 6.25,
      "length": 1.0,
      "pitch": 56,
      "velocity": 100
    },
    {
      "id": "note_8845",
      "start": 6.75,
      "length": 1.0,
      "pitch": 63,
      "velocity": 100
    },
    {
      "id": "note_9256",
      "start": 10.25,
      "length": 1.0,
      "pitch": 60,
      "velocity": 100
    },
    {
      "id": "note_10721",
      "start": 12.25,
      "length": 1.0,
      "pitch": 52,
      "velocity": 100
    },
    {
      "id": "note_10192",
      "start": 13.75,
      "length": 1.0,
      "pitch": 58,
      "velocity": 100
    },
    {
      "id": "note_11233",
      "start": 13.75,
      "length": 1.0,
      "pitch": 63,
      "velocity": 100
    }
  ]
}
VitHeadlessService: command reply (truncated): {
  "status": "ok",
  "clip_id": "1010",
  "time_unit": "beats",
  "notes": [
    {
      "id": "note_7092",
      "start": 1.25,
      "length": 1.0,
      "pitch": 63,
      "velocity": 100
    },
    {
  
ZmqGateway: received command payload: {"clip_id":"1010","cmd":"get_midi_clip_data","command":"get_midi_clip_data","time_unit":"beats"}
ZmqGateway: dispatching payload to JUCE message thread.
VitHeadlessService: processing queued command on JUCE message thread: {"clip_id":"1010","cmd":"get_midi_clip_data","command":"get_midi_clip_data","time_unit":"beats"}
Command received: {"clip_id":"1010","cmd":"get_midi_clip_data","command":"get_midi_clip_data","time_unit":"beats"}
Command executed: get_midi_clip_data, result: {
  "status": "ok",
  "clip_id": "1010",
  "time_unit": "beats",
  "notes": [
    {
      "id": "note_7092",
      "start": 1.25,
      "length": 1.0,
      "pitch": 63,
      "velocity": 100
    },
    {
      "id": "note_7539",
      "start": 3.5,
      "length": 1.0,
      "pitch": 60,
      "velocity": 100
    },
    {
      "id": "note_8015",
      "start": 4.25,
      "length": 1.0,
      "pitch": 64,
      "velocity": 100
    },
    {
      "id": "note_8439",
      "start": 6.25,
      "length": 1.0,
      "pitch": 56,
      "velocity": 100
    },
    {
      "id": "note_8845",
      "start": 6.75,
      "length": 1.0,
      "pitch": 63,
      "velocity": 100
    },
    {
      "id": "note_9256",
      "start": 10.25,
      "length": 1.0,
      "pitch": 60,
      "velocity": 100
    },
    {
      "id": "note_10721",
      "start": 12.25,
      "length": 1.0,
      "pitch": 52,
      "velocity": 100
    },
    {
      "id": "note_10192",
      "start": 13.75,
      "length": 1.0,
      "pitch": 58,
      "velocity": 100
    },
    {
      "id": "note_11233",
      "start": 13.75,
      "length": 1.0,
      "pitch": 63,
      "velocity": 100
    }
  ]
}
VitHeadlessService: command reply (truncated): {
  "status": "ok",
  "clip_id": "1010",
  "time_unit": "beats",
  "notes": [
    {
      "id": "note_7092",
      "start": 1.25,
      "length": 1.0,
      "pitch": 63,
      "velocity": 100
    },
    {
  
ZmqGateway: received command payload: {"clip_id":"1010","cmd":"resize_clip","new_length":5.97196006774902,"new_length_seconds":2.98598003387451,"new_start":0.0,"new_start_seconds":0.0,"offset_in_source":0.0,"offset_in_source_seconds":0.0,"overlap_mode":"trim","time_unit":"beats","track_id":"1007"}
ZmqGateway: dispatching payload to JUCE message thread.
VitHeadlessService: processing queued command on JUCE message thread: {"clip_id":"1010","cmd":"resize_clip","new_length":5.97196006774902,"new_length_seconds":2.98598003387451,"new_start":0.0,"new_start_seconds":0.0,"offset_in_source":0.0,"offset_in_source_seconds":0.0,"overlap_mode":"trim","time_unit":"beats","track_id":"1007"}
Command received: {"clip_id":"1010","cmd":"resize_clip","new_length":5.97196006774902,"new_length_seconds":2.98598003387451,"new_start":0.0,"new_start_seconds":0.0,"offset_in_source":0.0,"offset_in_source_seconds":0.0,"overlap_mode":"trim","time_unit":"beats","track_id":"1007"}
Command executed: resize_clip, result: {
  "status": "ok",
  "message": "Clip resized",
  "clip_id": "1010",
  "track_id": "1007",
  "affected_track_id": "1007",
  "new_start_seconds": 0.0,
  "new_length_seconds": 2.98598003387451,
  "offset_in_source_seconds": 0.0,
  "overlap_mode": "trim",
  "created_clip_ids": [],
  "removed_clip_ids": [],
  "affected_clip_ids": []
}
VitHeadlessService: command reply (truncated): {
  "status": "ok",
  "message": "Clip resized",
  "clip_id": "1010",
  "track_id": "1007",
  "affected_track_id": "1007",
  "new_start_seconds": 0.0,
  "new_length_seconds": 2.98598003387451,
  "offset_in_source
ZmqGateway: received command payload: {"cmd":"get_project_state"}
ZmqGateway: dispatching payload to JUCE message thread.
VitHeadlessService: processing queued command on JUCE message thread: {"cmd":"get_project_state"}
Command received: {"cmd":"get_project_state"}
Command executed: get_project_state, result: {
  "status": "ok",
  "project_path": "",
  "tracks": [
    {
      "track_id": "1002",
      "track_name": "Arranger",
      "track_type": "track",
      "is_audio_track": false,
      "is_audio": false,
      "plugins": [],
      "clips": []
    },
    {
      "track_id": "1003",
      "track_name": "Chord",
      "track_type": "track",
      "is_audio_track": false,
      "is_audio": false,
      "plugins": [],
      "clips": []
    },
    {
      "track_id": "1004",
      "track_name": "Marker",
      "track_type": "track",
      "is_audio_track": false,
      "is_audio": false,
      "plugins": [],
      "clips": []
    },
    {
      "track_id": "1005",
      "track_name": "Tempo",
      "track_type": "track",
      "is_audio_track": false,
      "is_audio": false,
      "plugins": [],
      "clips": []
    },
    {
      "track_id": "1006",
      "track_name": "Master",
      "track_type": "master",
      "is_audio_track": false,
      "is_audio": false,
      "plugins": [],
      "clips": []
    },
    {
      "track_id": "1007",
      "track_name": "Track 1",
      "track_type": "hybrid",
      "is_audio_track": true,
      "is_audio": true,
      "plugins": [
        {
          "id": "1008",
          "item_id": "1008",
          "name": "Volume & Pan Plugin",
          "type": "volume",
          "enabled": true
        },
        {
          "id": "1009",
          "item_id": "1009",
          "name": "Level Meter",
          "type": "level",
          "enabled": true
        }
      ],
      "clips": [
        {
          "id": "1010",
          "name": "New MIDI Clip",
          "clip_type": "midi",
          "start_seconds": 0.0,
          "end_seconds": 2.98598003387451,
          "length_seconds": 2.98598003387451,
          "offset_in_source_seconds": 0.0
        }
      ],
      "output_to_device_resolved": true,
      "output_device_enabled": true,
      "output_device_id": "out_b7a4b4c1",
      "output_routing_name": "(default audio output)"
    }
  ]
}
VitHeadlessService: command reply (truncated): {
  "status": "ok",
  "project_path": "",
  "tracks": [
    {
      "track_id": "1002",
      "track_name": "Arranger",
      "track_type": "track",
      "is_audio_track": false,
      "is_audio": false,
     
ZmqGateway: received command payload: {"cmd":"list_tracks"}
ZmqGateway: dispatching payload to JUCE message thread.
VitHeadlessService: processing queued command on JUCE message thread: {"cmd":"list_tracks"}
Command received: {"cmd":"list_tracks"}
Command executed: list_tracks, result: {
  "status": "ok",
  "message": "Track list fetched",
  "tracks": [
    {
      "track_id": "1002",
      "name": "Arranger",
      "track_type": "track",
      "is_audio": false,
      "is_audio_track": false,
      "vit_type": "",
      "vit_intent": "",
      "plugin_count": 0,
      "plugins": []
    },
    {
      "track_id": "1003",
      "name": "Chord",
      "track_type": "track",
      "is_audio": false,
      "is_audio_track": false,
      "vit_type": "",
      "vit_intent": "",
      "plugin_count": 0,
      "plugins": []
    },
    {
      "track_id": "1004",
      "name": "Marker",
      "track_type": "track",
      "is_audio": false,
      "is_audio_track": false,
      "vit_type": "",
      "vit_intent": "",
      "plugin_count": 0,
      "plugins": []
    },
    {
      "track_id": "1005",
      "name": "Tempo",
      "track_type": "track",
      "is_audio": false,
      "is_audio_track": false,
      "vit_type": "",
      "vit_intent": "",
      "plugin_count": 0,
      "plugins": []
    },
    {
      "track_id": "1006",
      "name": "Master",
      "track_type": "master",
      "is_audio": false,
      "is_audio_track": false,
      "vit_type": "",
      "vit_intent": "",
      "plugin_count": 0,
      "plugins": []
    },
    {
      "track_id": "1007",
      "name": "Track 1",
      "track_type": "hybrid",
      "is_audio": true,
      "is_audio_track": true,
      "vit_type": "",
      "vit_intent": "",
      "plugin_count": 2,
      "plugins": [
        {
          "name": "Volume & Pan Plugin",
          "type": "volume",
          "enabled": true
        },
        {
          "name": "Level Meter",
          "type": "level",
          "enabled": true
        }
      ]
    }
  ]
}
VitHeadlessService: command reply (truncated): {
  "status": "ok",
  "message": "Track list fetched",
  "tracks": [
    {
      "track_id": "1002",
      "name": "Arranger",
      "track_type": "track",
      "is_audio": false,
      "is_audio_track": false,
ZmqGateway: received command payload: {"clip_id":"1010","cmd":"resize_clip","new_length":24.4485950469971,"new_length_seconds":12.2242975234985,"new_start":0.0,"new_start_seconds":0.0,"offset_in_source":0.0,"offset_in_source_seconds":0.0,"overlap_mode":"trim","time_unit":"beats","track_id":"1007"}
ZmqGateway: dispatching payload to JUCE message thread.
VitHeadlessService: processing queued command on JUCE message thread: {"clip_id":"1010","cmd":"resize_clip","new_length":24.4485950469971,"new_length_seconds":12.2242975234985,"new_start":0.0,"new_start_seconds":0.0,"offset_in_source":0.0,"offset_in_source_seconds":0.0,"overlap_mode":"trim","time_unit":"beats","track_id":"1007"}
Command received: {"clip_id":"1010","cmd":"resize_clip","new_length":24.4485950469971,"new_length_seconds":12.2242975234985,"new_start":0.0,"new_start_seconds":0.0,"offset_in_source":0.0,"offset_in_source_seconds":0.0,"overlap_mode":"trim","time_unit":"beats","track_id":"1007"}
Command executed: resize_clip, result: {
  "status": "ok",
  "message": "Clip resized",
  "clip_id": "1010",
  "track_id": "1007",
  "affected_track_id": "1007",
  "new_start_seconds": 0.0,
  "new_length_seconds": 12.224297523498549,
  "offset_in_source_seconds": 0.0,
  "overlap_mode": "trim",
  "created_clip_ids": [],
  "removed_clip_ids": [],
  "affected_clip_ids": []
}
VitHeadlessService: command reply (truncated): {
  "status": "ok",
  "message": "Clip resized",
  "clip_id": "1010",
  "track_id": "1007",
  "affected_track_id": "1007",
  "new_start_seconds": 0.0,
  "new_length_seconds": 12.224297523498549,
  "offset_in_sour
ZmqGateway: received command payload: {"cmd":"get_project_state"}
ZmqGateway: dispatching payload to JUCE message thread.
VitHeadlessService: processing queued command on JUCE message thread: {"cmd":"get_project_state"}
Command received: {"cmd":"get_project_state"}
Command executed: get_project_state, result: {
  "status": "ok",
  "project_path": "",
  "tracks": [
    {
      "track_id": "1002",
      "track_name": "Arranger",
      "track_type": "track",
      "is_audio_track": false,
      "is_audio": false,
      "plugins": [],
      "clips": []
    },
    {
      "track_id": "1003",
      "track_name": "Chord",
      "track_type": "track",
      "is_audio_track": false,
      "is_audio": false,
      "plugins": [],
      "clips": []
    },
    {
      "track_id": "1004",
      "track_name": "Marker",
      "track_type": "track",
      "is_audio_track": false,
      "is_audio": false,
      "plugins": [],
      "clips": []
    },
    {
      "track_id": "1005",
      "track_name": "Tempo",
      "track_type": "track",
      "is_audio_track": false,
      "is_audio": false,
      "plugins": [],
      "clips": []
    },
    {
      "track_id": "1006",
      "track_name": "Master",
      "track_type": "master",
      "is_audio_track": false,
      "is_audio": false,
      "plugins": [],
      "clips": []
    },
    {
      "track_id": "1007",
      "track_name": "Track 1",
      "track_type": "hybrid",
      "is_audio_track": true,
      "is_audio": true,
      "plugins": [
        {
          "id": "1008",
          "item_id": "1008",
          "name": "Volume & Pan Plugin",
          "type": "volume",
          "enabled": true
        },
        {
          "id": "1009",
          "item_id": "1009",
          "name": "Level Meter",
          "type": "level",
          "enabled": true
        }
      ],
      "clips": [
        {
          "id": "1010",
          "name": "New MIDI Clip",
          "clip_type": "midi",
          "start_seconds": 0.0,
          "end_seconds": 12.224297523498549,
          "length_seconds": 12.224297523498549,
          "offset_in_source_seconds": 0.0
        }
      ],
      "output_to_device_resolved": true,
      "output_device_enabled": true,
      "output_device_id": "out_b7a4b4c1",
      "output_routing_name": "(default audio output)"
    }
  ]
}
VitHeadlessService: command reply (truncated): {
  "status": "ok",
  "project_path": "",
  "tracks": [
    {
      "track_id": "1002",
      "track_name": "Arranger",
      "track_type": "track",
      "is_audio_track": false,
      "is_audio": false,
     
ZmqGateway: received command payload: {"cmd":"list_tracks"}
ZmqGateway: dispatching payload to JUCE message thread.
VitHeadlessService: processing queued command on JUCE message thread: {"cmd":"list_tracks"}
Command received: {"cmd":"list_tracks"}
Command executed: list_tracks, result: {
  "status": "ok",
  "message": "Track list fetched",
  "tracks": [
    {
      "track_id": "1002",
      "name": "Arranger",
      "track_type": "track",
      "is_audio": false,
      "is_audio_track": false,
      "vit_type": "",
      "vit_intent": "",
      "plugin_count": 0,
      "plugins": []
    },
    {
      "track_id": "1003",
      "name": "Chord",
      "track_type": "track",
      "is_audio": false,
      "is_audio_track": false,
      "vit_type": "",
      "vit_intent": "",
      "plugin_count": 0,
      "plugins": []
    },
    {
      "track_id": "1004",
      "name": "Marker",
      "track_type": "track",
      "is_audio": false,
      "is_audio_track": false,
      "vit_type": "",
      "vit_intent": "",
      "plugin_count": 0,
      "plugins": []
    },
    {
      "track_id": "1005",
      "name": "Tempo",
      "track_type": "track",
      "is_audio": false,
      "is_audio_track": false,
      "vit_type": "",
      "vit_intent": "",
      "plugin_count": 0,
      "plugins": []
    },
    {
      "track_id": "1006",
      "name": "Master",
      "track_type": "master",
      "is_audio": false,
      "is_audio_track": false,
      "vit_type": "",
      "vit_intent": "",
      "plugin_count": 0,
      "plugins": []
    },
    {
      "track_id": "1007",
      "name": "Track 1",
      "track_type": "hybrid",
      "is_audio": true,
      "is_audio_track": true,
      "vit_type": "",
      "vit_intent": "",
      "plugin_count": 2,
      "plugins": [
        {
          "name": "Volume & Pan Plugin",
          "type": "volume",
          "enabled": true
        },
        {
          "name": "Level Meter",
          "type": "level",
          "enabled": true
        }
      ]
    }
  ]
}
VitHeadlessService: command reply (truncated): {
  "status": "ok",
  "message": "Track list fetched",
  "tracks": [
    {
      "track_id": "1002",
      "name": "Arranger",
      "track_type": "track",
      "is_audio": false,
      "is_audio_track": false,
ZmqGateway: received command payload: {"clip_id":"1010","cmd":"get_midi_clip_data","command":"get_midi_clip_data","time_unit":"beats"}
ZmqGateway: dispatching payload to JUCE message thread.
VitHeadlessService: processing queued command on JUCE message thread: {"clip_id":"1010","cmd":"get_midi_clip_data","command":"get_midi_clip_data","time_unit":"beats"}
Command received: {"clip_id":"1010","cmd":"get_midi_clip_data","command":"get_midi_clip_data","time_unit":"beats"}
Command executed: get_midi_clip_data, result: {
  "status": "ok",
  "clip_id": "1010",
  "time_unit": "beats",
  "notes": [
    {
      "id": "note_7092",
      "start": 1.25,
      "length": 1.0,
      "pitch": 63,
      "velocity": 100
    },
    {
      "id": "note_7539",
      "start": 3.5,
      "length": 1.0,
      "pitch": 60,
      "velocity": 100
    },
    {
      "id": "note_8015",
      "start": 4.25,
      "length": 1.0,
      "pitch": 64,
      "velocity": 100
    },
    {
      "id": "note_8439",
      "start": 6.25,
      "length": 1.0,
      "pitch": 56,
      "velocity": 100
    },
    {
      "id": "note_8845",
      "start": 6.75,
      "length": 1.0,
      "pitch": 63,
      "velocity": 100
    },
    {
      "id": "note_9256",
      "start": 10.25,
      "length": 1.0,
      "pitch": 60,
      "velocity": 100
    },
    {
      "id": "note_10721",
      "start": 12.25,
      "length": 1.0,
      "pitch": 52,
      "velocity": 100
    },
    {
      "id": "note_10192",
      "start": 13.75,
      "length": 1.0,
      "pitch": 58,
      "velocity": 100
    },
    {
      "id": "note_11233",
      "start": 13.75,
      "length": 1.0,
      "pitch": 63,
      "velocity": 100
    }
  ]
}
VitHeadlessService: command reply (truncated): {
  "status": "ok",
  "clip_id": "1010",
  "time_unit": "beats",
  "notes": [
    {
      "id": "note_7092",
      "start": 1.25,
      "length": 1.0,
      "pitch": 63,
      "velocity": 100
    },
    {
  
ZmqGateway: received command payload: {"clip_id":"1010","cmd":"get_midi_clip_data","command":"get_midi_clip_data","time_unit":"beats"}
ZmqGateway: dispatching payload to JUCE message thread.
VitHeadlessService: processing queued command on JUCE message thread: {"clip_id":"1010","cmd":"get_midi_clip_data","command":"get_midi_clip_data","time_unit":"beats"}
Command received: {"clip_id":"1010","cmd":"get_midi_clip_data","command":"get_midi_clip_data","time_unit":"beats"}
Command executed: get_midi_clip_data, result: {
  "status": "ok",
  "clip_id": "1010",
  "time_unit": "beats",
  "notes": [
    {
      "id": "note_7092",
      "start": 1.25,
      "length": 1.0,
      "pitch": 63,
      "velocity": 100
    },
    {
      "id": "note_7539",
      "start": 3.5,
      "length": 1.0,
      "pitch": 60,
      "velocity": 100
    },
    {
      "id": "note_8015",
      "start": 4.25,
      "length": 1.0,
      "pitch": 64,
      "velocity": 100
    },
    {
      "id": "note_8439",
      "start": 6.25,
      "length": 1.0,
      "pitch": 56,
      "velocity": 100
    },
    {
      "id": "note_8845",
      "start": 6.75,
      "length": 1.0,
      "pitch": 63,
      "velocity": 100
    },
    {
      "id": "note_9256",
      "start": 10.25,
      "length": 1.0,
      "pitch": 60,
      "velocity": 100
    },
    {
      "id": "note_10721",
      "start": 12.25,
      "length": 1.0,
      "pitch": 52,
      "velocity": 100
    },
    {
      "id": "note_10192",
      "start": 13.75,
      "length": 1.0,
      "pitch": 58,
      "velocity": 100
    },
    {
      "id": "note_11233",
      "start": 13.75,
      "length": 1.0,
      "pitch": 63,
      "velocity": 100
    }
  ]
}
VitHeadlessService: command reply (truncated): {
  "status": "ok",
  "clip_id": "1010",
  "time_unit": "beats",
  "notes": [
    {
      "id": "note_7092",
      "start": 1.25,
      "length": 1.0,
      "pitch": 63,
      "velocity": 100
    },
    {
  
ZmqGateway: received command payload: {"clip_id":"1010","cmd":"delete_midi_notes","command":"delete_midi_notes","note_ids":["note_8845"],"track_id":"1007","track_index":0}
ZmqGateway: dispatching payload to JUCE message thread.
VitHeadlessService: processing queued command on JUCE message thread: {"clip_id":"1010","cmd":"delete_midi_notes","command":"delete_midi_notes","note_ids":["note_8845"],"track_id":"1007","track_index":0}
Command received: {"clip_id":"1010","cmd":"delete_midi_notes","command":"delete_midi_notes","note_ids":["note_8845"],"track_id":"1007","track_index":0}
Command executed: delete_midi_notes, result: {
  "status": "ok",
  "message": "MIDI notes deleted",
  "clip_id": "1010",
  "track_id": "1007",
  "removed_count": 1,
  "missing_note_ids": []
}
VitHeadlessService: command reply (truncated): {
  "status": "ok",
  "message": "MIDI notes deleted",
  "clip_id": "1010",
  "track_id": "1007",
  "removed_count": 1,
  "missing_note_ids": []
}
ZmqGateway: received command payload: {"clip_ids":["1010"],"cmd":"remove_clips"}
ZmqGateway: dispatching payload to JUCE message thread.
VitHeadlessService: processing queued command on JUCE message thread: {"clip_ids":["1010"],"cmd":"remove_clips"}
Command received: {"clip_ids":["1010"],"cmd":"remove_clips"}
Command executed: remove_clips, result: {
  "status": "ok",
  "message": "Clips removed",
  "removed_count": 1,
  "missing_ids": []
}
VitHeadlessService: command reply (truncated): {
  "status": "ok",
  "message": "Clips removed",
  "removed_count": 1,
  "missing_ids": []
}
ZmqGateway: received command payload: {"cmd":"get_project_state"}
ZmqGateway: dispatching payload to JUCE message thread.
VitHeadlessService: processing queued command on JUCE message thread: {"cmd":"get_project_state"}
Command received: {"cmd":"get_project_state"}
Command executed: get_project_state, result: {
  "status": "ok",
  "project_path": "",
  "tracks": [
    {
      "track_id": "1002",
      "track_name": "Arranger",
      "track_type": "track",
      "is_audio_track": false,
      "is_audio": false,
      "plugins": [],
      "clips": []
    },
    {
      "track_id": "1003",
      "track_name": "Chord",
      "track_type": "track",
      "is_audio_track": false,
      "is_audio": false,
      "plugins": [],
      "clips": []
    },
    {
      "track_id": "1004",
      "track_name": "Marker",
      "track_type": "track",
      "is_audio_track": false,
      "is_audio": false,
      "plugins": [],
      "clips": []
    },
    {
      "track_id": "1005",
      "track_name": "Tempo",
      "track_type": "track",
      "is_audio_track": false,
      "is_audio": false,
      "plugins": [],
      "clips": []
    },
    {
      "track_id": "1006",
      "track_name": "Master",
      "track_type": "master",
      "is_audio_track": false,
      "is_audio": false,
      "plugins": [],
      "clips": []
    },
    {
      "track_id": "1007",
      "track_name": "Track 1",
      "track_type": "hybrid",
      "is_audio_track": true,
      "is_audio": true,
      "plugins": [
        {
          "id": "1008",
          "item_id": "1008",
          "name": "Volume & Pan Plugin",
          "type": "volume",
          "enabled": true
        },
        {
          "id": "1009",
          "item_id": "1009",
          "name": "Level Meter",
          "type": "level",
          "enabled": true
        }
      ],
      "clips": [],
      "output_to_device_resolved": true,
      "output_device_enabled": true,
      "output_device_id": "out_b7a4b4c1",
      "output_routing_name": "(default audio output)"
    }
  ]
}
VitHeadlessService: command reply (truncated): {
  "status": "ok",
  "project_path": "",
  "tracks": [
    {
      "track_id": "1002",
      "track_name": "Arranger",
      "track_type": "track",
      "is_audio_track": false,
      "is_audio": false,
     
ZmqGateway: received command payload: {"cmd":"list_tracks"}
ZmqGateway: dispatching payload to JUCE message thread.
VitHeadlessService: processing queued command on JUCE message thread: {"cmd":"list_tracks"}
Command received: {"cmd":"list_tracks"}
Command executed: list_tracks, result: {
  "status": "ok",
  "message": "Track list fetched",
  "tracks": [
    {
      "track_id": "1002",
      "name": "Arranger",
      "track_type": "track",
      "is_audio": false,
      "is_audio_track": false,
      "vit_type": "",
      "vit_intent": "",
      "plugin_count": 0,
      "plugins": []
    },
    {
      "track_id": "1003",
      "name": "Chord",
      "track_type": "track",
      "is_audio": false,
      "is_audio_track": false,
      "vit_type": "",
      "vit_intent": "",
      "plugin_count": 0,
      "plugins": []
    },
    {
      "track_id": "1004",
      "name": "Marker",
      "track_type": "track",
      "is_audio": false,
      "is_audio_track": false,
      "vit_type": "",
      "vit_intent": "",
      "plugin_count": 0,
      "plugins": []
    },
    {
      "track_id": "1005",
      "name": "Tempo",
      "track_type": "track",
      "is_audio": false,
      "is_audio_track": false,
      "vit_type": "",
      "vit_intent": "",
      "plugin_count": 0,
      "plugins": []
    },
    {
      "track_id": "1006",
      "name": "Master",
      "track_type": "master",
      "is_audio": false,
      "is_audio_track": false,
      "vit_type": "",
      "vit_intent": "",
      "plugin_count": 0,
      "plugins": []
    },
    {
      "track_id": "1007",
      "name": "Track 1",
      "track_type": "hybrid",
      "is_audio": true,
      "is_audio_track": true,
      "vit_type": "",
      "vit_intent": "",
      "plugin_count": 2,
      "plugins": [
        {
          "name": "Volume & Pan Plugin",
          "type": "volume",
          "enabled": true
        },
        {
          "name": "Level Meter",
          "type": "level",
          "enabled": true
        }
      ]
    }
  ]
}
VitHeadlessService: command reply (truncated): {
  "status": "ok",
  "message": "Track list fetched",
  "tracks": [
    {
      "track_id": "1002",
      "name": "Arranger",
      "track_type": "track",
      "is_audio": false,
      "is_audio_track": false,
ZmqGateway: received command payload: {"cmd":"insert_midi_clip","command":"insert_midi_clip","length":4.0,"start":0.0,"time_unit":"beats","track_id":"1007"}
ZmqGateway: dispatching payload to JUCE message thread.
VitHeadlessService: processing queued command on JUCE message thread: {"cmd":"insert_midi_clip","command":"insert_midi_clip","length":4.0,"start":0.0,"time_unit":"beats","track_id":"1007"}
Command received: {"cmd":"insert_midi_clip","command":"insert_midi_clip","length":4.0,"start":0.0,"time_unit":"beats","track_id":"1007"}
Command executed: insert_midi_clip, result: {
  "status": "ok",
  "message": "MIDI clip inserted",
  "clip_id": "1011",
  "track_id": "1007",
  "start_seconds": 0.0,
  "length_seconds": 2.0
}
VitHeadlessService: command reply (truncated): {
  "status": "ok",
  "message": "MIDI clip inserted",
  "clip_id": "1011",
  "track_id": "1007",
  "start_seconds": 0.0,
  "length_seconds": 2.0
}
ZmqGateway: received command payload: {"cmd":"get_project_state"}
ZmqGateway: dispatching payload to JUCE message thread.
VitHeadlessService: processing queued command on JUCE message thread: {"cmd":"get_project_state"}
Command received: {"cmd":"get_project_state"}
Command executed: get_project_state, result: {
  "status": "ok",
  "project_path": "",
  "tracks": [
    {
      "track_id": "1002",
      "track_name": "Arranger",
      "track_type": "track",
      "is_audio_track": false,
      "is_audio": false,
      "plugins": [],
      "clips": []
    },
    {
      "track_id": "1003",
      "track_name": "Chord",
      "track_type": "track",
      "is_audio_track": false,
      "is_audio": false,
      "plugins": [],
      "clips": []
    },
    {
      "track_id": "1004",
      "track_name": "Marker",
      "track_type": "track",
      "is_audio_track": false,
      "is_audio": false,
      "plugins": [],
      "clips": []
    },
    {
      "track_id": "1005",
      "track_name": "Tempo",
      "track_type": "track",
      "is_audio_track": false,
      "is_audio": false,
      "plugins": [],
      "clips": []
    },
    {
      "track_id": "1006",
      "track_name": "Master",
      "track_type": "master",
      "is_audio_track": false,
      "is_audio": false,
      "plugins": [],
      "clips": []
    },
    {
      "track_id": "1007",
      "track_name": "Track 1",
      "track_type": "hybrid",
      "is_audio_track": true,
      "is_audio": true,
      "plugins": [
        {
          "id": "1008",
          "item_id": "1008",
          "name": "Volume & Pan Plugin",
          "type": "volume",
          "enabled": true
        },
        {
          "id": "1009",
          "item_id": "1009",
          "name": "Level Meter",
          "type": "level",
          "enabled": true
        }
      ],
      "clips": [
        {
          "id": "1011",
          "name": "New MIDI Clip",
          "clip_type": "midi",
          "start_seconds": 0.0,
          "end_seconds": 2.0,
          "length_seconds": 2.0,
          "offset_in_source_seconds": 0.0
        }
      ],
      "output_to_device_resolved": true,
      "output_device_enabled": true,
      "output_device_id": "out_b7a4b4c1",
      "output_routing_name": "(default audio output)"
    }
  ]
}
VitHeadlessService: command reply (truncated): {
  "status": "ok",
  "project_path": "",
  "tracks": [
    {
      "track_id": "1002",
      "track_name": "Arranger",
      "track_type": "track",
      "is_audio_track": false,
      "is_audio": false,
     
ZmqGateway: received command payload: {"cmd":"list_tracks"}
ZmqGateway: dispatching payload to JUCE message thread.
VitHeadlessService: processing queued command on JUCE message thread: {"cmd":"list_tracks"}
Command received: {"cmd":"list_tracks"}
Command executed: list_tracks, result: {
  "status": "ok",
  "message": "Track list fetched",
  "tracks": [
    {
      "track_id": "1002",
      "name": "Arranger",
      "track_type": "track",
      "is_audio": false,
      "is_audio_track": false,
      "vit_type": "",
      "vit_intent": "",
      "plugin_count": 0,
      "plugins": []
    },
    {
      "track_id": "1003",
      "name": "Chord",
      "track_type": "track",
      "is_audio": false,
      "is_audio_track": false,
      "vit_type": "",
      "vit_intent": "",
      "plugin_count": 0,
      "plugins": []
    },
    {
      "track_id": "1004",
      "name": "Marker",
      "track_type": "track",
      "is_audio": false,
      "is_audio_track": false,
      "vit_type": "",
      "vit_intent": "",
      "plugin_count": 0,
      "plugins": []
    },
    {
      "track_id": "1005",
      "name": "Tempo",
      "track_type": "track",
      "is_audio": false,
      "is_audio_track": false,
      "vit_type": "",
      "vit_intent": "",
      "plugin_count": 0,
      "plugins": []
    },
    {
      "track_id": "1006",
      "name": "Master",
      "track_type": "master",
      "is_audio": false,
      "is_audio_track": false,
      "vit_type": "",
      "vit_intent": "",
      "plugin_count": 0,
      "plugins": []
    },
    {
      "track_id": "1007",
      "name": "Track 1",
      "track_type": "hybrid",
      "is_audio": true,
      "is_audio_track": true,
      "vit_type": "",
      "vit_intent": "",
      "plugin_count": 2,
      "plugins": [
        {
          "name": "Volume & Pan Plugin",
          "type": "volume",
          "enabled": true
        },
        {
          "name": "Level Meter",
          "type": "level",
          "enabled": true
        }
      ]
    }
  ]
}
VitHeadlessService: command reply (truncated): {
  "status": "ok",
  "message": "Track list fetched",
  "tracks": [
    {
      "track_id": "1002",
      "name": "Arranger",
      "track_type": "track",
      "is_audio": false,
      "is_audio_track": false,
ZmqGateway: received command payload: {"clip_id":"1011","cmd":"get_midi_clip_data","command":"get_midi_clip_data","time_unit":"beats"}
ZmqGateway: dispatching payload to JUCE message thread.
VitHeadlessService: processing queued command on JUCE message thread: {"clip_id":"1011","cmd":"get_midi_clip_data","command":"get_midi_clip_data","time_unit":"beats"}
Command received: {"clip_id":"1011","cmd":"get_midi_clip_data","command":"get_midi_clip_data","time_unit":"beats"}
Command executed: get_midi_clip_data, result: {
  "status": "ok",
  "clip_id": "1011",
  "time_unit": "beats",
  "notes": []
}
VitHeadlessService: command reply (truncated): {
  "status": "ok",
  "clip_id": "1011",
  "time_unit": "beats",
  "notes": []
}
ZmqGateway: received command payload: {"clip_id":"1011","cmd":"get_midi_clip_notes","command":"get_midi_clip_notes","time_unit":"beats","track_id":"1007"}
ZmqGateway: dispatching payload to JUCE message thread.
VitHeadlessService: processing queued command on JUCE message thread: {"clip_id":"1011","cmd":"get_midi_clip_notes","command":"get_midi_clip_notes","time_unit":"beats","track_id":"1007"}
Command received: {"clip_id":"1011","cmd":"get_midi_clip_notes","command":"get_midi_clip_notes","time_unit":"beats","track_id":"1007"}
Command executed: get_midi_clip_notes, result: {
  "status": "ok",
  "message": "MIDI clip notes",
  "clip_id": "1011",
  "track_id": "1007",
  "time_unit": "beats",
  "notes": []
}
VitHeadlessService: command reply (truncated): {
  "status": "ok",
  "message": "MIDI clip notes",
  "clip_id": "1011",
  "track_id": "1007",
  "time_unit": "beats",
  "notes": []
}
ZmqGateway: received command payload: {"clip_id":"1011","cmd":"add_midi_notes","command":"add_midi_notes","notes":[{"id":"note_45182","length":1.0,"pitch":65,"start":2.75,"state":"solid","velocity":100}],"time_unit":"beats","track_id":"1007","track_index":0}
ZmqGateway: dispatching payload to JUCE message thread.
VitHeadlessService: processing queued command on JUCE message thread: {"clip_id":"1011","cmd":"add_midi_notes","command":"add_midi_notes","notes":[{"id":"note_45182","length":1.0,"pitch":65,"start":2.75,"state":"solid","velocity":100}],"time_unit":"beats","track_id":"1007","track_index":0}
Command received: {"clip_id":"1011","cmd":"add_midi_notes","command":"add_midi_notes","notes":[{"id":"note_45182","length":1.0,"pitch":65,"start":2.75,"state":"solid","velocity":100}],"time_unit":"beats","track_id":"1007","track_index":0}
Command executed: add_midi_notes, result: {
  "status": "ok",
  "message": "MIDI notes added",
  "clip_id": "1011",
  "track_id": "1007",
  "added_count": 1
}
VitHeadlessService: command reply (truncated): {
  "status": "ok",
  "message": "MIDI notes added",
  "clip_id": "1011",
  "track_id": "1007",
  "added_count": 1
}
ZmqGateway: received command payload: {"clip_id":"1011","cmd":"delete_midi_notes","command":"delete_midi_notes","note_ids":["note_45182"],"track_id":"1007","track_index":0}
ZmqGateway: dispatching payload to JUCE message thread.
VitHeadlessService: processing queued command on JUCE message thread: {"clip_id":"1011","cmd":"delete_midi_notes","command":"delete_midi_notes","note_ids":["note_45182"],"track_id":"1007","track_index":0}
Command received: {"clip_id":"1011","cmd":"delete_midi_notes","command":"delete_midi_notes","note_ids":["note_45182"],"track_id":"1007","track_index":0}
Command executed: delete_midi_notes, result: {
  "status": "ok",
  "message": "MIDI notes deleted",
  "clip_id": "1011",
  "track_id": "1007",
  "removed_count": 1,
  "missing_note_ids": []
}
VitHeadlessService: command reply (truncated): {
  "status": "ok",
  "message": "MIDI notes deleted",
  "clip_id": "1011",
  "track_id": "1007",
  "removed_count": 1,
  "missing_note_ids": []
}
ZmqGateway: received command payload: {"clip_id":"1011","cmd":"add_midi_notes","command":"add_midi_notes","notes":[{"id":"note_45911","length":1.0,"pitch":61,"start":2.0,"state":"solid","velocity":100}],"time_unit":"beats","track_id":"1007","track_index":0}
ZmqGateway: dispatching payload to JUCE message thread.
VitHeadlessService: processing queued command on JUCE message thread: {"clip_id":"1011","cmd":"add_midi_notes","command":"add_midi_notes","notes":[{"id":"note_45911","length":1.0,"pitch":61,"start":2.0,"state":"solid","velocity":100}],"time_unit":"beats","track_id":"1007","track_index":0}
Command received: {"clip_id":"1011","cmd":"add_midi_notes","command":"add_midi_notes","notes":[{"id":"note_45911","length":1.0,"pitch":61,"start":2.0,"state":"solid","velocity":100}],"time_unit":"beats","track_id":"1007","track_index":0}
Command executed: add_midi_notes, result: {
  "status": "ok",
  "message": "MIDI notes added",
  "clip_id": "1011",
  "track_id": "1007",
  "added_count": 1
}
VitHeadlessService: command reply (truncated): {
  "status": "ok",
  "message": "MIDI notes added",
  "clip_id": "1011",
  "track_id": "1007",
  "added_count": 1
}
ZmqGateway: received command payload: {"clip_id":"1011","cmd":"delete_midi_notes","command":"delete_midi_notes","note_ids":["note_45911"],"track_id":"1007","track_index":0}
ZmqGateway: dispatching payload to JUCE message thread.
VitHeadlessService: processing queued command on JUCE message thread: {"clip_id":"1011","cmd":"delete_midi_notes","command":"delete_midi_notes","note_ids":["note_45911"],"track_id":"1007","track_index":0}
Command received: {"clip_id":"1011","cmd":"delete_midi_notes","command":"delete_midi_notes","note_ids":["note_45911"],"track_id":"1007","track_index":0}
Command executed: delete_midi_notes, result: {
  "status": "ok",
  "message": "MIDI notes deleted",
  "clip_id": "1011",
  "track_id": "1007",
  "removed_count": 1,
  "missing_note_ids": []
}
VitHeadlessService: command reply (truncated): {
  "status": "ok",
  "message": "MIDI notes deleted",
  "clip_id": "1011",
  "track_id": "1007",
  "removed_count": 1,
  "missing_note_ids": []
}
ZmqGateway: received command payload: {"clip_id":"1011","cmd":"add_midi_notes","command":"add_midi_notes","notes":[{"id":"note_46482","length":1.0,"pitch":56,"start":4.25,"state":"solid","velocity":100}],"time_unit":"beats","track_id":"1007","track_index":0}
ZmqGateway: dispatching payload to JUCE message thread.
VitHeadlessService: processing queued command on JUCE message thread: {"clip_id":"1011","cmd":"add_midi_notes","command":"add_midi_notes","notes":[{"id":"note_46482","length":1.0,"pitch":56,"start":4.25,"state":"solid","velocity":100}],"time_unit":"beats","track_id":"1007","track_index":0}
Command received: {"clip_id":"1011","cmd":"add_midi_notes","command":"add_midi_notes","notes":[{"id":"note_46482","length":1.0,"pitch":56,"start":4.25,"state":"solid","velocity":100}],"time_unit":"beats","track_id":"1007","track_index":0}
Command executed: add_midi_notes, result: {
  "status": "ok",
  "message": "MIDI notes added",
  "clip_id": "1011",
  "track_id": "1007",
  "added_count": 1
}
VitHeadlessService: command reply (truncated): {
  "status": "ok",
  "message": "MIDI notes added",
  "clip_id": "1011",
  "track_id": "1007",
  "added_count": 1
}
ZmqGateway: received command payload: {"clip_id":"1011","cmd":"delete_midi_notes","command":"delete_midi_notes","note_ids":["note_46482"],"track_id":"1007","track_index":0}
ZmqGateway: dispatching payload to JUCE message thread.
VitHeadlessService: processing queued command on JUCE message thread: {"clip_id":"1011","cmd":"delete_midi_notes","command":"delete_midi_notes","note_ids":["note_46482"],"track_id":"1007","track_index":0}
Command received: {"clip_id":"1011","cmd":"delete_midi_notes","command":"delete_midi_notes","note_ids":["note_46482"],"track_id":"1007","track_index":0}
Command executed: delete_midi_notes, result: {
  "status": "ok",
  "message": "MIDI notes deleted",
  "clip_id": "1011",
  "track_id": "1007",
  "removed_count": 1,
  "missing_note_ids": []
}
VitHeadlessService: command reply (truncated): {
  "status": "ok",
  "message": "MIDI notes deleted",
  "clip_id": "1011",
  "track_id": "1007",
  "removed_count": 1,
  "missing_note_ids": []
}
ZmqGateway: received command payload: {"clip_id":"1011","cmd":"add_midi_notes","command":"add_midi_notes","notes":[{"id":"note_46976","length":1.0,"pitch":49,"start":6.25,"state":"solid","velocity":100}],"time_unit":"beats","track_id":"1007","track_index":0}
ZmqGateway: dispatching payload to JUCE message thread.
VitHeadlessService: processing queued command on JUCE message thread: {"clip_id":"1011","cmd":"add_midi_notes","command":"add_midi_notes","notes":[{"id":"note_46976","length":1.0,"pitch":49,"start":6.25,"state":"solid","velocity":100}],"time_unit":"beats","track_id":"1007","track_index":0}
Command received: {"clip_id":"1011","cmd":"add_midi_notes","command":"add_midi_notes","notes":[{"id":"note_46976","length":1.0,"pitch":49,"start":6.25,"state":"solid","velocity":100}],"time_unit":"beats","track_id":"1007","track_index":0}
Command executed: add_midi_notes, result: {
  "status": "ok",
  "message": "MIDI notes added",
  "clip_id": "1011",
  "track_id": "1007",
  "added_count": 1
}
VitHeadlessService: command reply (truncated): {
  "status": "ok",
  "message": "MIDI notes added",
  "clip_id": "1011",
  "track_id": "1007",
  "added_count": 1
}
ZmqGateway: received command payload: {"clip_id":"1011","cmd":"delete_midi_notes","command":"delete_midi_notes","note_ids":["note_46976"],"track_id":"1007","track_index":0}
ZmqGateway: dispatching payload to JUCE message thread.
VitHeadlessService: processing queued command on JUCE message thread: {"clip_id":"1011","cmd":"delete_midi_notes","command":"delete_midi_notes","note_ids":["note_46976"],"track_id":"1007","track_index":0}
Command received: {"clip_id":"1011","cmd":"delete_midi_notes","command":"delete_midi_notes","note_ids":["note_46976"],"track_id":"1007","track_index":0}
Command executed: delete_midi_notes, result: {
  "status": "ok",
  "message": "MIDI notes deleted",
  "clip_id": "1011",
  "track_id": "1007",
  "removed_count": 1,
  "missing_note_ids": []
}
VitHeadlessService: command reply (truncated): {
  "status": "ok",
  "message": "MIDI notes deleted",
  "clip_id": "1011",
  "track_id": "1007",
  "removed_count": 1,
  "missing_note_ids": []
}
ZmqGateway: received command payload: {"clip_id":"1011","cmd":"add_midi_notes","command":"add_midi_notes","notes":[{"id":"note_47787","length":1.0,"pitch":64,"start":7.75,"state":"solid","velocity":100}],"time_unit":"beats","track_id":"1007","track_index":0}
ZmqGateway: dispatching payload to JUCE message thread.
VitHeadlessService: processing queued command on JUCE message thread: {"clip_id":"1011","cmd":"add_midi_notes","command":"add_midi_notes","notes":[{"id":"note_47787","length":1.0,"pitch":64,"start":7.75,"state":"solid","velocity":100}],"time_unit":"beats","track_id":"1007","track_index":0}
Command received: {"clip_id":"1011","cmd":"add_midi_notes","command":"add_midi_notes","notes":[{"id":"note_47787","length":1.0,"pitch":64,"start":7.75,"state":"solid","velocity":100}],"time_unit":"beats","track_id":"1007","track_index":0}
Command executed: add_midi_notes, result: {
  "status": "ok",
  "message": "MIDI notes added",
  "clip_id": "1011",
  "track_id": "1007",
  "added_count": 1
}
VitHeadlessService: command reply (truncated): {
  "status": "ok",
  "message": "MIDI notes added",
  "clip_id": "1011",
  "track_id": "1007",
  "added_count": 1
}
ZmqGateway: received command payload: {"clip_id":"1011","cmd":"add_midi_notes","command":"add_midi_notes","notes":[{"id":"note_48446","length":1.0,"pitch":56,"start":10.5,"state":"solid","velocity":100}],"time_unit":"beats","track_id":"1007","track_index":0}
ZmqGateway: dispatching payload to JUCE message thread.
VitHeadlessService: processing queued command on JUCE message thread: {"clip_id":"1011","cmd":"add_midi_notes","command":"add_midi_notes","notes":[{"id":"note_48446","length":1.0,"pitch":56,"start":10.5,"state":"solid","velocity":100}],"time_unit":"beats","track_id":"1007","track_index":0}
Command received: {"clip_id":"1011","cmd":"add_midi_notes","command":"add_midi_notes","notes":[{"id":"note_48446","length":1.0,"pitch":56,"start":10.5,"state":"solid","velocity":100}],"time_unit":"beats","track_id":"1007","track_index":0}
Command executed: add_midi_notes, result: {
  "status": "ok",
  "message": "MIDI notes added",
  "clip_id": "1011",
  "track_id": "1007",
  "added_count": 1
}
VitHeadlessService: command reply (truncated): {
  "status": "ok",
  "message": "MIDI notes added",
  "clip_id": "1011",
  "track_id": "1007",
  "added_count": 1
}
ZmqGateway: received command payload: {"clip_id":"1011","cmd":"delete_midi_notes","command":"delete_midi_notes","note_ids":["note_48446"],"track_id":"1007","track_index":0}
ZmqGateway: dispatching payload to JUCE message thread.
VitHeadlessService: processing queued command on JUCE message thread: {"clip_id":"1011","cmd":"delete_midi_notes","command":"delete_midi_notes","note_ids":["note_48446"],"track_id":"1007","track_index":0}
Command received: {"clip_id":"1011","cmd":"delete_midi_notes","command":"delete_midi_notes","note_ids":["note_48446"],"track_id":"1007","track_index":0}
Command executed: delete_midi_notes, result: {
  "status": "ok",
  "message": "MIDI notes deleted",
  "clip_id": "1011",
  "track_id": "1007",
  "removed_count": 1,
  "missing_note_ids": []
}
VitHeadlessService: command reply (truncated): {
  "status": "ok",
  "message": "MIDI notes deleted",
  "clip_id": "1011",
  "track_id": "1007",
  "removed_count": 1,
  "missing_note_ids": []
}
ZmqGateway: received command payload: {"clip_id":"1011","cmd":"add_midi_notes","command":"add_midi_notes","notes":[{"id":"note_49111","length":1.0,"pitch":57,"start":6.25,"state":"solid","velocity":100}],"time_unit":"beats","track_id":"1007","track_index":0}
ZmqGateway: dispatching payload to JUCE message thread.
VitHeadlessService: processing queued command on JUCE message thread: {"clip_id":"1011","cmd":"add_midi_notes","command":"add_midi_notes","notes":[{"id":"note_49111","length":1.0,"pitch":57,"start":6.25,"state":"solid","velocity":100}],"time_unit":"beats","track_id":"1007","track_index":0}
Command received: {"clip_id":"1011","cmd":"add_midi_notes","command":"add_midi_notes","notes":[{"id":"note_49111","length":1.0,"pitch":57,"start":6.25,"state":"solid","velocity":100}],"time_unit":"beats","track_id":"1007","track_index":0}
Command executed: add_midi_notes, result: {
  "status": "ok",
  "message": "MIDI notes added",
  "clip_id": "1011",
  "track_id": "1007",
  "added_count": 1
}
VitHeadlessService: command reply (truncated): {
  "status": "ok",
  "message": "MIDI notes added",
  "clip_id": "1011",
  "track_id": "1007",
  "added_count": 1
}
ZmqGateway: received command payload: {"clip_id":"1011","cmd":"add_midi_notes","command":"add_midi_notes","notes":[{"id":"note_49776","length":1.0,"pitch":51,"start":8.75,"state":"solid","velocity":100}],"time_unit":"beats","track_id":"1007","track_index":0}
ZmqGateway: dispatching payload to JUCE message thread.
VitHeadlessService: processing queued command on JUCE message thread: {"clip_id":"1011","cmd":"add_midi_notes","command":"add_midi_notes","notes":[{"id":"note_49776","length":1.0,"pitch":51,"start":8.75,"state":"solid","velocity":100}],"time_unit":"beats","track_id":"1007","track_index":0}
Command received: {"clip_id":"1011","cmd":"add_midi_notes","command":"add_midi_notes","notes":[{"id":"note_49776","length":1.0,"pitch":51,"start":8.75,"state":"solid","velocity":100}],"time_unit":"beats","track_id":"1007","track_index":0}
Command executed: add_midi_notes, result: {
  "status": "ok",
  "message": "MIDI notes added",
  "clip_id": "1011",
  "track_id": "1007",
  "added_count": 1
}
VitHeadlessService: command reply (truncated): {
  "status": "ok",
  "message": "MIDI notes added",
  "clip_id": "1011",
  "track_id": "1007",
  "added_count": 1
}
ZmqGateway: received command payload: {"clip_id":"1011","cmd":"add_midi_notes","command":"add_midi_notes","notes":[{"id":"note_50299","length":1.0,"pitch":56,"start":10.75,"state":"solid","velocity":100}],"time_unit":"beats","track_id":"1007","track_index":0}
ZmqGateway: dispatching payload to JUCE message thread.
VitHeadlessService: processing queued command on JUCE message thread: {"clip_id":"1011","cmd":"add_midi_notes","command":"add_midi_notes","notes":[{"id":"note_50299","length":1.0,"pitch":56,"start":10.75,"state":"solid","velocity":100}],"time_unit":"beats","track_id":"1007","track_index":0}
Command received: {"clip_id":"1011","cmd":"add_midi_notes","command":"add_midi_notes","notes":[{"id":"note_50299","length":1.0,"pitch":56,"start":10.75,"state":"solid","velocity":100}],"time_unit":"beats","track_id":"1007","track_index":0}
Command executed: add_midi_notes, result: {
  "status": "ok",
  "message": "MIDI notes added",
  "clip_id": "1011",
  "track_id": "1007",
  "added_count": 1
}
VitHeadlessService: command reply (truncated): {
  "status": "ok",
  "message": "MIDI notes added",
  "clip_id": "1011",
  "track_id": "1007",
  "added_count": 1
}
ZmqGateway: received command payload: {"clip_id":"1011","cmd":"delete_midi_notes","command":"delete_midi_notes","note_ids":["note_50299"],"track_id":"1007","track_index":0}
ZmqGateway: dispatching payload to JUCE message thread.
VitHeadlessService: processing queued command on JUCE message thread: {"clip_id":"1011","cmd":"delete_midi_notes","command":"delete_midi_notes","note_ids":["note_50299"],"track_id":"1007","track_index":0}
Command received: {"clip_id":"1011","cmd":"delete_midi_notes","command":"delete_midi_notes","note_ids":["note_50299"],"track_id":"1007","track_index":0}
Command executed: delete_midi_notes, result: {
  "status": "ok",
  "message": "MIDI notes deleted",
  "clip_id": "1011",
  "track_id": "1007",
  "removed_count": 1,
  "missing_note_ids": []
}
VitHeadlessService: command reply (truncated): {
  "status": "ok",
  "message": "MIDI notes deleted",
  "clip_id": "1011",
  "track_id": "1007",
  "removed_count": 1,
  "missing_note_ids": []
}
ZmqGateway: received command payload: {"clip_id":"1011","cmd":"add_midi_notes","command":"add_midi_notes","notes":[{"id":"note_51035","length":1.0,"pitch":58,"start":12.0,"state":"solid","velocity":100}],"time_unit":"beats","track_id":"1007","track_index":0}
ZmqGateway: dispatching payload to JUCE message thread.
VitHeadlessService: processing queued command on JUCE message thread: {"clip_id":"1011","cmd":"add_midi_notes","command":"add_midi_notes","notes":[{"id":"note_51035","length":1.0,"pitch":58,"start":12.0,"state":"solid","velocity":100}],"time_unit":"beats","track_id":"1007","track_index":0}
Command received: {"clip_id":"1011","cmd":"add_midi_notes","command":"add_midi_notes","notes":[{"id":"note_51035","length":1.0,"pitch":58,"start":12.0,"state":"solid","velocity":100}],"time_unit":"beats","track_id":"1007","track_index":0}
Command executed: add_midi_notes, result: {
  "status": "ok",
  "message": "MIDI notes added",
  "clip_id": "1011",
  "track_id": "1007",
  "added_count": 1
}
VitHeadlessService: command reply (truncated): {
  "status": "ok",
  "message": "MIDI notes added",
  "clip_id": "1011",
  "track_id": "1007",
  "added_count": 1
}
ZmqGateway: received command payload: {"clip_id":"1011","cmd":"delete_midi_notes","command":"delete_midi_notes","note_ids":["note_51035"],"track_id":"1007","track_index":0}
ZmqGateway: dispatching payload to JUCE message thread.
VitHeadlessService: processing queued command on JUCE message thread: {"clip_id":"1011","cmd":"delete_midi_notes","command":"delete_midi_notes","note_ids":["note_51035"],"track_id":"1007","track_index":0}
Command received: {"clip_id":"1011","cmd":"delete_midi_notes","command":"delete_midi_notes","note_ids":["note_51035"],"track_id":"1007","track_index":0}
Command executed: delete_midi_notes, result: {
  "status": "ok",
  "message": "MIDI notes deleted",
  "clip_id": "1011",
  "track_id": "1007",
  "removed_count": 1,
  "missing_note_ids": []
}
VitHeadlessService: command reply (truncated): {
  "status": "ok",
  "message": "MIDI notes deleted",
  "clip_id": "1011",
  "track_id": "1007",
  "removed_count": 1,
  "missing_note_ids": []
}
ZmqGateway: received command payload: {"clip_id":"1011","cmd":"add_midi_notes","command":"add_midi_notes","notes":[{"id":"note_51617","length":1.0,"pitch":58,"start":10.0,"state":"solid","velocity":100}],"time_unit":"beats","track_id":"1007","track_index":0}
ZmqGateway: dispatching payload to JUCE message thread.
VitHeadlessService: processing queued command on JUCE message thread: {"clip_id":"1011","cmd":"add_midi_notes","command":"add_midi_notes","notes":[{"id":"note_51617","length":1.0,"pitch":58,"start":10.0,"state":"solid","velocity":100}],"time_unit":"beats","track_id":"1007","track_index":0}
Command received: {"clip_id":"1011","cmd":"add_midi_notes","command":"add_midi_notes","notes":[{"id":"note_51617","length":1.0,"pitch":58,"start":10.0,"state":"solid","velocity":100}],"time_unit":"beats","track_id":"1007","track_index":0}
Command executed: add_midi_notes, result: {
  "status": "ok",
  "message": "MIDI notes added",
  "clip_id": "1011",
  "track_id": "1007",
  "added_count": 1
}
VitHeadlessService: command reply (truncated): {
  "status": "ok",
  "message": "MIDI notes added",
  "clip_id": "1011",
  "track_id": "1007",
  "added_count": 1
}
ZmqGateway: received command payload: {"clip_id":"1011","cmd":"delete_midi_notes","command":"delete_midi_notes","note_ids":["note_51617"],"track_id":"1007","track_index":0}
ZmqGateway: dispatching payload to JUCE message thread.
VitHeadlessService: processing queued command on JUCE message thread: {"clip_id":"1011","cmd":"delete_midi_notes","command":"delete_midi_notes","note_ids":["note_51617"],"track_id":"1007","track_index":0}
Command received: {"clip_id":"1011","cmd":"delete_midi_notes","command":"delete_midi_notes","note_ids":["note_51617"],"track_id":"1007","track_index":0}
Command executed: delete_midi_notes, result: {
  "status": "ok",
  "message": "MIDI notes deleted",
  "clip_id": "1011",
  "track_id": "1007",
  "removed_count": 1,
  "missing_note_ids": []
}
VitHeadlessService: command reply (truncated): {
  "status": "ok",
  "message": "MIDI notes deleted",
  "clip_id": "1011",
  "track_id": "1007",
  "removed_count": 1,
  "missing_note_ids": []
}
ZmqGateway: received command payload: {"clip_id":"1011","cmd":"add_midi_notes","command":"add_midi_notes","notes":[{"id":"note_52441","length":1.0,"pitch":54,"start":11.75,"state":"solid","velocity":100}],"time_unit":"beats","track_id":"1007","track_index":0}
ZmqGateway: dispatching payload to JUCE message thread.
VitHeadlessService: processing queued command on JUCE message thread: {"clip_id":"1011","cmd":"add_midi_notes","command":"add_midi_notes","notes":[{"id":"note_52441","length":1.0,"pitch":54,"start":11.75,"state":"solid","velocity":100}],"time_unit":"beats","track_id":"1007","track_index":0}
Command received: {"clip_id":"1011","cmd":"add_midi_notes","command":"add_midi_notes","notes":[{"id":"note_52441","length":1.0,"pitch":54,"start":11.75,"state":"solid","velocity":100}],"time_unit":"beats","track_id":"1007","track_index":0}
Command executed: add_midi_notes, result: {
  "status": "ok",
  "message": "MIDI notes added",
  "clip_id": "1011",
  "track_id": "1007",
  "added_count": 1
}
VitHeadlessService: command reply (truncated): {
  "status": "ok",
  "message": "MIDI notes added",
  "clip_id": "1011",
  "track_id": "1007",
  "added_count": 1
}
ZmqGateway: received command payload: {"clip_id":"1011","cmd":"add_midi_notes","command":"add_midi_notes","notes":[{"id":"note_53347","length":1.0,"pitch":56,"start":10.25,"state":"solid","velocity":100}],"time_unit":"beats","track_id":"1007","track_index":0}
ZmqGateway: dispatching payload to JUCE message thread.
VitHeadlessService: processing queued command on JUCE message thread: {"clip_id":"1011","cmd":"add_midi_notes","command":"add_midi_notes","notes":[{"id":"note_53347","length":1.0,"pitch":56,"start":10.25,"state":"solid","velocity":100}],"time_unit":"beats","track_id":"1007","track_index":0}
Command received: {"clip_id":"1011","cmd":"add_midi_notes","command":"add_midi_notes","notes":[{"id":"note_53347","length":1.0,"pitch":56,"start":10.25,"state":"solid","velocity":100}],"time_unit":"beats","track_id":"1007","track_index":0}
Command executed: add_midi_notes, result: {
  "status": "ok",
  "message": "MIDI notes added",
  "clip_id": "1011",
  "track_id": "1007",
  "added_count": 1
}
VitHeadlessService: command reply (truncated): {
  "status": "ok",
  "message": "MIDI notes added",
  "clip_id": "1011",
  "track_id": "1007",
  "added_count": 1
}
ZmqGateway: received command payload: {"clip_id":"1011","cmd":"delete_midi_notes","command":"delete_midi_notes","note_ids":["note_53347"],"track_id":"1007","track_index":0}
ZmqGateway: dispatching payload to JUCE message thread.
VitHeadlessService: processing queued command on JUCE message thread: {"clip_id":"1011","cmd":"delete_midi_notes","command":"delete_midi_notes","note_ids":["note_53347"],"track_id":"1007","track_index":0}
Command received: {"clip_id":"1011","cmd":"delete_midi_notes","command":"delete_midi_notes","note_ids":["note_53347"],"track_id":"1007","track_index":0}
Command executed: delete_midi_notes, result: {
  "status": "ok",
  "message": "MIDI notes deleted",
  "clip_id": "1011",
  "track_id": "1007",
  "removed_count": 1,
  "missing_note_ids": []
}
VitHeadlessService: command reply (truncated): {
  "status": "ok",
  "message": "MIDI notes deleted",
  "clip_id": "1011",
  "track_id": "1007",
  "removed_count": 1,
  "missing_note_ids": []
}
ZmqGateway: received command payload: {"clip_id":"1011","cmd":"add_midi_notes","command":"add_midi_notes","notes":[{"id":"note_54152","length":1.0,"pitch":62,"start":13.5,"state":"solid","velocity":100}],"time_unit":"beats","track_id":"1007","track_index":0}
ZmqGateway: dispatching payload to JUCE message thread.
VitHeadlessService: processing queued command on JUCE message thread: {"clip_id":"1011","cmd":"add_midi_notes","command":"add_midi_notes","notes":[{"id":"note_54152","length":1.0,"pitch":62,"start":13.5,"state":"solid","velocity":100}],"time_unit":"beats","track_id":"1007","track_index":0}
Command received: {"clip_id":"1011","cmd":"add_midi_notes","command":"add_midi_notes","notes":[{"id":"note_54152","length":1.0,"pitch":62,"start":13.5,"state":"solid","velocity":100}],"time_unit":"beats","track_id":"1007","track_index":0}
Command executed: add_midi_notes, result: {
  "status": "ok",
  "message": "MIDI notes added",
  "clip_id": "1011",
  "track_id": "1007",
  "added_count": 1
}
VitHeadlessService: command reply (truncated): {
  "status": "ok",
  "message": "MIDI notes added",
  "clip_id": "1011",
  "track_id": "1007",
  "added_count": 1
}
ZmqGateway: received command payload: {"clip_id":"1011","cmd":"delete_midi_notes","command":"delete_midi_notes","note_ids":["note_54152"],"track_id":"1007","track_index":0}
ZmqGateway: dispatching payload to JUCE message thread.
VitHeadlessService: processing queued command on JUCE message thread: {"clip_id":"1011","cmd":"delete_midi_notes","command":"delete_midi_notes","note_ids":["note_54152"],"track_id":"1007","track_index":0}
Command received: {"clip_id":"1011","cmd":"delete_midi_notes","command":"delete_midi_notes","note_ids":["note_54152"],"track_id":"1007","track_index":0}
Command executed: delete_midi_notes, result: {
  "status": "ok",
  "message": "MIDI notes deleted",
  "clip_id": "1011",
  "track_id": "1007",
  "removed_count": 1,
  "missing_note_ids": []
}
VitHeadlessService: command reply (truncated): {
  "status": "ok",
  "message": "MIDI notes deleted",
  "clip_id": "1011",
  "track_id": "1007",
  "removed_count": 1,
  "missing_note_ids": []
}
ZmqGateway: received command payload: {"cmd":"get_recent_projects"}
ZmqGateway: dispatching payload to JUCE message thread.
VitHeadlessService: processing queued command on JUCE message thread: {"cmd":"get_recent_projects"}
Command received: {"cmd":"get_recent_projects"}
Command executed: get_recent_projects, result: {
  "status": "ok",
  "recent_projects": [
    "D:\\Godot\\project\\vit-daw-frontend\\4.4.3.vit",
    "D:\\Godot\\project\\vit-daw-frontend\\4.4.2.vit",
    "D:\\Godot\\project\\vit-daw-frontend\\4.4.1.vit",
    "D:\\Godot\\project\\vit-daw-frontend\\4.4.vit",
    "D:\\4.1.tracktionedit"
  ]
}
VitHeadlessService: command reply (truncated): {
  "status": "ok",
  "recent_projects": [
    "D:\\Godot\\project\\vit-daw-frontend\\4.4.3.vit",
    "D:\\Godot\\project\\vit-daw-frontend\\4.4.2.vit",
    "D:\\Godot\\project\\vit-daw-frontend\\4.4.1.vit",
    "D
ZmqGateway: received command payload: {"cmd":"new_project"}
ZmqGateway: dispatching payload to JUCE message thread.
VitHeadlessService: processing queued command on JUCE message thread: {"cmd":"new_project"}
Command received: {"cmd":"new_project"}
VitEngineDevice: audio IO ready for playback graph: "扬声器 (2- USB AUDIO  CODEC)" 48000.00 Hz, block 480 samples
Command executed: new_project, result: {
  "status": "ok",
  "message": "Blank project created"
}
VitHeadlessService: command reply (truncated): {
  "status": "ok",
  "message": "Blank project created"
}
ZmqGateway: received command payload: {"cmd":"ping"}
ZmqGateway: dispatching payload to JUCE message thread.
VitHeadlessService: processing queued command on JUCE message thread: {"cmd":"ping"}
Command received: {"cmd":"ping"}
CommandDispatcher: handled ping command.
Command executed: ping, result: {
  "status": "ok",
  "message": "pong"
}
VitHeadlessService: command reply (truncated): {
  "status": "ok",
  "message": "pong"
}
ZmqGateway: received command payload: {"cmd":"get_project_state"}
ZmqGateway: dispatching payload to JUCE message thread.
VitHeadlessService: processing queued command on JUCE message thread: {"cmd":"get_project_state"}
Command received: {"cmd":"get_project_state"}
Command executed: get_project_state, result: {
  "status": "ok",
  "project_path": "",
  "tracks": [
    {
      "track_id": "1002",
      "track_name": "Arranger",
      "track_type": "track",
      "is_audio_track": false,
      "is_audio": false,
      "plugins": [],
      "clips": []
    },
    {
      "track_id": "1003",
      "track_name": "Chord",
      "track_type": "track",
      "is_audio_track": false,
      "is_audio": false,
      "plugins": [],
      "clips": []
    },
    {
      "track_id": "1004",
      "track_name": "Marker",
      "track_type": "track",
      "is_audio_track": false,
      "is_audio": false,
      "plugins": [],
      "clips": []
    },
    {
      "track_id": "1005",
      "track_name": "Tempo",
      "track_type": "track",
      "is_audio_track": false,
      "is_audio": false,
      "plugins": [],
      "clips": []
    },
    {
      "track_id": "1006",
      "track_name": "Master",
      "track_type": "master",
      "is_audio_track": false,
      "is_audio": false,
      "plugins": [],
      "clips": []
    }
  ]
}
VitHeadlessService: command reply (truncated): {
  "status": "ok",
  "project_path": "",
  "tracks": [
    {
      "track_id": "1002",
      "track_name": "Arranger",
      "track_type": "track",
      "is_audio_track": false,
      "is_audio": false,
     
ZmqGateway: received command payload: {"cmd":"list_tracks"}
ZmqGateway: dispatching payload to JUCE message thread.
VitHeadlessService: processing queued command on JUCE message thread: {"cmd":"list_tracks"}
Command received: {"cmd":"list_tracks"}
Command executed: list_tracks, result: {
  "status": "ok",
  "message": "Track list fetched",
  "tracks": [
    {
      "track_id": "1002",
      "name": "Arranger",
      "track_type": "track",
      "is_audio": false,
      "is_audio_track": false,
      "vit_type": "",
      "vit_intent": "",
      "plugin_count": 0,
      "plugins": []
    },
    {
      "track_id": "1003",
      "name": "Chord",
      "track_type": "track",
      "is_audio": false,
      "is_audio_track": false,
      "vit_type": "",
      "vit_intent": "",
      "plugin_count": 0,
      "plugins": []
    },
    {
      "track_id": "1004",
      "name": "Marker",
      "track_type": "track",
      "is_audio": false,
      "is_audio_track": false,
      "vit_type": "",
      "vit_intent": "",
      "plugin_count": 0,
      "plugins": []
    },
    {
      "track_id": "1005",
      "name": "Tempo",
      "track_type": "track",
      "is_audio": false,
      "is_audio_track": false,
      "vit_type": "",
      "vit_intent": "",
      "plugin_count": 0,
      "plugins": []
    },
    {
      "track_id": "1006",
      "name": "Master",
      "track_type": "master",
      "is_audio": false,
      "is_audio_track": false,
      "vit_type": "",
      "vit_intent": "",
      "plugin_count": 0,
      "plugins": []
    }
  ]
}
VitHeadlessService: command reply (truncated): {
  "status": "ok",
  "message": "Track list fetched",
  "tracks": [
    {
      "track_id": "1002",
      "name": "Arranger",
      "track_type": "track",
      "is_audio": false,
      "is_audio_track": false,
ZmqGateway: received command payload: {"cmd":"list_tracks"}
ZmqGateway: dispatching payload to JUCE message thread.
VitHeadlessService: processing queued command on JUCE message thread: {"cmd":"list_tracks"}
Command received: {"cmd":"list_tracks"}
Command executed: list_tracks, result: {
  "status": "ok",
  "message": "Track list fetched",
  "tracks": [
    {
      "track_id": "1002",
      "name": "Arranger",
      "track_type": "track",
      "is_audio": false,
      "is_audio_track": false,
      "vit_type": "",
      "vit_intent": "",
      "plugin_count": 0,
      "plugins": []
    },
    {
      "track_id": "1003",
      "name": "Chord",
      "track_type": "track",
      "is_audio": false,
      "is_audio_track": false,
      "vit_type": "",
      "vit_intent": "",
      "plugin_count": 0,
      "plugins": []
    },
    {
      "track_id": "1004",
      "name": "Marker",
      "track_type": "track",
      "is_audio": false,
      "is_audio_track": false,
      "vit_type": "",
      "vit_intent": "",
      "plugin_count": 0,
      "plugins": []
    },
    {
      "track_id": "1005",
      "name": "Tempo",
      "track_type": "track",
      "is_audio": false,
      "is_audio_track": false,
      "vit_type": "",
      "vit_intent": "",
      "plugin_count": 0,
      "plugins": []
    },
    {
      "track_id": "1006",
      "name": "Master",
      "track_type": "master",
      "is_audio": false,
      "is_audio_track": false,
      "vit_type": "",
      "vit_intent": "",
      "plugin_count": 0,
      "plugins": []
    }
  ]
}
VitHeadlessService: command reply (truncated): {
  "status": "ok",
  "message": "Track list fetched",
  "tracks": [
    {
      "track_id": "1002",
      "name": "Arranger",
      "track_type": "track",
      "is_audio": false,
      "is_audio_track": false,
ZmqGateway: received command payload: {"cmd":"add_track","type":"hybrid"}
ZmqGateway: dispatching payload to JUCE message thread.
VitHeadlessService: processing queued command on JUCE message thread: {"cmd":"add_track","type":"hybrid"}
Command received: {"cmd":"add_track","type":"hybrid"}
VitHeadlessService: project saved to D:\Vit_DAW\VitApp\Workspace\default_project.xml
Command executed: add_track, result: {
  "status": "ok",
  "message": "Track added",
  "track_id": "1007",
  "track_name": "Track 1"
}
VitHeadlessService: command reply (truncated): {
  "status": "ok",
  "message": "Track added",
  "track_id": "1007",
  "track_name": "Track 1"
}
ZmqGateway: received command payload: {"cmd":"list_tracks"}
ZmqGateway: dispatching payload to JUCE message thread.
VitHeadlessService: processing queued command on JUCE message thread: {"cmd":"list_tracks"}
Command received: {"cmd":"list_tracks"}
Command executed: list_tracks, result: {
  "status": "ok",
  "message": "Track list fetched",
  "tracks": [
    {
      "track_id": "1002",
      "name": "Arranger",
      "track_type": "track",
      "is_audio": false,
      "is_audio_track": false,
      "vit_type": "",
      "vit_intent": "",
      "plugin_count": 0,
      "plugins": []
    },
    {
      "track_id": "1003",
      "name": "Chord",
      "track_type": "track",
      "is_audio": false,
      "is_audio_track": false,
      "vit_type": "",
      "vit_intent": "",
      "plugin_count": 0,
      "plugins": []
    },
    {
      "track_id": "1004",
      "name": "Marker",
      "track_type": "track",
      "is_audio": false,
      "is_audio_track": false,
      "vit_type": "",
      "vit_intent": "",
      "plugin_count": 0,
      "plugins": []
    },
    {
      "track_id": "1005",
      "name": "Tempo",
      "track_type": "track",
      "is_audio": false,
      "is_audio_track": false,
      "vit_type": "",
      "vit_intent": "",
      "plugin_count": 0,
      "plugins": []
    },
    {
      "track_id": "1006",
      "name": "Master",
      "track_type": "master",
      "is_audio": false,
      "is_audio_track": false,
      "vit_type": "",
      "vit_intent": "",
      "plugin_count": 0,
      "plugins": []
    },
    {
      "track_id": "1007",
      "name": "Track 1",
      "track_type": "hybrid",
      "is_audio": true,
      "is_audio_track": true,
      "vit_type": "",
      "vit_intent": "",
      "plugin_count": 2,
      "plugins": [
        {
          "name": "Volume & Pan Plugin",
          "type": "volume",
          "enabled": true
        },
        {
          "name": "Level Meter",
          "type": "level",
          "enabled": true
        }
      ]
    }
  ]
}
VitHeadlessService: command reply (truncated): {
  "status": "ok",
  "message": "Track list fetched",
  "tracks": [
    {
      "track_id": "1002",
      "name": "Arranger",
      "track_type": "track",
      "is_audio": false,
      "is_audio_track": false,
ZmqGateway: received command payload: {"cmd":"get_project_state"}
ZmqGateway: dispatching payload to JUCE message thread.
VitHeadlessService: processing queued command on JUCE message thread: {"cmd":"get_project_state"}
Command received: {"cmd":"get_project_state"}
Command executed: get_project_state, result: {
  "status": "ok",
  "project_path": "",
  "tracks": [
    {
      "track_id": "1002",
      "track_name": "Arranger",
      "track_type": "track",
      "is_audio_track": false,
      "is_audio": false,
      "plugins": [],
      "clips": []
    },
    {
      "track_id": "1003",
      "track_name": "Chord",
      "track_type": "track",
      "is_audio_track": false,
      "is_audio": false,
      "plugins": [],
      "clips": []
    },
    {
      "track_id": "1004",
      "track_name": "Marker",
      "track_type": "track",
      "is_audio_track": false,
      "is_audio": false,
      "plugins": [],
      "clips": []
    },
    {
      "track_id": "1005",
      "track_name": "Tempo",
      "track_type": "track",
      "is_audio_track": false,
      "is_audio": false,
      "plugins": [],
      "clips": []
    },
    {
      "track_id": "1006",
      "track_name": "Master",
      "track_type": "master",
      "is_audio_track": false,
      "is_audio": false,
      "plugins": [],
      "clips": []
    },
    {
      "track_id": "1007",
      "track_name": "Track 1",
      "track_type": "hybrid",
      "is_audio_track": true,
      "is_audio": true,
      "plugins": [
        {
          "id": "1008",
          "item_id": "1008",
          "name": "Volume & Pan Plugin",
          "type": "volume",
          "enabled": true
        },
        {
          "id": "1009",
          "item_id": "1009",
          "name": "Level Meter",
          "type": "level",
          "enabled": true
        }
      ],
      "clips": [],
      "output_to_device_resolved": true,
      "output_device_enabled": true,
      "output_device_id": "out_b7a4b4c1",
      "output_routing_name": "(default audio output)"
    }
  ]
}
VitHeadlessService: command reply (truncated): {
  "status": "ok",
  "project_path": "",
  "tracks": [
    {
      "track_id": "1002",
      "track_name": "Arranger",
      "track_type": "track",
      "is_audio_track": false,
      "is_audio": false,
     
ZmqGateway: received command payload: {"cmd":"list_tracks"}
ZmqGateway: dispatching payload to JUCE message thread.
VitHeadlessService: processing queued command on JUCE message thread: {"cmd":"list_tracks"}
Command received: {"cmd":"list_tracks"}
Command executed: list_tracks, result: {
  "status": "ok",
  "message": "Track list fetched",
  "tracks": [
    {
      "track_id": "1002",
      "name": "Arranger",
      "track_type": "track",
      "is_audio": false,
      "is_audio_track": false,
      "vit_type": "",
      "vit_intent": "",
      "plugin_count": 0,
      "plugins": []
    },
    {
      "track_id": "1003",
      "name": "Chord",
      "track_type": "track",
      "is_audio": false,
      "is_audio_track": false,
      "vit_type": "",
      "vit_intent": "",
      "plugin_count": 0,
      "plugins": []
    },
    {
      "track_id": "1004",
      "name": "Marker",
      "track_type": "track",
      "is_audio": false,
      "is_audio_track": false,
      "vit_type": "",
      "vit_intent": "",
      "plugin_count": 0,
      "plugins": []
    },
    {
      "track_id": "1005",
      "name": "Tempo",
      "track_type": "track",
      "is_audio": false,
      "is_audio_track": false,
      "vit_type": "",
      "vit_intent": "",
      "plugin_count": 0,
      "plugins": []
    },
    {
      "track_id": "1006",
      "name": "Master",
      "track_type": "master",
      "is_audio": false,
      "is_audio_track": false,
      "vit_type": "",
      "vit_intent": "",
      "plugin_count": 0,
      "plugins": []
    },
    {
      "track_id": "1007",
      "name": "Track 1",
      "track_type": "hybrid",
      "is_audio": true,
      "is_audio_track": true,
      "vit_type": "",
      "vit_intent": "",
      "plugin_count": 2,
      "plugins": [
        {
          "name": "Volume & Pan Plugin",
          "type": "volume",
          "enabled": true
        },
        {
          "name": "Level Meter",
          "type": "level",
          "enabled": true
        }
      ]
    }
  ]
}
VitHeadlessService: command reply (truncated): {
  "status": "ok",
  "message": "Track list fetched",
  "tracks": [
    {
      "track_id": "1002",
      "name": "Arranger",
      "track_type": "track",
      "is_audio": false,
      "is_audio_track": false,
ZmqGateway: received command payload: {"cmd":"insert_midi_clip","command":"insert_midi_clip","length":4.0,"start":0.0,"time_unit":"beats","track_id":"1007"}
ZmqGateway: dispatching payload to JUCE message thread.
VitHeadlessService: processing queued command on JUCE message thread: {"cmd":"insert_midi_clip","command":"insert_midi_clip","length":4.0,"start":0.0,"time_unit":"beats","track_id":"1007"}
Command received: {"cmd":"insert_midi_clip","command":"insert_midi_clip","length":4.0,"start":0.0,"time_unit":"beats","track_id":"1007"}
Command executed: insert_midi_clip, result: {
  "status": "ok",
  "message": "MIDI clip inserted",
  "clip_id": "1010",
  "track_id": "1007",
  "start_seconds": 0.0,
  "length_seconds": 2.0
}
VitHeadlessService: command reply (truncated): {
  "status": "ok",
  "message": "MIDI clip inserted",
  "clip_id": "1010",
  "track_id": "1007",
  "start_seconds": 0.0,
  "length_seconds": 2.0
}
ZmqGateway: received command payload: {"cmd":"get_project_state"}
ZmqGateway: dispatching payload to JUCE message thread.
VitHeadlessService: processing queued command on JUCE message thread: {"cmd":"get_project_state"}
Command received: {"cmd":"get_project_state"}
Command executed: get_project_state, result: {
  "status": "ok",
  "project_path": "",
  "tracks": [
    {
      "track_id": "1002",
      "track_name": "Arranger",
      "track_type": "track",
      "is_audio_track": false,
      "is_audio": false,
      "plugins": [],
      "clips": []
    },
    {
      "track_id": "1003",
      "track_name": "Chord",
      "track_type": "track",
      "is_audio_track": false,
      "is_audio": false,
      "plugins": [],
      "clips": []
    },
    {
      "track_id": "1004",
      "track_name": "Marker",
      "track_type": "track",
      "is_audio_track": false,
      "is_audio": false,
      "plugins": [],
      "clips": []
    },
    {
      "track_id": "1005",
      "track_name": "Tempo",
      "track_type": "track",
      "is_audio_track": false,
      "is_audio": false,
      "plugins": [],
      "clips": []
    },
    {
      "track_id": "1006",
      "track_name": "Master",
      "track_type": "master",
      "is_audio_track": false,
      "is_audio": false,
      "plugins": [],
      "clips": []
    },
    {
      "track_id": "1007",
      "track_name": "Track 1",
      "track_type": "hybrid",
      "is_audio_track": true,
      "is_audio": true,
      "plugins": [
        {
          "id": "1008",
          "item_id": "1008",
          "name": "Volume & Pan Plugin",
          "type": "volume",
          "enabled": true
        },
        {
          "id": "1009",
          "item_id": "1009",
          "name": "Level Meter",
          "type": "level",
          "enabled": true
        }
      ],
      "clips": [
        {
          "id": "1010",
          "name": "New MIDI Clip",
          "clip_type": "midi",
          "start_seconds": 0.0,
          "end_seconds": 2.0,
          "length_seconds": 2.0,
          "offset_in_source_seconds": 0.0
        }
      ],
      "output_to_device_resolved": true,
      "output_device_enabled": true,
      "output_device_id": "out_b7a4b4c1",
      "output_routing_name": "(default audio output)"
    }
  ]
}
VitHeadlessService: command reply (truncated): {
  "status": "ok",
  "project_path": "",
  "tracks": [
    {
      "track_id": "1002",
      "track_name": "Arranger",
      "track_type": "track",
      "is_audio_track": false,
      "is_audio": false,
     
ZmqGateway: received command payload: {"cmd":"list_tracks"}
ZmqGateway: dispatching payload to JUCE message thread.
VitHeadlessService: processing queued command on JUCE message thread: {"cmd":"list_tracks"}
Command received: {"cmd":"list_tracks"}
Command executed: list_tracks, result: {
  "status": "ok",
  "message": "Track list fetched",
  "tracks": [
    {
      "track_id": "1002",
      "name": "Arranger",
      "track_type": "track",
      "is_audio": false,
      "is_audio_track": false,
      "vit_type": "",
      "vit_intent": "",
      "plugin_count": 0,
      "plugins": []
    },
    {
      "track_id": "1003",
      "name": "Chord",
      "track_type": "track",
      "is_audio": false,
      "is_audio_track": false,
      "vit_type": "",
      "vit_intent": "",
      "plugin_count": 0,
      "plugins": []
    },
    {
      "track_id": "1004",
      "name": "Marker",
      "track_type": "track",
      "is_audio": false,
      "is_audio_track": false,
      "vit_type": "",
      "vit_intent": "",
      "plugin_count": 0,
      "plugins": []
    },
    {
      "track_id": "1005",
      "name": "Tempo",
      "track_type": "track",
      "is_audio": false,
      "is_audio_track": false,
      "vit_type": "",
      "vit_intent": "",
      "plugin_count": 0,
      "plugins": []
    },
    {
      "track_id": "1006",
      "name": "Master",
      "track_type": "master",
      "is_audio": false,
      "is_audio_track": false,
      "vit_type": "",
      "vit_intent": "",
      "plugin_count": 0,
      "plugins": []
    },
    {
      "track_id": "1007",
      "name": "Track 1",
      "track_type": "hybrid",
      "is_audio": true,
      "is_audio_track": true,
      "vit_type": "",
      "vit_intent": "",
      "plugin_count": 2,
      "plugins": [
        {
          "name": "Volume & Pan Plugin",
          "type": "volume",
          "enabled": true
        },
        {
          "name": "Level Meter",
          "type": "level",
          "enabled": true
        }
      ]
    }
  ]
}
VitHeadlessService: command reply (truncated): {
  "status": "ok",
  "message": "Track list fetched",
  "tracks": [
    {
      "track_id": "1002",
      "name": "Arranger",
      "track_type": "track",
      "is_audio": false,
      "is_audio_track": false,
ZmqGateway: received command payload: {"clip_id":"1010","cmd":"get_midi_clip_data","command":"get_midi_clip_data","time_unit":"beats"}
ZmqGateway: dispatching payload to JUCE message thread.
VitHeadlessService: processing queued command on JUCE message thread: {"clip_id":"1010","cmd":"get_midi_clip_data","command":"get_midi_clip_data","time_unit":"beats"}
Command received: {"clip_id":"1010","cmd":"get_midi_clip_data","command":"get_midi_clip_data","time_unit":"beats"}
Command executed: get_midi_clip_data, result: {
  "status": "ok",
  "clip_id": "1010",
  "time_unit": "beats",
  "notes": []
}
VitHeadlessService: command reply (truncated): {
  "status": "ok",
  "clip_id": "1010",
  "time_unit": "beats",
  "notes": []
}
ZmqGateway: received command payload: {"clip_id":"1010","cmd":"get_midi_clip_notes","command":"get_midi_clip_notes","time_unit":"beats","track_id":"1007"}
ZmqGateway: dispatching payload to JUCE message thread.
VitHeadlessService: processing queued command on JUCE message thread: {"clip_id":"1010","cmd":"get_midi_clip_notes","command":"get_midi_clip_notes","time_unit":"beats","track_id":"1007"}
Command received: {"clip_id":"1010","cmd":"get_midi_clip_notes","command":"get_midi_clip_notes","time_unit":"beats","track_id":"1007"}
Command executed: get_midi_clip_notes, result: {
  "status": "ok",
  "message": "MIDI clip notes",
  "clip_id": "1010",
  "track_id": "1007",
  "time_unit": "beats",
  "notes": []
}
VitHeadlessService: command reply (truncated): {
  "status": "ok",
  "message": "MIDI clip notes",
  "clip_id": "1010",
  "track_id": "1007",
  "time_unit": "beats",
  "notes": []
}
ZmqGateway: received command payload: {"clip_id":"1010","cmd":"resize_clip","command":"resize_clip","new_length":31.0,"new_start":0.0,"offset_in_source":0.0,"time_unit":"beats","track_id":"1007","track_index":0}
ZmqGateway: dispatching payload to JUCE message thread.
VitHeadlessService: processing queued command on JUCE message thread: {"clip_id":"1010","cmd":"resize_clip","command":"resize_clip","new_length":31.0,"new_start":0.0,"offset_in_source":0.0,"time_unit":"beats","track_id":"1007","track_index":0}
Command received: {"clip_id":"1010","cmd":"resize_clip","command":"resize_clip","new_length":31.0,"new_start":0.0,"offset_in_source":0.0,"time_unit":"beats","track_id":"1007","track_index":0}
Command executed: resize_clip, result: {
  "status": "ok",
  "message": "Clip resized",
  "clip_id": "1010",
  "track_id": "1007",
  "affected_track_id": "1007",
  "new_start_seconds": 0.0,
  "new_length_seconds": 15.5,
  "offset_in_source_seconds": 0.0,
  "overlap_mode": "trim",
  "created_clip_ids": [],
  "removed_clip_ids": [],
  "affected_clip_ids": []
}
VitHeadlessService: command reply (truncated): {
  "status": "ok",
  "message": "Clip resized",
  "clip_id": "1010",
  "track_id": "1007",
  "affected_track_id": "1007",
  "new_start_seconds": 0.0,
  "new_length_seconds": 15.5,
  "offset_in_source_seconds": 0
ZmqGateway: received command payload: {"clip_id":"1010","cmd":"add_midi_notes","command":"add_midi_notes","notes":[{"id":"note_7761","length":1.0,"pitch":67,"start":1.25,"state":"solid","velocity":100}],"time_unit":"beats","track_id":"1007","track_index":0}
ZmqGateway: dispatching payload to JUCE message thread.
VitHeadlessService: processing queued command on JUCE message thread: {"clip_id":"1010","cmd":"add_midi_notes","command":"add_midi_notes","notes":[{"id":"note_7761","length":1.0,"pitch":67,"start":1.25,"state":"solid","velocity":100}],"time_unit":"beats","track_id":"1007","track_index":0}
Command received: {"clip_id":"1010","cmd":"add_midi_notes","command":"add_midi_notes","notes":[{"id":"note_7761","length":1.0,"pitch":67,"start":1.25,"state":"solid","velocity":100}],"time_unit":"beats","track_id":"1007","track_index":0}
Command executed: add_midi_notes, result: {
  "status": "ok",
  "message": "MIDI notes added",
  "clip_id": "1010",
  "track_id": "1007",
  "added_count": 1
}
VitHeadlessService: command reply (truncated): {
  "status": "ok",
  "message": "MIDI notes added",
  "clip_id": "1010",
  "track_id": "1007",
  "added_count": 1
}
ZmqGateway: received command payload: {"clip_id":"1010","cmd":"add_midi_notes","command":"add_midi_notes","notes":[{"id":"note_8367","length":1.0,"pitch":64,"start":3.25,"state":"solid","velocity":100}],"time_unit":"beats","track_id":"1007","track_index":0}
ZmqGateway: dispatching payload to JUCE message thread.
VitHeadlessService: processing queued command on JUCE message thread: {"clip_id":"1010","cmd":"add_midi_notes","command":"add_midi_notes","notes":[{"id":"note_8367","length":1.0,"pitch":64,"start":3.25,"state":"solid","velocity":100}],"time_unit":"beats","track_id":"1007","track_index":0}
Command received: {"clip_id":"1010","cmd":"add_midi_notes","command":"add_midi_notes","notes":[{"id":"note_8367","length":1.0,"pitch":64,"start":3.25,"state":"solid","velocity":100}],"time_unit":"beats","track_id":"1007","track_index":0}
Command executed: add_midi_notes, result: {
  "status": "ok",
  "message": "MIDI notes added",
  "clip_id": "1010",
  "track_id": "1007",
  "added_count": 1
}
VitHeadlessService: command reply (truncated): {
  "status": "ok",
  "message": "MIDI notes added",
  "clip_id": "1010",
  "track_id": "1007",
  "added_count": 1
}
ZmqGateway: received command payload: {"clip_id":"1010","cmd":"add_midi_notes","command":"add_midi_notes","notes":[{"id":"note_8908","length":1.0,"pitch":57,"start":5.75,"state":"solid","velocity":100}],"time_unit":"beats","track_id":"1007","track_index":0}
ZmqGateway: dispatching payload to JUCE message thread.
VitHeadlessService: processing queued command on JUCE message thread: {"clip_id":"1010","cmd":"add_midi_notes","command":"add_midi_notes","notes":[{"id":"note_8908","length":1.0,"pitch":57,"start":5.75,"state":"solid","velocity":100}],"time_unit":"beats","track_id":"1007","track_index":0}
Command received: {"clip_id":"1010","cmd":"add_midi_notes","command":"add_midi_notes","notes":[{"id":"note_8908","length":1.0,"pitch":57,"start":5.75,"state":"solid","velocity":100}],"time_unit":"beats","track_id":"1007","track_index":0}
Command executed: add_midi_notes, result: {
  "status": "ok",
  "message": "MIDI notes added",
  "clip_id": "1010",
  "track_id": "1007",
  "added_count": 1
}
VitHeadlessService: command reply (truncated): {
  "status": "ok",
  "message": "MIDI notes added",
  "clip_id": "1010",
  "track_id": "1007",
  "added_count": 1
}
ZmqGateway: received command payload: {"clip_id":"1010","cmd":"add_midi_notes","command":"add_midi_notes","notes":[{"id":"note_9372","length":1.0,"pitch":61,"start":7.75,"state":"solid","velocity":100}],"time_unit":"beats","track_id":"1007","track_index":0}
ZmqGateway: dispatching payload to JUCE message thread.
VitHeadlessService: processing queued command on JUCE message thread: {"clip_id":"1010","cmd":"add_midi_notes","command":"add_midi_notes","notes":[{"id":"note_9372","length":1.0,"pitch":61,"start":7.75,"state":"solid","velocity":100}],"time_unit":"beats","track_id":"1007","track_index":0}
Command received: {"clip_id":"1010","cmd":"add_midi_notes","command":"add_midi_notes","notes":[{"id":"note_9372","length":1.0,"pitch":61,"start":7.75,"state":"solid","velocity":100}],"time_unit":"beats","track_id":"1007","track_index":0}
Command executed: add_midi_notes, result: {
  "status": "ok",
  "message": "MIDI notes added",
  "clip_id": "1010",
  "track_id": "1007",
  "added_count": 1
}
VitHeadlessService: command reply (truncated): {
  "status": "ok",
  "message": "MIDI notes added",
  "clip_id": "1010",
  "track_id": "1007",
  "added_count": 1
}
ZmqGateway: received command payload: {"clip_id":"1010","cmd":"add_midi_notes","command":"add_midi_notes","notes":[{"id":"note_9819","length":1.0,"pitch":58,"start":10.5,"state":"solid","velocity":100}],"time_unit":"beats","track_id":"1007","track_index":0}
ZmqGateway: dispatching payload to JUCE message thread.
VitHeadlessService: processing queued command on JUCE message thread: {"clip_id":"1010","cmd":"add_midi_notes","command":"add_midi_notes","notes":[{"id":"note_9819","length":1.0,"pitch":58,"start":10.5,"state":"solid","velocity":100}],"time_unit":"beats","track_id":"1007","track_index":0}
Command received: {"clip_id":"1010","cmd":"add_midi_notes","command":"add_midi_notes","notes":[{"id":"note_9819","length":1.0,"pitch":58,"start":10.5,"state":"solid","velocity":100}],"time_unit":"beats","track_id":"1007","track_index":0}
Command executed: add_midi_notes, result: {
  "status": "ok",
  "message": "MIDI notes added",
  "clip_id": "1010",
  "track_id": "1007",
  "added_count": 1
}
VitHeadlessService: command reply (truncated): {
  "status": "ok",
  "message": "MIDI notes added",
  "clip_id": "1010",
  "track_id": "1007",
  "added_count": 1
}
ZmqGateway: received command payload: {"clip_id":"1010","cmd":"add_midi_notes","command":"add_midi_notes","notes":[{"id":"note_10261","length":1.0,"pitch":61,"start":12.5,"state":"solid","velocity":100}],"time_unit":"beats","track_id":"1007","track_index":0}
ZmqGateway: dispatching payload to JUCE message thread.
VitHeadlessService: processing queued command on JUCE message thread: {"clip_id":"1010","cmd":"add_midi_notes","command":"add_midi_notes","notes":[{"id":"note_10261","length":1.0,"pitch":61,"start":12.5,"state":"solid","velocity":100}],"time_unit":"beats","track_id":"1007","track_index":0}
Command received: {"clip_id":"1010","cmd":"add_midi_notes","command":"add_midi_notes","notes":[{"id":"note_10261","length":1.0,"pitch":61,"start":12.5,"state":"solid","velocity":100}],"time_unit":"beats","track_id":"1007","track_index":0}
Command executed: add_midi_notes, result: {
  "status": "ok",
  "message": "MIDI notes added",
  "clip_id": "1010",
  "track_id": "1007",
  "added_count": 1
}
VitHeadlessService: command reply (truncated): {
  "status": "ok",
  "message": "MIDI notes added",
  "clip_id": "1010",
  "track_id": "1007",
  "added_count": 1
}
ZmqGateway: received command payload: {"clip_id":"1010","cmd":"add_midi_notes","command":"add_midi_notes","notes":[{"id":"note_10690","length":1.0,"pitch":56,"start":15.5,"state":"solid","velocity":100}],"time_unit":"beats","track_id":"1007","track_index":0}
ZmqGateway: dispatching payload to JUCE message thread.
VitHeadlessService: processing queued command on JUCE message thread: {"clip_id":"1010","cmd":"add_midi_notes","command":"add_midi_notes","notes":[{"id":"note_10690","length":1.0,"pitch":56,"start":15.5,"state":"solid","velocity":100}],"time_unit":"beats","track_id":"1007","track_index":0}
Command received: {"clip_id":"1010","cmd":"add_midi_notes","command":"add_midi_notes","notes":[{"id":"note_10690","length":1.0,"pitch":56,"start":15.5,"state":"solid","velocity":100}],"time_unit":"beats","track_id":"1007","track_index":0}
Command executed: add_midi_notes, result: {
  "status": "ok",
  "message": "MIDI notes added",
  "clip_id": "1010",
  "track_id": "1007",
  "added_count": 1
}
VitHeadlessService: command reply (truncated): {
  "status": "ok",
  "message": "MIDI notes added",
  "clip_id": "1010",
  "track_id": "1007",
  "added_count": 1
}
ZmqGateway: received command payload: {"clip_id":"1010","cmd":"add_midi_notes","command":"add_midi_notes","notes":[{"id":"note_11155","length":1.0,"pitch":61,"start":18.75,"state":"solid","velocity":100}],"time_unit":"beats","track_id":"1007","track_index":0}
ZmqGateway: dispatching payload to JUCE message thread.
VitHeadlessService: processing queued command on JUCE message thread: {"clip_id":"1010","cmd":"add_midi_notes","command":"add_midi_notes","notes":[{"id":"note_11155","length":1.0,"pitch":61,"start":18.75,"state":"solid","velocity":100}],"time_unit":"beats","track_id":"1007","track_index":0}
Command received: {"clip_id":"1010","cmd":"add_midi_notes","command":"add_midi_notes","notes":[{"id":"note_11155","length":1.0,"pitch":61,"start":18.75,"state":"solid","velocity":100}],"time_unit":"beats","track_id":"1007","track_index":0}
Command executed: add_midi_notes, result: {
  "status": "ok",
  "message": "MIDI notes added",
  "clip_id": "1010",
  "track_id": "1007",
  "added_count": 1
}
VitHeadlessService: command reply (truncated): {
  "status": "ok",
  "message": "MIDI notes added",
  "clip_id": "1010",
  "track_id": "1007",
  "added_count": 1
}
ZmqGateway: received command payload: {"clip_id":"1010","cmd":"add_midi_notes","command":"add_midi_notes","notes":[{"id":"note_11596","length":1.0,"pitch":56,"start":21.5,"state":"solid","velocity":100}],"time_unit":"beats","track_id":"1007","track_index":0}
ZmqGateway: dispatching payload to JUCE message thread.
VitHeadlessService: processing queued command on JUCE message thread: {"clip_id":"1010","cmd":"add_midi_notes","command":"add_midi_notes","notes":[{"id":"note_11596","length":1.0,"pitch":56,"start":21.5,"state":"solid","velocity":100}],"time_unit":"beats","track_id":"1007","track_index":0}
Command received: {"clip_id":"1010","cmd":"add_midi_notes","command":"add_midi_notes","notes":[{"id":"note_11596","length":1.0,"pitch":56,"start":21.5,"state":"solid","velocity":100}],"time_unit":"beats","track_id":"1007","track_index":0}
Command executed: add_midi_notes, result: {
  "status": "ok",
  "message": "MIDI notes added",
  "clip_id": "1010",
  "track_id": "1007",
  "added_count": 1
}
VitHeadlessService: command reply (truncated): {
  "status": "ok",
  "message": "MIDI notes added",
  "clip_id": "1010",
  "track_id": "1007",
  "added_count": 1
}
ZmqGateway: received command payload: {"clip_id":"1010","cmd":"add_midi_notes","command":"add_midi_notes","notes":[{"id":"note_12014","length":1.0,"pitch":62,"start":23.5,"state":"solid","velocity":100}],"time_unit":"beats","track_id":"1007","track_index":0}
ZmqGateway: dispatching payload to JUCE message thread.
VitHeadlessService: processing queued command on JUCE message thread: {"clip_id":"1010","cmd":"add_midi_notes","command":"add_midi_notes","notes":[{"id":"note_12014","length":1.0,"pitch":62,"start":23.5,"state":"solid","velocity":100}],"time_unit":"beats","track_id":"1007","track_index":0}
Command received: {"clip_id":"1010","cmd":"add_midi_notes","command":"add_midi_notes","notes":[{"id":"note_12014","length":1.0,"pitch":62,"start":23.5,"state":"solid","velocity":100}],"time_unit":"beats","track_id":"1007","track_index":0}
Command executed: add_midi_notes, result: {
  "status": "ok",
  "message": "MIDI notes added",
  "clip_id": "1010",
  "track_id": "1007",
  "added_count": 1
}
VitHeadlessService: command reply (truncated): {
  "status": "ok",
  "message": "MIDI notes added",
  "clip_id": "1010",
  "track_id": "1007",
  "added_count": 1
}
ZmqGateway: received command payload: {"clip_id":"1010","cmd":"add_midi_notes","command":"add_midi_notes","notes":[{"id":"note_12419","length":1.0,"pitch":70,"start":23.75,"state":"solid","velocity":100}],"time_unit":"beats","track_id":"1007","track_index":0}
ZmqGateway: dispatching payload to JUCE message thread.
VitHeadlessService: processing queued command on JUCE message thread: {"clip_id":"1010","cmd":"add_midi_notes","command":"add_midi_notes","notes":[{"id":"note_12419","length":1.0,"pitch":70,"start":23.75,"state":"solid","velocity":100}],"time_unit":"beats","track_id":"1007","track_index":0}
Command received: {"clip_id":"1010","cmd":"add_midi_notes","command":"add_midi_notes","notes":[{"id":"note_12419","length":1.0,"pitch":70,"start":23.75,"state":"solid","velocity":100}],"time_unit":"beats","track_id":"1007","track_index":0}
Command executed: add_midi_notes, result: {
  "status": "ok",
  "message": "MIDI notes added",
  "clip_id": "1010",
  "track_id": "1007",
  "added_count": 1
}
VitHeadlessService: command reply (truncated): {
  "status": "ok",
  "message": "MIDI notes added",
  "clip_id": "1010",
  "track_id": "1007",
  "added_count": 1
}
ZmqGateway: received command payload: {"clip_id":"1010","cmd":"add_midi_notes","command":"add_midi_notes","notes":[{"id":"note_13131","length":1.0,"pitch":64,"start":27.0,"state":"solid","velocity":100}],"time_unit":"beats","track_id":"1007","track_index":0}
ZmqGateway: dispatching payload to JUCE message thread.
VitHeadlessService: processing queued command on JUCE message thread: {"clip_id":"1010","cmd":"add_midi_notes","command":"add_midi_notes","notes":[{"id":"note_13131","length":1.0,"pitch":64,"start":27.0,"state":"solid","velocity":100}],"time_unit":"beats","track_id":"1007","track_index":0}
Command received: {"clip_id":"1010","cmd":"add_midi_notes","command":"add_midi_notes","notes":[{"id":"note_13131","length":1.0,"pitch":64,"start":27.0,"state":"solid","velocity":100}],"time_unit":"beats","track_id":"1007","track_index":0}
Command executed: add_midi_notes, result: {
  "status": "ok",
  "message": "MIDI notes added",
  "clip_id": "1010",
  "track_id": "1007",
  "added_count": 1
}
VitHeadlessService: command reply (truncated): {
  "status": "ok",
  "message": "MIDI notes added",
  "clip_id": "1010",
  "track_id": "1007",
  "added_count": 1
}
ZmqGateway: received command payload: {"clip_id":"1010","cmd":"add_midi_notes","command":"add_midi_notes","notes":[{"id":"note_13931","length":1.0,"pitch":65,"start":26.0,"state":"solid","velocity":100}],"time_unit":"beats","track_id":"1007","track_index":0}
ZmqGateway: dispatching payload to JUCE message thread.
VitHeadlessService: processing queued command on JUCE message thread: {"clip_id":"1010","cmd":"add_midi_notes","command":"add_midi_notes","notes":[{"id":"note_13931","length":1.0,"pitch":65,"start":26.0,"state":"solid","velocity":100}],"time_unit":"beats","track_id":"1007","track_index":0}
Command received: {"clip_id":"1010","cmd":"add_midi_notes","command":"add_midi_notes","notes":[{"id":"note_13931","length":1.0,"pitch":65,"start":26.0,"state":"solid","velocity":100}],"time_unit":"beats","track_id":"1007","track_index":0}
Command executed: add_midi_notes, result: {
  "status": "ok",
  "message": "MIDI notes added",
  "clip_id": "1010",
  "track_id": "1007",
  "added_count": 1
}
VitHeadlessService: command reply (truncated): {
  "status": "ok",
  "message": "MIDI notes added",
  "clip_id": "1010",
  "track_id": "1007",
  "added_count": 1
}
ZmqGateway: received command payload: {"clip_id":"1010","cmd":"mutate_midi_notes","command":"mutate_midi_notes","notes":[{"id":"note_7761","length":1.0,"pitch":68,"start":1.25,"velocity":100}],"time_unit":"beats","track_id":"1007","track_index":0}
ZmqGateway: dispatching payload to JUCE message thread.
VitHeadlessService: processing queued command on JUCE message thread: {"clip_id":"1010","cmd":"mutate_midi_notes","command":"mutate_midi_notes","notes":[{"id":"note_7761","length":1.0,"pitch":68,"start":1.25,"velocity":100}],"time_unit":"beats","track_id":"1007","track_index":0}
Command received: {"clip_id":"1010","cmd":"mutate_midi_notes","command":"mutate_midi_notes","notes":[{"id":"note_7761","length":1.0,"pitch":68,"start":1.25,"velocity":100}],"time_unit":"beats","track_id":"1007","track_index":0}
Command executed: mutate_midi_notes, result: {
  "status": "ok",
  "message": "MIDI notes mutated",
  "clip_id": "1010",
  "track_id": "1007",
  "mutated_count": 1,
  "missing_note_ids": []
}
VitHeadlessService: command reply (truncated): {
  "status": "ok",
  "message": "MIDI notes mutated",
  "clip_id": "1010",
  "track_id": "1007",
  "mutated_count": 1,
  "missing_note_ids": []
}
ZmqGateway: received command payload: {"clip_id":"1010","cmd":"mutate_midi_notes","command":"mutate_midi_notes","notes":[{"id":"note_7761","length":1.0,"pitch":67,"start":1.25,"velocity":100}],"time_unit":"beats","track_id":"1007","track_index":0}
ZmqGateway: dispatching payload to JUCE message thread.
VitHeadlessService: processing queued command on JUCE message thread: {"clip_id":"1010","cmd":"mutate_midi_notes","command":"mutate_midi_notes","notes":[{"id":"note_7761","length":1.0,"pitch":67,"start":1.25,"velocity":100}],"time_unit":"beats","track_id":"1007","track_index":0}
Command received: {"clip_id":"1010","cmd":"mutate_midi_notes","command":"mutate_midi_notes","notes":[{"id":"note_7761","length":1.0,"pitch":67,"start":1.25,"velocity":100}],"time_unit":"beats","track_id":"1007","track_index":0}
Command executed: mutate_midi_notes, result: {
  "status": "ok",
  "message": "MIDI notes mutated",
  "clip_id": "1010",
  "track_id": "1007",
  "mutated_count": 1,
  "missing_note_ids": []
}
VitHeadlessService: command reply (truncated): {
  "status": "ok",
  "message": "MIDI notes mutated",
  "clip_id": "1010",
  "track_id": "1007",
  "mutated_count": 1,
  "missing_note_ids": []
}
ZmqGateway: received command payload: {"clip_id":"1010","cmd":"get_midi_clip_data","command":"get_midi_clip_data","time_unit":"beats"}
ZmqGateway: dispatching payload to JUCE message thread.
VitHeadlessService: processing queued command on JUCE message thread: {"clip_id":"1010","cmd":"get_midi_clip_data","command":"get_midi_clip_data","time_unit":"beats"}
Command received: {"clip_id":"1010","cmd":"get_midi_clip_data","command":"get_midi_clip_data","time_unit":"beats"}
Command executed: get_midi_clip_data, result: {
  "status": "ok",
  "clip_id": "1010",
  "time_unit": "beats",
  "notes": [
    {
      "id": "note_7761",
      "start": 1.25,
      "length": 1.0,
      "pitch": 67,
      "velocity": 100
    },
    {
      "id": "note_8367",
      "start": 3.25,
      "length": 1.0,
      "pitch": 64,
      "velocity": 100
    },
    {
      "id": "note_8908",
      "start": 5.75,
      "length": 1.0,
      "pitch": 57,
      "velocity": 100
    },
    {
      "id": "note_9372",
      "start": 7.75,
      "length": 1.0,
      "pitch": 61,
      "velocity": 100
    },
    {
      "id": "note_9819",
      "start": 10.5,
      "length": 1.0,
      "pitch": 58,
      "velocity": 100
    },
    {
      "id": "note_10261",
      "start": 12.5,
      "length": 1.0,
      "pitch": 61,
      "velocity": 100
    },
    {
      "id": "note_10690",
      "start": 15.5,
      "length": 1.0,
      "pitch": 56,
      "velocity": 100
    },
    {
      "id": "note_11155",
      "start": 18.75,
      "length": 1.0,
      "pitch": 61,
      "velocity": 100
    },
    {
      "id": "note_11596",
      "start": 21.5,
      "length": 1.0,
      "pitch": 56,
      "velocity": 100
    },
    {
      "id": "note_12014",
      "start": 23.5,
      "length": 1.0,
      "pitch": 62,
      "velocity": 100
    },
    {
      "id": "note_12419",
      "start": 23.75,
      "length": 1.0,
      "pitch": 70,
      "velocity": 100
    },
    {
      "id": "note_13931",
      "start": 26.0,
      "length": 1.0,
      "pitch": 65,
      "velocity": 100
    },
    {
      "id": "note_13131",
      "start": 27.0,
      "length": 1.0,
      "pitch": 64,
      "velocity": 100
    }
  ]
}
VitHeadlessService: command reply (truncated): {
  "status": "ok",
  "clip_id": "1010",
  "time_unit": "beats",
  "notes": [
    {
      "id": "note_7761",
      "start": 1.25,
      "length": 1.0,
      "pitch": 67,
      "velocity": 100
    },
    {
  
ZmqGateway: received command payload: {"clip_id":"1010","cmd":"get_midi_clip_data","command":"get_midi_clip_data","time_unit":"beats"}
ZmqGateway: dispatching payload to JUCE message thread.
VitHeadlessService: processing queued command on JUCE message thread: {"clip_id":"1010","cmd":"get_midi_clip_data","command":"get_midi_clip_data","time_unit":"beats"}
Command received: {"clip_id":"1010","cmd":"get_midi_clip_data","command":"get_midi_clip_data","time_unit":"beats"}
Command executed: get_midi_clip_data, result: {
  "status": "ok",
  "clip_id": "1010",
  "time_unit": "beats",
  "notes": [
    {
      "id": "note_7761",
      "start": 1.25,
      "length": 1.0,
      "pitch": 67,
      "velocity": 100
    },
    {
      "id": "note_8367",
      "start": 3.25,
      "length": 1.0,
      "pitch": 64,
      "velocity": 100
    },
    {
      "id": "note_8908",
      "start": 5.75,
      "length": 1.0,
      "pitch": 57,
      "velocity": 100
    },
    {
      "id": "note_9372",
      "start": 7.75,
      "length": 1.0,
      "pitch": 61,
      "velocity": 100
    },
    {
      "id": "note_9819",
      "start": 10.5,
      "length": 1.0,
      "pitch": 58,
      "velocity": 100
    },
    {
      "id": "note_10261",
      "start": 12.5,
      "length": 1.0,
      "pitch": 61,
      "velocity": 100
    },
    {
      "id": "note_10690",
      "start": 15.5,
      "length": 1.0,
      "pitch": 56,
      "velocity": 100
    },
    {
      "id": "note_11155",
      "start": 18.75,
      "length": 1.0,
      "pitch": 61,
      "velocity": 100
    },
    {
      "id": "note_11596",
      "start": 21.5,
      "length": 1.0,
      "pitch": 56,
      "velocity": 100
    },
    {
      "id": "note_12014",
      "start": 23.5,
      "length": 1.0,
      "pitch": 62,
      "velocity": 100
    },
    {
      "id": "note_12419",
      "start": 23.75,
      "length": 1.0,
      "pitch": 70,
      "velocity": 100
    },
    {
      "id": "note_13931",
      "start": 26.0,
      "length": 1.0,
      "pitch": 65,
      "velocity": 100
    },
    {
      "id": "note_13131",
      "start": 27.0,
      "length": 1.0,
      "pitch": 64,
      "velocity": 100
    }
  ]
}
VitHeadlessService: command reply (truncated): {
  "status": "ok",
  "clip_id": "1010",
  "time_unit": "beats",
  "notes": [
    {
      "id": "note_7761",
      "start": 1.25,
      "length": 1.0,
      "pitch": 67,
      "velocity": 100
    },
    {
  
ZmqGateway: received command payload: {"clip_id":"1010","cmd":"get_midi_clip_data","command":"get_midi_clip_data","time_unit":"beats"}
ZmqGateway: dispatching payload to JUCE message thread.
VitHeadlessService: processing queued command on JUCE message thread: {"clip_id":"1010","cmd":"get_midi_clip_data","command":"get_midi_clip_data","time_unit":"beats"}
Command received: {"clip_id":"1010","cmd":"get_midi_clip_data","command":"get_midi_clip_data","time_unit":"beats"}
Command executed: get_midi_clip_data, result: {
  "status": "ok",
  "clip_id": "1010",
  "time_unit": "beats",
  "notes": [
    {
      "id": "note_7761",
      "start": 1.25,
      "length": 1.0,
      "pitch": 67,
      "velocity": 100
    },
    {
      "id": "note_8367",
      "start": 3.25,
      "length": 1.0,
      "pitch": 64,
      "velocity": 100
    },
    {
      "id": "note_8908",
      "start": 5.75,
      "length": 1.0,
      "pitch": 57,
      "velocity": 100
    },
    {
      "id": "note_9372",
      "start": 7.75,
      "length": 1.0,
      "pitch": 61,
      "velocity": 100
    },
    {
      "id": "note_9819",
      "start": 10.5,
      "length": 1.0,
      "pitch": 58,
      "velocity": 100
    },
    {
      "id": "note_10261",
      "start": 12.5,
      "length": 1.0,
      "pitch": 61,
      "velocity": 100
    },
    {
      "id": "note_10690",
      "start": 15.5,
      "length": 1.0,
      "pitch": 56,
      "velocity": 100
    },
    {
      "id": "note_11155",
      "start": 18.75,
      "length": 1.0,
      "pitch": 61,
      "velocity": 100
    },
    {
      "id": "note_11596",
      "start": 21.5,
      "length": 1.0,
      "pitch": 56,
      "velocity": 100
    },
    {
      "id": "note_12014",
      "start": 23.5,
      "length": 1.0,
      "pitch": 62,
      "velocity": 100
    },
    {
      "id": "note_12419",
      "start": 23.75,
      "length": 1.0,
      "pitch": 70,
      "velocity": 100
    },
    {
      "id": "note_13931",
      "start": 26.0,
      "length": 1.0,
      "pitch": 65,
      "velocity": 100
    },
    {
      "id": "note_13131",
      "start": 27.0,
      "length": 1.0,
      "pitch": 64,
      "velocity": 100
    }
  ]
}
VitHeadlessService: command reply (truncated): {
  "status": "ok",
  "clip_id": "1010",
  "time_unit": "beats",
  "notes": [
    {
      "id": "note_7761",
      "start": 1.25,
      "length": 1.0,
      "pitch": 67,
      "velocity": 100
    },
    {
  
ZmqGateway: received command payload: {"clip_id":"1010","cmd":"get_midi_clip_data","command":"get_midi_clip_data","time_unit":"beats"}
ZmqGateway: dispatching payload to JUCE message thread.
VitHeadlessService: processing queued command on JUCE message thread: {"clip_id":"1010","cmd":"get_midi_clip_data","command":"get_midi_clip_data","time_unit":"beats"}
Command received: {"clip_id":"1010","cmd":"get_midi_clip_data","command":"get_midi_clip_data","time_unit":"beats"}
Command executed: get_midi_clip_data, result: {
  "status": "ok",
  "clip_id": "1010",
  "time_unit": "beats",
  "notes": [
    {
      "id": "note_7761",
      "start": 1.25,
      "length": 1.0,
      "pitch": 67,
      "velocity": 100
    },
    {
      "id": "note_8367",
      "start": 3.25,
      "length": 1.0,
      "pitch": 64,
      "velocity": 100
    },
    {
      "id": "note_8908",
      "start": 5.75,
      "length": 1.0,
      "pitch": 57,
      "velocity": 100
    },
    {
      "id": "note_9372",
      "start": 7.75,
      "length": 1.0,
      "pitch": 61,
      "velocity": 100
    },
    {
      "id": "note_9819",
      "start": 10.5,
      "length": 1.0,
      "pitch": 58,
      "velocity": 100
    },
    {
      "id": "note_10261",
      "start": 12.5,
      "length": 1.0,
      "pitch": 61,
      "velocity": 100
    },
    {
      "id": "note_10690",
      "start": 15.5,
      "length": 1.0,
      "pitch": 56,
      "velocity": 100
    },
    {
      "id": "note_11155",
      "start": 18.75,
      "length": 1.0,
      "pitch": 61,
      "velocity": 100
    },
    {
      "id": "note_11596",
      "start": 21.5,
      "length": 1.0,
      "pitch": 56,
      "velocity": 100
    },
    {
      "id": "note_12014",
      "start": 23.5,
      "length": 1.0,
      "pitch": 62,
      "velocity": 100
    },
    {
      "id": "note_12419",
      "start": 23.75,
      "length": 1.0,
      "pitch": 70,
      "velocity": 100
    },
    {
      "id": "note_13931",
      "start": 26.0,
      "length": 1.0,
      "pitch": 65,
      "velocity": 100
    },
    {
      "id": "note_13131",
      "start": 27.0,
      "length": 1.0,
      "pitch": 64,
      "velocity": 100
    }
  ]
}
VitHeadlessService: command reply (truncated): {
  "status": "ok",
  "clip_id": "1010",
  "time_unit": "beats",
  "notes": [
    {
      "id": "note_7761",
      "start": 1.25,
      "length": 1.0,
      "pitch": 67,
      "velocity": 100
    },
    {
  
ZmqGateway: received command payload: {"action":"import_media_to_track","cmd":"import_media_to_track","file_path":"D:/Vit_DAW/test_target_3s.wav","media_type":"audio","start_time":19.4579429626465,"track_id":"1007"}
ZmqGateway: dispatching payload to JUCE message thread.
VitHeadlessService: processing queued command on JUCE message thread: {"action":"import_media_to_track","cmd":"import_media_to_track","file_path":"D:/Vit_DAW/test_target_3s.wav","media_type":"audio","start_time":19.4579429626465,"track_id":"1007"}
Command received: {"action":"import_media_to_track","cmd":"import_media_to_track","file_path":"D:/Vit_DAW/test_target_3s.wav","media_type":"audio","start_time":19.4579429626465,"track_id":"1007"}
VitHeadlessService: project saved to D:\Vit_DAW\VitApp\Workspace\default_project.xml
CommandDispatcher::handleImportMediaToTrack: clipId="1012" clip="test_target_3s" trackId="1007" source="D:\Vit_DAW\test_target_3s.wav" lengthSec=3.000 isPlaying=false isRecording=false playContextActive=true positionSeconds=0.000 editLengthSeconds=22.458
Command executed: import_media_to_track, result: {
  "status": "success",
  "action": "import_media_to_track",
  "clip_id": "1012",
  "track_id": "1007",
  "start_time": 19.457942962646499,
  "resolved_start_time": 19.457942962646499,
  "length": 3.0,
  "applied_mode": "destructive",
  "clip_name": "test_target_3s",
  "file_path": "D:\\Vit_DAW\\test_target_3s.wav",
  "edit_length_seconds": 22.457942962646499,
  "baking_status": "baking_started"
}
VitHeadlessService: command reply (truncated): {
  "status": "success",
  "action": "import_media_to_track",
  "clip_id": "1012",
  "track_id": "1007",
  "start_time": 19.457942962646499,
  "resolved_start_time": 19.457942962646499,
  "length": 3.0,
  "applie
ZmqGateway: received command payload: {"cmd":"get_project_state"}
ZmqGateway: dispatching payload to JUCE message thread.
VitHeadlessService: processing queued command on JUCE message thread: {"cmd":"get_project_state"}
Command received: {"cmd":"get_project_state"}
Command executed: get_project_state, result: {
  "status": "ok",
  "project_path": "",
  "tracks": [
    {
      "track_id": "1002",
      "track_name": "Arranger",
      "track_type": "track",
      "is_audio_track": false,
      "is_audio": false,
      "plugins": [],
      "clips": []
    },
    {
      "track_id": "1003",
      "track_name": "Chord",
      "track_type": "track",
      "is_audio_track": false,
      "is_audio": false,
      "plugins": [],
      "clips": []
    },
    {
      "track_id": "1004",
      "track_name": "Marker",
      "track_type": "track",
      "is_audio_track": false,
      "is_audio": false,
      "plugins": [],
      "clips": []
    },
    {
      "track_id": "1005",
      "track_name": "Tempo",
      "track_type": "track",
      "is_audio_track": false,
      "is_audio": false,
      "plugins": [],
      "clips": []
    },
    {
      "track_id": "1006",
      "track_name": "Master",
      "track_type": "master",
      "is_audio_track": false,
      "is_audio": false,
      "plugins": [],
      "clips": []
    },
    {
      "track_id": "1007",
      "track_name": "Track 1",
      "track_type": "hybrid",
      "is_audio_track": true,
      "is_audio": true,
      "plugins": [
        {
          "id": "1008",
          "item_id": "1008",
          "name": "Volume & Pan Plugin",
          "type": "volume",
          "enabled": true
        },
        {
          "id": "1009",
          "item_id": "1009",
          "name": "Level Meter",
          "type": "level",
          "enabled": true
        }
      ],
      "clips": [
        {
          "id": "1010",
          "name": "New MIDI Clip",
          "clip_type": "midi",
          "start_seconds": 0.0,
          "end_seconds": 15.5,
          "length_seconds": 15.5,
          "offset_in_source_seconds": 0.0
        },
        {
          "id": "1012",
          "name": "test_target_3s",
          "clip_type": "wave",
          "start_seconds": 19.457942962646499,
          "end_seconds": 22.457942962646499,
          "length_seconds": 3.0,
          "offset_in_source_seconds": 0.0,
          "file_path": "D:\\Vit_DAW\\test_target_3s.wav",
          "current_source_path": "D:\\Vit_DAW\\test_target_3s.wav",
          "playback_source_valid": true
        }
      ],
      "output_to_device_resolved": true,
      "output_device_enabled": true,
      "output_device_id": "out_b7a4b4c1",
      "output_routing_name": "(default audio output)"
    }
  ]
}
VitHeadlessService: command reply (truncated): {
  "status": "ok",
  "project_path": "",
  "tracks": [
    {
      "track_id": "1002",
      "track_name": "Arranger",
      "track_type": "track",
      "is_audio_track": false,
      "is_audio": false,
     
ZmqGateway: received command payload: {"cmd":"list_tracks"}
ZmqGateway: dispatching payload to JUCE message thread.
VitHeadlessService: processing queued command on JUCE message thread: {"cmd":"list_tracks"}
Command received: {"cmd":"list_tracks"}
Command executed: list_tracks, result: {
  "status": "ok",
  "message": "Track list fetched",
  "tracks": [
    {
      "track_id": "1002",
      "name": "Arranger",
      "track_type": "track",
      "is_audio": false,
      "is_audio_track": false,
      "vit_type": "",
      "vit_intent": "",
      "plugin_count": 0,
      "plugins": []
    },
    {
      "track_id": "1003",
      "name": "Chord",
      "track_type": "track",
      "is_audio": false,
      "is_audio_track": false,
      "vit_type": "",
      "vit_intent": "",
      "plugin_count": 0,
      "plugins": []
    },
    {
      "track_id": "1004",
      "name": "Marker",
      "track_type": "track",
      "is_audio": false,
      "is_audio_track": false,
      "vit_type": "",
      "vit_intent": "",
      "plugin_count": 0,
      "plugins": []
    },
    {
      "track_id": "1005",
      "name": "Tempo",
      "track_type": "track",
      "is_audio": false,
      "is_audio_track": false,
      "vit_type": "",
      "vit_intent": "",
      "plugin_count": 0,
      "plugins": []
    },
    {
      "track_id": "1006",
      "name": "Master",
      "track_type": "master",
      "is_audio": false,
      "is_audio_track": false,
      "vit_type": "",
      "vit_intent": "",
      "plugin_count": 0,
      "plugins": []
    },
    {
      "track_id": "1007",
      "name": "Track 1",
      "track_type": "hybrid",
      "is_audio": true,
      "is_audio_track": true,
      "vit_type": "",
      "vit_intent": "",
      "plugin_count": 2,
      "plugins": [
        {
          "name": "Volume & Pan Plugin",
          "type": "volume",
          "enabled": true
        },
        {
          "name": "Level Meter",
          "type": "level",
          "enabled": true
        }
      ]
    }
  ]
}
VitHeadlessService: command reply (truncated): {
  "status": "ok",
  "message": "Track list fetched",
  "tracks": [
    {
      "track_id": "1002",
      "name": "Arranger",
      "track_type": "track",
      "is_audio": false,
      "is_audio_track": false,
ZmqGateway: received command payload: {"clip_id":"1010","cmd":"move_clip","new_start":2.27102851867676,"new_start_seconds":1.13551425933838,"overlap_mode":"trim","source_track_id":"1007","target_track_id":"1007","time_unit":"beats"}
ZmqGateway: dispatching payload to JUCE message thread.
VitHeadlessService: processing queued command on JUCE message thread: {"clip_id":"1010","cmd":"move_clip","new_start":2.27102851867676,"new_start_seconds":1.13551425933838,"overlap_mode":"trim","source_track_id":"1007","target_track_id":"1007","time_unit":"beats"}
Command received: {"clip_id":"1010","cmd":"move_clip","new_start":2.27102851867676,"new_start_seconds":1.13551425933838,"overlap_mode":"trim","source_track_id":"1007","target_track_id":"1007","time_unit":"beats"}
Command executed: move_clip, result: {
  "status": "ok",
  "message": "Clip moved",
  "clip_id": "1010",
  "source_track_id": "1007",
  "target_track_id": "1007",
  "affected_track_id": "1007",
  "new_start_seconds": 1.13551425933838,
  "overlap_mode": "trim",
  "created_clip_ids": [],
  "removed_clip_ids": [],
  "affected_clip_ids": []
}
VitHeadlessService: command reply (truncated): {
  "status": "ok",
  "message": "Clip moved",
  "clip_id": "1010",
  "source_track_id": "1007",
  "target_track_id": "1007",
  "affected_track_id": "1007",
  "new_start_seconds": 1.13551425933838,
  "overlap_mod
ZmqGateway: received command payload: {"cmd":"get_project_state"}
ZmqGateway: dispatching payload to JUCE message thread.
VitHeadlessService: processing queued command on JUCE message thread: {"cmd":"get_project_state"}
Command received: {"cmd":"get_project_state"}
Command executed: get_project_state, result: {
  "status": "ok",
  "project_path": "",
  "tracks": [
    {
      "track_id": "1002",
      "track_name": "Arranger",
      "track_type": "track",
      "is_audio_track": false,
      "is_audio": false,
      "plugins": [],
      "clips": []
    },
    {
      "track_id": "1003",
      "track_name": "Chord",
      "track_type": "track",
      "is_audio_track": false,
      "is_audio": false,
      "plugins": [],
      "clips": []
    },
    {
      "track_id": "1004",
      "track_name": "Marker",
      "track_type": "track",
      "is_audio_track": false,
      "is_audio": false,
      "plugins": [],
      "clips": []
    },
    {
      "track_id": "1005",
      "track_name": "Tempo",
      "track_type": "track",
      "is_audio_track": false,
      "is_audio": false,
      "plugins": [],
      "clips": []
    },
    {
      "track_id": "1006",
      "track_name": "Master",
      "track_type": "master",
      "is_audio_track": false,
      "is_audio": false,
      "plugins": [],
      "clips": []
    },
    {
      "track_id": "1007",
      "track_name": "Track 1",
      "track_type": "hybrid",
      "is_audio_track": true,
      "is_audio": true,
      "plugins": [
        {
          "id": "1008",
          "item_id": "1008",
          "name": "Volume & Pan Plugin",
          "type": "volume",
          "enabled": true
        },
        {
          "id": "1009",
          "item_id": "1009",
          "name": "Level Meter",
          "type": "level",
          "enabled": true
        }
      ],
      "clips": [
        {
          "id": "1010",
          "name": "New MIDI Clip",
          "clip_type": "midi",
          "start_seconds": 1.13551425933838,
          "end_seconds": 16.635514259338379,
          "length_seconds": 15.499999999999998,
          "offset_in_source_seconds": 0.0
        },
        {
          "id": "1012",
          "name": "test_target_3s",
          "clip_type": "wave",
          "start_seconds": 19.457942962646499,
          "end_seconds": 22.457942962646499,
          "length_seconds": 3.0,
          "offset_in_source_seconds": 0.0,
          "file_path": "D:\\Vit_DAW\\test_target_3s.wav",
          "current_source_path": "D:\\Vit_DAW\\test_target_3s.wav",
          "playback_source_valid": true
        }
      ],
      "output_to_device_resolved": true,
      "output_device_enabled": true,
      "output_device_id": "out_b7a4b4c1",
      "output_routing_name": "(default audio output)"
    }
  ]
}
VitHeadlessService: command reply (truncated): {
  "status": "ok",
  "project_path": "",
  "tracks": [
    {
      "track_id": "1002",
      "track_name": "Arranger",
      "track_type": "track",
      "is_audio_track": false,
      "is_audio": false,
     
ZmqGateway: received command payload: {"cmd":"list_tracks"}
ZmqGateway: dispatching payload to JUCE message thread.
VitHeadlessService: processing queued command on JUCE message thread: {"cmd":"list_tracks"}
Command received: {"cmd":"list_tracks"}
Command executed: list_tracks, result: {
  "status": "ok",
  "message": "Track list fetched",
  "tracks": [
    {
      "track_id": "1002",
      "name": "Arranger",
      "track_type": "track",
      "is_audio": false,
      "is_audio_track": false,
      "vit_type": "",
      "vit_intent": "",
      "plugin_count": 0,
      "plugins": []
    },
    {
      "track_id": "1003",
      "name": "Chord",
      "track_type": "track",
      "is_audio": false,
      "is_audio_track": false,
      "vit_type": "",
      "vit_intent": "",
      "plugin_count": 0,
      "plugins": []
    },
    {
      "track_id": "1004",
      "name": "Marker",
      "track_type": "track",
      "is_audio": false,
      "is_audio_track": false,
      "vit_type": "",
      "vit_intent": "",
      "plugin_count": 0,
      "plugins": []
    },
    {
      "track_id": "1005",
      "name": "Tempo",
      "track_type": "track",
      "is_audio": false,
      "is_audio_track": false,
      "vit_type": "",
      "vit_intent": "",
      "plugin_count": 0,
      "plugins": []
    },
    {
      "track_id": "1006",
      "name": "Master",
      "track_type": "master",
      "is_audio": false,
      "is_audio_track": false,
      "vit_type": "",
      "vit_intent": "",
      "plugin_count": 0,
      "plugins": []
    },
    {
      "track_id": "1007",
      "name": "Track 1",
      "track_type": "hybrid",
      "is_audio": true,
      "is_audio_track": true,
      "vit_type": "",
      "vit_intent": "",
      "plugin_count": 2,
      "plugins": [
        {
          "name": "Volume & Pan Plugin",
          "type": "volume",
          "enabled": true
        },
        {
          "name": "Level Meter",
          "type": "level",
          "enabled": true
        }
      ]
    }
  ]
}
VitHeadlessService: command reply (truncated): {
  "status": "ok",
  "message": "Track list fetched",
  "tracks": [
    {
      "track_id": "1002",
      "name": "Arranger",
      "track_type": "track",
      "is_audio": false,
      "is_audio_track": false,
ZmqGateway: received command payload: {"clip_id":"1010","cmd":"get_midi_clip_data","command":"get_midi_clip_data","time_unit":"beats"}
ZmqGateway: dispatching payload to JUCE message thread.
VitHeadlessService: processing queued command on JUCE message thread: {"clip_id":"1010","cmd":"get_midi_clip_data","command":"get_midi_clip_data","time_unit":"beats"}
Command received: {"clip_id":"1010","cmd":"get_midi_clip_data","command":"get_midi_clip_data","time_unit":"beats"}
Command executed: get_midi_clip_data, result: {
  "status": "ok",
  "clip_id": "1010",
  "time_unit": "beats",
  "notes": [
    {
      "id": "note_7761",
      "start": 1.25,
      "length": 1.0,
      "pitch": 67,
      "velocity": 100
    },
    {
      "id": "note_8367",
      "start": 3.25,
      "length": 1.0,
      "pitch": 64,
      "velocity": 100
    },
    {
      "id": "note_8908",
      "start": 5.75,
      "length": 1.0,
      "pitch": 57,
      "velocity": 100
    },
    {
      "id": "note_9372",
      "start": 7.75,
      "length": 1.0,
      "pitch": 61,
      "velocity": 100
    },
    {
      "id": "note_9819",
      "start": 10.5,
      "length": 1.0,
      "pitch": 58,
      "velocity": 100
    },
    {
      "id": "note_10261",
      "start": 12.5,
      "length": 1.0,
      "pitch": 61,
      "velocity": 100
    },
    {
      "id": "note_10690",
      "start": 15.5,
      "length": 1.0,
      "pitch": 56,
      "velocity": 100
    },
    {
      "id": "note_11155",
      "start": 18.75,
      "length": 1.0,
      "pitch": 61,
      "velocity": 100
    },
    {
      "id": "note_11596",
      "start": 21.5,
      "length": 1.0,
      "pitch": 56,
      "velocity": 100
    },
    {
      "id": "note_12014",
      "start": 23.5,
      "length": 1.0,
      "pitch": 62,
      "velocity": 100
    },
    {
      "id": "note_12419",
      "start": 23.75,
      "length": 1.0,
      "pitch": 70,
      "velocity": 100
    },
    {
      "id": "note_13931",
      "start": 26.0,
      "length": 1.0,
      "pitch": 65,
      "velocity": 100
    },
    {
      "id": "note_13131",
      "start": 27.0,
      "length": 1.0,
      "pitch": 64,
      "velocity": 100
    }
  ]
}
VitHeadlessService: command reply (truncated): {
  "status": "ok",
  "clip_id": "1010",
  "time_unit": "beats",
  "notes": [
    {
      "id": "note_7761",
      "start": 1.25,
      "length": 1.0,
      "pitch": 67,
      "velocity": 100
    },
    {
  
ZmqGateway: received command payload: {"clip_ids":["1010"],"cmd":"remove_clips"}
ZmqGateway: dispatching payload to JUCE message thread.
VitHeadlessService: processing queued command on JUCE message thread: {"clip_ids":["1010"],"cmd":"remove_clips"}
Command received: {"clip_ids":["1010"],"cmd":"remove_clips"}
Command executed: remove_clips, result: {
  "status": "ok",
  "message": "Clips removed",
  "removed_count": 1,
  "missing_ids": []
}
VitHeadlessService: command reply (truncated): {
  "status": "ok",
  "message": "Clips removed",
  "removed_count": 1,
  "missing_ids": []
}
ZmqGateway: received command payload: {"cmd":"get_project_state"}
ZmqGateway: dispatching payload to JUCE message thread.
VitHeadlessService: processing queued command on JUCE message thread: {"cmd":"get_project_state"}
Command received: {"cmd":"get_project_state"}
Command executed: get_project_state, result: {
  "status": "ok",
  "project_path": "",
  "tracks": [
    {
      "track_id": "1002",
      "track_name": "Arranger",
      "track_type": "track",
      "is_audio_track": false,
      "is_audio": false,
      "plugins": [],
      "clips": []
    },
    {
      "track_id": "1003",
      "track_name": "Chord",
      "track_type": "track",
      "is_audio_track": false,
      "is_audio": false,
      "plugins": [],
      "clips": []
    },
    {
      "track_id": "1004",
      "track_name": "Marker",
      "track_type": "track",
      "is_audio_track": false,
      "is_audio": false,
      "plugins": [],
      "clips": []
    },
    {
      "track_id": "1005",
      "track_name": "Tempo",
      "track_type": "track",
      "is_audio_track": false,
      "is_audio": false,
      "plugins": [],
      "clips": []
    },
    {
      "track_id": "1006",
      "track_name": "Master",
      "track_type": "master",
      "is_audio_track": false,
      "is_audio": false,
      "plugins": [],
      "clips": []
    },
    {
      "track_id": "1007",
      "track_name": "Track 1",
      "track_type": "hybrid",
      "is_audio_track": true,
      "is_audio": true,
      "plugins": [
        {
          "id": "1008",
          "item_id": "1008",
          "name": "Volume & Pan Plugin",
          "type": "volume",
          "enabled": true
        },
        {
          "id": "1009",
          "item_id": "1009",
          "name": "Level Meter",
          "type": "level",
          "enabled": true
        }
      ],
      "clips": [
        {
          "id": "1012",
          "name": "test_target_3s",
          "clip_type": "wave",
          "start_seconds": 19.457942962646499,
          "end_seconds": 22.457942962646499,
          "length_seconds": 3.0,
          "offset_in_source_seconds": 0.0,
          "file_path": "D:\\Vit_DAW\\test_target_3s.wav",
          "current_source_path": "D:\\Vit_DAW\\test_target_3s.wav",
          "playback_source_valid": true
        }
      ],
      "output_to_device_resolved": true,
      "output_device_enabled": true,
      "output_device_id": "out_b7a4b4c1",
      "output_routing_name": "(default audio output)"
    }
  ]
}
VitHeadlessService: command reply (truncated): {
  "status": "ok",
  "project_path": "",
  "tracks": [
    {
      "track_id": "1002",
      "track_name": "Arranger",
      "track_type": "track",
      "is_audio_track": false,
      "is_audio": false,
     
ZmqGateway: received command payload: {"cmd":"list_tracks"}
ZmqGateway: dispatching payload to JUCE message thread.
VitHeadlessService: processing queued command on JUCE message thread: {"cmd":"list_tracks"}
Command received: {"cmd":"list_tracks"}
Command executed: list_tracks, result: {
  "status": "ok",
  "message": "Track list fetched",
  "tracks": [
    {
      "track_id": "1002",
      "name": "Arranger",
      "track_type": "track",
      "is_audio": false,
      "is_audio_track": false,
      "vit_type": "",
      "vit_intent": "",
      "plugin_count": 0,
      "plugins": []
    },
    {
      "track_id": "1003",
      "name": "Chord",
      "track_type": "track",
      "is_audio": false,
      "is_audio_track": false,
      "vit_type": "",
      "vit_intent": "",
      "plugin_count": 0,
      "plugins": []
    },
    {
      "track_id": "1004",
      "name": "Marker",
      "track_type": "track",
      "is_audio": false,
      "is_audio_track": false,
      "vit_type": "",
      "vit_intent": "",
      "plugin_count": 0,
      "plugins": []
    },
    {
      "track_id": "1005",
      "name": "Tempo",
      "track_type": "track",
      "is_audio": false,
      "is_audio_track": false,
      "vit_type": "",
      "vit_intent": "",
      "plugin_count": 0,
      "plugins": []
    },
    {
      "track_id": "1006",
      "name": "Master",
      "track_type": "master",
      "is_audio": false,
      "is_audio_track": false,
      "vit_type": "",
      "vit_intent": "",
      "plugin_count": 0,
      "plugins": []
    },
    {
      "track_id": "1007",
      "name": "Track 1",
      "track_type": "hybrid",
      "is_audio": true,
      "is_audio_track": true,
      "vit_type": "",
      "vit_intent": "",
      "plugin_count": 2,
      "plugins": [
        {
          "name": "Volume & Pan Plugin",
          "type": "volume",
          "enabled": true
        },
        {
          "name": "Level Meter",
          "type": "level",
          "enabled": true
        }
      ]
    }
  ]
}
VitHeadlessService: command reply (truncated): {
  "status": "ok",
  "message": "Track list fetched",
  "tracks": [
    {
      "track_id": "1002",
      "name": "Arranger",
      "track_type": "track",
      "is_audio": false,
      "is_audio_track": false,
ZmqGateway: received command payload: {"clip_id":"1012","cmd":"move_clip","new_start":38.7196273803711,"new_start_seconds":19.3598136901856,"overlap_mode":"trim","source_track_id":"1007","target_track_id":"1007","time_unit":"beats"}
ZmqGateway: dispatching payload to JUCE message thread.
VitHeadlessService: processing queued command on JUCE message thread: {"clip_id":"1012","cmd":"move_clip","new_start":38.7196273803711,"new_start_seconds":19.3598136901856,"overlap_mode":"trim","source_track_id":"1007","target_track_id":"1007","time_unit":"beats"}
Command received: {"clip_id":"1012","cmd":"move_clip","new_start":38.7196273803711,"new_start_seconds":19.3598136901856,"overlap_mode":"trim","source_track_id":"1007","target_track_id":"1007","time_unit":"beats"}
Command executed: move_clip, result: {
  "status": "ok",
  "message": "Clip moved",
  "clip_id": "1012",
  "source_track_id": "1007",
  "target_track_id": "1007",
  "affected_track_id": "1007",
  "new_start_seconds": 19.35981369018555,
  "overlap_mode": "trim",
  "created_clip_ids": [],
  "removed_clip_ids": [],
  "affected_clip_ids": []
}
VitHeadlessService: command reply (truncated): {
  "status": "ok",
  "message": "Clip moved",
  "clip_id": "1012",
  "source_track_id": "1007",
  "target_track_id": "1007",
  "affected_track_id": "1007",
  "new_start_seconds": 19.35981369018555,
  "overlap_mo
ZmqGateway: received command payload: {"cmd":"get_project_state"}
ZmqGateway: dispatching payload to JUCE message thread.
VitHeadlessService: processing queued command on JUCE message thread: {"cmd":"get_project_state"}
Command received: {"cmd":"get_project_state"}
Command executed: get_project_state, result: {
  "status": "ok",
  "project_path": "",
  "tracks": [
    {
      "track_id": "1002",
      "track_name": "Arranger",
      "track_type": "track",
      "is_audio_track": false,
      "is_audio": false,
      "plugins": [],
      "clips": []
    },
    {
      "track_id": "1003",
      "track_name": "Chord",
      "track_type": "track",
      "is_audio_track": false,
      "is_audio": false,
      "plugins": [],
      "clips": []
    },
    {
      "track_id": "1004",
      "track_name": "Marker",
      "track_type": "track",
      "is_audio_track": false,
      "is_audio": false,
      "plugins": [],
      "clips": []
    },
    {
      "track_id": "1005",
      "track_name": "Tempo",
      "track_type": "track",
      "is_audio_track": false,
      "is_audio": false,
      "plugins": [],
      "clips": []
    },
    {
      "track_id": "1006",
      "track_name": "Master",
      "track_type": "master",
      "is_audio_track": false,
      "is_audio": false,
      "plugins": [],
      "clips": []
    },
    {
      "track_id": "1007",
      "track_name": "Track 1",
      "track_type": "hybrid",
      "is_audio_track": true,
      "is_audio": true,
      "plugins": [
        {
          "id": "1008",
          "item_id": "1008",
          "name": "Volume & Pan Plugin",
          "type": "volume",
          "enabled": true
        },
        {
          "id": "1009",
          "item_id": "1009",
          "name": "Level Meter",
          "type": "level",
          "enabled": true
        }
      ],
      "clips": [
        {
          "id": "1012",
          "name": "test_target_3s",
          "clip_type": "wave",
          "start_seconds": 19.35981369018555,
          "end_seconds": 22.35981369018555,
          "length_seconds": 3.0,
          "offset_in_source_seconds": 0.0,
          "file_path": "D:\\Vit_DAW\\test_target_3s.wav",
          "current_source_path": "D:\\Vit_DAW\\test_target_3s.wav",
          "playback_source_valid": true
        }
      ],
      "output_to_device_resolved": true,
      "output_device_enabled": true,
      "output_device_id": "out_b7a4b4c1",
      "output_routing_name": "(default audio output)"
    }
  ]
}
VitHeadlessService: command reply (truncated): {
  "status": "ok",
  "project_path": "",
  "tracks": [
    {
      "track_id": "1002",
      "track_name": "Arranger",
      "track_type": "track",
      "is_audio_track": false,
      "is_audio": false,
     
ZmqGateway: received command payload: {"cmd":"list_tracks"}
ZmqGateway: dispatching payload to JUCE message thread.
VitHeadlessService: processing queued command on JUCE message thread: {"cmd":"list_tracks"}
Command received: {"cmd":"list_tracks"}
Command executed: list_tracks, result: {
  "status": "ok",
  "message": "Track list fetched",
  "tracks": [
    {
      "track_id": "1002",
      "name": "Arranger",
      "track_type": "track",
      "is_audio": false,
      "is_audio_track": false,
      "vit_type": "",
      "vit_intent": "",
      "plugin_count": 0,
      "plugins": []
    },
    {
      "track_id": "1003",
      "name": "Chord",
      "track_type": "track",
      "is_audio": false,
      "is_audio_track": false,
      "vit_type": "",
      "vit_intent": "",
      "plugin_count": 0,
      "plugins": []
    },
    {
      "track_id": "1004",
      "name": "Marker",
      "track_type": "track",
      "is_audio": false,
      "is_audio_track": false,
      "vit_type": "",
      "vit_intent": "",
      "plugin_count": 0,
      "plugins": []
    },
    {
      "track_id": "1005",
      "name": "Tempo",
      "track_type": "track",
      "is_audio": false,
      "is_audio_track": false,
      "vit_type": "",
      "vit_intent": "",
      "plugin_count": 0,
      "plugins": []
    },
    {
      "track_id": "1006",
      "name": "Master",
      "track_type": "master",
      "is_audio": false,
      "is_audio_track": false,
      "vit_type": "",
      "vit_intent": "",
      "plugin_count": 0,
      "plugins": []
    },
    {
      "track_id": "1007",
      "name": "Track 1",
      "track_type": "hybrid",
      "is_audio": true,
      "is_audio_track": true,
      "vit_type": "",
      "vit_intent": "",
      "plugin_count": 2,
      "plugins": [
        {
          "name": "Volume & Pan Plugin",
          "type": "volume",
          "enabled": true
        },
        {
          "name": "Level Meter",
          "type": "level",
          "enabled": true
        }
      ]
    }
  ]
}
VitHeadlessService: command reply (truncated): {
  "status": "ok",
  "message": "Track list fetched",
  "tracks": [
    {
      "track_id": "1002",
      "name": "Arranger",
      "track_type": "track",
      "is_audio": false,
      "is_audio_track": false,
ZmqGateway: received command payload: {"clip_ids":["1012"],"cmd":"remove_clips"}
ZmqGateway: dispatching payload to JUCE message thread.
VitHeadlessService: processing queued command on JUCE message thread: {"clip_ids":["1012"],"cmd":"remove_clips"}
Command received: {"clip_ids":["1012"],"cmd":"remove_clips"}
Command executed: remove_clips, result: {
  "status": "ok",
  "message": "Clips removed",
  "removed_count": 1,
  "missing_ids": []
}
VitHeadlessService: command reply (truncated): {
  "status": "ok",
  "message": "Clips removed",
  "removed_count": 1,
  "missing_ids": []
}
ZmqGateway: received command payload: {"cmd":"get_project_state"}
ZmqGateway: dispatching payload to JUCE message thread.
VitHeadlessService: processing queued command on JUCE message thread: {"cmd":"get_project_state"}
Command received: {"cmd":"get_project_state"}
Command executed: get_project_state, result: {
  "status": "ok",
  "project_path": "",
  "tracks": [
    {
      "track_id": "1002",
      "track_name": "Arranger",
      "track_type": "track",
      "is_audio_track": false,
      "is_audio": false,
      "plugins": [],
      "clips": []
    },
    {
      "track_id": "1003",
      "track_name": "Chord",
      "track_type": "track",
      "is_audio_track": false,
      "is_audio": false,
      "plugins": [],
      "clips": []
    },
    {
      "track_id": "1004",
      "track_name": "Marker",
      "track_type": "track",
      "is_audio_track": false,
      "is_audio": false,
      "plugins": [],
      "clips": []
    },
    {
      "track_id": "1005",
      "track_name": "Tempo",
      "track_type": "track",
      "is_audio_track": false,
      "is_audio": false,
      "plugins": [],
      "clips": []
    },
    {
      "track_id": "1006",
      "track_name": "Master",
      "track_type": "master",
      "is_audio_track": false,
      "is_audio": false,
      "plugins": [],
      "clips": []
    },
    {
      "track_id": "1007",
      "track_name": "Track 1",
      "track_type": "hybrid",
      "is_audio_track": true,
      "is_audio": true,
      "plugins": [
        {
          "id": "1008",
          "item_id": "1008",
          "name": "Volume & Pan Plugin",
          "type": "volume",
          "enabled": true
        },
        {
          "id": "1009",
          "item_id": "1009",
          "name": "Level Meter",
          "type": "level",
          "enabled": true
        }
      ],
      "clips": [],
      "output_to_device_resolved": true,
      "output_device_enabled": true,
      "output_device_id": "out_b7a4b4c1",
      "output_routing_name": "(default audio output)"
    }
  ]
}
VitHeadlessService: command reply (truncated): {
  "status": "ok",
  "project_path": "",
  "tracks": [
    {
      "track_id": "1002",
      "track_name": "Arranger",
      "track_type": "track",
      "is_audio_track": false,
      "is_audio": false,
     
ZmqGateway: received command payload: {"cmd":"list_tracks"}
ZmqGateway: dispatching payload to JUCE message thread.
VitHeadlessService: processing queued command on JUCE message thread: {"cmd":"list_tracks"}
Command received: {"cmd":"list_tracks"}
Command executed: list_tracks, result: {
  "status": "ok",
  "message": "Track list fetched",
  "tracks": [
    {
      "track_id": "1002",
      "name": "Arranger",
      "track_type": "track",
      "is_audio": false,
      "is_audio_track": false,
      "vit_type": "",
      "vit_intent": "",
      "plugin_count": 0,
      "plugins": []
    },
    {
      "track_id": "1003",
      "name": "Chord",
      "track_type": "track",
      "is_audio": false,
      "is_audio_track": false,
      "vit_type": "",
      "vit_intent": "",
      "plugin_count": 0,
      "plugins": []
    },
    {
      "track_id": "1004",
      "name": "Marker",
      "track_type": "track",
      "is_audio": false,
      "is_audio_track": false,
      "vit_type": "",
      "vit_intent": "",
      "plugin_count": 0,
      "plugins": []
    },
    {
      "track_id": "1005",
      "name": "Tempo",
      "track_type": "track",
      "is_audio": false,
      "is_audio_track": false,
      "vit_type": "",
      "vit_intent": "",
      "plugin_count": 0,
      "plugins": []
    },
    {
      "track_id": "1006",
      "name": "Master",
      "track_type": "master",
      "is_audio": false,
      "is_audio_track": false,
      "vit_type": "",
      "vit_intent": "",
      "plugin_count": 0,
      "plugins": []
    },
    {
      "track_id": "1007",
      "name": "Track 1",
      "track_type": "hybrid",
      "is_audio": true,
      "is_audio_track": true,
      "vit_type": "",
      "vit_intent": "",
      "plugin_count": 2,
      "plugins": [
        {
          "name": "Volume & Pan Plugin",
          "type": "volume",
          "enabled": true
        },
        {
          "name": "Level Meter",
          "type": "level",
          "enabled": true
        }
      ]
    }
  ]
}
VitHeadlessService: command reply (truncated): {
  "status": "ok",
  "message": "Track list fetched",
  "tracks": [
    {
      "track_id": "1002",
      "name": "Arranger",
      "track_type": "track",
      "is_audio": false,
      "is_audio_track": false,
ZmqGateway: received command payload: {"cmd":"insert_midi_clip","command":"insert_midi_clip","length":4.0,"start":0.0,"time_unit":"beats","track_id":"1007"}
ZmqGateway: dispatching payload to JUCE message thread.
VitHeadlessService: processing queued command on JUCE message thread: {"cmd":"insert_midi_clip","command":"insert_midi_clip","length":4.0,"start":0.0,"time_unit":"beats","track_id":"1007"}
Command received: {"cmd":"insert_midi_clip","command":"insert_midi_clip","length":4.0,"start":0.0,"time_unit":"beats","track_id":"1007"}
Command executed: insert_midi_clip, result: {
  "status": "ok",
  "message": "MIDI clip inserted",
  "clip_id": "1013",
  "track_id": "1007",
  "start_seconds": 0.0,
  "length_seconds": 2.0
}
VitHeadlessService: command reply (truncated): {
  "status": "ok",
  "message": "MIDI clip inserted",
  "clip_id": "1013",
  "track_id": "1007",
  "start_seconds": 0.0,
  "length_seconds": 2.0
}
ZmqGateway: received command payload: {"cmd":"get_project_state"}
ZmqGateway: dispatching payload to JUCE message thread.
VitHeadlessService: processing queued command on JUCE message thread: {"cmd":"get_project_state"}
Command received: {"cmd":"get_project_state"}
Command executed: get_project_state, result: {
  "status": "ok",
  "project_path": "",
  "tracks": [
    {
      "track_id": "1002",
      "track_name": "Arranger",
      "track_type": "track",
      "is_audio_track": false,
      "is_audio": false,
      "plugins": [],
      "clips": []
    },
    {
      "track_id": "1003",
      "track_name": "Chord",
      "track_type": "track",
      "is_audio_track": false,
      "is_audio": false,
      "plugins": [],
      "clips": []
    },
    {
      "track_id": "1004",
      "track_name": "Marker",
      "track_type": "track",
      "is_audio_track": false,
      "is_audio": false,
      "plugins": [],
      "clips": []
    },
    {
      "track_id": "1005",
      "track_name": "Tempo",
      "track_type": "track",
      "is_audio_track": false,
      "is_audio": false,
      "plugins": [],
      "clips": []
    },
    {
      "track_id": "1006",
      "track_name": "Master",
      "track_type": "master",
      "is_audio_track": false,
      "is_audio": false,
      "plugins": [],
      "clips": []
    },
    {
      "track_id": "1007",
      "track_name": "Track 1",
      "track_type": "hybrid",
      "is_audio_track": true,
      "is_audio": true,
      "plugins": [
        {
          "id": "1008",
          "item_id": "1008",
          "name": "Volume & Pan Plugin",
          "type": "volume",
          "enabled": true
        },
        {
          "id": "1009",
          "item_id": "1009",
          "name": "Level Meter",
          "type": "level",
          "enabled": true
        }
      ],
      "clips": [
        {
          "id": "1013",
          "name": "New MIDI Clip",
          "clip_type": "midi",
          "start_seconds": 0.0,
          "end_seconds": 2.0,
          "length_seconds": 2.0,
          "offset_in_source_seconds": 0.0
        }
      ],
      "output_to_device_resolved": true,
      "output_device_enabled": true,
      "output_device_id": "out_b7a4b4c1",
      "output_routing_name": "(default audio output)"
    }
  ]
}
VitHeadlessService: command reply (truncated): {
  "status": "ok",
  "project_path": "",
  "tracks": [
    {
      "track_id": "1002",
      "track_name": "Arranger",
      "track_type": "track",
      "is_audio_track": false,
      "is_audio": false,
     
ZmqGateway: received command payload: {"cmd":"list_tracks"}
ZmqGateway: dispatching payload to JUCE message thread.
VitHeadlessService: processing queued command on JUCE message thread: {"cmd":"list_tracks"}
Command received: {"cmd":"list_tracks"}
Command executed: list_tracks, result: {
  "status": "ok",
  "message": "Track list fetched",
  "tracks": [
    {
      "track_id": "1002",
      "name": "Arranger",
      "track_type": "track",
      "is_audio": false,
      "is_audio_track": false,
      "vit_type": "",
      "vit_intent": "",
      "plugin_count": 0,
      "plugins": []
    },
    {
      "track_id": "1003",
      "name": "Chord",
      "track_type": "track",
      "is_audio": false,
      "is_audio_track": false,
      "vit_type": "",
      "vit_intent": "",
      "plugin_count": 0,
      "plugins": []
    },
    {
      "track_id": "1004",
      "name": "Marker",
      "track_type": "track",
      "is_audio": false,
      "is_audio_track": false,
      "vit_type": "",
      "vit_intent": "",
      "plugin_count": 0,
      "plugins": []
    },
    {
      "track_id": "1005",
      "name": "Tempo",
      "track_type": "track",
      "is_audio": false,
      "is_audio_track": false,
      "vit_type": "",
      "vit_intent": "",
      "plugin_count": 0,
      "plugins": []
    },
    {
      "track_id": "1006",
      "name": "Master",
      "track_type": "master",
      "is_audio": false,
      "is_audio_track": false,
      "vit_type": "",
      "vit_intent": "",
      "plugin_count": 0,
      "plugins": []
    },
    {
      "track_id": "1007",
      "name": "Track 1",
      "track_type": "hybrid",
      "is_audio": true,
      "is_audio_track": true,
      "vit_type": "",
      "vit_intent": "",
      "plugin_count": 2,
      "plugins": [
        {
          "name": "Volume & Pan Plugin",
          "type": "volume",
          "enabled": true
        },
        {
          "name": "Level Meter",
          "type": "level",
          "enabled": true
        }
      ]
    }
  ]
}
VitHeadlessService: command reply (truncated): {
  "status": "ok",
  "message": "Track list fetched",
  "tracks": [
    {
      "track_id": "1002",
      "name": "Arranger",
      "track_type": "track",
      "is_audio": false,
      "is_audio_track": false,
ZmqGateway: received command payload: {"clip_id":"1013","cmd":"get_midi_clip_data","command":"get_midi_clip_data","time_unit":"beats"}
ZmqGateway: dispatching payload to JUCE message thread.
VitHeadlessService: processing queued command on JUCE message thread: {"clip_id":"1013","cmd":"get_midi_clip_data","command":"get_midi_clip_data","time_unit":"beats"}
Command received: {"clip_id":"1013","cmd":"get_midi_clip_data","command":"get_midi_clip_data","time_unit":"beats"}
Command executed: get_midi_clip_data, result: {
  "status": "ok",
  "clip_id": "1013",
  "time_unit": "beats",
  "notes": []
}
VitHeadlessService: command reply (truncated): {
  "status": "ok",
  "clip_id": "1013",
  "time_unit": "beats",
  "notes": []
}
ZmqGateway: received command payload: {"clip_id":"1013","cmd":"get_midi_clip_notes","command":"get_midi_clip_notes","time_unit":"beats","track_id":"1007"}
ZmqGateway: dispatching payload to JUCE message thread.
VitHeadlessService: processing queued command on JUCE message thread: {"clip_id":"1013","cmd":"get_midi_clip_notes","command":"get_midi_clip_notes","time_unit":"beats","track_id":"1007"}
Command received: {"clip_id":"1013","cmd":"get_midi_clip_notes","command":"get_midi_clip_notes","time_unit":"beats","track_id":"1007"}
Command executed: get_midi_clip_notes, result: {
  "status": "ok",
  "message": "MIDI clip notes",
  "clip_id": "1013",
  "track_id": "1007",
  "time_unit": "beats",
  "notes": []
}
VitHeadlessService: command reply (truncated): {
  "status": "ok",
  "message": "MIDI clip notes",
  "clip_id": "1013",
  "track_id": "1007",
  "time_unit": "beats",
  "notes": []
}
ZmqGateway: received command payload: {"clip_id":"1013","cmd":"resize_clip","command":"resize_clip","new_length":25.0,"new_start":0.0,"offset_in_source":0.0,"time_unit":"beats","track_id":"1007","track_index":0}
ZmqGateway: dispatching payload to JUCE message thread.
VitHeadlessService: processing queued command on JUCE message thread: {"clip_id":"1013","cmd":"resize_clip","command":"resize_clip","new_length":25.0,"new_start":0.0,"offset_in_source":0.0,"time_unit":"beats","track_id":"1007","track_index":0}
Command received: {"clip_id":"1013","cmd":"resize_clip","command":"resize_clip","new_length":25.0,"new_start":0.0,"offset_in_source":0.0,"time_unit":"beats","track_id":"1007","track_index":0}
Command executed: resize_clip, result: {
  "status": "ok",
  "message": "Clip resized",
  "clip_id": "1013",
  "track_id": "1007",
  "affected_track_id": "1007",
  "new_start_seconds": 0.0,
  "new_length_seconds": 12.5,
  "offset_in_source_seconds": 0.0,
  "overlap_mode": "trim",
  "created_clip_ids": [],
  "removed_clip_ids": [],
  "affected_clip_ids": []
}
VitHeadlessService: command reply (truncated): {
  "status": "ok",
  "message": "Clip resized",
  "clip_id": "1013",
  "track_id": "1007",
  "affected_track_id": "1007",
  "new_start_seconds": 0.0,
  "new_length_seconds": 12.5,
  "offset_in_source_seconds": 0
ZmqGateway: received command payload: {"clip_id":"1013","cmd":"add_midi_notes","command":"add_midi_notes","notes":[{"id":"note_62069","length":1.0,"pitch":68,"start":2.25,"state":"solid","velocity":100}],"time_unit":"beats","track_id":"1007","track_index":0}
ZmqGateway: dispatching payload to JUCE message thread.
VitHeadlessService: processing queued command on JUCE message thread: {"clip_id":"1013","cmd":"add_midi_notes","command":"add_midi_notes","notes":[{"id":"note_62069","length":1.0,"pitch":68,"start":2.25,"state":"solid","velocity":100}],"time_unit":"beats","track_id":"1007","track_index":0}
Command received: {"clip_id":"1013","cmd":"add_midi_notes","command":"add_midi_notes","notes":[{"id":"note_62069","length":1.0,"pitch":68,"start":2.25,"state":"solid","velocity":100}],"time_unit":"beats","track_id":"1007","track_index":0}
Command executed: add_midi_notes, result: {
  "status": "ok",
  "message": "MIDI notes added",
  "clip_id": "1013",
  "track_id": "1007",
  "added_count": 1
}
VitHeadlessService: command reply (truncated): {
  "status": "ok",
  "message": "MIDI notes added",
  "clip_id": "1013",
  "track_id": "1007",
  "added_count": 1
}
ZmqGateway: received command payload: {"clip_id":"1013","cmd":"add_midi_notes","command":"add_midi_notes","notes":[{"id":"note_62722","length":1.0,"pitch":64,"start":3.0,"state":"solid","velocity":100}],"time_unit":"beats","track_id":"1007","track_index":0}
ZmqGateway: dispatching payload to JUCE message thread.
VitHeadlessService: processing queued command on JUCE message thread: {"clip_id":"1013","cmd":"add_midi_notes","command":"add_midi_notes","notes":[{"id":"note_62722","length":1.0,"pitch":64,"start":3.0,"state":"solid","velocity":100}],"time_unit":"beats","track_id":"1007","track_index":0}
Command received: {"clip_id":"1013","cmd":"add_midi_notes","command":"add_midi_notes","notes":[{"id":"note_62722","length":1.0,"pitch":64,"start":3.0,"state":"solid","velocity":100}],"time_unit":"beats","track_id":"1007","track_index":0}
Command executed: add_midi_notes, result: {
  "status": "ok",
  "message": "MIDI notes added",
  "clip_id": "1013",
  "track_id": "1007",
  "added_count": 1
}
VitHeadlessService: command reply (truncated): {
  "status": "ok",
  "message": "MIDI notes added",
  "clip_id": "1013",
  "track_id": "1007",
  "added_count": 1
}
ZmqGateway: received command payload: {"clip_id":"1013","cmd":"add_midi_notes","command":"add_midi_notes","notes":[{"id":"note_63210","length":1.0,"pitch":60,"start":5.25,"state":"solid","velocity":100}],"time_unit":"beats","track_id":"1007","track_index":0}
ZmqGateway: dispatching payload to JUCE message thread.
VitHeadlessService: processing queued command on JUCE message thread: {"clip_id":"1013","cmd":"add_midi_notes","command":"add_midi_notes","notes":[{"id":"note_63210","length":1.0,"pitch":60,"start":5.25,"state":"solid","velocity":100}],"time_unit":"beats","track_id":"1007","track_index":0}
Command received: {"clip_id":"1013","cmd":"add_midi_notes","command":"add_midi_notes","notes":[{"id":"note_63210","length":1.0,"pitch":60,"start":5.25,"state":"solid","velocity":100}],"time_unit":"beats","track_id":"1007","track_index":0}
Command executed: add_midi_notes, result: {
  "status": "ok",
  "message": "MIDI notes added",
  "clip_id": "1013",
  "track_id": "1007",
  "added_count": 1
}
VitHeadlessService: command reply (truncated): {
  "status": "ok",
  "message": "MIDI notes added",
  "clip_id": "1013",
  "track_id": "1007",
  "added_count": 1
}
ZmqGateway: received command payload: {"clip_id":"1013","cmd":"add_midi_notes","command":"add_midi_notes","notes":[{"id":"note_63604","length":1.0,"pitch":66,"start":6.25,"state":"solid","velocity":100}],"time_unit":"beats","track_id":"1007","track_index":0}
ZmqGateway: dispatching payload to JUCE message thread.
VitHeadlessService: processing queued command on JUCE message thread: {"clip_id":"1013","cmd":"add_midi_notes","command":"add_midi_notes","notes":[{"id":"note_63604","length":1.0,"pitch":66,"start":6.25,"state":"solid","velocity":100}],"time_unit":"beats","track_id":"1007","track_index":0}
Command received: {"clip_id":"1013","cmd":"add_midi_notes","command":"add_midi_notes","notes":[{"id":"note_63604","length":1.0,"pitch":66,"start":6.25,"state":"solid","velocity":100}],"time_unit":"beats","track_id":"1007","track_index":0}
Command executed: add_midi_notes, result: {
  "status": "ok",
  "message": "MIDI notes added",
  "clip_id": "1013",
  "track_id": "1007",
  "added_count": 1
}
VitHeadlessService: command reply (truncated): {
  "status": "ok",
  "message": "MIDI notes added",
  "clip_id": "1013",
  "track_id": "1007",
  "added_count": 1
}
ZmqGateway: received command payload: {"clip_id":"1013","cmd":"add_midi_notes","command":"add_midi_notes","notes":[{"id":"note_64034","length":1.0,"pitch":61,"start":9.25,"state":"solid","velocity":100}],"time_unit":"beats","track_id":"1007","track_index":0}
ZmqGateway: dispatching payload to JUCE message thread.
VitHeadlessService: processing queued command on JUCE message thread: {"clip_id":"1013","cmd":"add_midi_notes","command":"add_midi_notes","notes":[{"id":"note_64034","length":1.0,"pitch":61,"start":9.25,"state":"solid","velocity":100}],"time_unit":"beats","track_id":"1007","track_index":0}
Command received: {"clip_id":"1013","cmd":"add_midi_notes","command":"add_midi_notes","notes":[{"id":"note_64034","length":1.0,"pitch":61,"start":9.25,"state":"solid","velocity":100}],"time_unit":"beats","track_id":"1007","track_index":0}
Command executed: add_midi_notes, result: {
  "status": "ok",
  "message": "MIDI notes added",
  "clip_id": "1013",
  "track_id": "1007",
  "added_count": 1
}
VitHeadlessService: command reply (truncated): {
  "status": "ok",
  "message": "MIDI notes added",
  "clip_id": "1013",
  "track_id": "1007",
  "added_count": 1
}
ZmqGateway: received command payload: {"clip_id":"1013","cmd":"add_midi_notes","command":"add_midi_notes","notes":[{"id":"note_64434","length":1.0,"pitch":67,"start":10.0,"state":"solid","velocity":100}],"time_unit":"beats","track_id":"1007","track_index":0}
ZmqGateway: dispatching payload to JUCE message thread.
VitHeadlessService: processing queued command on JUCE message thread: {"clip_id":"1013","cmd":"add_midi_notes","command":"add_midi_notes","notes":[{"id":"note_64434","length":1.0,"pitch":67,"start":10.0,"state":"solid","velocity":100}],"time_unit":"beats","track_id":"1007","track_index":0}
Command received: {"clip_id":"1013","cmd":"add_midi_notes","command":"add_midi_notes","notes":[{"id":"note_64434","length":1.0,"pitch":67,"start":10.0,"state":"solid","velocity":100}],"time_unit":"beats","track_id":"1007","track_index":0}
Command executed: add_midi_notes, result: {
  "status": "ok",
  "message": "MIDI notes added",
  "clip_id": "1013",
  "track_id": "1007",
  "added_count": 1
}
VitHeadlessService: command reply (truncated): {
  "status": "ok",
  "message": "MIDI notes added",
  "clip_id": "1013",
  "track_id": "1007",
  "added_count": 1
}
ZmqGateway: received command payload: {"cmd":"get_recent_projects"}
ZmqGateway: dispatching payload to JUCE message thread.
VitHeadlessService: processing queued command on JUCE message thread: {"cmd":"get_recent_projects"}
Command received: {"cmd":"get_recent_projects"}
Command executed: get_recent_projects, result: {
  "status": "ok",
  "recent_projects": [
    "D:\\Godot\\project\\vit-daw-frontend\\4.4.3.vit",
    "D:\\Godot\\project\\vit-daw-frontend\\4.4.2.vit",
    "D:\\Godot\\project\\vit-daw-frontend\\4.4.1.vit",
    "D:\\Godot\\project\\vit-daw-frontend\\4.4.vit",
    "D:\\4.1.tracktionedit"
  ]
}
VitHeadlessService: command reply (truncated): {
  "status": "ok",
  "recent_projects": [
    "D:\\Godot\\project\\vit-daw-frontend\\4.4.3.vit",
    "D:\\Godot\\project\\vit-daw-frontend\\4.4.2.vit",
    "D:\\Godot\\project\\vit-daw-frontend\\4.4.1.vit",
    "D
ZmqGateway: received command payload: {"cmd":"new_project"}
ZmqGateway: dispatching payload to JUCE message thread.
VitHeadlessService: processing queued command on JUCE message thread: {"cmd":"new_project"}
Command received: {"cmd":"new_project"}
VitEngineDevice: audio IO ready for playback graph: "扬声器 (2- USB AUDIO  CODEC)" 48000.00 Hz, block 480 samples
Command executed: new_project, result: {
  "status": "ok",
  "message": "Blank project created"
}
VitHeadlessService: command reply (truncated): {
  "status": "ok",
  "message": "Blank project created"
}
ZmqGateway: received command payload: {"cmd":"ping"}
ZmqGateway: dispatching payload to JUCE message thread.
VitHeadlessService: processing queued command on JUCE message thread: {"cmd":"ping"}
Command received: {"cmd":"ping"}
CommandDispatcher: handled ping command.
Command executed: ping, result: {
  "status": "ok",
  "message": "pong"
}
VitHeadlessService: command reply (truncated): {
  "status": "ok",
  "message": "pong"
}
ZmqGateway: received command payload: {"cmd":"get_project_state"}
ZmqGateway: dispatching payload to JUCE message thread.
VitHeadlessService: processing queued command on JUCE message thread: {"cmd":"get_project_state"}
Command received: {"cmd":"get_project_state"}
Command executed: get_project_state, result: {
  "status": "ok",
  "project_path": "",
  "tracks": [
    {
      "track_id": "1002",
      "track_name": "Arranger",
      "track_type": "track",
      "is_audio_track": false,
      "is_audio": false,
      "plugins": [],
      "clips": []
    },
    {
      "track_id": "1003",
      "track_name": "Chord",
      "track_type": "track",
      "is_audio_track": false,
      "is_audio": false,
      "plugins": [],
      "clips": []
    },
    {
      "track_id": "1004",
      "track_name": "Marker",
      "track_type": "track",
      "is_audio_track": false,
      "is_audio": false,
      "plugins": [],
      "clips": []
    },
    {
      "track_id": "1005",
      "track_name": "Tempo",
      "track_type": "track",
      "is_audio_track": false,
      "is_audio": false,
      "plugins": [],
      "clips": []
    },
    {
      "track_id": "1006",
      "track_name": "Master",
      "track_type": "master",
      "is_audio_track": false,
      "is_audio": false,
      "plugins": [],
      "clips": []
    }
  ]
}
VitHeadlessService: command reply (truncated): {
  "status": "ok",
  "project_path": "",
  "tracks": [
    {
      "track_id": "1002",
      "track_name": "Arranger",
      "track_type": "track",
      "is_audio_track": false,
      "is_audio": false,
     
ZmqGateway: received command payload: {"cmd":"list_tracks"}
ZmqGateway: dispatching payload to JUCE message thread.
VitHeadlessService: processing queued command on JUCE message thread: {"cmd":"list_tracks"}
Command received: {"cmd":"list_tracks"}
Command executed: list_tracks, result: {
  "status": "ok",
  "message": "Track list fetched",
  "tracks": [
    {
      "track_id": "1002",
      "name": "Arranger",
      "track_type": "track",
      "is_audio": false,
      "is_audio_track": false,
      "vit_type": "",
      "vit_intent": "",
      "plugin_count": 0,
      "plugins": []
    },
    {
      "track_id": "1003",
      "name": "Chord",
      "track_type": "track",
      "is_audio": false,
      "is_audio_track": false,
      "vit_type": "",
      "vit_intent": "",
      "plugin_count": 0,
      "plugins": []
    },
    {
      "track_id": "1004",
      "name": "Marker",
      "track_type": "track",
      "is_audio": false,
      "is_audio_track": false,
      "vit_type": "",
      "vit_intent": "",
      "plugin_count": 0,
      "plugins": []
    },
    {
      "track_id": "1005",
      "name": "Tempo",
      "track_type": "track",
      "is_audio": false,
      "is_audio_track": false,
      "vit_type": "",
      "vit_intent": "",
      "plugin_count": 0,
      "plugins": []
    },
    {
      "track_id": "1006",
      "name": "Master",
      "track_type": "master",
      "is_audio": false,
      "is_audio_track": false,
      "vit_type": "",
      "vit_intent": "",
      "plugin_count": 0,
      "plugins": []
    }
  ]
}
VitHeadlessService: command reply (truncated): {
  "status": "ok",
  "message": "Track list fetched",
  "tracks": [
    {
      "track_id": "1002",
      "name": "Arranger",
      "track_type": "track",
      "is_audio": false,
      "is_audio_track": false,
ZmqGateway: received command payload: {"cmd":"list_tracks"}
ZmqGateway: dispatching payload to JUCE message thread.
VitHeadlessService: processing queued command on JUCE message thread: {"cmd":"list_tracks"}
Command received: {"cmd":"list_tracks"}
Command executed: list_tracks, result: {
  "status": "ok",
  "message": "Track list fetched",
  "tracks": [
    {
      "track_id": "1002",
      "name": "Arranger",
      "track_type": "track",
      "is_audio": false,
      "is_audio_track": false,
      "vit_type": "",
      "vit_intent": "",
      "plugin_count": 0,
      "plugins": []
    },
    {
      "track_id": "1003",
      "name": "Chord",
      "track_type": "track",
      "is_audio": false,
      "is_audio_track": false,
      "vit_type": "",
      "vit_intent": "",
      "plugin_count": 0,
      "plugins": []
    },
    {
      "track_id": "1004",
      "name": "Marker",
      "track_type": "track",
      "is_audio": false,
      "is_audio_track": false,
      "vit_type": "",
      "vit_intent": "",
      "plugin_count": 0,
      "plugins": []
    },
    {
      "track_id": "1005",
      "name": "Tempo",
      "track_type": "track",
      "is_audio": false,
      "is_audio_track": false,
      "vit_type": "",
      "vit_intent": "",
      "plugin_count": 0,
      "plugins": []
    },
    {
      "track_id": "1006",
      "name": "Master",
      "track_type": "master",
      "is_audio": false,
      "is_audio_track": false,
      "vit_type": "",
      "vit_intent": "",
      "plugin_count": 0,
      "plugins": []
    }
  ]
}
VitHeadlessService: command reply (truncated): {
  "status": "ok",
  "message": "Track list fetched",
  "tracks": [
    {
      "track_id": "1002",
      "name": "Arranger",
      "track_type": "track",
      "is_audio": false,
      "is_audio_track": false,
ZmqGateway: received command payload: {"cmd":"add_track","type":"hybrid"}
ZmqGateway: dispatching payload to JUCE message thread.
VitHeadlessService: processing queued command on JUCE message thread: {"cmd":"add_track","type":"hybrid"}
Command received: {"cmd":"add_track","type":"hybrid"}
VitHeadlessService: project saved to D:\Vit_DAW\VitApp\Workspace\default_project.xml
Command executed: add_track, result: {
  "status": "ok",
  "message": "Track added",
  "track_id": "1007",
  "track_name": "Track 1"
}
VitHeadlessService: command reply (truncated): {
  "status": "ok",
  "message": "Track added",
  "track_id": "1007",
  "track_name": "Track 1"
}
ZmqGateway: received command payload: {"cmd":"list_tracks"}
ZmqGateway: dispatching payload to JUCE message thread.
VitHeadlessService: processing queued command on JUCE message thread: {"cmd":"list_tracks"}
Command received: {"cmd":"list_tracks"}
Command executed: list_tracks, result: {
  "status": "ok",
  "message": "Track list fetched",
  "tracks": [
    {
      "track_id": "1002",
      "name": "Arranger",
      "track_type": "track",
      "is_audio": false,
      "is_audio_track": false,
      "vit_type": "",
      "vit_intent": "",
      "plugin_count": 0,
      "plugins": []
    },
    {
      "track_id": "1003",
      "name": "Chord",
      "track_type": "track",
      "is_audio": false,
      "is_audio_track": false,
      "vit_type": "",
      "vit_intent": "",
      "plugin_count": 0,
      "plugins": []
    },
    {
      "track_id": "1004",
      "name": "Marker",
      "track_type": "track",
      "is_audio": false,
      "is_audio_track": false,
      "vit_type": "",
      "vit_intent": "",
      "plugin_count": 0,
      "plugins": []
    },
    {
      "track_id": "1005",
      "name": "Tempo",
      "track_type": "track",
      "is_audio": false,
      "is_audio_track": false,
      "vit_type": "",
      "vit_intent": "",
      "plugin_count": 0,
      "plugins": []
    },
    {
      "track_id": "1006",
      "name": "Master",
      "track_type": "master",
      "is_audio": false,
      "is_audio_track": false,
      "vit_type": "",
      "vit_intent": "",
      "plugin_count": 0,
      "plugins": []
    },
    {
      "track_id": "1007",
      "name": "Track 1",
      "track_type": "hybrid",
      "is_audio": true,
      "is_audio_track": true,
      "vit_type": "",
      "vit_intent": "",
      "plugin_count": 2,
      "plugins": [
        {
          "name": "Volume & Pan Plugin",
          "type": "volume",
          "enabled": true
        },
        {
          "name": "Level Meter",
          "type": "level",
          "enabled": true
        }
      ]
    }
  ]
}
VitHeadlessService: command reply (truncated): {
  "status": "ok",
  "message": "Track list fetched",
  "tracks": [
    {
      "track_id": "1002",
      "name": "Arranger",
      "track_type": "track",
      "is_audio": false,
      "is_audio_track": false,
ZmqGateway: received command payload: {"cmd":"get_project_state"}
ZmqGateway: dispatching payload to JUCE message thread.
VitHeadlessService: processing queued command on JUCE message thread: {"cmd":"get_project_state"}
Command received: {"cmd":"get_project_state"}
Command executed: get_project_state, result: {
  "status": "ok",
  "project_path": "",
  "tracks": [
    {
      "track_id": "1002",
      "track_name": "Arranger",
      "track_type": "track",
      "is_audio_track": false,
      "is_audio": false,
      "plugins": [],
      "clips": []
    },
    {
      "track_id": "1003",
      "track_name": "Chord",
      "track_type": "track",
      "is_audio_track": false,
      "is_audio": false,
      "plugins": [],
      "clips": []
    },
    {
      "track_id": "1004",
      "track_name": "Marker",
      "track_type": "track",
      "is_audio_track": false,
      "is_audio": false,
      "plugins": [],
      "clips": []
    },
    {
      "track_id": "1005",
      "track_name": "Tempo",
      "track_type": "track",
      "is_audio_track": false,
      "is_audio": false,
      "plugins": [],
      "clips": []
    },
    {
      "track_id": "1006",
      "track_name": "Master",
      "track_type": "master",
      "is_audio_track": false,
      "is_audio": false,
      "plugins": [],
      "clips": []
    },
    {
      "track_id": "1007",
      "track_name": "Track 1",
      "track_type": "hybrid",
      "is_audio_track": true,
      "is_audio": true,
      "plugins": [
        {
          "id": "1008",
          "item_id": "1008",
          "name": "Volume & Pan Plugin",
          "type": "volume",
          "enabled": true
        },
        {
          "id": "1009",
          "item_id": "1009",
          "name": "Level Meter",
          "type": "level",
          "enabled": true
        }
      ],
      "clips": [],
      "output_to_device_resolved": true,
      "output_device_enabled": true,
      "output_device_id": "out_b7a4b4c1",
      "output_routing_name": "(default audio output)"
    }
  ]
}
VitHeadlessService: command reply (truncated): {
  "status": "ok",
  "project_path": "",
  "tracks": [
    {
      "track_id": "1002",
      "track_name": "Arranger",
      "track_type": "track",
      "is_audio_track": false,
      "is_audio": false,
     
ZmqGateway: received command payload: {"cmd":"list_tracks"}
ZmqGateway: dispatching payload to JUCE message thread.
VitHeadlessService: processing queued command on JUCE message thread: {"cmd":"list_tracks"}
Command received: {"cmd":"list_tracks"}
Command executed: list_tracks, result: {
  "status": "ok",
  "message": "Track list fetched",
  "tracks": [
    {
      "track_id": "1002",
      "name": "Arranger",
      "track_type": "track",
      "is_audio": false,
      "is_audio_track": false,
      "vit_type": "",
      "vit_intent": "",
      "plugin_count": 0,
      "plugins": []
    },
    {
      "track_id": "1003",
      "name": "Chord",
      "track_type": "track",
      "is_audio": false,
      "is_audio_track": false,
      "vit_type": "",
      "vit_intent": "",
      "plugin_count": 0,
      "plugins": []
    },
    {
      "track_id": "1004",
      "name": "Marker",
      "track_type": "track",
      "is_audio": false,
      "is_audio_track": false,
      "vit_type": "",
      "vit_intent": "",
      "plugin_count": 0,
      "plugins": []
    },
    {
      "track_id": "1005",
      "name": "Tempo",
      "track_type": "track",
      "is_audio": false,
      "is_audio_track": false,
      "vit_type": "",
      "vit_intent": "",
      "plugin_count": 0,
      "plugins": []
    },
    {
      "track_id": "1006",
      "name": "Master",
      "track_type": "master",
      "is_audio": false,
      "is_audio_track": false,
      "vit_type": "",
      "vit_intent": "",
      "plugin_count": 0,
      "plugins": []
    },
    {
      "track_id": "1007",
      "name": "Track 1",
      "track_type": "hybrid",
      "is_audio": true,
      "is_audio_track": true,
      "vit_type": "",
      "vit_intent": "",
      "plugin_count": 2,
      "plugins": [
        {
          "name": "Volume & Pan Plugin",
          "type": "volume",
          "enabled": true
        },
        {
          "name": "Level Meter",
          "type": "level",
          "enabled": true
        }
      ]
    }
  ]
}
VitHeadlessService: command reply (truncated): {
  "status": "ok",
  "message": "Track list fetched",
  "tracks": [
    {
      "track_id": "1002",
      "name": "Arranger",
      "track_type": "track",
      "is_audio": false,
      "is_audio_track": false,
ZmqGateway: received command payload: {"cmd":"insert_midi_clip","command":"insert_midi_clip","length":4.0,"start":0.0,"time_unit":"beats","track_id":"1007"}
ZmqGateway: dispatching payload to JUCE message thread.
VitHeadlessService: processing queued command on JUCE message thread: {"cmd":"insert_midi_clip","command":"insert_midi_clip","length":4.0,"start":0.0,"time_unit":"beats","track_id":"1007"}
Command received: {"cmd":"insert_midi_clip","command":"insert_midi_clip","length":4.0,"start":0.0,"time_unit":"beats","track_id":"1007"}
Command executed: insert_midi_clip, result: {
  "status": "ok",
  "message": "MIDI clip inserted",
  "clip_id": "1010",
  "track_id": "1007",
  "start_seconds": 0.0,
  "length_seconds": 2.0
}
VitHeadlessService: command reply (truncated): {
  "status": "ok",
  "message": "MIDI clip inserted",
  "clip_id": "1010",
  "track_id": "1007",
  "start_seconds": 0.0,
  "length_seconds": 2.0
}
ZmqGateway: received command payload: {"cmd":"get_project_state"}
ZmqGateway: dispatching payload to JUCE message thread.
VitHeadlessService: processing queued command on JUCE message thread: {"cmd":"get_project_state"}
Command received: {"cmd":"get_project_state"}
Command executed: get_project_state, result: {
  "status": "ok",
  "project_path": "",
  "tracks": [
    {
      "track_id": "1002",
      "track_name": "Arranger",
      "track_type": "track",
      "is_audio_track": false,
      "is_audio": false,
      "plugins": [],
      "clips": []
    },
    {
      "track_id": "1003",
      "track_name": "Chord",
      "track_type": "track",
      "is_audio_track": false,
      "is_audio": false,
      "plugins": [],
      "clips": []
    },
    {
      "track_id": "1004",
      "track_name": "Marker",
      "track_type": "track",
      "is_audio_track": false,
      "is_audio": false,
      "plugins": [],
      "clips": []
    },
    {
      "track_id": "1005",
      "track_name": "Tempo",
      "track_type": "track",
      "is_audio_track": false,
      "is_audio": false,
      "plugins": [],
      "clips": []
    },
    {
      "track_id": "1006",
      "track_name": "Master",
      "track_type": "master",
      "is_audio_track": false,
      "is_audio": false,
      "plugins": [],
      "clips": []
    },
    {
      "track_id": "1007",
      "track_name": "Track 1",
      "track_type": "hybrid",
      "is_audio_track": true,
      "is_audio": true,
      "plugins": [
        {
          "id": "1008",
          "item_id": "1008",
          "name": "Volume & Pan Plugin",
          "type": "volume",
          "enabled": true
        },
        {
          "id": "1009",
          "item_id": "1009",
          "name": "Level Meter",
          "type": "level",
          "enabled": true
        }
      ],
      "clips": [
        {
          "id": "1010",
          "name": "New MIDI Clip",
          "clip_type": "midi",
          "start_seconds": 0.0,
          "end_seconds": 2.0,
          "length_seconds": 2.0,
          "offset_in_source_seconds": 0.0
        }
      ],
      "output_to_device_resolved": true,
      "output_device_enabled": true,
      "output_device_id": "out_b7a4b4c1",
      "output_routing_name": "(default audio output)"
    }
  ]
}
VitHeadlessService: command reply (truncated): {
  "status": "ok",
  "project_path": "",
  "tracks": [
    {
      "track_id": "1002",
      "track_name": "Arranger",
      "track_type": "track",
      "is_audio_track": false,
      "is_audio": false,
     
ZmqGateway: received command payload: {"cmd":"list_tracks"}
ZmqGateway: dispatching payload to JUCE message thread.
VitHeadlessService: processing queued command on JUCE message thread: {"cmd":"list_tracks"}
Command received: {"cmd":"list_tracks"}
Command executed: list_tracks, result: {
  "status": "ok",
  "message": "Track list fetched",
  "tracks": [
    {
      "track_id": "1002",
      "name": "Arranger",
      "track_type": "track",
      "is_audio": false,
      "is_audio_track": false,
      "vit_type": "",
      "vit_intent": "",
      "plugin_count": 0,
      "plugins": []
    },
    {
      "track_id": "1003",
      "name": "Chord",
      "track_type": "track",
      "is_audio": false,
      "is_audio_track": false,
      "vit_type": "",
      "vit_intent": "",
      "plugin_count": 0,
      "plugins": []
    },
    {
      "track_id": "1004",
      "name": "Marker",
      "track_type": "track",
      "is_audio": false,
      "is_audio_track": false,
      "vit_type": "",
      "vit_intent": "",
      "plugin_count": 0,
      "plugins": []
    },
    {
      "track_id": "1005",
      "name": "Tempo",
      "track_type": "track",
      "is_audio": false,
      "is_audio_track": false,
      "vit_type": "",
      "vit_intent": "",
      "plugin_count": 0,
      "plugins": []
    },
    {
      "track_id": "1006",
      "name": "Master",
      "track_type": "master",
      "is_audio": false,
      "is_audio_track": false,
      "vit_type": "",
      "vit_intent": "",
      "plugin_count": 0,
      "plugins": []
    },
    {
      "track_id": "1007",
      "name": "Track 1",
      "track_type": "hybrid",
      "is_audio": true,
      "is_audio_track": true,
      "vit_type": "",
      "vit_intent": "",
      "plugin_count": 2,
      "plugins": [
        {
          "name": "Volume & Pan Plugin",
          "type": "volume",
          "enabled": true
        },
        {
          "name": "Level Meter",
          "type": "level",
          "enabled": true
        }
      ]
    }
  ]
}
VitHeadlessService: command reply (truncated): {
  "status": "ok",
  "message": "Track list fetched",
  "tracks": [
    {
      "track_id": "1002",
      "name": "Arranger",
      "track_type": "track",
      "is_audio": false,
      "is_audio_track": false,
ZmqGateway: received command payload: {"clip_id":"1010","cmd":"get_midi_clip_data","command":"get_midi_clip_data","time_unit":"beats"}
ZmqGateway: dispatching payload to JUCE message thread.
VitHeadlessService: processing queued command on JUCE message thread: {"clip_id":"1010","cmd":"get_midi_clip_data","command":"get_midi_clip_data","time_unit":"beats"}
Command received: {"clip_id":"1010","cmd":"get_midi_clip_data","command":"get_midi_clip_data","time_unit":"beats"}
Command executed: get_midi_clip_data, result: {
  "status": "ok",
  "clip_id": "1010",
  "time_unit": "beats",
  "notes": []
}
VitHeadlessService: command reply (truncated): {
  "status": "ok",
  "clip_id": "1010",
  "time_unit": "beats",
  "notes": []
}
ZmqGateway: received command payload: {"clip_id":"1010","cmd":"get_midi_clip_notes","command":"get_midi_clip_notes","time_unit":"beats","track_id":"1007"}
ZmqGateway: dispatching payload to JUCE message thread.
VitHeadlessService: processing queued command on JUCE message thread: {"clip_id":"1010","cmd":"get_midi_clip_notes","command":"get_midi_clip_notes","time_unit":"beats","track_id":"1007"}
Command received: {"clip_id":"1010","cmd":"get_midi_clip_notes","command":"get_midi_clip_notes","time_unit":"beats","track_id":"1007"}
Command executed: get_midi_clip_notes, result: {
  "status": "ok",
  "message": "MIDI clip notes",
  "clip_id": "1010",
  "track_id": "1007",
  "time_unit": "beats",
  "notes": []
}
VitHeadlessService: command reply (truncated): {
  "status": "ok",
  "message": "MIDI clip notes",
  "clip_id": "1010",
  "track_id": "1007",
  "time_unit": "beats",
  "notes": []
}
ZmqGateway: received command payload: {"clip_id":"1010","cmd":"resize_clip","command":"resize_clip","new_length":14.0,"new_start":0.0,"offset_in_source":0.0,"time_unit":"beats","track_id":"1007","track_index":0}
ZmqGateway: dispatching payload to JUCE message thread.
VitHeadlessService: processing queued command on JUCE message thread: {"clip_id":"1010","cmd":"resize_clip","command":"resize_clip","new_length":14.0,"new_start":0.0,"offset_in_source":0.0,"time_unit":"beats","track_id":"1007","track_index":0}
Command received: {"clip_id":"1010","cmd":"resize_clip","command":"resize_clip","new_length":14.0,"new_start":0.0,"offset_in_source":0.0,"time_unit":"beats","track_id":"1007","track_index":0}
Command executed: resize_clip, result: {
  "status": "ok",
  "message": "Clip resized",
  "clip_id": "1010",
  "track_id": "1007",
  "affected_track_id": "1007",
  "new_start_seconds": 0.0,
  "new_length_seconds": 7.0,
  "offset_in_source_seconds": 0.0,
  "overlap_mode": "trim",
  "created_clip_ids": [],
  "removed_clip_ids": [],
  "affected_clip_ids": []
}
VitHeadlessService: command reply (truncated): {
  "status": "ok",
  "message": "Clip resized",
  "clip_id": "1010",
  "track_id": "1007",
  "affected_track_id": "1007",
  "new_start_seconds": 0.0,
  "new_length_seconds": 7.0,
  "offset_in_source_seconds": 0.
ZmqGateway: received command payload: {"clip_id":"1010","cmd":"add_midi_notes","command":"add_midi_notes","notes":[{"id":"note_7697","length":1.0,"pitch":62,"start":2.5,"state":"solid","velocity":100}],"time_unit":"beats","track_id":"1007","track_index":0}
ZmqGateway: dispatching payload to JUCE message thread.
VitHeadlessService: processing queued command on JUCE message thread: {"clip_id":"1010","cmd":"add_midi_notes","command":"add_midi_notes","notes":[{"id":"note_7697","length":1.0,"pitch":62,"start":2.5,"state":"solid","velocity":100}],"time_unit":"beats","track_id":"1007","track_index":0}
Command received: {"clip_id":"1010","cmd":"add_midi_notes","command":"add_midi_notes","notes":[{"id":"note_7697","length":1.0,"pitch":62,"start":2.5,"state":"solid","velocity":100}],"time_unit":"beats","track_id":"1007","track_index":0}
Command executed: add_midi_notes, result: {
  "status": "ok",
  "message": "MIDI notes added",
  "clip_id": "1010",
  "track_id": "1007",
  "added_count": 1
}
VitHeadlessService: command reply (truncated): {
  "status": "ok",
  "message": "MIDI notes added",
  "clip_id": "1010",
  "track_id": "1007",
  "added_count": 1
}
ZmqGateway: received command payload: {"clip_id":"1010","cmd":"add_midi_notes","command":"add_midi_notes","notes":[{"id":"note_8268","length":1.0,"pitch":59,"start":5.75,"state":"solid","velocity":100}],"time_unit":"beats","track_id":"1007","track_index":0}
ZmqGateway: dispatching payload to JUCE message thread.
VitHeadlessService: processing queued command on JUCE message thread: {"clip_id":"1010","cmd":"add_midi_notes","command":"add_midi_notes","notes":[{"id":"note_8268","length":1.0,"pitch":59,"start":5.75,"state":"solid","velocity":100}],"time_unit":"beats","track_id":"1007","track_index":0}
Command received: {"clip_id":"1010","cmd":"add_midi_notes","command":"add_midi_notes","notes":[{"id":"note_8268","length":1.0,"pitch":59,"start":5.75,"state":"solid","velocity":100}],"time_unit":"beats","track_id":"1007","track_index":0}
Command executed: add_midi_notes, result: {
  "status": "ok",
  "message": "MIDI notes added",
  "clip_id": "1010",
  "track_id": "1007",
  "added_count": 1
}
VitHeadlessService: command reply (truncated): {
  "status": "ok",
  "message": "MIDI notes added",
  "clip_id": "1010",
  "track_id": "1007",
  "added_count": 1
}
ZmqGateway: received command payload: {"clip_id":"1010","cmd":"add_midi_notes","command":"add_midi_notes","notes":[{"id":"note_8792","length":1.0,"pitch":65,"start":7.75,"state":"solid","velocity":100}],"time_unit":"beats","track_id":"1007","track_index":0}
ZmqGateway: dispatching payload to JUCE message thread.
VitHeadlessService: processing queued command on JUCE message thread: {"clip_id":"1010","cmd":"add_midi_notes","command":"add_midi_notes","notes":[{"id":"note_8792","length":1.0,"pitch":65,"start":7.75,"state":"solid","velocity":100}],"time_unit":"beats","track_id":"1007","track_index":0}
Command received: {"clip_id":"1010","cmd":"add_midi_notes","command":"add_midi_notes","notes":[{"id":"note_8792","length":1.0,"pitch":65,"start":7.75,"state":"solid","velocity":100}],"time_unit":"beats","track_id":"1007","track_index":0}
Command executed: add_midi_notes, result: {
  "status": "ok",
  "message": "MIDI notes added",
  "clip_id": "1010",
  "track_id": "1007",
  "added_count": 1
}
VitHeadlessService: command reply (truncated): {
  "status": "ok",
  "message": "MIDI notes added",
  "clip_id": "1010",
  "track_id": "1007",
  "added_count": 1
}
ZmqGateway: received command payload: {"clip_id":"1010","cmd":"add_midi_notes","command":"add_midi_notes","notes":[{"id":"note_9256","length":1.0,"pitch":59,"start":9.75,"state":"solid","velocity":100}],"time_unit":"beats","track_id":"1007","track_index":0}
ZmqGateway: dispatching payload to JUCE message thread.
VitHeadlessService: processing queued command on JUCE message thread: {"clip_id":"1010","cmd":"add_midi_notes","command":"add_midi_notes","notes":[{"id":"note_9256","length":1.0,"pitch":59,"start":9.75,"state":"solid","velocity":100}],"time_unit":"beats","track_id":"1007","track_index":0}
Command received: {"clip_id":"1010","cmd":"add_midi_notes","command":"add_midi_notes","notes":[{"id":"note_9256","length":1.0,"pitch":59,"start":9.75,"state":"solid","velocity":100}],"time_unit":"beats","track_id":"1007","track_index":0}
Command executed: add_midi_notes, result: {
  "status": "ok",
  "message": "MIDI notes added",
  "clip_id": "1010",
  "track_id": "1007",
  "added_count": 1
}
VitHeadlessService: command reply (truncated): {
  "status": "ok",
  "message": "MIDI notes added",
  "clip_id": "1010",
  "track_id": "1007",
  "added_count": 1
}
ZmqGateway: received command payload: {"clip_id":"1010","cmd":"add_midi_notes","command":"add_midi_notes","notes":[{"id":"note_9750","length":1.0,"pitch":64,"start":12.0,"state":"solid","velocity":100}],"time_unit":"beats","track_id":"1007","track_index":0}
ZmqGateway: dispatching payload to JUCE message thread.
VitHeadlessService: processing queued command on JUCE message thread: {"clip_id":"1010","cmd":"add_midi_notes","command":"add_midi_notes","notes":[{"id":"note_9750","length":1.0,"pitch":64,"start":12.0,"state":"solid","velocity":100}],"time_unit":"beats","track_id":"1007","track_index":0}
Command received: {"clip_id":"1010","cmd":"add_midi_notes","command":"add_midi_notes","notes":[{"id":"note_9750","length":1.0,"pitch":64,"start":12.0,"state":"solid","velocity":100}],"time_unit":"beats","track_id":"1007","track_index":0}
Command executed: add_midi_notes, result: {
  "status": "ok",
  "message": "MIDI notes added",
  "clip_id": "1010",
  "track_id": "1007",
  "added_count": 1
}
VitHeadlessService: command reply (truncated): {
  "status": "ok",
  "message": "MIDI notes added",
  "clip_id": "1010",
  "track_id": "1007",
  "added_count": 1
}
ZmqGateway: received command payload: {"clip_id":"1010","cmd":"get_midi_clip_data","command":"get_midi_clip_data","time_unit":"beats"}
ZmqGateway: dispatching payload to JUCE message thread.
VitHeadlessService: processing queued command on JUCE message thread: {"clip_id":"1010","cmd":"get_midi_clip_data","command":"get_midi_clip_data","time_unit":"beats"}
Command received: {"clip_id":"1010","cmd":"get_midi_clip_data","command":"get_midi_clip_data","time_unit":"beats"}
Command executed: get_midi_clip_data, result: {
  "status": "ok",
  "clip_id": "1010",
  "time_unit": "beats",
  "notes": [
    {
      "id": "note_7697",
      "start": 2.5,
      "length": 1.0,
      "pitch": 62,
      "velocity": 100
    },
    {
      "id": "note_8268",
      "start": 5.75,
      "length": 1.0,
      "pitch": 59,
      "velocity": 100
    },
    {
      "id": "note_8792",
      "start": 7.75,
      "length": 1.0,
      "pitch": 65,
      "velocity": 100
    },
    {
      "id": "note_9256",
      "start": 9.75,
      "length": 1.0,
      "pitch": 59,
      "velocity": 100
    },
    {
      "id": "note_9750",
      "start": 12.0,
      "length": 1.0,
      "pitch": 64,
      "velocity": 100
    }
  ]
}
VitHeadlessService: command reply (truncated): {
  "status": "ok",
  "clip_id": "1010",
  "time_unit": "beats",
  "notes": [
    {
      "id": "note_7697",
      "start": 2.5,
      "length": 1.0,
      "pitch": 62,
      "velocity": 100
    },
    {
   
ZmqGateway: received command payload: {"cmd":"get_recent_projects"}
ZmqGateway: dispatching payload to JUCE message thread.
VitHeadlessService: processing queued command on JUCE message thread: {"cmd":"get_recent_projects"}
Command received: {"cmd":"get_recent_projects"}
Command executed: get_recent_projects, result: {
  "status": "ok",
  "recent_projects": [
    "D:\\Godot\\project\\vit-daw-frontend\\4.4.3.vit",
    "D:\\Godot\\project\\vit-daw-frontend\\4.4.2.vit",
    "D:\\Godot\\project\\vit-daw-frontend\\4.4.1.vit",
    "D:\\Godot\\project\\vit-daw-frontend\\4.4.vit",
    "D:\\4.1.tracktionedit"
  ]
}
VitHeadlessService: command reply (truncated): {
  "status": "ok",
  "recent_projects": [
    "D:\\Godot\\project\\vit-daw-frontend\\4.4.3.vit",
    "D:\\Godot\\project\\vit-daw-frontend\\4.4.2.vit",
    "D:\\Godot\\project\\vit-daw-frontend\\4.4.1.vit",
    "D
ZmqGateway: received command payload: {"cmd":"new_project"}
ZmqGateway: dispatching payload to JUCE message thread.
VitHeadlessService: processing queued command on JUCE message thread: {"cmd":"new_project"}
Command received: {"cmd":"new_project"}
VitEngineDevice: audio IO ready for playback graph: "扬声器 (2- USB AUDIO  CODEC)" 48000.00 Hz, block 480 samples
Command executed: new_project, result: {
  "status": "ok",
  "message": "Blank project created"
}
VitHeadlessService: command reply (truncated): {
  "status": "ok",
  "message": "Blank project created"
}
ZmqGateway: received command payload: {"cmd":"ping"}
ZmqGateway: dispatching payload to JUCE message thread.
VitHeadlessService: processing queued command on JUCE message thread: {"cmd":"ping"}
Command received: {"cmd":"ping"}
CommandDispatcher: handled ping command.
Command executed: ping, result: {
  "status": "ok",
  "message": "pong"
}
VitHeadlessService: command reply (truncated): {
  "status": "ok",
  "message": "pong"
}
ZmqGateway: received command payload: {"cmd":"get_project_state"}
ZmqGateway: dispatching payload to JUCE message thread.
VitHeadlessService: processing queued command on JUCE message thread: {"cmd":"get_project_state"}
Command received: {"cmd":"get_project_state"}
Command executed: get_project_state, result: {
  "status": "ok",
  "project_path": "",
  "tracks": [
    {
      "track_id": "1002",
      "track_name": "Arranger",
      "track_type": "track",
      "is_audio_track": false,
      "is_audio": false,
      "plugins": [],
      "clips": []
    },
    {
      "track_id": "1003",
      "track_name": "Chord",
      "track_type": "track",
      "is_audio_track": false,
      "is_audio": false,
      "plugins": [],
      "clips": []
    },
    {
      "track_id": "1004",
      "track_name": "Marker",
      "track_type": "track",
      "is_audio_track": false,
      "is_audio": false,
      "plugins": [],
      "clips": []
    },
    {
      "track_id": "1005",
      "track_name": "Tempo",
      "track_type": "track",
      "is_audio_track": false,
      "is_audio": false,
      "plugins": [],
      "clips": []
    },
    {
      "track_id": "1006",
      "track_name": "Master",
      "track_type": "master",
      "is_audio_track": false,
      "is_audio": false,
      "plugins": [],
      "clips": []
    }
  ]
}
VitHeadlessService: command reply (truncated): {
  "status": "ok",
  "project_path": "",
  "tracks": [
    {
      "track_id": "1002",
      "track_name": "Arranger",
      "track_type": "track",
      "is_audio_track": false,
      "is_audio": false,
     
ZmqGateway: received command payload: {"cmd":"list_tracks"}
ZmqGateway: dispatching payload to JUCE message thread.
VitHeadlessService: processing queued command on JUCE message thread: {"cmd":"list_tracks"}
Command received: {"cmd":"list_tracks"}
Command executed: list_tracks, result: {
  "status": "ok",
  "message": "Track list fetched",
  "tracks": [
    {
      "track_id": "1002",
      "name": "Arranger",
      "track_type": "track",
      "is_audio": false,
      "is_audio_track": false,
      "vit_type": "",
      "vit_intent": "",
      "plugin_count": 0,
      "plugins": []
    },
    {
      "track_id": "1003",
      "name": "Chord",
      "track_type": "track",
      "is_audio": false,
      "is_audio_track": false,
      "vit_type": "",
      "vit_intent": "",
      "plugin_count": 0,
      "plugins": []
    },
    {
      "track_id": "1004",
      "name": "Marker",
      "track_type": "track",
      "is_audio": false,
      "is_audio_track": false,
      "vit_type": "",
      "vit_intent": "",
      "plugin_count": 0,
      "plugins": []
    },
    {
      "track_id": "1005",
      "name": "Tempo",
      "track_type": "track",
      "is_audio": false,
      "is_audio_track": false,
      "vit_type": "",
      "vit_intent": "",
      "plugin_count": 0,
      "plugins": []
    },
    {
      "track_id": "1006",
      "name": "Master",
      "track_type": "master",
      "is_audio": false,
      "is_audio_track": false,
      "vit_type": "",
      "vit_intent": "",
      "plugin_count": 0,
      "plugins": []
    }
  ]
}
VitHeadlessService: command reply (truncated): {
  "status": "ok",
  "message": "Track list fetched",
  "tracks": [
    {
      "track_id": "1002",
      "name": "Arranger",
      "track_type": "track",
      "is_audio": false,
      "is_audio_track": false,
ZmqGateway: received command payload: {"cmd":"list_tracks"}
ZmqGateway: dispatching payload to JUCE message thread.
VitHeadlessService: processing queued command on JUCE message thread: {"cmd":"list_tracks"}
Command received: {"cmd":"list_tracks"}
Command executed: list_tracks, result: {
  "status": "ok",
  "message": "Track list fetched",
  "tracks": [
    {
      "track_id": "1002",
      "name": "Arranger",
      "track_type": "track",
      "is_audio": false,
      "is_audio_track": false,
      "vit_type": "",
      "vit_intent": "",
      "plugin_count": 0,
      "plugins": []
    },
    {
      "track_id": "1003",
      "name": "Chord",
      "track_type": "track",
      "is_audio": false,
      "is_audio_track": false,
      "vit_type": "",
      "vit_intent": "",
      "plugin_count": 0,
      "plugins": []
    },
    {
      "track_id": "1004",
      "name": "Marker",
      "track_type": "track",
      "is_audio": false,
      "is_audio_track": false,
      "vit_type": "",
      "vit_intent": "",
      "plugin_count": 0,
      "plugins": []
    },
    {
      "track_id": "1005",
      "name": "Tempo",
      "track_type": "track",
      "is_audio": false,
      "is_audio_track": false,
      "vit_type": "",
      "vit_intent": "",
      "plugin_count": 0,
      "plugins": []
    },
    {
      "track_id": "1006",
      "name": "Master",
      "track_type": "master",
      "is_audio": false,
      "is_audio_track": false,
      "vit_type": "",
      "vit_intent": "",
      "plugin_count": 0,
      "plugins": []
    }
  ]
}
VitHeadlessService: command reply (truncated): {
  "status": "ok",
  "message": "Track list fetched",
  "tracks": [
    {
      "track_id": "1002",
      "name": "Arranger",
      "track_type": "track",
      "is_audio": false,
      "is_audio_track": false,
ZmqGateway: received command payload: {"cmd":"add_track","type":"hybrid"}
ZmqGateway: dispatching payload to JUCE message thread.
VitHeadlessService: processing queued command on JUCE message thread: {"cmd":"add_track","type":"hybrid"}
Command received: {"cmd":"add_track","type":"hybrid"}
VitHeadlessService: project saved to D:\Vit_DAW\VitApp\Workspace\default_project.xml
Command executed: add_track, result: {
  "status": "ok",
  "message": "Track added",
  "track_id": "1007",
  "track_name": "Track 1"
}
VitHeadlessService: command reply (truncated): {
  "status": "ok",
  "message": "Track added",
  "track_id": "1007",
  "track_name": "Track 1"
}
ZmqGateway: received command payload: {"cmd":"list_tracks"}
ZmqGateway: dispatching payload to JUCE message thread.
VitHeadlessService: processing queued command on JUCE message thread: {"cmd":"list_tracks"}
Command received: {"cmd":"list_tracks"}
Command executed: list_tracks, result: {
  "status": "ok",
  "message": "Track list fetched",
  "tracks": [
    {
      "track_id": "1002",
      "name": "Arranger",
      "track_type": "track",
      "is_audio": false,
      "is_audio_track": false,
      "vit_type": "",
      "vit_intent": "",
      "plugin_count": 0,
      "plugins": []
    },
    {
      "track_id": "1003",
      "name": "Chord",
      "track_type": "track",
      "is_audio": false,
      "is_audio_track": false,
      "vit_type": "",
      "vit_intent": "",
      "plugin_count": 0,
      "plugins": []
    },
    {
      "track_id": "1004",
      "name": "Marker",
      "track_type": "track",
      "is_audio": false,
      "is_audio_track": false,
      "vit_type": "",
      "vit_intent": "",
      "plugin_count": 0,
      "plugins": []
    },
    {
      "track_id": "1005",
      "name": "Tempo",
      "track_type": "track",
      "is_audio": false,
      "is_audio_track": false,
      "vit_type": "",
      "vit_intent": "",
      "plugin_count": 0,
      "plugins": []
    },
    {
      "track_id": "1006",
      "name": "Master",
      "track_type": "master",
      "is_audio": false,
      "is_audio_track": false,
      "vit_type": "",
      "vit_intent": "",
      "plugin_count": 0,
      "plugins": []
    },
    {
      "track_id": "1007",
      "name": "Track 1",
      "track_type": "hybrid",
      "is_audio": true,
      "is_audio_track": true,
      "vit_type": "",
      "vit_intent": "",
      "plugin_count": 2,
      "plugins": [
        {
          "name": "Volume & Pan Plugin",
          "type": "volume",
          "enabled": true
        },
        {
          "name": "Level Meter",
          "type": "level",
          "enabled": true
        }
      ]
    }
  ]
}
VitHeadlessService: command reply (truncated): {
  "status": "ok",
  "message": "Track list fetched",
  "tracks": [
    {
      "track_id": "1002",
      "name": "Arranger",
      "track_type": "track",
      "is_audio": false,
      "is_audio_track": false,
ZmqGateway: received command payload: {"cmd":"get_project_state"}
ZmqGateway: dispatching payload to JUCE message thread.
VitHeadlessService: processing queued command on JUCE message thread: {"cmd":"get_project_state"}
Command received: {"cmd":"get_project_state"}
Command executed: get_project_state, result: {
  "status": "ok",
  "project_path": "",
  "tracks": [
    {
      "track_id": "1002",
      "track_name": "Arranger",
      "track_type": "track",
      "is_audio_track": false,
      "is_audio": false,
      "plugins": [],
      "clips": []
    },
    {
      "track_id": "1003",
      "track_name": "Chord",
      "track_type": "track",
      "is_audio_track": false,
      "is_audio": false,
      "plugins": [],
      "clips": []
    },
    {
      "track_id": "1004",
      "track_name": "Marker",
      "track_type": "track",
      "is_audio_track": false,
      "is_audio": false,
      "plugins": [],
      "clips": []
    },
    {
      "track_id": "1005",
      "track_name": "Tempo",
      "track_type": "track",
      "is_audio_track": false,
      "is_audio": false,
      "plugins": [],
      "clips": []
    },
    {
      "track_id": "1006",
      "track_name": "Master",
      "track_type": "master",
      "is_audio_track": false,
      "is_audio": false,
      "plugins": [],
      "clips": []
    },
    {
      "track_id": "1007",
      "track_name": "Track 1",
      "track_type": "hybrid",
      "is_audio_track": true,
      "is_audio": true,
      "plugins": [
        {
          "id": "1008",
          "item_id": "1008",
          "name": "Volume & Pan Plugin",
          "type": "volume",
          "enabled": true
        },
        {
          "id": "1009",
          "item_id": "1009",
          "name": "Level Meter",
          "type": "level",
          "enabled": true
        }
      ],
      "clips": [],
      "output_to_device_resolved": true,
      "output_device_enabled": true,
      "output_device_id": "out_b7a4b4c1",
      "output_routing_name": "(default audio output)"
    }
  ]
}
VitHeadlessService: command reply (truncated): {
  "status": "ok",
  "project_path": "",
  "tracks": [
    {
      "track_id": "1002",
      "track_name": "Arranger",
      "track_type": "track",
      "is_audio_track": false,
      "is_audio": false,
     
ZmqGateway: received command payload: {"cmd":"list_tracks"}
ZmqGateway: dispatching payload to JUCE message thread.
VitHeadlessService: processing queued command on JUCE message thread: {"cmd":"list_tracks"}
Command received: {"cmd":"list_tracks"}
Command executed: list_tracks, result: {
  "status": "ok",
  "message": "Track list fetched",
  "tracks": [
    {
      "track_id": "1002",
      "name": "Arranger",
      "track_type": "track",
      "is_audio": false,
      "is_audio_track": false,
      "vit_type": "",
      "vit_intent": "",
      "plugin_count": 0,
      "plugins": []
    },
    {
      "track_id": "1003",
      "name": "Chord",
      "track_type": "track",
      "is_audio": false,
      "is_audio_track": false,
      "vit_type": "",
      "vit_intent": "",
      "plugin_count": 0,
      "plugins": []
    },
    {
      "track_id": "1004",
      "name": "Marker",
      "track_type": "track",
      "is_audio": false,
      "is_audio_track": false,
      "vit_type": "",
      "vit_intent": "",
      "plugin_count": 0,
      "plugins": []
    },
    {
      "track_id": "1005",
      "name": "Tempo",
      "track_type": "track",
      "is_audio": false,
      "is_audio_track": false,
      "vit_type": "",
      "vit_intent": "",
      "plugin_count": 0,
      "plugins": []
    },
    {
      "track_id": "1006",
      "name": "Master",
      "track_type": "master",
      "is_audio": false,
      "is_audio_track": false,
      "vit_type": "",
      "vit_intent": "",
      "plugin_count": 0,
      "plugins": []
    },
    {
      "track_id": "1007",
      "name": "Track 1",
      "track_type": "hybrid",
      "is_audio": true,
      "is_audio_track": true,
      "vit_type": "",
      "vit_intent": "",
      "plugin_count": 2,
      "plugins": [
        {
          "name": "Volume & Pan Plugin",
          "type": "volume",
          "enabled": true
        },
        {
          "name": "Level Meter",
          "type": "level",
          "enabled": true
        }
      ]
    }
  ]
}
VitHeadlessService: command reply (truncated): {
  "status": "ok",
  "message": "Track list fetched",
  "tracks": [
    {
      "track_id": "1002",
      "name": "Arranger",
      "track_type": "track",
      "is_audio": false,
      "is_audio_track": false,
ZmqGateway: received command payload: {"cmd":"insert_midi_clip","command":"insert_midi_clip","length":4.0,"start":0.0,"time_unit":"beats","track_id":"1007"}
ZmqGateway: dispatching payload to JUCE message thread.
VitHeadlessService: processing queued command on JUCE message thread: {"cmd":"insert_midi_clip","command":"insert_midi_clip","length":4.0,"start":0.0,"time_unit":"beats","track_id":"1007"}
Command received: {"cmd":"insert_midi_clip","command":"insert_midi_clip","length":4.0,"start":0.0,"time_unit":"beats","track_id":"1007"}
Command executed: insert_midi_clip, result: {
  "status": "ok",
  "message": "MIDI clip inserted",
  "clip_id": "1010",
  "track_id": "1007",
  "start_seconds": 0.0,
  "length_seconds": 2.0
}
VitHeadlessService: command reply (truncated): {
  "status": "ok",
  "message": "MIDI clip inserted",
  "clip_id": "1010",
  "track_id": "1007",
  "start_seconds": 0.0,
  "length_seconds": 2.0
}
ZmqGateway: received command payload: {"cmd":"get_project_state"}
ZmqGateway: dispatching payload to JUCE message thread.
VitHeadlessService: processing queued command on JUCE message thread: {"cmd":"get_project_state"}
Command received: {"cmd":"get_project_state"}
Command executed: get_project_state, result: {
  "status": "ok",
  "project_path": "",
  "tracks": [
    {
      "track_id": "1002",
      "track_name": "Arranger",
      "track_type": "track",
      "is_audio_track": false,
      "is_audio": false,
      "plugins": [],
      "clips": []
    },
    {
      "track_id": "1003",
      "track_name": "Chord",
      "track_type": "track",
      "is_audio_track": false,
      "is_audio": false,
      "plugins": [],
      "clips": []
    },
    {
      "track_id": "1004",
      "track_name": "Marker",
      "track_type": "track",
      "is_audio_track": false,
      "is_audio": false,
      "plugins": [],
      "clips": []
    },
    {
      "track_id": "1005",
      "track_name": "Tempo",
      "track_type": "track",
      "is_audio_track": false,
      "is_audio": false,
      "plugins": [],
      "clips": []
    },
    {
      "track_id": "1006",
      "track_name": "Master",
      "track_type": "master",
      "is_audio_track": false,
      "is_audio": false,
      "plugins": [],
      "clips": []
    },
    {
      "track_id": "1007",
      "track_name": "Track 1",
      "track_type": "hybrid",
      "is_audio_track": true,
      "is_audio": true,
      "plugins": [
        {
          "id": "1008",
          "item_id": "1008",
          "name": "Volume & Pan Plugin",
          "type": "volume",
          "enabled": true
        },
        {
          "id": "1009",
          "item_id": "1009",
          "name": "Level Meter",
          "type": "level",
          "enabled": true
        }
      ],
      "clips": [
        {
          "id": "1010",
          "name": "New MIDI Clip",
          "clip_type": "midi",
          "start_seconds": 0.0,
          "end_seconds": 2.0,
          "length_seconds": 2.0,
          "offset_in_source_seconds": 0.0
        }
      ],
      "output_to_device_resolved": true,
      "output_device_enabled": true,
      "output_device_id": "out_b7a4b4c1",
      "output_routing_name": "(default audio output)"
    }
  ]
}
VitHeadlessService: command reply (truncated): {
  "status": "ok",
  "project_path": "",
  "tracks": [
    {
      "track_id": "1002",
      "track_name": "Arranger",
      "track_type": "track",
      "is_audio_track": false,
      "is_audio": false,
     
ZmqGateway: received command payload: {"cmd":"list_tracks"}
ZmqGateway: dispatching payload to JUCE message thread.
VitHeadlessService: processing queued command on JUCE message thread: {"cmd":"list_tracks"}
Command received: {"cmd":"list_tracks"}
Command executed: list_tracks, result: {
  "status": "ok",
  "message": "Track list fetched",
  "tracks": [
    {
      "track_id": "1002",
      "name": "Arranger",
      "track_type": "track",
      "is_audio": false,
      "is_audio_track": false,
      "vit_type": "",
      "vit_intent": "",
      "plugin_count": 0,
      "plugins": []
    },
    {
      "track_id": "1003",
      "name": "Chord",
      "track_type": "track",
      "is_audio": false,
      "is_audio_track": false,
      "vit_type": "",
      "vit_intent": "",
      "plugin_count": 0,
      "plugins": []
    },
    {
      "track_id": "1004",
      "name": "Marker",
      "track_type": "track",
      "is_audio": false,
      "is_audio_track": false,
      "vit_type": "",
      "vit_intent": "",
      "plugin_count": 0,
      "plugins": []
    },
    {
      "track_id": "1005",
      "name": "Tempo",
      "track_type": "track",
      "is_audio": false,
      "is_audio_track": false,
      "vit_type": "",
      "vit_intent": "",
      "plugin_count": 0,
      "plugins": []
    },
    {
      "track_id": "1006",
      "name": "Master",
      "track_type": "master",
      "is_audio": false,
      "is_audio_track": false,
      "vit_type": "",
      "vit_intent": "",
      "plugin_count": 0,
      "plugins": []
    },
    {
      "track_id": "1007",
      "name": "Track 1",
      "track_type": "hybrid",
      "is_audio": true,
      "is_audio_track": true,
      "vit_type": "",
      "vit_intent": "",
      "plugin_count": 2,
      "plugins": [
        {
          "name": "Volume & Pan Plugin",
          "type": "volume",
          "enabled": true
        },
        {
          "name": "Level Meter",
          "type": "level",
          "enabled": true
        }
      ]
    }
  ]
}
VitHeadlessService: command reply (truncated): {
  "status": "ok",
  "message": "Track list fetched",
  "tracks": [
    {
      "track_id": "1002",
      "name": "Arranger",
      "track_type": "track",
      "is_audio": false,
      "is_audio_track": false,
ZmqGateway: received command payload: {"clip_id":"1010","cmd":"get_midi_clip_data","command":"get_midi_clip_data","time_unit":"beats"}
ZmqGateway: dispatching payload to JUCE message thread.
VitHeadlessService: processing queued command on JUCE message thread: {"clip_id":"1010","cmd":"get_midi_clip_data","command":"get_midi_clip_data","time_unit":"beats"}
Command received: {"clip_id":"1010","cmd":"get_midi_clip_data","command":"get_midi_clip_data","time_unit":"beats"}
Command executed: get_midi_clip_data, result: {
  "status": "ok",
  "clip_id": "1010",
  "time_unit": "beats",
  "notes": []
}
VitHeadlessService: command reply (truncated): {
  "status": "ok",
  "clip_id": "1010",
  "time_unit": "beats",
  "notes": []
}
ZmqGateway: received command payload: {"clip_id":"1010","cmd":"get_midi_clip_notes","command":"get_midi_clip_notes","time_unit":"beats","track_id":"1007"}
ZmqGateway: dispatching payload to JUCE message thread.
VitHeadlessService: processing queued command on JUCE message thread: {"clip_id":"1010","cmd":"get_midi_clip_notes","command":"get_midi_clip_notes","time_unit":"beats","track_id":"1007"}
Command received: {"clip_id":"1010","cmd":"get_midi_clip_notes","command":"get_midi_clip_notes","time_unit":"beats","track_id":"1007"}
Command executed: get_midi_clip_notes, result: {
  "status": "ok",
  "message": "MIDI clip notes",
  "clip_id": "1010",
  "track_id": "1007",
  "time_unit": "beats",
  "notes": []
}
VitHeadlessService: command reply (truncated): {
  "status": "ok",
  "message": "MIDI clip notes",
  "clip_id": "1010",
  "track_id": "1007",
  "time_unit": "beats",
  "notes": []
}
ZmqGateway: received command payload: {"clip_id":"1010","cmd":"resize_clip","command":"resize_clip","new_length":12.75,"new_start":0.0,"offset_in_source":0.0,"time_unit":"beats","track_id":"1007","track_index":0}
ZmqGateway: dispatching payload to JUCE message thread.
VitHeadlessService: processing queued command on JUCE message thread: {"clip_id":"1010","cmd":"resize_clip","command":"resize_clip","new_length":12.75,"new_start":0.0,"offset_in_source":0.0,"time_unit":"beats","track_id":"1007","track_index":0}
Command received: {"clip_id":"1010","cmd":"resize_clip","command":"resize_clip","new_length":12.75,"new_start":0.0,"offset_in_source":0.0,"time_unit":"beats","track_id":"1007","track_index":0}
Command executed: resize_clip, result: {
  "status": "ok",
  "message": "Clip resized",
  "clip_id": "1010",
  "track_id": "1007",
  "affected_track_id": "1007",
  "new_start_seconds": 0.0,
  "new_length_seconds": 6.375,
  "offset_in_source_seconds": 0.0,
  "overlap_mode": "trim",
  "created_clip_ids": [],
  "removed_clip_ids": [],
  "affected_clip_ids": []
}
VitHeadlessService: command reply (truncated): {
  "status": "ok",
  "message": "Clip resized",
  "clip_id": "1010",
  "track_id": "1007",
  "affected_track_id": "1007",
  "new_start_seconds": 0.0,
  "new_length_seconds": 6.375,
  "offset_in_source_seconds": 
ZmqGateway: received command payload: {"clip_id":"1010","cmd":"add_midi_notes","command":"add_midi_notes","notes":[{"id":"note_6780","length":1.0,"pitch":65,"start":1.25,"state":"solid","velocity":100}],"time_unit":"beats","track_id":"1007","track_index":0}
ZmqGateway: dispatching payload to JUCE message thread.
VitHeadlessService: processing queued command on JUCE message thread: {"clip_id":"1010","cmd":"add_midi_notes","command":"add_midi_notes","notes":[{"id":"note_6780","length":1.0,"pitch":65,"start":1.25,"state":"solid","velocity":100}],"time_unit":"beats","track_id":"1007","track_index":0}
Command received: {"clip_id":"1010","cmd":"add_midi_notes","command":"add_midi_notes","notes":[{"id":"note_6780","length":1.0,"pitch":65,"start":1.25,"state":"solid","velocity":100}],"time_unit":"beats","track_id":"1007","track_index":0}
Command executed: add_midi_notes, result: {
  "status": "ok",
  "message": "MIDI notes added",
  "clip_id": "1010",
  "track_id": "1007",
  "added_count": 1
}
VitHeadlessService: command reply (truncated): {
  "status": "ok",
  "message": "MIDI notes added",
  "clip_id": "1010",
  "track_id": "1007",
  "added_count": 1
}
ZmqGateway: received command payload: {"clip_id":"1010","cmd":"add_midi_notes","command":"add_midi_notes","notes":[{"id":"note_7374","length":1.0,"pitch":61,"start":3.5,"state":"solid","velocity":100}],"time_unit":"beats","track_id":"1007","track_index":0}
ZmqGateway: dispatching payload to JUCE message thread.
VitHeadlessService: processing queued command on JUCE message thread: {"clip_id":"1010","cmd":"add_midi_notes","command":"add_midi_notes","notes":[{"id":"note_7374","length":1.0,"pitch":61,"start":3.5,"state":"solid","velocity":100}],"time_unit":"beats","track_id":"1007","track_index":0}
Command received: {"clip_id":"1010","cmd":"add_midi_notes","command":"add_midi_notes","notes":[{"id":"note_7374","length":1.0,"pitch":61,"start":3.5,"state":"solid","velocity":100}],"time_unit":"beats","track_id":"1007","track_index":0}
Command executed: add_midi_notes, result: {
  "status": "ok",
  "message": "MIDI notes added",
  "clip_id": "1010",
  "track_id": "1007",
  "added_count": 1
}
VitHeadlessService: command reply (truncated): {
  "status": "ok",
  "message": "MIDI notes added",
  "clip_id": "1010",
  "track_id": "1007",
  "added_count": 1
}
ZmqGateway: received command payload: {"clip_id":"1010","cmd":"add_midi_notes","command":"add_midi_notes","notes":[{"id":"note_7944","length":1.0,"pitch":66,"start":4.75,"state":"solid","velocity":100}],"time_unit":"beats","track_id":"1007","track_index":0}
ZmqGateway: dispatching payload to JUCE message thread.
VitHeadlessService: processing queued command on JUCE message thread: {"clip_id":"1010","cmd":"add_midi_notes","command":"add_midi_notes","notes":[{"id":"note_7944","length":1.0,"pitch":66,"start":4.75,"state":"solid","velocity":100}],"time_unit":"beats","track_id":"1007","track_index":0}
Command received: {"clip_id":"1010","cmd":"add_midi_notes","command":"add_midi_notes","notes":[{"id":"note_7944","length":1.0,"pitch":66,"start":4.75,"state":"solid","velocity":100}],"time_unit":"beats","track_id":"1007","track_index":0}
Command executed: add_midi_notes, result: {
  "status": "ok",
  "message": "MIDI notes added",
  "clip_id": "1010",
  "track_id": "1007",
  "added_count": 1
}
VitHeadlessService: command reply (truncated): {
  "status": "ok",
  "message": "MIDI notes added",
  "clip_id": "1010",
  "track_id": "1007",
  "added_count": 1
}
ZmqGateway: received command payload: {"clip_id":"1010","cmd":"add_midi_notes","command":"add_midi_notes","notes":[{"id":"note_8462","length":1.0,"pitch":59,"start":6.5,"state":"solid","velocity":100}],"time_unit":"beats","track_id":"1007","track_index":0}
ZmqGateway: dispatching payload to JUCE message thread.
VitHeadlessService: processing queued command on JUCE message thread: {"clip_id":"1010","cmd":"add_midi_notes","command":"add_midi_notes","notes":[{"id":"note_8462","length":1.0,"pitch":59,"start":6.5,"state":"solid","velocity":100}],"time_unit":"beats","track_id":"1007","track_index":0}
Command received: {"clip_id":"1010","cmd":"add_midi_notes","command":"add_midi_notes","notes":[{"id":"note_8462","length":1.0,"pitch":59,"start":6.5,"state":"solid","velocity":100}],"time_unit":"beats","track_id":"1007","track_index":0}
Command executed: add_midi_notes, result: {
  "status": "ok",
  "message": "MIDI notes added",
  "clip_id": "1010",
  "track_id": "1007",
  "added_count": 1
}
VitHeadlessService: command reply (truncated): {
  "status": "ok",
  "message": "MIDI notes added",
  "clip_id": "1010",
  "track_id": "1007",
  "added_count": 1
}
ZmqGateway: received command payload: {"clip_id":"1010","cmd":"trigger_note_on","command":"trigger_note_on","pitch":61,"track_id":"1007","track_index":0,"velocity":100}
ZmqGateway: dispatching payload to JUCE message thread.
VitHeadlessService: processing queued command on JUCE message thread: {"clip_id":"1010","cmd":"trigger_note_on","command":"trigger_note_on","pitch":61,"track_id":"1007","track_index":0,"velocity":100}
Command received: {"clip_id":"1010","cmd":"trigger_note_on","command":"trigger_note_on","pitch":61,"track_id":"1007","track_index":0,"velocity":100}
VitHeadlessService: command reply (truncated): {
  "status": "error",
  "message": "Unknown command: trigger_note_on"
}
ZmqGateway: received command payload: {"clip_id":"1010","cmd":"trigger_note_off","command":"trigger_note_off","pitch":61,"track_id":"1007","track_index":0}
ZmqGateway: dispatching payload to JUCE message thread.
VitHeadlessService: processing queued command on JUCE message thread: {"clip_id":"1010","cmd":"trigger_note_off","command":"trigger_note_off","pitch":61,"track_id":"1007","track_index":0}
Command received: {"clip_id":"1010","cmd":"trigger_note_off","command":"trigger_note_off","pitch":61,"track_id":"1007","track_index":0}
VitHeadlessService: command reply (truncated): {
  "status": "error",
  "message": "Unknown command: trigger_note_off"
}
ZmqGateway: received command payload: {"clip_id":"1010","cmd":"trigger_note_on","command":"trigger_note_on","pitch":63,"track_id":"1007","track_index":0,"velocity":100}
ZmqGateway: dispatching payload to JUCE message thread.
VitHeadlessService: processing queued command on JUCE message thread: {"clip_id":"1010","cmd":"trigger_note_on","command":"trigger_note_on","pitch":63,"track_id":"1007","track_index":0,"velocity":100}
Command received: {"clip_id":"1010","cmd":"trigger_note_on","command":"trigger_note_on","pitch":63,"track_id":"1007","track_index":0,"velocity":100}
VitHeadlessService: command reply (truncated): {
  "status": "error",
  "message": "Unknown command: trigger_note_on"
}
ZmqGateway: received command payload: {"clip_id":"1010","cmd":"trigger_note_off","command":"trigger_note_off","pitch":63,"track_id":"1007","track_index":0}
ZmqGateway: dispatching payload to JUCE message thread.
VitHeadlessService: processing queued command on JUCE message thread: {"clip_id":"1010","cmd":"trigger_note_off","command":"trigger_note_off","pitch":63,"track_id":"1007","track_index":0}
Command received: {"clip_id":"1010","cmd":"trigger_note_off","command":"trigger_note_off","pitch":63,"track_id":"1007","track_index":0}
VitHeadlessService: command reply (truncated): {
  "status": "error",
  "message": "Unknown command: trigger_note_off"
}
ZmqGateway: received command payload: {"clip_id":"1010","cmd":"add_midi_notes","command":"add_midi_notes","notes":[{"id":"note_10474","length":1.0,"pitch":61,"start":8.5,"state":"solid","velocity":100}],"time_unit":"beats","track_id":"1007","track_index":0}
ZmqGateway: dispatching payload to JUCE message thread.
VitHeadlessService: processing queued command on JUCE message thread: {"clip_id":"1010","cmd":"add_midi_notes","command":"add_midi_notes","notes":[{"id":"note_10474","length":1.0,"pitch":61,"start":8.5,"state":"solid","velocity":100}],"time_unit":"beats","track_id":"1007","track_index":0}
Command received: {"clip_id":"1010","cmd":"add_midi_notes","command":"add_midi_notes","notes":[{"id":"note_10474","length":1.0,"pitch":61,"start":8.5,"state":"solid","velocity":100}],"time_unit":"beats","track_id":"1007","track_index":0}
Command executed: add_midi_notes, result: {
  "status": "ok",
  "message": "MIDI notes added",
  "clip_id": "1010",
  "track_id": "1007",
  "added_count": 1
}
VitHeadlessService: command reply (truncated): {
  "status": "ok",
  "message": "MIDI notes added",
  "clip_id": "1010",
  "track_id": "1007",
  "added_count": 1
}
ZmqGateway: received command payload: {"clip_id":"1010","cmd":"add_midi_notes","command":"add_midi_notes","notes":[{"id":"note_11639","length":1.0,"pitch":60,"start":7.75,"state":"solid","velocity":100}],"time_unit":"beats","track_id":"1007","track_index":0}
ZmqGateway: dispatching payload to JUCE message thread.
VitHeadlessService: processing queued command on JUCE message thread: {"clip_id":"1010","cmd":"add_midi_notes","command":"add_midi_notes","notes":[{"id":"note_11639","length":1.0,"pitch":60,"start":7.75,"state":"solid","velocity":100}],"time_unit":"beats","track_id":"1007","track_index":0}
Command received: {"clip_id":"1010","cmd":"add_midi_notes","command":"add_midi_notes","notes":[{"id":"note_11639","length":1.0,"pitch":60,"start":7.75,"state":"solid","velocity":100}],"time_unit":"beats","track_id":"1007","track_index":0}
Command executed: add_midi_notes, result: {
  "status": "ok",
  "message": "MIDI notes added",
  "clip_id": "1010",
  "track_id": "1007",
  "added_count": 1
}
VitHeadlessService: command reply (truncated): {
  "status": "ok",
  "message": "MIDI notes added",
  "clip_id": "1010",
  "track_id": "1007",
  "added_count": 1
}
ZmqGateway: received command payload: {"clip_id":"1010","cmd":"add_midi_notes","command":"add_midi_notes","notes":[{"id":"note_12362","length":1.0,"pitch":65,"start":8.25,"state":"solid","velocity":100}],"time_unit":"beats","track_id":"1007","track_index":0}
ZmqGateway: dispatching payload to JUCE message thread.
VitHeadlessService: processing queued command on JUCE message thread: {"clip_id":"1010","cmd":"add_midi_notes","command":"add_midi_notes","notes":[{"id":"note_12362","length":1.0,"pitch":65,"start":8.25,"state":"solid","velocity":100}],"time_unit":"beats","track_id":"1007","track_index":0}
Command received: {"clip_id":"1010","cmd":"add_midi_notes","command":"add_midi_notes","notes":[{"id":"note_12362","length":1.0,"pitch":65,"start":8.25,"state":"solid","velocity":100}],"time_unit":"beats","track_id":"1007","track_index":0}
Command executed: add_midi_notes, result: {
  "status": "ok",
  "message": "MIDI notes added",
  "clip_id": "1010",
  "track_id": "1007",
  "added_count": 1
}
VitHeadlessService: command reply (truncated): {
  "status": "ok",
  "message": "MIDI notes added",
  "clip_id": "1010",
  "track_id": "1007",
  "added_count": 1
}
ZmqGateway: received command payload: {"clip_id":"1010","cmd":"add_midi_notes","command":"add_midi_notes","notes":[{"id":"note_13239","length":1.0,"pitch":70,"start":10.75,"state":"solid","velocity":100}],"time_unit":"beats","track_id":"1007","track_index":0}
ZmqGateway: dispatching payload to JUCE message thread.
VitHeadlessService: processing queued command on JUCE message thread: {"clip_id":"1010","cmd":"add_midi_notes","command":"add_midi_notes","notes":[{"id":"note_13239","length":1.0,"pitch":70,"start":10.75,"state":"solid","velocity":100}],"time_unit":"beats","track_id":"1007","track_index":0}
Command received: {"clip_id":"1010","cmd":"add_midi_notes","command":"add_midi_notes","notes":[{"id":"note_13239","length":1.0,"pitch":70,"start":10.75,"state":"solid","velocity":100}],"time_unit":"beats","track_id":"1007","track_index":0}
Command executed: add_midi_notes, result: {
  "status": "ok",
  "message": "MIDI notes added",
  "clip_id": "1010",
  "track_id": "1007",
  "added_count": 1
}
VitHeadlessService: command reply (truncated): {
  "status": "ok",
  "message": "MIDI notes added",
  "clip_id": "1010",
  "track_id": "1007",
  "added_count": 1
}
ZmqGateway: received command payload: {"clip_id":"1010","cmd":"add_midi_notes","command":"add_midi_notes","notes":[{"id":"note_14139","length":1.0,"pitch":68,"start":10.0,"state":"solid","velocity":100}],"time_unit":"beats","track_id":"1007","track_index":0}
ZmqGateway: dispatching payload to JUCE message thread.
VitHeadlessService: processing queued command on JUCE message thread: {"clip_id":"1010","cmd":"add_midi_notes","command":"add_midi_notes","notes":[{"id":"note_14139","length":1.0,"pitch":68,"start":10.0,"state":"solid","velocity":100}],"time_unit":"beats","track_id":"1007","track_index":0}
Command received: {"clip_id":"1010","cmd":"add_midi_notes","command":"add_midi_notes","notes":[{"id":"note_14139","length":1.0,"pitch":68,"start":10.0,"state":"solid","velocity":100}],"time_unit":"beats","track_id":"1007","track_index":0}
Command executed: add_midi_notes, result: {
  "status": "ok",
  "message": "MIDI notes added",
  "clip_id": "1010",
  "track_id": "1007",
  "added_count": 1
}
VitHeadlessService: command reply (truncated): {
  "status": "ok",
  "message": "MIDI notes added",
  "clip_id": "1010",
  "track_id": "1007",
  "added_count": 1
}
ZmqGateway: received command payload: {"clip_id":"1010","cmd":"add_midi_notes","command":"add_midi_notes","notes":[{"id":"note_15215","length":1.0,"pitch":65,"start":11.75,"state":"solid","velocity":100}],"time_unit":"beats","track_id":"1007","track_index":0}
ZmqGateway: dispatching payload to JUCE message thread.
VitHeadlessService: processing queued command on JUCE message thread: {"clip_id":"1010","cmd":"add_midi_notes","command":"add_midi_notes","notes":[{"id":"note_15215","length":1.0,"pitch":65,"start":11.75,"state":"solid","velocity":100}],"time_unit":"beats","track_id":"1007","track_index":0}
Command received: {"clip_id":"1010","cmd":"add_midi_notes","command":"add_midi_notes","notes":[{"id":"note_15215","length":1.0,"pitch":65,"start":11.75,"state":"solid","velocity":100}],"time_unit":"beats","track_id":"1007","track_index":0}
Command executed: add_midi_notes, result: {
  "status": "ok",
  "message": "MIDI notes added",
  "clip_id": "1010",
  "track_id": "1007",
  "added_count": 1
}
VitHeadlessService: command reply (truncated): {
  "status": "ok",
  "message": "MIDI notes added",
  "clip_id": "1010",
  "track_id": "1007",
  "added_count": 1
}
ZmqGateway: received command payload: {"clip_id":"1010","cmd":"trigger_note_on","command":"trigger_note_on","pitch":68,"track_id":"1007","track_index":0,"velocity":100}
ZmqGateway: dispatching payload to JUCE message thread.
VitHeadlessService: processing queued command on JUCE message thread: {"clip_id":"1010","cmd":"trigger_note_on","command":"trigger_note_on","pitch":68,"track_id":"1007","track_index":0,"velocity":100}
Command received: {"clip_id":"1010","cmd":"trigger_note_on","command":"trigger_note_on","pitch":68,"track_id":"1007","track_index":0,"velocity":100}
VitHeadlessService: command reply (truncated): {
  "status": "error",
  "message": "Unknown command: trigger_note_on"
}
ZmqGateway: received command payload: {"clip_id":"1010","cmd":"trigger_note_off","command":"trigger_note_off","pitch":68,"track_id":"1007","track_index":0}
ZmqGateway: dispatching payload to JUCE message thread.
VitHeadlessService: processing queued command on JUCE message thread: {"clip_id":"1010","cmd":"trigger_note_off","command":"trigger_note_off","pitch":68,"track_id":"1007","track_index":0}
Command received: {"clip_id":"1010","cmd":"trigger_note_off","command":"trigger_note_off","pitch":68,"track_id":"1007","track_index":0}
VitHeadlessService: command reply (truncated): {
  "status": "error",
  "message": "Unknown command: trigger_note_off"
}
ZmqGateway: received command payload: {"clip_id":"1010","cmd":"add_midi_notes","command":"add_midi_notes","notes":[{"id":"note_17939","length":1.0,"pitch":68,"start":0.5,"state":"solid","velocity":100}],"time_unit":"beats","track_id":"1007","track_index":0}
ZmqGateway: dispatching payload to JUCE message thread.
VitHeadlessService: processing queued command on JUCE message thread: {"clip_id":"1010","cmd":"add_midi_notes","command":"add_midi_notes","notes":[{"id":"note_17939","length":1.0,"pitch":68,"start":0.5,"state":"solid","velocity":100}],"time_unit":"beats","track_id":"1007","track_index":0}
Command received: {"clip_id":"1010","cmd":"add_midi_notes","command":"add_midi_notes","notes":[{"id":"note_17939","length":1.0,"pitch":68,"start":0.5,"state":"solid","velocity":100}],"time_unit":"beats","track_id":"1007","track_index":0}
Command executed: add_midi_notes, result: {
  "status": "ok",
  "message": "MIDI notes added",
  "clip_id": "1010",
  "track_id": "1007",
  "added_count": 1
}
VitHeadlessService: command reply (truncated): {
  "status": "ok",
  "message": "MIDI notes added",
  "clip_id": "1010",
  "track_id": "1007",
  "added_count": 1
}
ZmqGateway: received command payload: {"clip_id":"1010","cmd":"mutate_midi_notes","command":"mutate_midi_notes","notes":[{"id":"note_17939","length":1.0,"pitch":68,"start":7.5,"velocity":100}],"time_unit":"beats","track_id":"1007","track_index":0}
ZmqGateway: dispatching payload to JUCE message thread.
VitHeadlessService: processing queued command on JUCE message thread: {"clip_id":"1010","cmd":"mutate_midi_notes","command":"mutate_midi_notes","notes":[{"id":"note_17939","length":1.0,"pitch":68,"start":7.5,"velocity":100}],"time_unit":"beats","track_id":"1007","track_index":0}
Command received: {"clip_id":"1010","cmd":"mutate_midi_notes","command":"mutate_midi_notes","notes":[{"id":"note_17939","length":1.0,"pitch":68,"start":7.5,"velocity":100}],"time_unit":"beats","track_id":"1007","track_index":0}
Command executed: mutate_midi_notes, result: {
  "status": "ok",
  "message": "MIDI notes mutated",
  "clip_id": "1010",
  "track_id": "1007",
  "mutated_count": 1,
  "missing_note_ids": []
}
VitHeadlessService: command reply (truncated): {
  "status": "ok",
  "message": "MIDI notes mutated",
  "clip_id": "1010",
  "track_id": "1007",
  "mutated_count": 1,
  "missing_note_ids": []
}
ZmqGateway: received command payload: {"clip_id":"1010","cmd":"get_midi_clip_data","command":"get_midi_clip_data","time_unit":"beats"}
ZmqGateway: dispatching payload to JUCE message thread.
VitHeadlessService: processing queued command on JUCE message thread: {"clip_id":"1010","cmd":"get_midi_clip_data","command":"get_midi_clip_data","time_unit":"beats"}
Command received: {"clip_id":"1010","cmd":"get_midi_clip_data","command":"get_midi_clip_data","time_unit":"beats"}
Command executed: get_midi_clip_data, result: {
  "status": "ok",
  "clip_id": "1010",
  "time_unit": "beats",
  "notes": [
    {
      "id": "note_6780",
      "start": 1.25,
      "length": 1.0,
      "pitch": 65,
      "velocity": 100
    },
    {
      "id": "note_7374",
      "start": 3.5,
      "length": 1.0,
      "pitch": 61,
      "velocity": 100
    },
    {
      "id": "note_7944",
      "start": 4.75,
      "length": 1.0,
      "pitch": 66,
      "velocity": 100
    },
    {
      "id": "note_8462",
      "start": 6.5,
      "length": 1.0,
      "pitch": 59,
      "velocity": 100
    },
    {
      "id": "note_17939",
      "start": 7.5,
      "length": 1.0,
      "pitch": 68,
      "velocity": 100
    },
    {
      "id": "note_11639",
      "start": 7.75,
      "length": 1.0,
      "pitch": 60,
      "velocity": 100
    },
    {
      "id": "note_12362",
      "start": 8.25,
      "length": 1.0,
      "pitch": 65,
      "velocity": 100
    },
    {
      "id": "note_10474",
      "start": 8.5,
      "length": 1.0,
      "pitch": 61,
      "velocity": 100
    },
    {
      "id": "note_14139",
      "start": 10.0,
      "length": 1.0,
      "pitch": 68,
      "velocity": 100
    },
    {
      "id": "note_13239",
      "start": 10.75,
      "length": 1.0,
      "pitch": 70,
      "velocity": 100
    },
    {
      "id": "note_15215",
      "start": 11.75,
      "length": 1.0,
      "pitch": 65,
      "velocity": 100
    }
  ]
}
VitHeadlessService: command reply (truncated): {
  "status": "ok",
  "clip_id": "1010",
  "time_unit": "beats",
  "notes": [
    {
      "id": "note_6780",
      "start": 1.25,
      "length": 1.0,
      "pitch": 65,
      "velocity": 100
    },
    {
  
ZmqGateway: received command payload: {"cmd":"get_recent_projects"}
ZmqGateway: dispatching payload to JUCE message thread.
VitHeadlessService: processing queued command on JUCE message thread: {"cmd":"get_recent_projects"}
Command received: {"cmd":"get_recent_projects"}
Command executed: get_recent_projects, result: {
  "status": "ok",
  "recent_projects": [
    "D:\\Godot\\project\\vit-daw-frontend\\4.4.3.vit",
    "D:\\Godot\\project\\vit-daw-frontend\\4.4.2.vit",
    "D:\\Godot\\project\\vit-daw-frontend\\4.4.1.vit",
    "D:\\Godot\\project\\vit-daw-frontend\\4.4.vit",
    "D:\\4.1.tracktionedit"
  ]
}
VitHeadlessService: command reply (truncated): {
  "status": "ok",
  "recent_projects": [
    "D:\\Godot\\project\\vit-daw-frontend\\4.4.3.vit",
    "D:\\Godot\\project\\vit-daw-frontend\\4.4.2.vit",
    "D:\\Godot\\project\\vit-daw-frontend\\4.4.1.vit",
    "D
ZmqGateway: received command payload: {"cmd":"new_project"}
ZmqGateway: dispatching payload to JUCE message thread.
VitHeadlessService: processing queued command on JUCE message thread: {"cmd":"new_project"}
Command received: {"cmd":"new_project"}
VitEngineDevice: audio IO ready for playback graph: "扬声器 (2- USB AUDIO  CODEC)" 48000.00 Hz, block 480 samples
Command executed: new_project, result: {
  "status": "ok",
  "message": "Blank project created"
}
VitHeadlessService: command reply (truncated): {
  "status": "ok",
  "message": "Blank project created"
}
ZmqGateway: received command payload: {"cmd":"ping"}
ZmqGateway: dispatching payload to JUCE message thread.
VitHeadlessService: processing queued command on JUCE message thread: {"cmd":"ping"}
Command received: {"cmd":"ping"}
CommandDispatcher: handled ping command.
Command executed: ping, result: {
  "status": "ok",
  "message": "pong"
}
VitHeadlessService: command reply (truncated): {
  "status": "ok",
  "message": "pong"
}
ZmqGateway: received command payload: {"cmd":"get_project_state"}
ZmqGateway: dispatching payload to JUCE message thread.
VitHeadlessService: processing queued command on JUCE message thread: {"cmd":"get_project_state"}
Command received: {"cmd":"get_project_state"}
Command executed: get_project_state, result: {
  "status": "ok",
  "project_path": "",
  "tracks": [
    {
      "track_id": "1002",
      "track_name": "Arranger",
      "track_type": "track",
      "is_audio_track": false,
      "is_audio": false,
      "plugins": [],
      "clips": []
    },
    {
      "track_id": "1003",
      "track_name": "Chord",
      "track_type": "track",
      "is_audio_track": false,
      "is_audio": false,
      "plugins": [],
      "clips": []
    },
    {
      "track_id": "1004",
      "track_name": "Marker",
      "track_type": "track",
      "is_audio_track": false,
      "is_audio": false,
      "plugins": [],
      "clips": []
    },
    {
      "track_id": "1005",
      "track_name": "Tempo",
      "track_type": "track",
      "is_audio_track": false,
      "is_audio": false,
      "plugins": [],
      "clips": []
    },
    {
      "track_id": "1006",
      "track_name": "Master",
      "track_type": "master",
      "is_audio_track": false,
      "is_audio": false,
      "plugins": [],
      "clips": []
    }
  ]
}
VitHeadlessService: command reply (truncated): {
  "status": "ok",
  "project_path": "",
  "tracks": [
    {
      "track_id": "1002",
      "track_name": "Arranger",
      "track_type": "track",
      "is_audio_track": false,
      "is_audio": false,
     
ZmqGateway: received command payload: {"cmd":"list_tracks"}
ZmqGateway: dispatching payload to JUCE message thread.
VitHeadlessService: processing queued command on JUCE message thread: {"cmd":"list_tracks"}
Command received: {"cmd":"list_tracks"}
Command executed: list_tracks, result: {
  "status": "ok",
  "message": "Track list fetched",
  "tracks": [
    {
      "track_id": "1002",
      "name": "Arranger",
      "track_type": "track",
      "is_audio": false,
      "is_audio_track": false,
      "vit_type": "",
      "vit_intent": "",
      "plugin_count": 0,
      "plugins": []
    },
    {
      "track_id": "1003",
      "name": "Chord",
      "track_type": "track",
      "is_audio": false,
      "is_audio_track": false,
      "vit_type": "",
      "vit_intent": "",
      "plugin_count": 0,
      "plugins": []
    },
    {
      "track_id": "1004",
      "name": "Marker",
      "track_type": "track",
      "is_audio": false,
      "is_audio_track": false,
      "vit_type": "",
      "vit_intent": "",
      "plugin_count": 0,
      "plugins": []
    },
    {
      "track_id": "1005",
      "name": "Tempo",
      "track_type": "track",
      "is_audio": false,
      "is_audio_track": false,
      "vit_type": "",
      "vit_intent": "",
      "plugin_count": 0,
      "plugins": []
    },
    {
      "track_id": "1006",
      "name": "Master",
      "track_type": "master",
      "is_audio": false,
      "is_audio_track": false,
      "vit_type": "",
      "vit_intent": "",
      "plugin_count": 0,
      "plugins": []
    }
  ]
}
VitHeadlessService: command reply (truncated): {
  "status": "ok",
  "message": "Track list fetched",
  "tracks": [
    {
      "track_id": "1002",
      "name": "Arranger",
      "track_type": "track",
      "is_audio": false,
      "is_audio_track": false,
ZmqGateway: received command payload: {"cmd":"list_tracks"}
ZmqGateway: dispatching payload to JUCE message thread.
VitHeadlessService: processing queued command on JUCE message thread: {"cmd":"list_tracks"}
Command received: {"cmd":"list_tracks"}
Command executed: list_tracks, result: {
  "status": "ok",
  "message": "Track list fetched",
  "tracks": [
    {
      "track_id": "1002",
      "name": "Arranger",
      "track_type": "track",
      "is_audio": false,
      "is_audio_track": false,
      "vit_type": "",
      "vit_intent": "",
      "plugin_count": 0,
      "plugins": []
    },
    {
      "track_id": "1003",
      "name": "Chord",
      "track_type": "track",
      "is_audio": false,
      "is_audio_track": false,
      "vit_type": "",
      "vit_intent": "",
      "plugin_count": 0,
      "plugins": []
    },
    {
      "track_id": "1004",
      "name": "Marker",
      "track_type": "track",
      "is_audio": false,
      "is_audio_track": false,
      "vit_type": "",
      "vit_intent": "",
      "plugin_count": 0,
      "plugins": []
    },
    {
      "track_id": "1005",
      "name": "Tempo",
      "track_type": "track",
      "is_audio": false,
      "is_audio_track": false,
      "vit_type": "",
      "vit_intent": "",
      "plugin_count": 0,
      "plugins": []
    },
    {
      "track_id": "1006",
      "name": "Master",
      "track_type": "master",
      "is_audio": false,
      "is_audio_track": false,
      "vit_type": "",
      "vit_intent": "",
      "plugin_count": 0,
      "plugins": []
    }
  ]
}
VitHeadlessService: command reply (truncated): {
  "status": "ok",
  "message": "Track list fetched",
  "tracks": [
    {
      "track_id": "1002",
      "name": "Arranger",
      "track_type": "track",
      "is_audio": false,
      "is_audio_track": false,
ZmqGateway: received command payload: {"cmd":"add_track","type":"hybrid"}
ZmqGateway: dispatching payload to JUCE message thread.
VitHeadlessService: processing queued command on JUCE message thread: {"cmd":"add_track","type":"hybrid"}
Command received: {"cmd":"add_track","type":"hybrid"}
VitHeadlessService: project saved to D:\Vit_DAW\VitApp\Workspace\default_project.xml
Command executed: add_track, result: {
  "status": "ok",
  "message": "Track added",
  "track_id": "1007",
  "track_name": "Track 1"
}
VitHeadlessService: command reply (truncated): {
  "status": "ok",
  "message": "Track added",
  "track_id": "1007",
  "track_name": "Track 1"
}
ZmqGateway: received command payload: {"cmd":"list_tracks"}
ZmqGateway: dispatching payload to JUCE message thread.
VitHeadlessService: processing queued command on JUCE message thread: {"cmd":"list_tracks"}
Command received: {"cmd":"list_tracks"}
Command executed: list_tracks, result: {
  "status": "ok",
  "message": "Track list fetched",
  "tracks": [
    {
      "track_id": "1002",
      "name": "Arranger",
      "track_type": "track",
      "is_audio": false,
      "is_audio_track": false,
      "vit_type": "",
      "vit_intent": "",
      "plugin_count": 0,
      "plugins": []
    },
    {
      "track_id": "1003",
      "name": "Chord",
      "track_type": "track",
      "is_audio": false,
      "is_audio_track": false,
      "vit_type": "",
      "vit_intent": "",
      "plugin_count": 0,
      "plugins": []
    },
    {
      "track_id": "1004",
      "name": "Marker",
      "track_type": "track",
      "is_audio": false,
      "is_audio_track": false,
      "vit_type": "",
      "vit_intent": "",
      "plugin_count": 0,
      "plugins": []
    },
    {
      "track_id": "1005",
      "name": "Tempo",
      "track_type": "track",
      "is_audio": false,
      "is_audio_track": false,
      "vit_type": "",
      "vit_intent": "",
      "plugin_count": 0,
      "plugins": []
    },
    {
      "track_id": "1006",
      "name": "Master",
      "track_type": "master",
      "is_audio": false,
      "is_audio_track": false,
      "vit_type": "",
      "vit_intent": "",
      "plugin_count": 0,
      "plugins": []
    },
    {
      "track_id": "1007",
      "name": "Track 1",
      "track_type": "hybrid",
      "is_audio": true,
      "is_audio_track": true,
      "vit_type": "",
      "vit_intent": "",
      "plugin_count": 2,
      "plugins": [
        {
          "name": "Volume & Pan Plugin",
          "type": "volume",
          "enabled": true
        },
        {
          "name": "Level Meter",
          "type": "level",
          "enabled": true
        }
      ]
    }
  ]
}
VitHeadlessService: command reply (truncated): {
  "status": "ok",
  "message": "Track list fetched",
  "tracks": [
    {
      "track_id": "1002",
      "name": "Arranger",
      "track_type": "track",
      "is_audio": false,
      "is_audio_track": false,
ZmqGateway: received command payload: {"cmd":"get_project_state"}
ZmqGateway: dispatching payload to JUCE message thread.
VitHeadlessService: processing queued command on JUCE message thread: {"cmd":"get_project_state"}
Command received: {"cmd":"get_project_state"}
Command executed: get_project_state, result: {
  "status": "ok",
  "project_path": "",
  "tracks": [
    {
      "track_id": "1002",
      "track_name": "Arranger",
      "track_type": "track",
      "is_audio_track": false,
      "is_audio": false,
      "plugins": [],
      "clips": []
    },
    {
      "track_id": "1003",
      "track_name": "Chord",
      "track_type": "track",
      "is_audio_track": false,
      "is_audio": false,
      "plugins": [],
      "clips": []
    },
    {
      "track_id": "1004",
      "track_name": "Marker",
      "track_type": "track",
      "is_audio_track": false,
      "is_audio": false,
      "plugins": [],
      "clips": []
    },
    {
      "track_id": "1005",
      "track_name": "Tempo",
      "track_type": "track",
      "is_audio_track": false,
      "is_audio": false,
      "plugins": [],
      "clips": []
    },
    {
      "track_id": "1006",
      "track_name": "Master",
      "track_type": "master",
      "is_audio_track": false,
      "is_audio": false,
      "plugins": [],
      "clips": []
    },
    {
      "track_id": "1007",
      "track_name": "Track 1",
      "track_type": "hybrid",
      "is_audio_track": true,
      "is_audio": true,
      "plugins": [
        {
          "id": "1008",
          "item_id": "1008",
          "name": "Volume & Pan Plugin",
          "type": "volume",
          "enabled": true
        },
        {
          "id": "1009",
          "item_id": "1009",
          "name": "Level Meter",
          "type": "level",
          "enabled": true
        }
      ],
      "clips": [],
      "output_to_device_resolved": true,
      "output_device_enabled": true,
      "output_device_id": "out_b7a4b4c1",
      "output_routing_name": "(default audio output)"
    }
  ]
}
VitHeadlessService: command reply (truncated): {
  "status": "ok",
  "project_path": "",
  "tracks": [
    {
      "track_id": "1002",
      "track_name": "Arranger",
      "track_type": "track",
      "is_audio_track": false,
      "is_audio": false,
     
ZmqGateway: received command payload: {"cmd":"list_tracks"}
ZmqGateway: dispatching payload to JUCE message thread.
VitHeadlessService: processing queued command on JUCE message thread: {"cmd":"list_tracks"}
Command received: {"cmd":"list_tracks"}
Command executed: list_tracks, result: {
  "status": "ok",
  "message": "Track list fetched",
  "tracks": [
    {
      "track_id": "1002",
      "name": "Arranger",
      "track_type": "track",
      "is_audio": false,
      "is_audio_track": false,
      "vit_type": "",
      "vit_intent": "",
      "plugin_count": 0,
      "plugins": []
    },
    {
      "track_id": "1003",
      "name": "Chord",
      "track_type": "track",
      "is_audio": false,
      "is_audio_track": false,
      "vit_type": "",
      "vit_intent": "",
      "plugin_count": 0,
      "plugins": []
    },
    {
      "track_id": "1004",
      "name": "Marker",
      "track_type": "track",
      "is_audio": false,
      "is_audio_track": false,
      "vit_type": "",
      "vit_intent": "",
      "plugin_count": 0,
      "plugins": []
    },
    {
      "track_id": "1005",
      "name": "Tempo",
      "track_type": "track",
      "is_audio": false,
      "is_audio_track": false,
      "vit_type": "",
      "vit_intent": "",
      "plugin_count": 0,
      "plugins": []
    },
    {
      "track_id": "1006",
      "name": "Master",
      "track_type": "master",
      "is_audio": false,
      "is_audio_track": false,
      "vit_type": "",
      "vit_intent": "",
      "plugin_count": 0,
      "plugins": []
    },
    {
      "track_id": "1007",
      "name": "Track 1",
      "track_type": "hybrid",
      "is_audio": true,
      "is_audio_track": true,
      "vit_type": "",
      "vit_intent": "",
      "plugin_count": 2,
      "plugins": [
        {
          "name": "Volume & Pan Plugin",
          "type": "volume",
          "enabled": true
        },
        {
          "name": "Level Meter",
          "type": "level",
          "enabled": true
        }
      ]
    }
  ]
}
VitHeadlessService: command reply (truncated): {
  "status": "ok",
  "message": "Track list fetched",
  "tracks": [
    {
      "track_id": "1002",
      "name": "Arranger",
      "track_type": "track",
      "is_audio": false,
      "is_audio_track": false,
ZmqGateway: received command payload: {"cmd":"insert_midi_clip","command":"insert_midi_clip","length":4.0,"start":0.0,"time_unit":"beats","track_id":"1007"}
ZmqGateway: dispatching payload to JUCE message thread.
VitHeadlessService: processing queued command on JUCE message thread: {"cmd":"insert_midi_clip","command":"insert_midi_clip","length":4.0,"start":0.0,"time_unit":"beats","track_id":"1007"}
Command received: {"cmd":"insert_midi_clip","command":"insert_midi_clip","length":4.0,"start":0.0,"time_unit":"beats","track_id":"1007"}
Command executed: insert_midi_clip, result: {
  "status": "ok",
  "message": "MIDI clip inserted",
  "clip_id": "1010",
  "track_id": "1007",
  "start_seconds": 0.0,
  "length_seconds": 2.0
}
VitHeadlessService: command reply (truncated): {
  "status": "ok",
  "message": "MIDI clip inserted",
  "clip_id": "1010",
  "track_id": "1007",
  "start_seconds": 0.0,
  "length_seconds": 2.0
}
ZmqGateway: received command payload: {"cmd":"get_project_state"}
ZmqGateway: dispatching payload to JUCE message thread.
VitHeadlessService: processing queued command on JUCE message thread: {"cmd":"get_project_state"}
Command received: {"cmd":"get_project_state"}
Command executed: get_project_state, result: {
  "status": "ok",
  "project_path": "",
  "tracks": [
    {
      "track_id": "1002",
      "track_name": "Arranger",
      "track_type": "track",
      "is_audio_track": false,
      "is_audio": false,
      "plugins": [],
      "clips": []
    },
    {
      "track_id": "1003",
      "track_name": "Chord",
      "track_type": "track",
      "is_audio_track": false,
      "is_audio": false,
      "plugins": [],
      "clips": []
    },
    {
      "track_id": "1004",
      "track_name": "Marker",
      "track_type": "track",
      "is_audio_track": false,
      "is_audio": false,
      "plugins": [],
      "clips": []
    },
    {
      "track_id": "1005",
      "track_name": "Tempo",
      "track_type": "track",
      "is_audio_track": false,
      "is_audio": false,
      "plugins": [],
      "clips": []
    },
    {
      "track_id": "1006",
      "track_name": "Master",
      "track_type": "master",
      "is_audio_track": false,
      "is_audio": false,
      "plugins": [],
      "clips": []
    },
    {
      "track_id": "1007",
      "track_name": "Track 1",
      "track_type": "hybrid",
      "is_audio_track": true,
      "is_audio": true,
      "plugins": [
        {
          "id": "1008",
          "item_id": "1008",
          "name": "Volume & Pan Plugin",
          "type": "volume",
          "enabled": true
        },
        {
          "id": "1009",
          "item_id": "1009",
          "name": "Level Meter",
          "type": "level",
          "enabled": true
        }
      ],
      "clips": [
        {
          "id": "1010",
          "name": "New MIDI Clip",
          "clip_type": "midi",
          "start_seconds": 0.0,
          "end_seconds": 2.0,
          "length_seconds": 2.0,
          "offset_in_source_seconds": 0.0
        }
      ],
      "output_to_device_resolved": true,
      "output_device_enabled": true,
      "output_device_id": "out_b7a4b4c1",
      "output_routing_name": "(default audio output)"
    }
  ]
}
VitHeadlessService: command reply (truncated): {
  "status": "ok",
  "project_path": "",
  "tracks": [
    {
      "track_id": "1002",
      "track_name": "Arranger",
      "track_type": "track",
      "is_audio_track": false,
      "is_audio": false,
     
ZmqGateway: received command payload: {"cmd":"list_tracks"}
ZmqGateway: dispatching payload to JUCE message thread.
VitHeadlessService: processing queued command on JUCE message thread: {"cmd":"list_tracks"}
Command received: {"cmd":"list_tracks"}
Command executed: list_tracks, result: {
  "status": "ok",
  "message": "Track list fetched",
  "tracks": [
    {
      "track_id": "1002",
      "name": "Arranger",
      "track_type": "track",
      "is_audio": false,
      "is_audio_track": false,
      "vit_type": "",
      "vit_intent": "",
      "plugin_count": 0,
      "plugins": []
    },
    {
      "track_id": "1003",
      "name": "Chord",
      "track_type": "track",
      "is_audio": false,
      "is_audio_track": false,
      "vit_type": "",
      "vit_intent": "",
      "plugin_count": 0,
      "plugins": []
    },
    {
      "track_id": "1004",
      "name": "Marker",
      "track_type": "track",
      "is_audio": false,
      "is_audio_track": false,
      "vit_type": "",
      "vit_intent": "",
      "plugin_count": 0,
      "plugins": []
    },
    {
      "track_id": "1005",
      "name": "Tempo",
      "track_type": "track",
      "is_audio": false,
      "is_audio_track": false,
      "vit_type": "",
      "vit_intent": "",
      "plugin_count": 0,
      "plugins": []
    },
    {
      "track_id": "1006",
      "name": "Master",
      "track_type": "master",
      "is_audio": false,
      "is_audio_track": false,
      "vit_type": "",
      "vit_intent": "",
      "plugin_count": 0,
      "plugins": []
    },
    {
      "track_id": "1007",
      "name": "Track 1",
      "track_type": "hybrid",
      "is_audio": true,
      "is_audio_track": true,
      "vit_type": "",
      "vit_intent": "",
      "plugin_count": 2,
      "plugins": [
        {
          "name": "Volume & Pan Plugin",
          "type": "volume",
          "enabled": true
        },
        {
          "name": "Level Meter",
          "type": "level",
          "enabled": true
        }
      ]
    }
  ]
}
VitHeadlessService: command reply (truncated): {
  "status": "ok",
  "message": "Track list fetched",
  "tracks": [
    {
      "track_id": "1002",
      "name": "Arranger",
      "track_type": "track",
      "is_audio": false,
      "is_audio_track": false,
ZmqGateway: received command payload: {"clip_id":"1010","cmd":"get_midi_clip_data","command":"get_midi_clip_data","time_unit":"beats"}
ZmqGateway: dispatching payload to JUCE message thread.
VitHeadlessService: processing queued command on JUCE message thread: {"clip_id":"1010","cmd":"get_midi_clip_data","command":"get_midi_clip_data","time_unit":"beats"}
Command received: {"clip_id":"1010","cmd":"get_midi_clip_data","command":"get_midi_clip_data","time_unit":"beats"}
Command executed: get_midi_clip_data, result: {
  "status": "ok",
  "clip_id": "1010",
  "time_unit": "beats",
  "notes": []
}
VitHeadlessService: command reply (truncated): {
  "status": "ok",
  "clip_id": "1010",
  "time_unit": "beats",
  "notes": []
}
ZmqGateway: received command payload: {"clip_id":"1010","cmd":"get_midi_clip_notes","command":"get_midi_clip_notes","time_unit":"beats","track_id":"1007"}
ZmqGateway: dispatching payload to JUCE message thread.
VitHeadlessService: processing queued command on JUCE message thread: {"clip_id":"1010","cmd":"get_midi_clip_notes","command":"get_midi_clip_notes","time_unit":"beats","track_id":"1007"}
Command received: {"clip_id":"1010","cmd":"get_midi_clip_notes","command":"get_midi_clip_notes","time_unit":"beats","track_id":"1007"}
Command executed: get_midi_clip_notes, result: {
  "status": "ok",
  "message": "MIDI clip notes",
  "clip_id": "1010",
  "track_id": "1007",
  "time_unit": "beats",
  "notes": []
}
VitHeadlessService: command reply (truncated): {
  "status": "ok",
  "message": "MIDI clip notes",
  "clip_id": "1010",
  "track_id": "1007",
  "time_unit": "beats",
  "notes": []
}
ZmqGateway: received command payload: {"clip_id":"1010","cmd":"add_midi_notes","command":"add_midi_notes","notes":[{"id":"note_5407","length":1.0,"pitch":68,"start":2.0,"state":"solid","velocity":100}],"time_unit":"beats","track_id":"1007","track_index":0}
ZmqGateway: dispatching payload to JUCE message thread.
VitHeadlessService: processing queued command on JUCE message thread: {"clip_id":"1010","cmd":"add_midi_notes","command":"add_midi_notes","notes":[{"id":"note_5407","length":1.0,"pitch":68,"start":2.0,"state":"solid","velocity":100}],"time_unit":"beats","track_id":"1007","track_index":0}
Command received: {"clip_id":"1010","cmd":"add_midi_notes","command":"add_midi_notes","notes":[{"id":"note_5407","length":1.0,"pitch":68,"start":2.0,"state":"solid","velocity":100}],"time_unit":"beats","track_id":"1007","track_index":0}
Command executed: add_midi_notes, result: {
  "status": "ok",
  "message": "MIDI notes added",
  "clip_id": "1010",
  "track_id": "1007",
  "added_count": 1
}
VitHeadlessService: command reply (truncated): {
  "status": "ok",
  "message": "MIDI notes added",
  "clip_id": "1010",
  "track_id": "1007",
  "added_count": 1
}
ZmqGateway: received command payload: {"clip_id":"1010","cmd":"add_midi_notes","command":"add_midi_notes","notes":[{"id":"note_6443","length":1.0,"pitch":63,"start":2.0,"state":"solid","velocity":100}],"time_unit":"beats","track_id":"1007","track_index":0}
ZmqGateway: dispatching payload to JUCE message thread.
VitHeadlessService: processing queued command on JUCE message thread: {"clip_id":"1010","cmd":"add_midi_notes","command":"add_midi_notes","notes":[{"id":"note_6443","length":1.0,"pitch":63,"start":2.0,"state":"solid","velocity":100}],"time_unit":"beats","track_id":"1007","track_index":0}
Command received: {"clip_id":"1010","cmd":"add_midi_notes","command":"add_midi_notes","notes":[{"id":"note_6443","length":1.0,"pitch":63,"start":2.0,"state":"solid","velocity":100}],"time_unit":"beats","track_id":"1007","track_index":0}
Command executed: add_midi_notes, result: {
  "status": "ok",
  "message": "MIDI notes added",
  "clip_id": "1010",
  "track_id": "1007",
  "added_count": 1
}
VitHeadlessService: command reply (truncated): {
  "status": "ok",
  "message": "MIDI notes added",
  "clip_id": "1010",
  "track_id": "1007",
  "added_count": 1
}
ZmqGateway: received command payload: {"cmd":"get_recent_projects"}
ZmqGateway: dispatching payload to JUCE message thread.
VitHeadlessService: processing queued command on JUCE message thread: {"cmd":"get_recent_projects"}
Command received: {"cmd":"get_recent_projects"}
Command executed: get_recent_projects, result: {
  "status": "ok",
  "recent_projects": [
    "D:\\Godot\\project\\vit-daw-frontend\\4.4.3.vit",
    "D:\\Godot\\project\\vit-daw-frontend\\4.4.2.vit",
    "D:\\Godot\\project\\vit-daw-frontend\\4.4.1.vit",
    "D:\\Godot\\project\\vit-daw-frontend\\4.4.vit",
    "D:\\4.1.tracktionedit"
  ]
}
VitHeadlessService: command reply (truncated): {
  "status": "ok",
  "recent_projects": [
    "D:\\Godot\\project\\vit-daw-frontend\\4.4.3.vit",
    "D:\\Godot\\project\\vit-daw-frontend\\4.4.2.vit",
    "D:\\Godot\\project\\vit-daw-frontend\\4.4.1.vit",
    "D
ZmqGateway: received command payload: {"cmd":"new_project"}
ZmqGateway: dispatching payload to JUCE message thread.
VitHeadlessService: processing queued command on JUCE message thread: {"cmd":"new_project"}
Command received: {"cmd":"new_project"}
VitEngineDevice: audio IO ready for playback graph: "扬声器 (2- USB AUDIO  CODEC)" 48000.00 Hz, block 480 samples
Command executed: new_project, result: {
  "status": "ok",
  "message": "Blank project created"
}
VitHeadlessService: command reply (truncated): {
  "status": "ok",
  "message": "Blank project created"
}
ZmqGateway: received command payload: {"cmd":"ping"}
ZmqGateway: dispatching payload to JUCE message thread.
VitHeadlessService: processing queued command on JUCE message thread: {"cmd":"ping"}
Command received: {"cmd":"ping"}
CommandDispatcher: handled ping command.
Command executed: ping, result: {
  "status": "ok",
  "message": "pong"
}
VitHeadlessService: command reply (truncated): {
  "status": "ok",
  "message": "pong"
}
ZmqGateway: received command payload: {"cmd":"get_project_state"}
ZmqGateway: dispatching payload to JUCE message thread.
VitHeadlessService: processing queued command on JUCE message thread: {"cmd":"get_project_state"}
Command received: {"cmd":"get_project_state"}
Command executed: get_project_state, result: {
  "status": "ok",
  "project_path": "",
  "tracks": [
    {
      "track_id": "1002",
      "track_name": "Arranger",
      "track_type": "track",
      "is_audio_track": false,
      "is_audio": false,
      "plugins": [],
      "clips": []
    },
    {
      "track_id": "1003",
      "track_name": "Chord",
      "track_type": "track",
      "is_audio_track": false,
      "is_audio": false,
      "plugins": [],
      "clips": []
    },
    {
      "track_id": "1004",
      "track_name": "Marker",
      "track_type": "track",
      "is_audio_track": false,
      "is_audio": false,
      "plugins": [],
      "clips": []
    },
    {
      "track_id": "1005",
      "track_name": "Tempo",
      "track_type": "track",
      "is_audio_track": false,
      "is_audio": false,
      "plugins": [],
      "clips": []
    },
    {
      "track_id": "1006",
      "track_name": "Master",
      "track_type": "master",
      "is_audio_track": false,
      "is_audio": false,
      "plugins": [],
      "clips": []
    }
  ]
}
VitHeadlessService: command reply (truncated): {
  "status": "ok",
  "project_path": "",
  "tracks": [
    {
      "track_id": "1002",
      "track_name": "Arranger",
      "track_type": "track",
      "is_audio_track": false,
      "is_audio": false,
     
ZmqGateway: received command payload: {"cmd":"list_tracks"}
ZmqGateway: dispatching payload to JUCE message thread.
VitHeadlessService: processing queued command on JUCE message thread: {"cmd":"list_tracks"}
Command received: {"cmd":"list_tracks"}
Command executed: list_tracks, result: {
  "status": "ok",
  "message": "Track list fetched",
  "tracks": [
    {
      "track_id": "1002",
      "name": "Arranger",
      "track_type": "track",
      "is_audio": false,
      "is_audio_track": false,
      "vit_type": "",
      "vit_intent": "",
      "plugin_count": 0,
      "plugins": []
    },
    {
      "track_id": "1003",
      "name": "Chord",
      "track_type": "track",
      "is_audio": false,
      "is_audio_track": false,
      "vit_type": "",
      "vit_intent": "",
      "plugin_count": 0,
      "plugins": []
    },
    {
      "track_id": "1004",
      "name": "Marker",
      "track_type": "track",
      "is_audio": false,
      "is_audio_track": false,
      "vit_type": "",
      "vit_intent": "",
      "plugin_count": 0,
      "plugins": []
    },
    {
      "track_id": "1005",
      "name": "Tempo",
      "track_type": "track",
      "is_audio": false,
      "is_audio_track": false,
      "vit_type": "",
      "vit_intent": "",
      "plugin_count": 0,
      "plugins": []
    },
    {
      "track_id": "1006",
      "name": "Master",
      "track_type": "master",
      "is_audio": false,
      "is_audio_track": false,
      "vit_type": "",
      "vit_intent": "",
      "plugin_count": 0,
      "plugins": []
    }
  ]
}
VitHeadlessService: command reply (truncated): {
  "status": "ok",
  "message": "Track list fetched",
  "tracks": [
    {
      "track_id": "1002",
      "name": "Arranger",
      "track_type": "track",
      "is_audio": false,
      "is_audio_track": false,
ZmqGateway: received command payload: {"cmd":"list_tracks"}
ZmqGateway: dispatching payload to JUCE message thread.
VitHeadlessService: processing queued command on JUCE message thread: {"cmd":"list_tracks"}
Command received: {"cmd":"list_tracks"}
Command executed: list_tracks, result: {
  "status": "ok",
  "message": "Track list fetched",
  "tracks": [
    {
      "track_id": "1002",
      "name": "Arranger",
      "track_type": "track",
      "is_audio": false,
      "is_audio_track": false,
      "vit_type": "",
      "vit_intent": "",
      "plugin_count": 0,
      "plugins": []
    },
    {
      "track_id": "1003",
      "name": "Chord",
      "track_type": "track",
      "is_audio": false,
      "is_audio_track": false,
      "vit_type": "",
      "vit_intent": "",
      "plugin_count": 0,
      "plugins": []
    },
    {
      "track_id": "1004",
      "name": "Marker",
      "track_type": "track",
      "is_audio": false,
      "is_audio_track": false,
      "vit_type": "",
      "vit_intent": "",
      "plugin_count": 0,
      "plugins": []
    },
    {
      "track_id": "1005",
      "name": "Tempo",
      "track_type": "track",
      "is_audio": false,
      "is_audio_track": false,
      "vit_type": "",
      "vit_intent": "",
      "plugin_count": 0,
      "plugins": []
    },
    {
      "track_id": "1006",
      "name": "Master",
      "track_type": "master",
      "is_audio": false,
      "is_audio_track": false,
      "vit_type": "",
      "vit_intent": "",
      "plugin_count": 0,
      "plugins": []
    }
  ]
}
VitHeadlessService: command reply (truncated): {
  "status": "ok",
  "message": "Track list fetched",
  "tracks": [
    {
      "track_id": "1002",
      "name": "Arranger",
      "track_type": "track",
      "is_audio": false,
      "is_audio_track": false,
ZmqGateway: received command payload: {"cmd":"add_track","type":"hybrid"}
ZmqGateway: dispatching payload to JUCE message thread.
VitHeadlessService: processing queued command on JUCE message thread: {"cmd":"add_track","type":"hybrid"}
Command received: {"cmd":"add_track","type":"hybrid"}
VitHeadlessService: project saved to D:\Vit_DAW\VitApp\Workspace\default_project.xml
Command executed: add_track, result: {
  "status": "ok",
  "message": "Track added",
  "track_id": "1007",
  "track_name": "Track 1"
}
VitHeadlessService: command reply (truncated): {
  "status": "ok",
  "message": "Track added",
  "track_id": "1007",
  "track_name": "Track 1"
}
ZmqGateway: received command payload: {"cmd":"list_tracks"}
ZmqGateway: dispatching payload to JUCE message thread.
VitHeadlessService: processing queued command on JUCE message thread: {"cmd":"list_tracks"}
Command received: {"cmd":"list_tracks"}
Command executed: list_tracks, result: {
  "status": "ok",
  "message": "Track list fetched",
  "tracks": [
    {
      "track_id": "1002",
      "name": "Arranger",
      "track_type": "track",
      "is_audio": false,
      "is_audio_track": false,
      "vit_type": "",
      "vit_intent": "",
      "plugin_count": 0,
      "plugins": []
    },
    {
      "track_id": "1003",
      "name": "Chord",
      "track_type": "track",
      "is_audio": false,
      "is_audio_track": false,
      "vit_type": "",
      "vit_intent": "",
      "plugin_count": 0,
      "plugins": []
    },
    {
      "track_id": "1004",
      "name": "Marker",
      "track_type": "track",
      "is_audio": false,
      "is_audio_track": false,
      "vit_type": "",
      "vit_intent": "",
      "plugin_count": 0,
      "plugins": []
    },
    {
      "track_id": "1005",
      "name": "Tempo",
      "track_type": "track",
      "is_audio": false,
      "is_audio_track": false,
      "vit_type": "",
      "vit_intent": "",
      "plugin_count": 0,
      "plugins": []
    },
    {
      "track_id": "1006",
      "name": "Master",
      "track_type": "master",
      "is_audio": false,
      "is_audio_track": false,
      "vit_type": "",
      "vit_intent": "",
      "plugin_count": 0,
      "plugins": []
    },
    {
      "track_id": "1007",
      "name": "Track 1",
      "track_type": "hybrid",
      "is_audio": true,
      "is_audio_track": true,
      "vit_type": "",
      "vit_intent": "",
      "plugin_count": 2,
      "plugins": [
        {
          "name": "Volume & Pan Plugin",
          "type": "volume",
          "enabled": true
        },
        {
          "name": "Level Meter",
          "type": "level",
          "enabled": true
        }
      ]
    }
  ]
}
VitHeadlessService: command reply (truncated): {
  "status": "ok",
  "message": "Track list fetched",
  "tracks": [
    {
      "track_id": "1002",
      "name": "Arranger",
      "track_type": "track",
      "is_audio": false,
      "is_audio_track": false,
ZmqGateway: received command payload: {"cmd":"get_project_state"}
ZmqGateway: dispatching payload to JUCE message thread.
VitHeadlessService: processing queued command on JUCE message thread: {"cmd":"get_project_state"}
Command received: {"cmd":"get_project_state"}
Command executed: get_project_state, result: {
  "status": "ok",
  "project_path": "",
  "tracks": [
    {
      "track_id": "1002",
      "track_name": "Arranger",
      "track_type": "track",
      "is_audio_track": false,
      "is_audio": false,
      "plugins": [],
      "clips": []
    },
    {
      "track_id": "1003",
      "track_name": "Chord",
      "track_type": "track",
      "is_audio_track": false,
      "is_audio": false,
      "plugins": [],
      "clips": []
    },
    {
      "track_id": "1004",
      "track_name": "Marker",
      "track_type": "track",
      "is_audio_track": false,
      "is_audio": false,
      "plugins": [],
      "clips": []
    },
    {
      "track_id": "1005",
      "track_name": "Tempo",
      "track_type": "track",
      "is_audio_track": false,
      "is_audio": false,
      "plugins": [],
      "clips": []
    },
    {
      "track_id": "1006",
      "track_name": "Master",
      "track_type": "master",
      "is_audio_track": false,
      "is_audio": false,
      "plugins": [],
      "clips": []
    },
    {
      "track_id": "1007",
      "track_name": "Track 1",
      "track_type": "hybrid",
      "is_audio_track": true,
      "is_audio": true,
      "plugins": [
        {
          "id": "1008",
          "item_id": "1008",
          "name": "Volume & Pan Plugin",
          "type": "volume",
          "enabled": true
        },
        {
          "id": "1009",
          "item_id": "1009",
          "name": "Level Meter",
          "type": "level",
          "enabled": true
        }
      ],
      "clips": [],
      "output_to_device_resolved": true,
      "output_device_enabled": true,
      "output_device_id": "out_b7a4b4c1",
      "output_routing_name": "(default audio output)"
    }
  ]
}
VitHeadlessService: command reply (truncated): {
  "status": "ok",
  "project_path": "",
  "tracks": [
    {
      "track_id": "1002",
      "track_name": "Arranger",
      "track_type": "track",
      "is_audio_track": false,
      "is_audio": false,
     
ZmqGateway: received command payload: {"cmd":"list_tracks"}
ZmqGateway: dispatching payload to JUCE message thread.
VitHeadlessService: processing queued command on JUCE message thread: {"cmd":"list_tracks"}
Command received: {"cmd":"list_tracks"}
Command executed: list_tracks, result: {
  "status": "ok",
  "message": "Track list fetched",
  "tracks": [
    {
      "track_id": "1002",
      "name": "Arranger",
      "track_type": "track",
      "is_audio": false,
      "is_audio_track": false,
      "vit_type": "",
      "vit_intent": "",
      "plugin_count": 0,
      "plugins": []
    },
    {
      "track_id": "1003",
      "name": "Chord",
      "track_type": "track",
      "is_audio": false,
      "is_audio_track": false,
      "vit_type": "",
      "vit_intent": "",
      "plugin_count": 0,
      "plugins": []
    },
    {
      "track_id": "1004",
      "name": "Marker",
      "track_type": "track",
      "is_audio": false,
      "is_audio_track": false,
      "vit_type": "",
      "vit_intent": "",
      "plugin_count": 0,
      "plugins": []
    },
    {
      "track_id": "1005",
      "name": "Tempo",
      "track_type": "track",
      "is_audio": false,
      "is_audio_track": false,
      "vit_type": "",
      "vit_intent": "",
      "plugin_count": 0,
      "plugins": []
    },
    {
      "track_id": "1006",
      "name": "Master",
      "track_type": "master",
      "is_audio": false,
      "is_audio_track": false,
      "vit_type": "",
      "vit_intent": "",
      "plugin_count": 0,
      "plugins": []
    },
    {
      "track_id": "1007",
      "name": "Track 1",
      "track_type": "hybrid",
      "is_audio": true,
      "is_audio_track": true,
      "vit_type": "",
      "vit_intent": "",
      "plugin_count": 2,
      "plugins": [
        {
          "name": "Volume & Pan Plugin",
          "type": "volume",
          "enabled": true
        },
        {
          "name": "Level Meter",
          "type": "level",
          "enabled": true
        }
      ]
    }
  ]
}
VitHeadlessService: command reply (truncated): {
  "status": "ok",
  "message": "Track list fetched",
  "tracks": [
    {
      "track_id": "1002",
      "name": "Arranger",
      "track_type": "track",
      "is_audio": false,
      "is_audio_track": false,
ZmqGateway: received command payload: {"cmd":"insert_midi_clip","command":"insert_midi_clip","length":4.0,"start":0.0,"time_unit":"beats","track_id":"1007"}
ZmqGateway: dispatching payload to JUCE message thread.
VitHeadlessService: processing queued command on JUCE message thread: {"cmd":"insert_midi_clip","command":"insert_midi_clip","length":4.0,"start":0.0,"time_unit":"beats","track_id":"1007"}
Command received: {"cmd":"insert_midi_clip","command":"insert_midi_clip","length":4.0,"start":0.0,"time_unit":"beats","track_id":"1007"}
Command executed: insert_midi_clip, result: {
  "status": "ok",
  "message": "MIDI clip inserted",
  "clip_id": "1010",
  "track_id": "1007",
  "start_seconds": 0.0,
  "length_seconds": 2.0
}
VitHeadlessService: command reply (truncated): {
  "status": "ok",
  "message": "MIDI clip inserted",
  "clip_id": "1010",
  "track_id": "1007",
  "start_seconds": 0.0,
  "length_seconds": 2.0
}
ZmqGateway: received command payload: {"cmd":"get_project_state"}
ZmqGateway: dispatching payload to JUCE message thread.
VitHeadlessService: processing queued command on JUCE message thread: {"cmd":"get_project_state"}
Command received: {"cmd":"get_project_state"}
Command executed: get_project_state, result: {
  "status": "ok",
  "project_path": "",
  "tracks": [
    {
      "track_id": "1002",
      "track_name": "Arranger",
      "track_type": "track",
      "is_audio_track": false,
      "is_audio": false,
      "plugins": [],
      "clips": []
    },
    {
      "track_id": "1003",
      "track_name": "Chord",
      "track_type": "track",
      "is_audio_track": false,
      "is_audio": false,
      "plugins": [],
      "clips": []
    },
    {
      "track_id": "1004",
      "track_name": "Marker",
      "track_type": "track",
      "is_audio_track": false,
      "is_audio": false,
      "plugins": [],
      "clips": []
    },
    {
      "track_id": "1005",
      "track_name": "Tempo",
      "track_type": "track",
      "is_audio_track": false,
      "is_audio": false,
      "plugins": [],
      "clips": []
    },
    {
      "track_id": "1006",
      "track_name": "Master",
      "track_type": "master",
      "is_audio_track": false,
      "is_audio": false,
      "plugins": [],
      "clips": []
    },
    {
      "track_id": "1007",
      "track_name": "Track 1",
      "track_type": "hybrid",
      "is_audio_track": true,
      "is_audio": true,
      "plugins": [
        {
          "id": "1008",
          "item_id": "1008",
          "name": "Volume & Pan Plugin",
          "type": "volume",
          "enabled": true
        },
        {
          "id": "1009",
          "item_id": "1009",
          "name": "Level Meter",
          "type": "level",
          "enabled": true
        }
      ],
      "clips": [
        {
          "id": "1010",
          "name": "New MIDI Clip",
          "clip_type": "midi",
          "start_seconds": 0.0,
          "end_seconds": 2.0,
          "length_seconds": 2.0,
          "offset_in_source_seconds": 0.0
        }
      ],
      "output_to_device_resolved": true,
      "output_device_enabled": true,
      "output_device_id": "out_b7a4b4c1",
      "output_routing_name": "(default audio output)"
    }
  ]
}
VitHeadlessService: command reply (truncated): {
  "status": "ok",
  "project_path": "",
  "tracks": [
    {
      "track_id": "1002",
      "track_name": "Arranger",
      "track_type": "track",
      "is_audio_track": false,
      "is_audio": false,
     
ZmqGateway: received command payload: {"cmd":"list_tracks"}
ZmqGateway: dispatching payload to JUCE message thread.
VitHeadlessService: processing queued command on JUCE message thread: {"cmd":"list_tracks"}
Command received: {"cmd":"list_tracks"}
Command executed: list_tracks, result: {
  "status": "ok",
  "message": "Track list fetched",
  "tracks": [
    {
      "track_id": "1002",
      "name": "Arranger",
      "track_type": "track",
      "is_audio": false,
      "is_audio_track": false,
      "vit_type": "",
      "vit_intent": "",
      "plugin_count": 0,
      "plugins": []
    },
    {
      "track_id": "1003",
      "name": "Chord",
      "track_type": "track",
      "is_audio": false,
      "is_audio_track": false,
      "vit_type": "",
      "vit_intent": "",
      "plugin_count": 0,
      "plugins": []
    },
    {
      "track_id": "1004",
      "name": "Marker",
      "track_type": "track",
      "is_audio": false,
      "is_audio_track": false,
      "vit_type": "",
      "vit_intent": "",
      "plugin_count": 0,
      "plugins": []
    },
    {
      "track_id": "1005",
      "name": "Tempo",
      "track_type": "track",
      "is_audio": false,
      "is_audio_track": false,
      "vit_type": "",
      "vit_intent": "",
      "plugin_count": 0,
      "plugins": []
    },
    {
      "track_id": "1006",
      "name": "Master",
      "track_type": "master",
      "is_audio": false,
      "is_audio_track": false,
      "vit_type": "",
      "vit_intent": "",
      "plugin_count": 0,
      "plugins": []
    },
    {
      "track_id": "1007",
      "name": "Track 1",
      "track_type": "hybrid",
      "is_audio": true,
      "is_audio_track": true,
      "vit_type": "",
      "vit_intent": "",
      "plugin_count": 2,
      "plugins": [
        {
          "name": "Volume & Pan Plugin",
          "type": "volume",
          "enabled": true
        },
        {
          "name": "Level Meter",
          "type": "level",
          "enabled": true
        }
      ]
    }
  ]
}
VitHeadlessService: command reply (truncated): {
  "status": "ok",
  "message": "Track list fetched",
  "tracks": [
    {
      "track_id": "1002",
      "name": "Arranger",
      "track_type": "track",
      "is_audio": false,
      "is_audio_track": false,
ZmqGateway: received command payload: {"clip_id":"1010","cmd":"get_midi_clip_data","command":"get_midi_clip_data","time_unit":"beats"}
ZmqGateway: dispatching payload to JUCE message thread.
VitHeadlessService: processing queued command on JUCE message thread: {"clip_id":"1010","cmd":"get_midi_clip_data","command":"get_midi_clip_data","time_unit":"beats"}
Command received: {"clip_id":"1010","cmd":"get_midi_clip_data","command":"get_midi_clip_data","time_unit":"beats"}
Command executed: get_midi_clip_data, result: {
  "status": "ok",
  "clip_id": "1010",
  "time_unit": "beats",
  "notes": []
}
VitHeadlessService: command reply (truncated): {
  "status": "ok",
  "clip_id": "1010",
  "time_unit": "beats",
  "notes": []
}
ZmqGateway: received command payload: {"clip_id":"1010","cmd":"get_midi_clip_notes","command":"get_midi_clip_notes","time_unit":"beats","track_id":"1007"}
ZmqGateway: dispatching payload to JUCE message thread.
VitHeadlessService: processing queued command on JUCE message thread: {"clip_id":"1010","cmd":"get_midi_clip_notes","command":"get_midi_clip_notes","time_unit":"beats","track_id":"1007"}
Command received: {"clip_id":"1010","cmd":"get_midi_clip_notes","command":"get_midi_clip_notes","time_unit":"beats","track_id":"1007"}
Command executed: get_midi_clip_notes, result: {
  "status": "ok",
  "message": "MIDI clip notes",
  "clip_id": "1010",
  "track_id": "1007",
  "time_unit": "beats",
  "notes": []
}
VitHeadlessService: command reply (truncated): {
  "status": "ok",
  "message": "MIDI clip notes",
  "clip_id": "1010",
  "track_id": "1007",
  "time_unit": "beats",
  "notes": []
}
ZmqGateway: received command payload: {"clip_id":"1010","cmd":"add_midi_notes","command":"add_midi_notes","notes":[{"id":"note_4669","length":1.0,"pitch":67,"start":1.25,"state":"solid","velocity":100}],"time_unit":"beats","track_id":"1007","track_index":0}
ZmqGateway: dispatching payload to JUCE message thread.
VitHeadlessService: processing queued command on JUCE message thread: {"clip_id":"1010","cmd":"add_midi_notes","command":"add_midi_notes","notes":[{"id":"note_4669","length":1.0,"pitch":67,"start":1.25,"state":"solid","velocity":100}],"time_unit":"beats","track_id":"1007","track_index":0}
Command received: {"clip_id":"1010","cmd":"add_midi_notes","command":"add_midi_notes","notes":[{"id":"note_4669","length":1.0,"pitch":67,"start":1.25,"state":"solid","velocity":100}],"time_unit":"beats","track_id":"1007","track_index":0}
Command executed: add_midi_notes, result: {
  "status": "ok",
  "message": "MIDI notes added",
  "clip_id": "1010",
  "track_id": "1007",
  "added_count": 1
}
VitHeadlessService: command reply (truncated): {
  "status": "ok",
  "message": "MIDI notes added",
  "clip_id": "1010",
  "track_id": "1007",
  "added_count": 1
}
ZmqGateway: received command payload: {"clip_id":"1010","cmd":"add_midi_notes","command":"add_midi_notes","notes":[{"id":"note_5216","length":1.0,"pitch":60,"start":2.25,"state":"solid","velocity":100}],"time_unit":"beats","track_id":"1007","track_index":0}
ZmqGateway: dispatching payload to JUCE message thread.
VitHeadlessService: processing queued command on JUCE message thread: {"clip_id":"1010","cmd":"add_midi_notes","command":"add_midi_notes","notes":[{"id":"note_5216","length":1.0,"pitch":60,"start":2.25,"state":"solid","velocity":100}],"time_unit":"beats","track_id":"1007","track_index":0}
Command received: {"clip_id":"1010","cmd":"add_midi_notes","command":"add_midi_notes","notes":[{"id":"note_5216","length":1.0,"pitch":60,"start":2.25,"state":"solid","velocity":100}],"time_unit":"beats","track_id":"1007","track_index":0}
Command executed: add_midi_notes, result: {
  "status": "ok",
  "message": "MIDI notes added",
  "clip_id": "1010",
  "track_id": "1007",
  "added_count": 1
}
VitHeadlessService: command reply (truncated): {
  "status": "ok",
  "message": "MIDI notes added",
  "clip_id": "1010",
  "track_id": "1007",
  "added_count": 1
}
ZmqGateway: received command payload: {"clip_id":"1010","cmd":"get_midi_clip_data","command":"get_midi_clip_data","time_unit":"beats"}
ZmqGateway: dispatching payload to JUCE message thread.
VitHeadlessService: processing queued command on JUCE message thread: {"clip_id":"1010","cmd":"get_midi_clip_data","command":"get_midi_clip_data","time_unit":"beats"}
Command received: {"clip_id":"1010","cmd":"get_midi_clip_data","command":"get_midi_clip_data","time_unit":"beats"}
Command executed: get_midi_clip_data, result: {
  "status": "ok",
  "clip_id": "1010",
  "time_unit": "beats",
  "notes": [
    {
      "id": "note_4669",
      "start": 1.25,
      "length": 1.0,
      "pitch": 67,
      "velocity": 100
    },
    {
      "id": "note_5216",
      "start": 2.25,
      "length": 1.0,
      "pitch": 60,
      "velocity": 100
    }
  ]
}
VitHeadlessService: command reply (truncated): {
  "status": "ok",
  "clip_id": "1010",
  "time_unit": "beats",
  "notes": [
    {
      "id": "note_4669",
      "start": 1.25,
      "length": 1.0,
      "pitch": 67,
      "velocity": 100
    },
    {
  
ZmqGateway: received command payload: {"cmd":"get_recent_projects"}
ZmqGateway: dispatching payload to JUCE message thread.
VitHeadlessService: processing queued command on JUCE message thread: {"cmd":"get_recent_projects"}
Command received: {"cmd":"get_recent_projects"}
Command executed: get_recent_projects, result: {
  "status": "ok",
  "recent_projects": [
    "D:\\Godot\\project\\vit-daw-frontend\\4.4.3.vit",
    "D:\\Godot\\project\\vit-daw-frontend\\4.4.2.vit",
    "D:\\Godot\\project\\vit-daw-frontend\\4.4.1.vit",
    "D:\\Godot\\project\\vit-daw-frontend\\4.4.vit",
    "D:\\4.1.tracktionedit"
  ]
}
VitHeadlessService: command reply (truncated): {
  "status": "ok",
  "recent_projects": [
    "D:\\Godot\\project\\vit-daw-frontend\\4.4.3.vit",
    "D:\\Godot\\project\\vit-daw-frontend\\4.4.2.vit",
    "D:\\Godot\\project\\vit-daw-frontend\\4.4.1.vit",
    "D
ZmqGateway: received command payload: {"cmd":"new_project"}
ZmqGateway: dispatching payload to JUCE message thread.
VitHeadlessService: processing queued command on JUCE message thread: {"cmd":"new_project"}
Command received: {"cmd":"new_project"}
VitEngineDevice: audio IO ready for playback graph: "扬声器 (2- USB AUDIO  CODEC)" 48000.00 Hz, block 480 samples
Command executed: new_project, result: {
  "status": "ok",
  "message": "Blank project created"
}
VitHeadlessService: command reply (truncated): {
  "status": "ok",
  "message": "Blank project created"
}
ZmqGateway: received command payload: {"cmd":"ping"}
ZmqGateway: dispatching payload to JUCE message thread.
VitHeadlessService: processing queued command on JUCE message thread: {"cmd":"ping"}
Command received: {"cmd":"ping"}
CommandDispatcher: handled ping command.
Command executed: ping, result: {
  "status": "ok",
  "message": "pong"
}
VitHeadlessService: command reply (truncated): {
  "status": "ok",
  "message": "pong"
}
ZmqGateway: received command payload: {"cmd":"get_project_state"}
ZmqGateway: dispatching payload to JUCE message thread.
VitHeadlessService: processing queued command on JUCE message thread: {"cmd":"get_project_state"}
Command received: {"cmd":"get_project_state"}
Command executed: get_project_state, result: {
  "status": "ok",
  "project_path": "",
  "tracks": [
    {
      "track_id": "1002",
      "track_name": "Arranger",
      "track_type": "track",
      "is_audio_track": false,
      "is_audio": false,
      "plugins": [],
      "clips": []
    },
    {
      "track_id": "1003",
      "track_name": "Chord",
      "track_type": "track",
      "is_audio_track": false,
      "is_audio": false,
      "plugins": [],
      "clips": []
    },
    {
      "track_id": "1004",
      "track_name": "Marker",
      "track_type": "track",
      "is_audio_track": false,
      "is_audio": false,
      "plugins": [],
      "clips": []
    },
    {
      "track_id": "1005",
      "track_name": "Tempo",
      "track_type": "track",
      "is_audio_track": false,
      "is_audio": false,
      "plugins": [],
      "clips": []
    },
    {
      "track_id": "1006",
      "track_name": "Master",
      "track_type": "master",
      "is_audio_track": false,
      "is_audio": false,
      "plugins": [],
      "clips": []
    }
  ]
}
VitHeadlessService: command reply (truncated): {
  "status": "ok",
  "project_path": "",
  "tracks": [
    {
      "track_id": "1002",
      "track_name": "Arranger",
      "track_type": "track",
      "is_audio_track": false,
      "is_audio": false,
     
ZmqGateway: received command payload: {"cmd":"list_tracks"}
ZmqGateway: dispatching payload to JUCE message thread.
VitHeadlessService: processing queued command on JUCE message thread: {"cmd":"list_tracks"}
Command received: {"cmd":"list_tracks"}
Command executed: list_tracks, result: {
  "status": "ok",
  "message": "Track list fetched",
  "tracks": [
    {
      "track_id": "1002",
      "name": "Arranger",
      "track_type": "track",
      "is_audio": false,
      "is_audio_track": false,
      "vit_type": "",
      "vit_intent": "",
      "plugin_count": 0,
      "plugins": []
    },
    {
      "track_id": "1003",
      "name": "Chord",
      "track_type": "track",
      "is_audio": false,
      "is_audio_track": false,
      "vit_type": "",
      "vit_intent": "",
      "plugin_count": 0,
      "plugins": []
    },
    {
      "track_id": "1004",
      "name": "Marker",
      "track_type": "track",
      "is_audio": false,
      "is_audio_track": false,
      "vit_type": "",
      "vit_intent": "",
      "plugin_count": 0,
      "plugins": []
    },
    {
      "track_id": "1005",
      "name": "Tempo",
      "track_type": "track",
      "is_audio": false,
      "is_audio_track": false,
      "vit_type": "",
      "vit_intent": "",
      "plugin_count": 0,
      "plugins": []
    },
    {
      "track_id": "1006",
      "name": "Master",
      "track_type": "master",
      "is_audio": false,
      "is_audio_track": false,
      "vit_type": "",
      "vit_intent": "",
      "plugin_count": 0,
      "plugins": []
    }
  ]
}
VitHeadlessService: command reply (truncated): {
  "status": "ok",
  "message": "Track list fetched",
  "tracks": [
    {
      "track_id": "1002",
      "name": "Arranger",
      "track_type": "track",
      "is_audio": false,
      "is_audio_track": false,
ZmqGateway: received command payload: {"cmd":"list_tracks"}
ZmqGateway: dispatching payload to JUCE message thread.
VitHeadlessService: processing queued command on JUCE message thread: {"cmd":"list_tracks"}
Command received: {"cmd":"list_tracks"}
Command executed: list_tracks, result: {
  "status": "ok",
  "message": "Track list fetched",
  "tracks": [
    {
      "track_id": "1002",
      "name": "Arranger",
      "track_type": "track",
      "is_audio": false,
      "is_audio_track": false,
      "vit_type": "",
      "vit_intent": "",
      "plugin_count": 0,
      "plugins": []
    },
    {
      "track_id": "1003",
      "name": "Chord",
      "track_type": "track",
      "is_audio": false,
      "is_audio_track": false,
      "vit_type": "",
      "vit_intent": "",
      "plugin_count": 0,
      "plugins": []
    },
    {
      "track_id": "1004",
      "name": "Marker",
      "track_type": "track",
      "is_audio": false,
      "is_audio_track": false,
      "vit_type": "",
      "vit_intent": "",
      "plugin_count": 0,
      "plugins": []
    },
    {
      "track_id": "1005",
      "name": "Tempo",
      "track_type": "track",
      "is_audio": false,
      "is_audio_track": false,
      "vit_type": "",
      "vit_intent": "",
      "plugin_count": 0,
      "plugins": []
    },
    {
      "track_id": "1006",
      "name": "Master",
      "track_type": "master",
      "is_audio": false,
      "is_audio_track": false,
      "vit_type": "",
      "vit_intent": "",
      "plugin_count": 0,
      "plugins": []
    }
  ]
}
VitHeadlessService: command reply (truncated): {
  "status": "ok",
  "message": "Track list fetched",
  "tracks": [
    {
      "track_id": "1002",
      "name": "Arranger",
      "track_type": "track",
      "is_audio": false,
      "is_audio_track": false,
ZmqGateway: received command payload: {"cmd":"add_track","type":"hybrid"}
ZmqGateway: dispatching payload to JUCE message thread.
VitHeadlessService: processing queued command on JUCE message thread: {"cmd":"add_track","type":"hybrid"}
Command received: {"cmd":"add_track","type":"hybrid"}
VitHeadlessService: project saved to D:\Vit_DAW\VitApp\Workspace\default_project.xml
Command executed: add_track, result: {
  "status": "ok",
  "message": "Track added",
  "track_id": "1007",
  "track_name": "Track 1"
}
VitHeadlessService: command reply (truncated): {
  "status": "ok",
  "message": "Track added",
  "track_id": "1007",
  "track_name": "Track 1"
}
ZmqGateway: received command payload: {"cmd":"list_tracks"}
ZmqGateway: dispatching payload to JUCE message thread.
VitHeadlessService: processing queued command on JUCE message thread: {"cmd":"list_tracks"}
Command received: {"cmd":"list_tracks"}
Command executed: list_tracks, result: {
  "status": "ok",
  "message": "Track list fetched",
  "tracks": [
    {
      "track_id": "1002",
      "name": "Arranger",
      "track_type": "track",
      "is_audio": false,
      "is_audio_track": false,
      "vit_type": "",
      "vit_intent": "",
      "plugin_count": 0,
      "plugins": []
    },
    {
      "track_id": "1003",
      "name": "Chord",
      "track_type": "track",
      "is_audio": false,
      "is_audio_track": false,
      "vit_type": "",
      "vit_intent": "",
      "plugin_count": 0,
      "plugins": []
    },
    {
      "track_id": "1004",
      "name": "Marker",
      "track_type": "track",
      "is_audio": false,
      "is_audio_track": false,
      "vit_type": "",
      "vit_intent": "",
      "plugin_count": 0,
      "plugins": []
    },
    {
      "track_id": "1005",
      "name": "Tempo",
      "track_type": "track",
      "is_audio": false,
      "is_audio_track": false,
      "vit_type": "",
      "vit_intent": "",
      "plugin_count": 0,
      "plugins": []
    },
    {
      "track_id": "1006",
      "name": "Master",
      "track_type": "master",
      "is_audio": false,
      "is_audio_track": false,
      "vit_type": "",
      "vit_intent": "",
      "plugin_count": 0,
      "plugins": []
    },
    {
      "track_id": "1007",
      "name": "Track 1",
      "track_type": "hybrid",
      "is_audio": true,
      "is_audio_track": true,
      "vit_type": "",
      "vit_intent": "",
      "plugin_count": 2,
      "plugins": [
        {
          "name": "Volume & Pan Plugin",
          "type": "volume",
          "enabled": true
        },
        {
          "name": "Level Meter",
          "type": "level",
          "enabled": true
        }
      ]
    }
  ]
}
VitHeadlessService: command reply (truncated): {
  "status": "ok",
  "message": "Track list fetched",
  "tracks": [
    {
      "track_id": "1002",
      "name": "Arranger",
      "track_type": "track",
      "is_audio": false,
      "is_audio_track": false,
ZmqGateway: received command payload: {"cmd":"get_project_state"}
ZmqGateway: dispatching payload to JUCE message thread.
VitHeadlessService: processing queued command on JUCE message thread: {"cmd":"get_project_state"}
Command received: {"cmd":"get_project_state"}
Command executed: get_project_state, result: {
  "status": "ok",
  "project_path": "",
  "tracks": [
    {
      "track_id": "1002",
      "track_name": "Arranger",
      "track_type": "track",
      "is_audio_track": false,
      "is_audio": false,
      "plugins": [],
      "clips": []
    },
    {
      "track_id": "1003",
      "track_name": "Chord",
      "track_type": "track",
      "is_audio_track": false,
      "is_audio": false,
      "plugins": [],
      "clips": []
    },
    {
      "track_id": "1004",
      "track_name": "Marker",
      "track_type": "track",
      "is_audio_track": false,
      "is_audio": false,
      "plugins": [],
      "clips": []
    },
    {
      "track_id": "1005",
      "track_name": "Tempo",
      "track_type": "track",
      "is_audio_track": false,
      "is_audio": false,
      "plugins": [],
      "clips": []
    },
    {
      "track_id": "1006",
      "track_name": "Master",
      "track_type": "master",
      "is_audio_track": false,
      "is_audio": false,
      "plugins": [],
      "clips": []
    },
    {
      "track_id": "1007",
      "track_name": "Track 1",
      "track_type": "hybrid",
      "is_audio_track": true,
      "is_audio": true,
      "plugins": [
        {
          "id": "1008",
          "item_id": "1008",
          "name": "Volume & Pan Plugin",
          "type": "volume",
          "enabled": true
        },
        {
          "id": "1009",
          "item_id": "1009",
          "name": "Level Meter",
          "type": "level",
          "enabled": true
        }
      ],
      "clips": [],
      "output_to_device_resolved": true,
      "output_device_enabled": true,
      "output_device_id": "out_b7a4b4c1",
      "output_routing_name": "(default audio output)"
    }
  ]
}
VitHeadlessService: command reply (truncated): {
  "status": "ok",
  "project_path": "",
  "tracks": [
    {
      "track_id": "1002",
      "track_name": "Arranger",
      "track_type": "track",
      "is_audio_track": false,
      "is_audio": false,
     
ZmqGateway: received command payload: {"cmd":"list_tracks"}
ZmqGateway: dispatching payload to JUCE message thread.
VitHeadlessService: processing queued command on JUCE message thread: {"cmd":"list_tracks"}
Command received: {"cmd":"list_tracks"}
Command executed: list_tracks, result: {
  "status": "ok",
  "message": "Track list fetched",
  "tracks": [
    {
      "track_id": "1002",
      "name": "Arranger",
      "track_type": "track",
      "is_audio": false,
      "is_audio_track": false,
      "vit_type": "",
      "vit_intent": "",
      "plugin_count": 0,
      "plugins": []
    },
    {
      "track_id": "1003",
      "name": "Chord",
      "track_type": "track",
      "is_audio": false,
      "is_audio_track": false,
      "vit_type": "",
      "vit_intent": "",
      "plugin_count": 0,
      "plugins": []
    },
    {
      "track_id": "1004",
      "name": "Marker",
      "track_type": "track",
      "is_audio": false,
      "is_audio_track": false,
      "vit_type": "",
      "vit_intent": "",
      "plugin_count": 0,
      "plugins": []
    },
    {
      "track_id": "1005",
      "name": "Tempo",
      "track_type": "track",
      "is_audio": false,
      "is_audio_track": false,
      "vit_type": "",
      "vit_intent": "",
      "plugin_count": 0,
      "plugins": []
    },
    {
      "track_id": "1006",
      "name": "Master",
      "track_type": "master",
      "is_audio": false,
      "is_audio_track": false,
      "vit_type": "",
      "vit_intent": "",
      "plugin_count": 0,
      "plugins": []
    },
    {
      "track_id": "1007",
      "name": "Track 1",
      "track_type": "hybrid",
      "is_audio": true,
      "is_audio_track": true,
      "vit_type": "",
      "vit_intent": "",
      "plugin_count": 2,
      "plugins": [
        {
          "name": "Volume & Pan Plugin",
          "type": "volume",
          "enabled": true
        },
        {
          "name": "Level Meter",
          "type": "level",
          "enabled": true
        }
      ]
    }
  ]
}
VitHeadlessService: command reply (truncated): {
  "status": "ok",
  "message": "Track list fetched",
  "tracks": [
    {
      "track_id": "1002",
      "name": "Arranger",
      "track_type": "track",
      "is_audio": false,
      "is_audio_track": false,
ZmqGateway: received command payload: {"cmd":"insert_midi_clip","command":"insert_midi_clip","length":4.0,"start":0.0,"time_unit":"beats","track_id":"1007"}
ZmqGateway: dispatching payload to JUCE message thread.
VitHeadlessService: processing queued command on JUCE message thread: {"cmd":"insert_midi_clip","command":"insert_midi_clip","length":4.0,"start":0.0,"time_unit":"beats","track_id":"1007"}
Command received: {"cmd":"insert_midi_clip","command":"insert_midi_clip","length":4.0,"start":0.0,"time_unit":"beats","track_id":"1007"}
Command executed: insert_midi_clip, result: {
  "status": "ok",
  "message": "MIDI clip inserted",
  "clip_id": "1010",
  "track_id": "1007",
  "start_seconds": 0.0,
  "length_seconds": 2.0
}
VitHeadlessService: command reply (truncated): {
  "status": "ok",
  "message": "MIDI clip inserted",
  "clip_id": "1010",
  "track_id": "1007",
  "start_seconds": 0.0,
  "length_seconds": 2.0
}
ZmqGateway: received command payload: {"cmd":"get_project_state"}
ZmqGateway: dispatching payload to JUCE message thread.
VitHeadlessService: processing queued command on JUCE message thread: {"cmd":"get_project_state"}
Command received: {"cmd":"get_project_state"}
Command executed: get_project_state, result: {
  "status": "ok",
  "project_path": "",
  "tracks": [
    {
      "track_id": "1002",
      "track_name": "Arranger",
      "track_type": "track",
      "is_audio_track": false,
      "is_audio": false,
      "plugins": [],
      "clips": []
    },
    {
      "track_id": "1003",
      "track_name": "Chord",
      "track_type": "track",
      "is_audio_track": false,
      "is_audio": false,
      "plugins": [],
      "clips": []
    },
    {
      "track_id": "1004",
      "track_name": "Marker",
      "track_type": "track",
      "is_audio_track": false,
      "is_audio": false,
      "plugins": [],
      "clips": []
    },
    {
      "track_id": "1005",
      "track_name": "Tempo",
      "track_type": "track",
      "is_audio_track": false,
      "is_audio": false,
      "plugins": [],
      "clips": []
    },
    {
      "track_id": "1006",
      "track_name": "Master",
      "track_type": "master",
      "is_audio_track": false,
      "is_audio": false,
      "plugins": [],
      "clips": []
    },
    {
      "track_id": "1007",
      "track_name": "Track 1",
      "track_type": "hybrid",
      "is_audio_track": true,
      "is_audio": true,
      "plugins": [
        {
          "id": "1008",
          "item_id": "1008",
          "name": "Volume & Pan Plugin",
          "type": "volume",
          "enabled": true
        },
        {
          "id": "1009",
          "item_id": "1009",
          "name": "Level Meter",
          "type": "level",
          "enabled": true
        }
      ],
      "clips": [
        {
          "id": "1010",
          "name": "New MIDI Clip",
          "clip_type": "midi",
          "start_seconds": 0.0,
          "end_seconds": 2.0,
          "length_seconds": 2.0,
          "offset_in_source_seconds": 0.0
        }
      ],
      "output_to_device_resolved": true,
      "output_device_enabled": true,
      "output_device_id": "out_b7a4b4c1",
      "output_routing_name": "(default audio output)"
    }
  ]
}
VitHeadlessService: command reply (truncated): {
  "status": "ok",
  "project_path": "",
  "tracks": [
    {
      "track_id": "1002",
      "track_name": "Arranger",
      "track_type": "track",
      "is_audio_track": false,
      "is_audio": false,
     
ZmqGateway: received command payload: {"cmd":"list_tracks"}
ZmqGateway: dispatching payload to JUCE message thread.
VitHeadlessService: processing queued command on JUCE message thread: {"cmd":"list_tracks"}
Command received: {"cmd":"list_tracks"}
Command executed: list_tracks, result: {
  "status": "ok",
  "message": "Track list fetched",
  "tracks": [
    {
      "track_id": "1002",
      "name": "Arranger",
      "track_type": "track",
      "is_audio": false,
      "is_audio_track": false,
      "vit_type": "",
      "vit_intent": "",
      "plugin_count": 0,
      "plugins": []
    },
    {
      "track_id": "1003",
      "name": "Chord",
      "track_type": "track",
      "is_audio": false,
      "is_audio_track": false,
      "vit_type": "",
      "vit_intent": "",
      "plugin_count": 0,
      "plugins": []
    },
    {
      "track_id": "1004",
      "name": "Marker",
      "track_type": "track",
      "is_audio": false,
      "is_audio_track": false,
      "vit_type": "",
      "vit_intent": "",
      "plugin_count": 0,
      "plugins": []
    },
    {
      "track_id": "1005",
      "name": "Tempo",
      "track_type": "track",
      "is_audio": false,
      "is_audio_track": false,
      "vit_type": "",
      "vit_intent": "",
      "plugin_count": 0,
      "plugins": []
    },
    {
      "track_id": "1006",
      "name": "Master",
      "track_type": "master",
      "is_audio": false,
      "is_audio_track": false,
      "vit_type": "",
      "vit_intent": "",
      "plugin_count": 0,
      "plugins": []
    },
    {
      "track_id": "1007",
      "name": "Track 1",
      "track_type": "hybrid",
      "is_audio": true,
      "is_audio_track": true,
      "vit_type": "",
      "vit_intent": "",
      "plugin_count": 2,
      "plugins": [
        {
          "name": "Volume & Pan Plugin",
          "type": "volume",
          "enabled": true
        },
        {
          "name": "Level Meter",
          "type": "level",
          "enabled": true
        }
      ]
    }
  ]
}
VitHeadlessService: command reply (truncated): {
  "status": "ok",
  "message": "Track list fetched",
  "tracks": [
    {
      "track_id": "1002",
      "name": "Arranger",
      "track_type": "track",
      "is_audio": false,
      "is_audio_track": false,
ZmqGateway: received command payload: {"clip_id":"1010","cmd":"get_midi_clip_data","command":"get_midi_clip_data","time_unit":"beats"}
ZmqGateway: dispatching payload to JUCE message thread.
VitHeadlessService: processing queued command on JUCE message thread: {"clip_id":"1010","cmd":"get_midi_clip_data","command":"get_midi_clip_data","time_unit":"beats"}
Command received: {"clip_id":"1010","cmd":"get_midi_clip_data","command":"get_midi_clip_data","time_unit":"beats"}
Command executed: get_midi_clip_data, result: {
  "status": "ok",
  "clip_id": "1010",
  "time_unit": "beats",
  "notes": []
}
VitHeadlessService: command reply (truncated): {
  "status": "ok",
  "clip_id": "1010",
  "time_unit": "beats",
  "notes": []
}
ZmqGateway: received command payload: {"clip_id":"1010","cmd":"get_midi_clip_notes","command":"get_midi_clip_notes","time_unit":"beats","track_id":"1007"}
ZmqGateway: dispatching payload to JUCE message thread.
VitHeadlessService: processing queued command on JUCE message thread: {"clip_id":"1010","cmd":"get_midi_clip_notes","command":"get_midi_clip_notes","time_unit":"beats","track_id":"1007"}
Command received: {"clip_id":"1010","cmd":"get_midi_clip_notes","command":"get_midi_clip_notes","time_unit":"beats","track_id":"1007"}
Command executed: get_midi_clip_notes, result: {
  "status": "ok",
  "message": "MIDI clip notes",
  "clip_id": "1010",
  "track_id": "1007",
  "time_unit": "beats",
  "notes": []
}
VitHeadlessService: command reply (truncated): {
  "status": "ok",
  "message": "MIDI clip notes",
  "clip_id": "1010",
  "track_id": "1007",
  "time_unit": "beats",
  "notes": []
}
ZmqGateway: received command payload: {"clip_id":"1010","cmd":"add_midi_notes","command":"add_midi_notes","notes":[{"id":"note_4873","length":1.0,"pitch":73,"start":2.0,"state":"solid","velocity":100}],"time_unit":"beats","track_id":"1007","track_index":0}
ZmqGateway: dispatching payload to JUCE message thread.
VitHeadlessService: processing queued command on JUCE message thread: {"clip_id":"1010","cmd":"add_midi_notes","command":"add_midi_notes","notes":[{"id":"note_4873","length":1.0,"pitch":73,"start":2.0,"state":"solid","velocity":100}],"time_unit":"beats","track_id":"1007","track_index":0}
Command received: {"clip_id":"1010","cmd":"add_midi_notes","command":"add_midi_notes","notes":[{"id":"note_4873","length":1.0,"pitch":73,"start":2.0,"state":"solid","velocity":100}],"time_unit":"beats","track_id":"1007","track_index":0}
Command executed: add_midi_notes, result: {
  "status": "ok",
  "message": "MIDI notes added",
  "clip_id": "1010",
  "track_id": "1007",
  "added_count": 1
}
VitHeadlessService: command reply (truncated): {
  "status": "ok",
  "message": "MIDI notes added",
  "clip_id": "1010",
  "track_id": "1007",
  "added_count": 1
}
ZmqGateway: received command payload: {"clip_id":"1010","cmd":"add_midi_notes","command":"add_midi_notes","notes":[{"id":"note_5838","length":1.0,"pitch":66,"start":1.0,"state":"solid","velocity":100}],"time_unit":"beats","track_id":"1007","track_index":0}
ZmqGateway: dispatching payload to JUCE message thread.
VitHeadlessService: processing queued command on JUCE message thread: {"clip_id":"1010","cmd":"add_midi_notes","command":"add_midi_notes","notes":[{"id":"note_5838","length":1.0,"pitch":66,"start":1.0,"state":"solid","velocity":100}],"time_unit":"beats","track_id":"1007","track_index":0}
Command received: {"clip_id":"1010","cmd":"add_midi_notes","command":"add_midi_notes","notes":[{"id":"note_5838","length":1.0,"pitch":66,"start":1.0,"state":"solid","velocity":100}],"time_unit":"beats","track_id":"1007","track_index":0}
Command executed: add_midi_notes, result: {
  "status": "ok",
  "message": "MIDI notes added",
  "clip_id": "1010",
  "track_id": "1007",
  "added_count": 1
}
VitHeadlessService: command reply (truncated): {
  "status": "ok",
  "message": "MIDI notes added",
  "clip_id": "1010",
  "track_id": "1007",
  "added_count": 1
}
ZmqGateway: received command payload: {"clip_id":"1010","cmd":"move_clip","new_start":10.9906530380249,"new_start_seconds":5.49532651901245,"overlap_mode":"trim","source_track_id":"1007","target_track_id":"1007","time_unit":"beats"}
ZmqGateway: dispatching payload to JUCE message thread.
VitHeadlessService: processing queued command on JUCE message thread: {"clip_id":"1010","cmd":"move_clip","new_start":10.9906530380249,"new_start_seconds":5.49532651901245,"overlap_mode":"trim","source_track_id":"1007","target_track_id":"1007","time_unit":"beats"}
Command received: {"clip_id":"1010","cmd":"move_clip","new_start":10.9906530380249,"new_start_seconds":5.49532651901245,"overlap_mode":"trim","source_track_id":"1007","target_track_id":"1007","time_unit":"beats"}
Command executed: move_clip, result: {
  "status": "ok",
  "message": "Clip moved",
  "clip_id": "1010",
  "source_track_id": "1007",
  "target_track_id": "1007",
  "affected_track_id": "1007",
  "new_start_seconds": 5.49532651901245,
  "overlap_mode": "trim",
  "created_clip_ids": [],
  "removed_clip_ids": [],
  "affected_clip_ids": []
}
VitHeadlessService: command reply (truncated): {
  "status": "ok",
  "message": "Clip moved",
  "clip_id": "1010",
  "source_track_id": "1007",
  "target_track_id": "1007",
  "affected_track_id": "1007",
  "new_start_seconds": 5.49532651901245,
  "overlap_mod
ZmqGateway: received command payload: {"cmd":"get_project_state"}
ZmqGateway: dispatching payload to JUCE message thread.
VitHeadlessService: processing queued command on JUCE message thread: {"cmd":"get_project_state"}
Command received: {"cmd":"get_project_state"}
Command executed: get_project_state, result: {
  "status": "ok",
  "project_path": "",
  "tracks": [
    {
      "track_id": "1002",
      "track_name": "Arranger",
      "track_type": "track",
      "is_audio_track": false,
      "is_audio": false,
      "plugins": [],
      "clips": []
    },
    {
      "track_id": "1003",
      "track_name": "Chord",
      "track_type": "track",
      "is_audio_track": false,
      "is_audio": false,
      "plugins": [],
      "clips": []
    },
    {
      "track_id": "1004",
      "track_name": "Marker",
      "track_type": "track",
      "is_audio_track": false,
      "is_audio": false,
      "plugins": [],
      "clips": []
    },
    {
      "track_id": "1005",
      "track_name": "Tempo",
      "track_type": "track",
      "is_audio_track": false,
      "is_audio": false,
      "plugins": [],
      "clips": []
    },
    {
      "track_id": "1006",
      "track_name": "Master",
      "track_type": "master",
      "is_audio_track": false,
      "is_audio": false,
      "plugins": [],
      "clips": []
    },
    {
      "track_id": "1007",
      "track_name": "Track 1",
      "track_type": "hybrid",
      "is_audio_track": true,
      "is_audio": true,
      "plugins": [
        {
          "id": "1008",
          "item_id": "1008",
          "name": "Volume & Pan Plugin",
          "type": "volume",
          "enabled": true
        },
        {
          "id": "1009",
          "item_id": "1009",
          "name": "Level Meter",
          "type": "level",
          "enabled": true
        }
      ],
      "clips": [
        {
          "id": "1010",
          "name": "New MIDI Clip",
          "clip_type": "midi",
          "start_seconds": 5.49532651901245,
          "end_seconds": 7.49532651901245,
          "length_seconds": 2.0,
          "offset_in_source_seconds": 0.0
        }
      ],
      "output_to_device_resolved": true,
      "output_device_enabled": true,
      "output_device_id": "out_b7a4b4c1",
      "output_routing_name": "(default audio output)"
    }
  ]
}
VitHeadlessService: command reply (truncated): {
  "status": "ok",
  "project_path": "",
  "tracks": [
    {
      "track_id": "1002",
      "track_name": "Arranger",
      "track_type": "track",
      "is_audio_track": false,
      "is_audio": false,
     
ZmqGateway: received command payload: {"cmd":"list_tracks"}
ZmqGateway: dispatching payload to JUCE message thread.
VitHeadlessService: processing queued command on JUCE message thread: {"cmd":"list_tracks"}
Command received: {"cmd":"list_tracks"}
Command executed: list_tracks, result: {
  "status": "ok",
  "message": "Track list fetched",
  "tracks": [
    {
      "track_id": "1002",
      "name": "Arranger",
      "track_type": "track",
      "is_audio": false,
      "is_audio_track": false,
      "vit_type": "",
      "vit_intent": "",
      "plugin_count": 0,
      "plugins": []
    },
    {
      "track_id": "1003",
      "name": "Chord",
      "track_type": "track",
      "is_audio": false,
      "is_audio_track": false,
      "vit_type": "",
      "vit_intent": "",
      "plugin_count": 0,
      "plugins": []
    },
    {
      "track_id": "1004",
      "name": "Marker",
      "track_type": "track",
      "is_audio": false,
      "is_audio_track": false,
      "vit_type": "",
      "vit_intent": "",
      "plugin_count": 0,
      "plugins": []
    },
    {
      "track_id": "1005",
      "name": "Tempo",
      "track_type": "track",
      "is_audio": false,
      "is_audio_track": false,
      "vit_type": "",
      "vit_intent": "",
      "plugin_count": 0,
      "plugins": []
    },
    {
      "track_id": "1006",
      "name": "Master",
      "track_type": "master",
      "is_audio": false,
      "is_audio_track": false,
      "vit_type": "",
      "vit_intent": "",
      "plugin_count": 0,
      "plugins": []
    },
    {
      "track_id": "1007",
      "name": "Track 1",
      "track_type": "hybrid",
      "is_audio": true,
      "is_audio_track": true,
      "vit_type": "",
      "vit_intent": "",
      "plugin_count": 2,
      "plugins": [
        {
          "name": "Volume & Pan Plugin",
          "type": "volume",
          "enabled": true
        },
        {
          "name": "Level Meter",
          "type": "level",
          "enabled": true
        }
      ]
    }
  ]
}
VitHeadlessService: command reply (truncated): {
  "status": "ok",
  "message": "Track list fetched",
  "tracks": [
    {
      "track_id": "1002",
      "name": "Arranger",
      "track_type": "track",
      "is_audio": false,
      "is_audio_track": false,
ZmqGateway: received command payload: {"clip_id":"1010","cmd":"move_clip","new_start":0.0,"new_start_seconds":0.0,"overlap_mode":"trim","source_track_id":"1007","target_track_id":"1007","time_unit":"beats"}
ZmqGateway: dispatching payload to JUCE message thread.
VitHeadlessService: processing queued command on JUCE message thread: {"clip_id":"1010","cmd":"move_clip","new_start":0.0,"new_start_seconds":0.0,"overlap_mode":"trim","source_track_id":"1007","target_track_id":"1007","time_unit":"beats"}
Command received: {"clip_id":"1010","cmd":"move_clip","new_start":0.0,"new_start_seconds":0.0,"overlap_mode":"trim","source_track_id":"1007","target_track_id":"1007","time_unit":"beats"}
Command executed: move_clip, result: {
  "status": "ok",
  "message": "Clip moved",
  "clip_id": "1010",
  "source_track_id": "1007",
  "target_track_id": "1007",
  "affected_track_id": "1007",
  "new_start_seconds": 0.0,
  "overlap_mode": "trim",
  "created_clip_ids": [],
  "removed_clip_ids": [],
  "affected_clip_ids": []
}
VitHeadlessService: command reply (truncated): {
  "status": "ok",
  "message": "Clip moved",
  "clip_id": "1010",
  "source_track_id": "1007",
  "target_track_id": "1007",
  "affected_track_id": "1007",
  "new_start_seconds": 0.0,
  "overlap_mode": "trim",

ZmqGateway: received command payload: {"cmd":"get_project_state"}
ZmqGateway: dispatching payload to JUCE message thread.
VitHeadlessService: processing queued command on JUCE message thread: {"cmd":"get_project_state"}
Command received: {"cmd":"get_project_state"}
Command executed: get_project_state, result: {
  "status": "ok",
  "project_path": "",
  "tracks": [
    {
      "track_id": "1002",
      "track_name": "Arranger",
      "track_type": "track",
      "is_audio_track": false,
      "is_audio": false,
      "plugins": [],
      "clips": []
    },
    {
      "track_id": "1003",
      "track_name": "Chord",
      "track_type": "track",
      "is_audio_track": false,
      "is_audio": false,
      "plugins": [],
      "clips": []
    },
    {
      "track_id": "1004",
      "track_name": "Marker",
      "track_type": "track",
      "is_audio_track": false,
      "is_audio": false,
      "plugins": [],
      "clips": []
    },
    {
      "track_id": "1005",
      "track_name": "Tempo",
      "track_type": "track",
      "is_audio_track": false,
      "is_audio": false,
      "plugins": [],
      "clips": []
    },
    {
      "track_id": "1006",
      "track_name": "Master",
      "track_type": "master",
      "is_audio_track": false,
      "is_audio": false,
      "plugins": [],
      "clips": []
    },
    {
      "track_id": "1007",
      "track_name": "Track 1",
      "track_type": "hybrid",
      "is_audio_track": true,
      "is_audio": true,
      "plugins": [
        {
          "id": "1008",
          "item_id": "1008",
          "name": "Volume & Pan Plugin",
          "type": "volume",
          "enabled": true
        },
        {
          "id": "1009",
          "item_id": "1009",
          "name": "Level Meter",
          "type": "level",
          "enabled": true
        }
      ],
      "clips": [
        {
          "id": "1010",
          "name": "New MIDI Clip",
          "clip_type": "midi",
          "start_seconds": 0.0,
          "end_seconds": 2.0,
          "length_seconds": 2.0,
          "offset_in_source_seconds": 0.0
        }
      ],
      "output_to_device_resolved": true,
      "output_device_enabled": true,
      "output_device_id": "out_b7a4b4c1",
      "output_routing_name": "(default audio output)"
    }
  ]
}
VitHeadlessService: command reply (truncated): {
  "status": "ok",
  "project_path": "",
  "tracks": [
    {
      "track_id": "1002",
      "track_name": "Arranger",
      "track_type": "track",
      "is_audio_track": false,
      "is_audio": false,
     
ZmqGateway: received command payload: {"cmd":"list_tracks"}
ZmqGateway: dispatching payload to JUCE message thread.
VitHeadlessService: processing queued command on JUCE message thread: {"cmd":"list_tracks"}
Command received: {"cmd":"list_tracks"}
Command executed: list_tracks, result: {
  "status": "ok",
  "message": "Track list fetched",
  "tracks": [
    {
      "track_id": "1002",
      "name": "Arranger",
      "track_type": "track",
      "is_audio": false,
      "is_audio_track": false,
      "vit_type": "",
      "vit_intent": "",
      "plugin_count": 0,
      "plugins": []
    },
    {
      "track_id": "1003",
      "name": "Chord",
      "track_type": "track",
      "is_audio": false,
      "is_audio_track": false,
      "vit_type": "",
      "vit_intent": "",
      "plugin_count": 0,
      "plugins": []
    },
    {
      "track_id": "1004",
      "name": "Marker",
      "track_type": "track",
      "is_audio": false,
      "is_audio_track": false,
      "vit_type": "",
      "vit_intent": "",
      "plugin_count": 0,
      "plugins": []
    },
    {
      "track_id": "1005",
      "name": "Tempo",
      "track_type": "track",
      "is_audio": false,
      "is_audio_track": false,
      "vit_type": "",
      "vit_intent": "",
      "plugin_count": 0,
      "plugins": []
    },
    {
      "track_id": "1006",
      "name": "Master",
      "track_type": "master",
      "is_audio": false,
      "is_audio_track": false,
      "vit_type": "",
      "vit_intent": "",
      "plugin_count": 0,
      "plugins": []
    },
    {
      "track_id": "1007",
      "name": "Track 1",
      "track_type": "hybrid",
      "is_audio": true,
      "is_audio_track": true,
      "vit_type": "",
      "vit_intent": "",
      "plugin_count": 2,
      "plugins": [
        {
          "name": "Volume & Pan Plugin",
          "type": "volume",
          "enabled": true
        },
        {
          "name": "Level Meter",
          "type": "level",
          "enabled": true
        }
      ]
    }
  ]
}
VitHeadlessService: command reply (truncated): {
  "status": "ok",
  "message": "Track list fetched",
  "tracks": [
    {
      "track_id": "1002",
      "name": "Arranger",
      "track_type": "track",
      "is_audio": false,
      "is_audio_track": false,
ZmqGateway: received command payload: {"cmd":"get_recent_projects"}
ZmqGateway: dispatching payload to JUCE message thread.
VitHeadlessService: processing queued command on JUCE message thread: {"cmd":"get_recent_projects"}
Command received: {"cmd":"get_recent_projects"}
Command executed: get_recent_projects, result: {
  "status": "ok",
  "recent_projects": [
    "D:\\Godot\\project\\vit-daw-frontend\\4.4.3.vit",
    "D:\\Godot\\project\\vit-daw-frontend\\4.4.2.vit",
    "D:\\Godot\\project\\vit-daw-frontend\\4.4.1.vit",
    "D:\\Godot\\project\\vit-daw-frontend\\4.4.vit",
    "D:\\4.1.tracktionedit"
  ]
}
VitHeadlessService: command reply (truncated): {
  "status": "ok",
  "recent_projects": [
    "D:\\Godot\\project\\vit-daw-frontend\\4.4.3.vit",
    "D:\\Godot\\project\\vit-daw-frontend\\4.4.2.vit",
    "D:\\Godot\\project\\vit-daw-frontend\\4.4.1.vit",
    "D
ZmqGateway: received command payload: {"cmd":"new_project"}
ZmqGateway: dispatching payload to JUCE message thread.
VitHeadlessService: processing queued command on JUCE message thread: {"cmd":"new_project"}
Command received: {"cmd":"new_project"}
VitEngineDevice: audio IO ready for playback graph: "扬声器 (2- USB AUDIO  CODEC)" 48000.00 Hz, block 480 samples
Command executed: new_project, result: {
  "status": "ok",
  "message": "Blank project created"
}
VitHeadlessService: command reply (truncated): {
  "status": "ok",
  "message": "Blank project created"
}
ZmqGateway: received command payload: {"cmd":"ping"}
ZmqGateway: dispatching payload to JUCE message thread.
VitHeadlessService: processing queued command on JUCE message thread: {"cmd":"ping"}
Command received: {"cmd":"ping"}
CommandDispatcher: handled ping command.
Command executed: ping, result: {
  "status": "ok",
  "message": "pong"
}
VitHeadlessService: command reply (truncated): {
  "status": "ok",
  "message": "pong"
}
ZmqGateway: received command payload: {"cmd":"get_project_state"}
ZmqGateway: dispatching payload to JUCE message thread.
VitHeadlessService: processing queued command on JUCE message thread: {"cmd":"get_project_state"}
Command received: {"cmd":"get_project_state"}
Command executed: get_project_state, result: {
  "status": "ok",
  "project_path": "",
  "tracks": [
    {
      "track_id": "1002",
      "track_name": "Arranger",
      "track_type": "track",
      "is_audio_track": false,
      "is_audio": false,
      "plugins": [],
      "clips": []
    },
    {
      "track_id": "1003",
      "track_name": "Chord",
      "track_type": "track",
      "is_audio_track": false,
      "is_audio": false,
      "plugins": [],
      "clips": []
    },
    {
      "track_id": "1004",
      "track_name": "Marker",
      "track_type": "track",
      "is_audio_track": false,
      "is_audio": false,
      "plugins": [],
      "clips": []
    },
    {
      "track_id": "1005",
      "track_name": "Tempo",
      "track_type": "track",
      "is_audio_track": false,
      "is_audio": false,
      "plugins": [],
      "clips": []
    },
    {
      "track_id": "1006",
      "track_name": "Master",
      "track_type": "master",
      "is_audio_track": false,
      "is_audio": false,
      "plugins": [],
      "clips": []
    }
  ]
}
VitHeadlessService: command reply (truncated): {
  "status": "ok",
  "project_path": "",
  "tracks": [
    {
      "track_id": "1002",
      "track_name": "Arranger",
      "track_type": "track",
      "is_audio_track": false,
      "is_audio": false,
     
ZmqGateway: received command payload: {"cmd":"list_tracks"}
ZmqGateway: dispatching payload to JUCE message thread.
VitHeadlessService: processing queued command on JUCE message thread: {"cmd":"list_tracks"}
Command received: {"cmd":"list_tracks"}
Command executed: list_tracks, result: {
  "status": "ok",
  "message": "Track list fetched",
  "tracks": [
    {
      "track_id": "1002",
      "name": "Arranger",
      "track_type": "track",
      "is_audio": false,
      "is_audio_track": false,
      "vit_type": "",
      "vit_intent": "",
      "plugin_count": 0,
      "plugins": []
    },
    {
      "track_id": "1003",
      "name": "Chord",
      "track_type": "track",
      "is_audio": false,
      "is_audio_track": false,
      "vit_type": "",
      "vit_intent": "",
      "plugin_count": 0,
      "plugins": []
    },
    {
      "track_id": "1004",
      "name": "Marker",
      "track_type": "track",
      "is_audio": false,
      "is_audio_track": false,
      "vit_type": "",
      "vit_intent": "",
      "plugin_count": 0,
      "plugins": []
    },
    {
      "track_id": "1005",
      "name": "Tempo",
      "track_type": "track",
      "is_audio": false,
      "is_audio_track": false,
      "vit_type": "",
      "vit_intent": "",
      "plugin_count": 0,
      "plugins": []
    },
    {
      "track_id": "1006",
      "name": "Master",
      "track_type": "master",
      "is_audio": false,
      "is_audio_track": false,
      "vit_type": "",
      "vit_intent": "",
      "plugin_count": 0,
      "plugins": []
    }
  ]
}
VitHeadlessService: command reply (truncated): {
  "status": "ok",
  "message": "Track list fetched",
  "tracks": [
    {
      "track_id": "1002",
      "name": "Arranger",
      "track_type": "track",
      "is_audio": false,
      "is_audio_track": false,
ZmqGateway: received command payload: {"cmd":"list_tracks"}
ZmqGateway: dispatching payload to JUCE message thread.
VitHeadlessService: processing queued command on JUCE message thread: {"cmd":"list_tracks"}
Command received: {"cmd":"list_tracks"}
Command executed: list_tracks, result: {
  "status": "ok",
  "message": "Track list fetched",
  "tracks": [
    {
      "track_id": "1002",
      "name": "Arranger",
      "track_type": "track",
      "is_audio": false,
      "is_audio_track": false,
      "vit_type": "",
      "vit_intent": "",
      "plugin_count": 0,
      "plugins": []
    },
    {
      "track_id": "1003",
      "name": "Chord",
      "track_type": "track",
      "is_audio": false,
      "is_audio_track": false,
      "vit_type": "",
      "vit_intent": "",
      "plugin_count": 0,
      "plugins": []
    },
    {
      "track_id": "1004",
      "name": "Marker",
      "track_type": "track",
      "is_audio": false,
      "is_audio_track": false,
      "vit_type": "",
      "vit_intent": "",
      "plugin_count": 0,
      "plugins": []
    },
    {
      "track_id": "1005",
      "name": "Tempo",
      "track_type": "track",
      "is_audio": false,
      "is_audio_track": false,
      "vit_type": "",
      "vit_intent": "",
      "plugin_count": 0,
      "plugins": []
    },
    {
      "track_id": "1006",
      "name": "Master",
      "track_type": "master",
      "is_audio": false,
      "is_audio_track": false,
      "vit_type": "",
      "vit_intent": "",
      "plugin_count": 0,
      "plugins": []
    }
  ]
}
VitHeadlessService: command reply (truncated): {
  "status": "ok",
  "message": "Track list fetched",
  "tracks": [
    {
      "track_id": "1002",
      "name": "Arranger",
      "track_type": "track",
      "is_audio": false,
      "is_audio_track": false,
ZmqGateway: received command payload: {"cmd":"add_track","type":"hybrid"}
ZmqGateway: dispatching payload to JUCE message thread.
VitHeadlessService: processing queued command on JUCE message thread: {"cmd":"add_track","type":"hybrid"}
Command received: {"cmd":"add_track","type":"hybrid"}
VitHeadlessService: project saved to D:\Vit_DAW\VitApp\Workspace\default_project.xml
Command executed: add_track, result: {
  "status": "ok",
  "message": "Track added",
  "track_id": "1007",
  "track_name": "Track 1"
}
VitHeadlessService: command reply (truncated): {
  "status": "ok",
  "message": "Track added",
  "track_id": "1007",
  "track_name": "Track 1"
}
ZmqGateway: received command payload: {"cmd":"list_tracks"}
ZmqGateway: dispatching payload to JUCE message thread.
VitHeadlessService: processing queued command on JUCE message thread: {"cmd":"list_tracks"}
Command received: {"cmd":"list_tracks"}
Command executed: list_tracks, result: {
  "status": "ok",
  "message": "Track list fetched",
  "tracks": [
    {
      "track_id": "1002",
      "name": "Arranger",
      "track_type": "track",
      "is_audio": false,
      "is_audio_track": false,
      "vit_type": "",
      "vit_intent": "",
      "plugin_count": 0,
      "plugins": []
    },
    {
      "track_id": "1003",
      "name": "Chord",
      "track_type": "track",
      "is_audio": false,
      "is_audio_track": false,
      "vit_type": "",
      "vit_intent": "",
      "plugin_count": 0,
      "plugins": []
    },
    {
      "track_id": "1004",
      "name": "Marker",
      "track_type": "track",
      "is_audio": false,
      "is_audio_track": false,
      "vit_type": "",
      "vit_intent": "",
      "plugin_count": 0,
      "plugins": []
    },
    {
      "track_id": "1005",
      "name": "Tempo",
      "track_type": "track",
      "is_audio": false,
      "is_audio_track": false,
      "vit_type": "",
      "vit_intent": "",
      "plugin_count": 0,
      "plugins": []
    },
    {
      "track_id": "1006",
      "name": "Master",
      "track_type": "master",
      "is_audio": false,
      "is_audio_track": false,
      "vit_type": "",
      "vit_intent": "",
      "plugin_count": 0,
      "plugins": []
    },
    {
      "track_id": "1007",
      "name": "Track 1",
      "track_type": "hybrid",
      "is_audio": true,
      "is_audio_track": true,
      "vit_type": "",
      "vit_intent": "",
      "plugin_count": 2,
      "plugins": [
        {
          "name": "Volume & Pan Plugin",
          "type": "volume",
          "enabled": true
        },
        {
          "name": "Level Meter",
          "type": "level",
          "enabled": true
        }
      ]
    }
  ]
}
VitHeadlessService: command reply (truncated): {
  "status": "ok",
  "message": "Track list fetched",
  "tracks": [
    {
      "track_id": "1002",
      "name": "Arranger",
      "track_type": "track",
      "is_audio": false,
      "is_audio_track": false,
ZmqGateway: received command payload: {"cmd":"get_project_state"}
ZmqGateway: dispatching payload to JUCE message thread.
VitHeadlessService: processing queued command on JUCE message thread: {"cmd":"get_project_state"}
Command received: {"cmd":"get_project_state"}
Command executed: get_project_state, result: {
  "status": "ok",
  "project_path": "",
  "tracks": [
    {
      "track_id": "1002",
      "track_name": "Arranger",
      "track_type": "track",
      "is_audio_track": false,
      "is_audio": false,
      "plugins": [],
      "clips": []
    },
    {
      "track_id": "1003",
      "track_name": "Chord",
      "track_type": "track",
      "is_audio_track": false,
      "is_audio": false,
      "plugins": [],
      "clips": []
    },
    {
      "track_id": "1004",
      "track_name": "Marker",
      "track_type": "track",
      "is_audio_track": false,
      "is_audio": false,
      "plugins": [],
      "clips": []
    },
    {
      "track_id": "1005",
      "track_name": "Tempo",
      "track_type": "track",
      "is_audio_track": false,
      "is_audio": false,
      "plugins": [],
      "clips": []
    },
    {
      "track_id": "1006",
      "track_name": "Master",
      "track_type": "master",
      "is_audio_track": false,
      "is_audio": false,
      "plugins": [],
      "clips": []
    },
    {
      "track_id": "1007",
      "track_name": "Track 1",
      "track_type": "hybrid",
      "is_audio_track": true,
      "is_audio": true,
      "plugins": [
        {
          "id": "1008",
          "item_id": "1008",
          "name": "Volume & Pan Plugin",
          "type": "volume",
          "enabled": true
        },
        {
          "id": "1009",
          "item_id": "1009",
          "name": "Level Meter",
          "type": "level",
          "enabled": true
        }
      ],
      "clips": [],
      "output_to_device_resolved": true,
      "output_device_enabled": true,
      "output_device_id": "out_b7a4b4c1",
      "output_routing_name": "(default audio output)"
    }
  ]
}
VitHeadlessService: command reply (truncated): {
  "status": "ok",
  "project_path": "",
  "tracks": [
    {
      "track_id": "1002",
      "track_name": "Arranger",
      "track_type": "track",
      "is_audio_track": false,
      "is_audio": false,
     
ZmqGateway: received command payload: {"cmd":"list_tracks"}
ZmqGateway: dispatching payload to JUCE message thread.
VitHeadlessService: processing queued command on JUCE message thread: {"cmd":"list_tracks"}
Command received: {"cmd":"list_tracks"}
Command executed: list_tracks, result: {
  "status": "ok",
  "message": "Track list fetched",
  "tracks": [
    {
      "track_id": "1002",
      "name": "Arranger",
      "track_type": "track",
      "is_audio": false,
      "is_audio_track": false,
      "vit_type": "",
      "vit_intent": "",
      "plugin_count": 0,
      "plugins": []
    },
    {
      "track_id": "1003",
      "name": "Chord",
      "track_type": "track",
      "is_audio": false,
      "is_audio_track": false,
      "vit_type": "",
      "vit_intent": "",
      "plugin_count": 0,
      "plugins": []
    },
    {
      "track_id": "1004",
      "name": "Marker",
      "track_type": "track",
      "is_audio": false,
      "is_audio_track": false,
      "vit_type": "",
      "vit_intent": "",
      "plugin_count": 0,
      "plugins": []
    },
    {
      "track_id": "1005",
      "name": "Tempo",
      "track_type": "track",
      "is_audio": false,
      "is_audio_track": false,
      "vit_type": "",
      "vit_intent": "",
      "plugin_count": 0,
      "plugins": []
    },
    {
      "track_id": "1006",
      "name": "Master",
      "track_type": "master",
      "is_audio": false,
      "is_audio_track": false,
      "vit_type": "",
      "vit_intent": "",
      "plugin_count": 0,
      "plugins": []
    },
    {
      "track_id": "1007",
      "name": "Track 1",
      "track_type": "hybrid",
      "is_audio": true,
      "is_audio_track": true,
      "vit_type": "",
      "vit_intent": "",
      "plugin_count": 2,
      "plugins": [
        {
          "name": "Volume & Pan Plugin",
          "type": "volume",
          "enabled": true
        },
        {
          "name": "Level Meter",
          "type": "level",
          "enabled": true
        }
      ]
    }
  ]
}
VitHeadlessService: command reply (truncated): {
  "status": "ok",
  "message": "Track list fetched",
  "tracks": [
    {
      "track_id": "1002",
      "name": "Arranger",
      "track_type": "track",
      "is_audio": false,
      "is_audio_track": false,
ZmqGateway: received command payload: {"cmd":"insert_midi_clip","command":"insert_midi_clip","length":4.0,"start":0.0,"time_unit":"beats","track_id":"1007"}
ZmqGateway: dispatching payload to JUCE message thread.
VitHeadlessService: processing queued command on JUCE message thread: {"cmd":"insert_midi_clip","command":"insert_midi_clip","length":4.0,"start":0.0,"time_unit":"beats","track_id":"1007"}
Command received: {"cmd":"insert_midi_clip","command":"insert_midi_clip","length":4.0,"start":0.0,"time_unit":"beats","track_id":"1007"}
Command executed: insert_midi_clip, result: {
  "status": "ok",
  "message": "MIDI clip inserted",
  "clip_id": "1010",
  "track_id": "1007",
  "start_seconds": 0.0,
  "length_seconds": 2.0
}
VitHeadlessService: command reply (truncated): {
  "status": "ok",
  "message": "MIDI clip inserted",
  "clip_id": "1010",
  "track_id": "1007",
  "start_seconds": 0.0,
  "length_seconds": 2.0
}
ZmqGateway: received command payload: {"cmd":"get_project_state"}
ZmqGateway: dispatching payload to JUCE message thread.
VitHeadlessService: processing queued command on JUCE message thread: {"cmd":"get_project_state"}
Command received: {"cmd":"get_project_state"}
Command executed: get_project_state, result: {
  "status": "ok",
  "project_path": "",
  "tracks": [
    {
      "track_id": "1002",
      "track_name": "Arranger",
      "track_type": "track",
      "is_audio_track": false,
      "is_audio": false,
      "plugins": [],
      "clips": []
    },
    {
      "track_id": "1003",
      "track_name": "Chord",
      "track_type": "track",
      "is_audio_track": false,
      "is_audio": false,
      "plugins": [],
      "clips": []
    },
    {
      "track_id": "1004",
      "track_name": "Marker",
      "track_type": "track",
      "is_audio_track": false,
      "is_audio": false,
      "plugins": [],
      "clips": []
    },
    {
      "track_id": "1005",
      "track_name": "Tempo",
      "track_type": "track",
      "is_audio_track": false,
      "is_audio": false,
      "plugins": [],
      "clips": []
    },
    {
      "track_id": "1006",
      "track_name": "Master",
      "track_type": "master",
      "is_audio_track": false,
      "is_audio": false,
      "plugins": [],
      "clips": []
    },
    {
      "track_id": "1007",
      "track_name": "Track 1",
      "track_type": "hybrid",
      "is_audio_track": true,
      "is_audio": true,
      "plugins": [
        {
          "id": "1008",
          "item_id": "1008",
          "name": "Volume & Pan Plugin",
          "type": "volume",
          "enabled": true
        },
        {
          "id": "1009",
          "item_id": "1009",
          "name": "Level Meter",
          "type": "level",
          "enabled": true
        }
      ],
      "clips": [
        {
          "id": "1010",
          "name": "New MIDI Clip",
          "clip_type": "midi",
          "start_seconds": 0.0,
          "end_seconds": 2.0,
          "length_seconds": 2.0,
          "offset_in_source_seconds": 0.0
        }
      ],
      "output_to_device_resolved": true,
      "output_device_enabled": true,
      "output_device_id": "out_b7a4b4c1",
      "output_routing_name": "(default audio output)"
    }
  ]
}
VitHeadlessService: command reply (truncated): {
  "status": "ok",
  "project_path": "",
  "tracks": [
    {
      "track_id": "1002",
      "track_name": "Arranger",
      "track_type": "track",
      "is_audio_track": false,
      "is_audio": false,
     
ZmqGateway: received command payload: {"cmd":"list_tracks"}
ZmqGateway: dispatching payload to JUCE message thread.
VitHeadlessService: processing queued command on JUCE message thread: {"cmd":"list_tracks"}
Command received: {"cmd":"list_tracks"}
Command executed: list_tracks, result: {
  "status": "ok",
  "message": "Track list fetched",
  "tracks": [
    {
      "track_id": "1002",
      "name": "Arranger",
      "track_type": "track",
      "is_audio": false,
      "is_audio_track": false,
      "vit_type": "",
      "vit_intent": "",
      "plugin_count": 0,
      "plugins": []
    },
    {
      "track_id": "1003",
      "name": "Chord",
      "track_type": "track",
      "is_audio": false,
      "is_audio_track": false,
      "vit_type": "",
      "vit_intent": "",
      "plugin_count": 0,
      "plugins": []
    },
    {
      "track_id": "1004",
      "name": "Marker",
      "track_type": "track",
      "is_audio": false,
      "is_audio_track": false,
      "vit_type": "",
      "vit_intent": "",
      "plugin_count": 0,
      "plugins": []
    },
    {
      "track_id": "1005",
      "name": "Tempo",
      "track_type": "track",
      "is_audio": false,
      "is_audio_track": false,
      "vit_type": "",
      "vit_intent": "",
      "plugin_count": 0,
      "plugins": []
    },
    {
      "track_id": "1006",
      "name": "Master",
      "track_type": "master",
      "is_audio": false,
      "is_audio_track": false,
      "vit_type": "",
      "vit_intent": "",
      "plugin_count": 0,
      "plugins": []
    },
    {
      "track_id": "1007",
      "name": "Track 1",
      "track_type": "hybrid",
      "is_audio": true,
      "is_audio_track": true,
      "vit_type": "",
      "vit_intent": "",
      "plugin_count": 2,
      "plugins": [
        {
          "name": "Volume & Pan Plugin",
          "type": "volume",
          "enabled": true
        },
        {
          "name": "Level Meter",
          "type": "level",
          "enabled": true
        }
      ]
    }
  ]
}
VitHeadlessService: command reply (truncated): {
  "status": "ok",
  "message": "Track list fetched",
  "tracks": [
    {
      "track_id": "1002",
      "name": "Arranger",
      "track_type": "track",
      "is_audio": false,
      "is_audio_track": false,
ZmqGateway: received command payload: {"clip_id":"1010","cmd":"get_midi_clip_data","command":"get_midi_clip_data","time_unit":"beats"}
ZmqGateway: dispatching payload to JUCE message thread.
VitHeadlessService: processing queued command on JUCE message thread: {"clip_id":"1010","cmd":"get_midi_clip_data","command":"get_midi_clip_data","time_unit":"beats"}
Command received: {"clip_id":"1010","cmd":"get_midi_clip_data","command":"get_midi_clip_data","time_unit":"beats"}
Command executed: get_midi_clip_data, result: {
  "status": "ok",
  "clip_id": "1010",
  "time_unit": "beats",
  "notes": []
}
VitHeadlessService: command reply (truncated): {
  "status": "ok",
  "clip_id": "1010",
  "time_unit": "beats",
  "notes": []
}
ZmqGateway: received command payload: {"clip_id":"1010","cmd":"get_midi_clip_notes","command":"get_midi_clip_notes","time_unit":"beats","track_id":"1007"}
ZmqGateway: dispatching payload to JUCE message thread.
VitHeadlessService: processing queued command on JUCE message thread: {"clip_id":"1010","cmd":"get_midi_clip_notes","command":"get_midi_clip_notes","time_unit":"beats","track_id":"1007"}
Command received: {"clip_id":"1010","cmd":"get_midi_clip_notes","command":"get_midi_clip_notes","time_unit":"beats","track_id":"1007"}
Command executed: get_midi_clip_notes, result: {
  "status": "ok",
  "message": "MIDI clip notes",
  "clip_id": "1010",
  "track_id": "1007",
  "time_unit": "beats",
  "notes": []
}
VitHeadlessService: command reply (truncated): {
  "status": "ok",
  "message": "MIDI clip notes",
  "clip_id": "1010",
  "track_id": "1007",
  "time_unit": "beats",
  "notes": []
}
ZmqGateway: received command payload: {"clip_id":"1010","cmd":"add_midi_notes","command":"add_midi_notes","notes":[{"id":"note_5022","length":1.0,"pitch":64,"start":2.0,"state":"solid","velocity":100}],"time_unit":"beats","track_id":"1007","track_index":0}
ZmqGateway: dispatching payload to JUCE message thread.
VitHeadlessService: processing queued command on JUCE message thread: {"clip_id":"1010","cmd":"add_midi_notes","command":"add_midi_notes","notes":[{"id":"note_5022","length":1.0,"pitch":64,"start":2.0,"state":"solid","velocity":100}],"time_unit":"beats","track_id":"1007","track_index":0}
Command received: {"clip_id":"1010","cmd":"add_midi_notes","command":"add_midi_notes","notes":[{"id":"note_5022","length":1.0,"pitch":64,"start":2.0,"state":"solid","velocity":100}],"time_unit":"beats","track_id":"1007","track_index":0}
Command executed: add_midi_notes, result: {
  "status": "ok",
  "message": "MIDI notes added",
  "clip_id": "1010",
  "track_id": "1007",
  "added_count": 1
}
VitHeadlessService: command reply (truncated): {
  "status": "ok",
  "message": "MIDI notes added",
  "clip_id": "1010",
  "track_id": "1007",
  "added_count": 1
}
ZmqGateway: received command payload: {"clip_id":"1010","cmd":"add_midi_notes","command":"add_midi_notes","notes":[{"id":"note_5640","length":1.0,"pitch":59,"start":2.25,"state":"solid","velocity":100}],"time_unit":"beats","track_id":"1007","track_index":0}
ZmqGateway: dispatching payload to JUCE message thread.
VitHeadlessService: processing queued command on JUCE message thread: {"clip_id":"1010","cmd":"add_midi_notes","command":"add_midi_notes","notes":[{"id":"note_5640","length":1.0,"pitch":59,"start":2.25,"state":"solid","velocity":100}],"time_unit":"beats","track_id":"1007","track_index":0}
Command received: {"clip_id":"1010","cmd":"add_midi_notes","command":"add_midi_notes","notes":[{"id":"note_5640","length":1.0,"pitch":59,"start":2.25,"state":"solid","velocity":100}],"time_unit":"beats","track_id":"1007","track_index":0}
Command executed: add_midi_notes, result: {
  "status": "ok",
  "message": "MIDI notes added",
  "clip_id": "1010",
  "track_id": "1007",
  "added_count": 1
}
VitHeadlessService: command reply (truncated): {
  "status": "ok",
  "message": "MIDI notes added",
  "clip_id": "1010",
  "track_id": "1007",
  "added_count": 1
}
ZmqGateway: received command payload: {"clip_id":"1010","cmd":"resize_clip","new_length":5.46728324890137,"new_length_seconds":2.73364162445068,"new_start":0.0,"new_start_seconds":0.0,"offset_in_source":0.0,"offset_in_source_seconds":0.0,"overlap_mode":"trim","time_unit":"beats","track_id":"1007"}
ZmqGateway: dispatching payload to JUCE message thread.
VitHeadlessService: processing queued command on JUCE message thread: {"clip_id":"1010","cmd":"resize_clip","new_length":5.46728324890137,"new_length_seconds":2.73364162445068,"new_start":0.0,"new_start_seconds":0.0,"offset_in_source":0.0,"offset_in_source_seconds":0.0,"overlap_mode":"trim","time_unit":"beats","track_id":"1007"}
Command received: {"clip_id":"1010","cmd":"resize_clip","new_length":5.46728324890137,"new_length_seconds":2.73364162445068,"new_start":0.0,"new_start_seconds":0.0,"offset_in_source":0.0,"offset_in_source_seconds":0.0,"overlap_mode":"trim","time_unit":"beats","track_id":"1007"}
Command executed: resize_clip, result: {
  "status": "ok",
  "message": "Clip resized",
  "clip_id": "1010",
  "track_id": "1007",
  "affected_track_id": "1007",
  "new_start_seconds": 0.0,
  "new_length_seconds": 2.733641624450685,
  "offset_in_source_seconds": 0.0,
  "overlap_mode": "trim",
  "created_clip_ids": [],
  "removed_clip_ids": [],
  "affected_clip_ids": []
}
VitHeadlessService: command reply (truncated): {
  "status": "ok",
  "message": "Clip resized",
  "clip_id": "1010",
  "track_id": "1007",
  "affected_track_id": "1007",
  "new_start_seconds": 0.0,
  "new_length_seconds": 2.733641624450685,
  "offset_in_sourc
ZmqGateway: received command payload: {"cmd":"get_project_state"}
ZmqGateway: dispatching payload to JUCE message thread.
VitHeadlessService: processing queued command on JUCE message thread: {"cmd":"get_project_state"}
Command received: {"cmd":"get_project_state"}
Command executed: get_project_state, result: {
  "status": "ok",
  "project_path": "",
  "tracks": [
    {
      "track_id": "1002",
      "track_name": "Arranger",
      "track_type": "track",
      "is_audio_track": false,
      "is_audio": false,
      "plugins": [],
      "clips": []
    },
    {
      "track_id": "1003",
      "track_name": "Chord",
      "track_type": "track",
      "is_audio_track": false,
      "is_audio": false,
      "plugins": [],
      "clips": []
    },
    {
      "track_id": "1004",
      "track_name": "Marker",
      "track_type": "track",
      "is_audio_track": false,
      "is_audio": false,
      "plugins": [],
      "clips": []
    },
    {
      "track_id": "1005",
      "track_name": "Tempo",
      "track_type": "track",
      "is_audio_track": false,
      "is_audio": false,
      "plugins": [],
      "clips": []
    },
    {
      "track_id": "1006",
      "track_name": "Master",
      "track_type": "master",
      "is_audio_track": false,
      "is_audio": false,
      "plugins": [],
      "clips": []
    },
    {
      "track_id": "1007",
      "track_name": "Track 1",
      "track_type": "hybrid",
      "is_audio_track": true,
      "is_audio": true,
      "plugins": [
        {
          "id": "1008",
          "item_id": "1008",
          "name": "Volume & Pan Plugin",
          "type": "volume",
          "enabled": true
        },
        {
          "id": "1009",
          "item_id": "1009",
          "name": "Level Meter",
          "type": "level",
          "enabled": true
        }
      ],
      "clips": [
        {
          "id": "1010",
          "name": "New MIDI Clip",
          "clip_type": "midi",
          "start_seconds": 0.0,
          "end_seconds": 2.733641624450685,
          "length_seconds": 2.733641624450685,
          "offset_in_source_seconds": 0.0
        }
      ],
      "output_to_device_resolved": true,
      "output_device_enabled": true,
      "output_device_id": "out_b7a4b4c1",
      "output_routing_name": "(default audio output)"
    }
  ]
}
VitHeadlessService: command reply (truncated): {
  "status": "ok",
  "project_path": "",
  "tracks": [
    {
      "track_id": "1002",
      "track_name": "Arranger",
      "track_type": "track",
      "is_audio_track": false,
      "is_audio": false,
     
ZmqGateway: received command payload: {"cmd":"list_tracks"}
ZmqGateway: dispatching payload to JUCE message thread.
VitHeadlessService: processing queued command on JUCE message thread: {"cmd":"list_tracks"}
Command received: {"cmd":"list_tracks"}
Command executed: list_tracks, result: {
  "status": "ok",
  "message": "Track list fetched",
  "tracks": [
    {
      "track_id": "1002",
      "name": "Arranger",
      "track_type": "track",
      "is_audio": false,
      "is_audio_track": false,
      "vit_type": "",
      "vit_intent": "",
      "plugin_count": 0,
      "plugins": []
    },
    {
      "track_id": "1003",
      "name": "Chord",
      "track_type": "track",
      "is_audio": false,
      "is_audio_track": false,
      "vit_type": "",
      "vit_intent": "",
      "plugin_count": 0,
      "plugins": []
    },
    {
      "track_id": "1004",
      "name": "Marker",
      "track_type": "track",
      "is_audio": false,
      "is_audio_track": false,
      "vit_type": "",
      "vit_intent": "",
      "plugin_count": 0,
      "plugins": []
    },
    {
      "track_id": "1005",
      "name": "Tempo",
      "track_type": "track",
      "is_audio": false,
      "is_audio_track": false,
      "vit_type": "",
      "vit_intent": "",
      "plugin_count": 0,
      "plugins": []
    },
    {
      "track_id": "1006",
      "name": "Master",
      "track_type": "master",
      "is_audio": false,
      "is_audio_track": false,
      "vit_type": "",
      "vit_intent": "",
      "plugin_count": 0,
      "plugins": []
    },
    {
      "track_id": "1007",
      "name": "Track 1",
      "track_type": "hybrid",
      "is_audio": true,
      "is_audio_track": true,
      "vit_type": "",
      "vit_intent": "",
      "plugin_count": 2,
      "plugins": [
        {
          "name": "Volume & Pan Plugin",
          "type": "volume",
          "enabled": true
        },
        {
          "name": "Level Meter",
          "type": "level",
          "enabled": true
        }
      ]
    }
  ]
}
VitHeadlessService: command reply (truncated): {
  "status": "ok",
  "message": "Track list fetched",
  "tracks": [
    {
      "track_id": "1002",
      "name": "Arranger",
      "track_type": "track",
      "is_audio": false,
      "is_audio_track": false,
ZmqGateway: received command payload: {"cmd":"get_recent_projects"}
ZmqGateway: dispatching payload to JUCE message thread.
VitHeadlessService: processing queued command on JUCE message thread: {"cmd":"get_recent_projects"}
Command received: {"cmd":"get_recent_projects"}
Command executed: get_recent_projects, result: {
  "status": "ok",
  "recent_projects": [
    "D:\\Godot\\project\\vit-daw-frontend\\4.4.3.vit",
    "D:\\Godot\\project\\vit-daw-frontend\\4.4.2.vit",
    "D:\\Godot\\project\\vit-daw-frontend\\4.4.1.vit",
    "D:\\Godot\\project\\vit-daw-frontend\\4.4.vit",
    "D:\\4.1.tracktionedit"
  ]
}
VitHeadlessService: command reply (truncated): {
  "status": "ok",
  "recent_projects": [
    "D:\\Godot\\project\\vit-daw-frontend\\4.4.3.vit",
    "D:\\Godot\\project\\vit-daw-frontend\\4.4.2.vit",
    "D:\\Godot\\project\\vit-daw-frontend\\4.4.1.vit",
    "D
ZmqGateway: received command payload: {"cmd":"new_project"}
ZmqGateway: dispatching payload to JUCE message thread.
VitHeadlessService: processing queued command on JUCE message thread: {"cmd":"new_project"}
Command received: {"cmd":"new_project"}
VitEngineDevice: audio IO ready for playback graph: "扬声器 (2- USB AUDIO  CODEC)" 48000.00 Hz, block 480 samples
Command executed: new_project, result: {
  "status": "ok",
  "message": "Blank project created"
}
VitHeadlessService: command reply (truncated): {
  "status": "ok",
  "message": "Blank project created"
}
ZmqGateway: received command payload: {"cmd":"ping"}
ZmqGateway: dispatching payload to JUCE message thread.
VitHeadlessService: processing queued command on JUCE message thread: {"cmd":"ping"}
Command received: {"cmd":"ping"}
CommandDispatcher: handled ping command.
Command executed: ping, result: {
  "status": "ok",
  "message": "pong"
}
VitHeadlessService: command reply (truncated): {
  "status": "ok",
  "message": "pong"
}
ZmqGateway: received command payload: {"cmd":"get_project_state"}
ZmqGateway: dispatching payload to JUCE message thread.
VitHeadlessService: processing queued command on JUCE message thread: {"cmd":"get_project_state"}
Command received: {"cmd":"get_project_state"}
Command executed: get_project_state, result: {
  "status": "ok",
  "project_path": "",
  "tracks": [
    {
      "track_id": "1002",
      "track_name": "Arranger",
      "track_type": "track",
      "is_audio_track": false,
      "is_audio": false,
      "plugins": [],
      "clips": []
    },
    {
      "track_id": "1003",
      "track_name": "Chord",
      "track_type": "track",
      "is_audio_track": false,
      "is_audio": false,
      "plugins": [],
      "clips": []
    },
    {
      "track_id": "1004",
      "track_name": "Marker",
      "track_type": "track",
      "is_audio_track": false,
      "is_audio": false,
      "plugins": [],
      "clips": []
    },
    {
      "track_id": "1005",
      "track_name": "Tempo",
      "track_type": "track",
      "is_audio_track": false,
      "is_audio": false,
      "plugins": [],
      "clips": []
    },
    {
      "track_id": "1006",
      "track_name": "Master",
      "track_type": "master",
      "is_audio_track": false,
      "is_audio": false,
      "plugins": [],
      "clips": []
    }
  ]
}
VitHeadlessService: command reply (truncated): {
  "status": "ok",
  "project_path": "",
  "tracks": [
    {
      "track_id": "1002",
      "track_name": "Arranger",
      "track_type": "track",
      "is_audio_track": false,
      "is_audio": false,
     
ZmqGateway: received command payload: {"cmd":"list_tracks"}
ZmqGateway: dispatching payload to JUCE message thread.
VitHeadlessService: processing queued command on JUCE message thread: {"cmd":"list_tracks"}
Command received: {"cmd":"list_tracks"}
Command executed: list_tracks, result: {
  "status": "ok",
  "message": "Track list fetched",
  "tracks": [
    {
      "track_id": "1002",
      "name": "Arranger",
      "track_type": "track",
      "is_audio": false,
      "is_audio_track": false,
      "vit_type": "",
      "vit_intent": "",
      "plugin_count": 0,
      "plugins": []
    },
    {
      "track_id": "1003",
      "name": "Chord",
      "track_type": "track",
      "is_audio": false,
      "is_audio_track": false,
      "vit_type": "",
      "vit_intent": "",
      "plugin_count": 0,
      "plugins": []
    },
    {
      "track_id": "1004",
      "name": "Marker",
      "track_type": "track",
      "is_audio": false,
      "is_audio_track": false,
      "vit_type": "",
      "vit_intent": "",
      "plugin_count": 0,
      "plugins": []
    },
    {
      "track_id": "1005",
      "name": "Tempo",
      "track_type": "track",
      "is_audio": false,
      "is_audio_track": false,
      "vit_type": "",
      "vit_intent": "",
      "plugin_count": 0,
      "plugins": []
    },
    {
      "track_id": "1006",
      "name": "Master",
      "track_type": "master",
      "is_audio": false,
      "is_audio_track": false,
      "vit_type": "",
      "vit_intent": "",
      "plugin_count": 0,
      "plugins": []
    }
  ]
}
VitHeadlessService: command reply (truncated): {
  "status": "ok",
  "message": "Track list fetched",
  "tracks": [
    {
      "track_id": "1002",
      "name": "Arranger",
      "track_type": "track",
      "is_audio": false,
      "is_audio_track": false,
ZmqGateway: received command payload: {"cmd":"list_tracks"}
ZmqGateway: dispatching payload to JUCE message thread.
VitHeadlessService: processing queued command on JUCE message thread: {"cmd":"list_tracks"}
Command received: {"cmd":"list_tracks"}
Command executed: list_tracks, result: {
  "status": "ok",
  "message": "Track list fetched",
  "tracks": [
    {
      "track_id": "1002",
      "name": "Arranger",
      "track_type": "track",
      "is_audio": false,
      "is_audio_track": false,
      "vit_type": "",
      "vit_intent": "",
      "plugin_count": 0,
      "plugins": []
    },
    {
      "track_id": "1003",
      "name": "Chord",
      "track_type": "track",
      "is_audio": false,
      "is_audio_track": false,
      "vit_type": "",
      "vit_intent": "",
      "plugin_count": 0,
      "plugins": []
    },
    {
      "track_id": "1004",
      "name": "Marker",
      "track_type": "track",
      "is_audio": false,
      "is_audio_track": false,
      "vit_type": "",
      "vit_intent": "",
      "plugin_count": 0,
      "plugins": []
    },
    {
      "track_id": "1005",
      "name": "Tempo",
      "track_type": "track",
      "is_audio": false,
      "is_audio_track": false,
      "vit_type": "",
      "vit_intent": "",
      "plugin_count": 0,
      "plugins": []
    },
    {
      "track_id": "1006",
      "name": "Master",
      "track_type": "master",
      "is_audio": false,
      "is_audio_track": false,
      "vit_type": "",
      "vit_intent": "",
      "plugin_count": 0,
      "plugins": []
    }
  ]
}
VitHeadlessService: command reply (truncated): {
  "status": "ok",
  "message": "Track list fetched",
  "tracks": [
    {
      "track_id": "1002",
      "name": "Arranger",
      "track_type": "track",
      "is_audio": false,
      "is_audio_track": false,
ZmqGateway: received command payload: {"cmd":"add_track","type":"hybrid"}
ZmqGateway: dispatching payload to JUCE message thread.
VitHeadlessService: processing queued command on JUCE message thread: {"cmd":"add_track","type":"hybrid"}
Command received: {"cmd":"add_track","type":"hybrid"}
VitHeadlessService: project saved to D:\Vit_DAW\VitApp\Workspace\default_project.xml
Command executed: add_track, result: {
  "status": "ok",
  "message": "Track added",
  "track_id": "1007",
  "track_name": "Track 1"
}
VitHeadlessService: command reply (truncated): {
  "status": "ok",
  "message": "Track added",
  "track_id": "1007",
  "track_name": "Track 1"
}
ZmqGateway: received command payload: {"cmd":"list_tracks"}
ZmqGateway: dispatching payload to JUCE message thread.
VitHeadlessService: processing queued command on JUCE message thread: {"cmd":"list_tracks"}
Command received: {"cmd":"list_tracks"}
Command executed: list_tracks, result: {
  "status": "ok",
  "message": "Track list fetched",
  "tracks": [
    {
      "track_id": "1002",
      "name": "Arranger",
      "track_type": "track",
      "is_audio": false,
      "is_audio_track": false,
      "vit_type": "",
      "vit_intent": "",
      "plugin_count": 0,
      "plugins": []
    },
    {
      "track_id": "1003",
      "name": "Chord",
      "track_type": "track",
      "is_audio": false,
      "is_audio_track": false,
      "vit_type": "",
      "vit_intent": "",
      "plugin_count": 0,
      "plugins": []
    },
    {
      "track_id": "1004",
      "name": "Marker",
      "track_type": "track",
      "is_audio": false,
      "is_audio_track": false,
      "vit_type": "",
      "vit_intent": "",
      "plugin_count": 0,
      "plugins": []
    },
    {
      "track_id": "1005",
      "name": "Tempo",
      "track_type": "track",
      "is_audio": false,
      "is_audio_track": false,
      "vit_type": "",
      "vit_intent": "",
      "plugin_count": 0,
      "plugins": []
    },
    {
      "track_id": "1006",
      "name": "Master",
      "track_type": "master",
      "is_audio": false,
      "is_audio_track": false,
      "vit_type": "",
      "vit_intent": "",
      "plugin_count": 0,
      "plugins": []
    },
    {
      "track_id": "1007",
      "name": "Track 1",
      "track_type": "hybrid",
      "is_audio": true,
      "is_audio_track": true,
      "vit_type": "",
      "vit_intent": "",
      "plugin_count": 2,
      "plugins": [
        {
          "name": "Volume & Pan Plugin",
          "type": "volume",
          "enabled": true
        },
        {
          "name": "Level Meter",
          "type": "level",
          "enabled": true
        }
      ]
    }
  ]
}
VitHeadlessService: command reply (truncated): {
  "status": "ok",
  "message": "Track list fetched",
  "tracks": [
    {
      "track_id": "1002",
      "name": "Arranger",
      "track_type": "track",
      "is_audio": false,
      "is_audio_track": false,
ZmqGateway: received command payload: {"cmd":"get_project_state"}
ZmqGateway: dispatching payload to JUCE message thread.
VitHeadlessService: processing queued command on JUCE message thread: {"cmd":"get_project_state"}
Command received: {"cmd":"get_project_state"}
Command executed: get_project_state, result: {
  "status": "ok",
  "project_path": "",
  "tracks": [
    {
      "track_id": "1002",
      "track_name": "Arranger",
      "track_type": "track",
      "is_audio_track": false,
      "is_audio": false,
      "plugins": [],
      "clips": []
    },
    {
      "track_id": "1003",
      "track_name": "Chord",
      "track_type": "track",
      "is_audio_track": false,
      "is_audio": false,
      "plugins": [],
      "clips": []
    },
    {
      "track_id": "1004",
      "track_name": "Marker",
      "track_type": "track",
      "is_audio_track": false,
      "is_audio": false,
      "plugins": [],
      "clips": []
    },
    {
      "track_id": "1005",
      "track_name": "Tempo",
      "track_type": "track",
      "is_audio_track": false,
      "is_audio": false,
      "plugins": [],
      "clips": []
    },
    {
      "track_id": "1006",
      "track_name": "Master",
      "track_type": "master",
      "is_audio_track": false,
      "is_audio": false,
      "plugins": [],
      "clips": []
    },
    {
      "track_id": "1007",
      "track_name": "Track 1",
      "track_type": "hybrid",
      "is_audio_track": true,
      "is_audio": true,
      "plugins": [
        {
          "id": "1008",
          "item_id": "1008",
          "name": "Volume & Pan Plugin",
          "type": "volume",
          "enabled": true
        },
        {
          "id": "1009",
          "item_id": "1009",
          "name": "Level Meter",
          "type": "level",
          "enabled": true
        }
      ],
      "clips": [],
      "output_to_device_resolved": true,
      "output_device_enabled": true,
      "output_device_id": "out_b7a4b4c1",
      "output_routing_name": "(default audio output)"
    }
  ]
}
VitHeadlessService: command reply (truncated): {
  "status": "ok",
  "project_path": "",
  "tracks": [
    {
      "track_id": "1002",
      "track_name": "Arranger",
      "track_type": "track",
      "is_audio_track": false,
      "is_audio": false,
     
ZmqGateway: received command payload: {"cmd":"list_tracks"}
ZmqGateway: dispatching payload to JUCE message thread.
VitHeadlessService: processing queued command on JUCE message thread: {"cmd":"list_tracks"}
Command received: {"cmd":"list_tracks"}
Command executed: list_tracks, result: {
  "status": "ok",
  "message": "Track list fetched",
  "tracks": [
    {
      "track_id": "1002",
      "name": "Arranger",
      "track_type": "track",
      "is_audio": false,
      "is_audio_track": false,
      "vit_type": "",
      "vit_intent": "",
      "plugin_count": 0,
      "plugins": []
    },
    {
      "track_id": "1003",
      "name": "Chord",
      "track_type": "track",
      "is_audio": false,
      "is_audio_track": false,
      "vit_type": "",
      "vit_intent": "",
      "plugin_count": 0,
      "plugins": []
    },
    {
      "track_id": "1004",
      "name": "Marker",
      "track_type": "track",
      "is_audio": false,
      "is_audio_track": false,
      "vit_type": "",
      "vit_intent": "",
      "plugin_count": 0,
      "plugins": []
    },
    {
      "track_id": "1005",
      "name": "Tempo",
      "track_type": "track",
      "is_audio": false,
      "is_audio_track": false,
      "vit_type": "",
      "vit_intent": "",
      "plugin_count": 0,
      "plugins": []
    },
    {
      "track_id": "1006",
      "name": "Master",
      "track_type": "master",
      "is_audio": false,
      "is_audio_track": false,
      "vit_type": "",
      "vit_intent": "",
      "plugin_count": 0,
      "plugins": []
    },
    {
      "track_id": "1007",
      "name": "Track 1",
      "track_type": "hybrid",
      "is_audio": true,
      "is_audio_track": true,
      "vit_type": "",
      "vit_intent": "",
      "plugin_count": 2,
      "plugins": [
        {
          "name": "Volume & Pan Plugin",
          "type": "volume",
          "enabled": true
        },
        {
          "name": "Level Meter",
          "type": "level",
          "enabled": true
        }
      ]
    }
  ]
}
VitHeadlessService: command reply (truncated): {
  "status": "ok",
  "message": "Track list fetched",
  "tracks": [
    {
      "track_id": "1002",
      "name": "Arranger",
      "track_type": "track",
      "is_audio": false,
      "is_audio_track": false,
ZmqGateway: received command payload: {"cmd":"insert_midi_clip","command":"insert_midi_clip","length":4.0,"start":0.0,"time_unit":"beats","track_id":"1007"}
ZmqGateway: dispatching payload to JUCE message thread.
VitHeadlessService: processing queued command on JUCE message thread: {"cmd":"insert_midi_clip","command":"insert_midi_clip","length":4.0,"start":0.0,"time_unit":"beats","track_id":"1007"}
Command received: {"cmd":"insert_midi_clip","command":"insert_midi_clip","length":4.0,"start":0.0,"time_unit":"beats","track_id":"1007"}
Command executed: insert_midi_clip, result: {
  "status": "ok",
  "message": "MIDI clip inserted",
  "clip_id": "1010",
  "track_id": "1007",
  "start_seconds": 0.0,
  "length_seconds": 2.0
}
VitHeadlessService: command reply (truncated): {
  "status": "ok",
  "message": "MIDI clip inserted",
  "clip_id": "1010",
  "track_id": "1007",
  "start_seconds": 0.0,
  "length_seconds": 2.0
}
ZmqGateway: received command payload: {"cmd":"get_project_state"}
ZmqGateway: dispatching payload to JUCE message thread.
VitHeadlessService: processing queued command on JUCE message thread: {"cmd":"get_project_state"}
Command received: {"cmd":"get_project_state"}
Command executed: get_project_state, result: {
  "status": "ok",
  "project_path": "",
  "tracks": [
    {
      "track_id": "1002",
      "track_name": "Arranger",
      "track_type": "track",
      "is_audio_track": false,
      "is_audio": false,
      "plugins": [],
      "clips": []
    },
    {
      "track_id": "1003",
      "track_name": "Chord",
      "track_type": "track",
      "is_audio_track": false,
      "is_audio": false,
      "plugins": [],
      "clips": []
    },
    {
      "track_id": "1004",
      "track_name": "Marker",
      "track_type": "track",
      "is_audio_track": false,
      "is_audio": false,
      "plugins": [],
      "clips": []
    },
    {
      "track_id": "1005",
      "track_name": "Tempo",
      "track_type": "track",
      "is_audio_track": false,
      "is_audio": false,
      "plugins": [],
      "clips": []
    },
    {
      "track_id": "1006",
      "track_name": "Master",
      "track_type": "master",
      "is_audio_track": false,
      "is_audio": false,
      "plugins": [],
      "clips": []
    },
    {
      "track_id": "1007",
      "track_name": "Track 1",
      "track_type": "hybrid",
      "is_audio_track": true,
      "is_audio": true,
      "plugins": [
        {
          "id": "1008",
          "item_id": "1008",
          "name": "Volume & Pan Plugin",
          "type": "volume",
          "enabled": true
        },
        {
          "id": "1009",
          "item_id": "1009",
          "name": "Level Meter",
          "type": "level",
          "enabled": true
        }
      ],
      "clips": [
        {
          "id": "1010",
          "name": "New MIDI Clip",
          "clip_type": "midi",
          "start_seconds": 0.0,
          "end_seconds": 2.0,
          "length_seconds": 2.0,
          "offset_in_source_seconds": 0.0
        }
      ],
      "output_to_device_resolved": true,
      "output_device_enabled": true,
      "output_device_id": "out_b7a4b4c1",
      "output_routing_name": "(default audio output)"
    }
  ]
}
VitHeadlessService: command reply (truncated): {
  "status": "ok",
  "project_path": "",
  "tracks": [
    {
      "track_id": "1002",
      "track_name": "Arranger",
      "track_type": "track",
      "is_audio_track": false,
      "is_audio": false,
     
ZmqGateway: received command payload: {"cmd":"list_tracks"}
ZmqGateway: dispatching payload to JUCE message thread.
VitHeadlessService: processing queued command on JUCE message thread: {"cmd":"list_tracks"}
Command received: {"cmd":"list_tracks"}
Command executed: list_tracks, result: {
  "status": "ok",
  "message": "Track list fetched",
  "tracks": [
    {
      "track_id": "1002",
      "name": "Arranger",
      "track_type": "track",
      "is_audio": false,
      "is_audio_track": false,
      "vit_type": "",
      "vit_intent": "",
      "plugin_count": 0,
      "plugins": []
    },
    {
      "track_id": "1003",
      "name": "Chord",
      "track_type": "track",
      "is_audio": false,
      "is_audio_track": false,
      "vit_type": "",
      "vit_intent": "",
      "plugin_count": 0,
      "plugins": []
    },
    {
      "track_id": "1004",
      "name": "Marker",
      "track_type": "track",
      "is_audio": false,
      "is_audio_track": false,
      "vit_type": "",
      "vit_intent": "",
      "plugin_count": 0,
      "plugins": []
    },
    {
      "track_id": "1005",
      "name": "Tempo",
      "track_type": "track",
      "is_audio": false,
      "is_audio_track": false,
      "vit_type": "",
      "vit_intent": "",
      "plugin_count": 0,
      "plugins": []
    },
    {
      "track_id": "1006",
      "name": "Master",
      "track_type": "master",
      "is_audio": false,
      "is_audio_track": false,
      "vit_type": "",
      "vit_intent": "",
      "plugin_count": 0,
      "plugins": []
    },
    {
      "track_id": "1007",
      "name": "Track 1",
      "track_type": "hybrid",
      "is_audio": true,
      "is_audio_track": true,
      "vit_type": "",
      "vit_intent": "",
      "plugin_count": 2,
      "plugins": [
        {
          "name": "Volume & Pan Plugin",
          "type": "volume",
          "enabled": true
        },
        {
          "name": "Level Meter",
          "type": "level",
          "enabled": true
        }
      ]
    }
  ]
}
VitHeadlessService: command reply (truncated): {
  "status": "ok",
  "message": "Track list fetched",
  "tracks": [
    {
      "track_id": "1002",
      "name": "Arranger",
      "track_type": "track",
      "is_audio": false,
      "is_audio_track": false,
ZmqGateway: received command payload: {"clip_id":"1010","cmd":"get_midi_clip_data","command":"get_midi_clip_data","time_unit":"beats"}
ZmqGateway: dispatching payload to JUCE message thread.
VitHeadlessService: processing queued command on JUCE message thread: {"clip_id":"1010","cmd":"get_midi_clip_data","command":"get_midi_clip_data","time_unit":"beats"}
Command received: {"clip_id":"1010","cmd":"get_midi_clip_data","command":"get_midi_clip_data","time_unit":"beats"}
Command executed: get_midi_clip_data, result: {
  "status": "ok",
  "clip_id": "1010",
  "time_unit": "beats",
  "notes": []
}
VitHeadlessService: command reply (truncated): {
  "status": "ok",
  "clip_id": "1010",
  "time_unit": "beats",
  "notes": []
}
ZmqGateway: received command payload: {"clip_id":"1010","cmd":"get_midi_clip_notes","command":"get_midi_clip_notes","time_unit":"beats","track_id":"1007"}
ZmqGateway: dispatching payload to JUCE message thread.
VitHeadlessService: processing queued command on JUCE message thread: {"clip_id":"1010","cmd":"get_midi_clip_notes","command":"get_midi_clip_notes","time_unit":"beats","track_id":"1007"}
Command received: {"clip_id":"1010","cmd":"get_midi_clip_notes","command":"get_midi_clip_notes","time_unit":"beats","track_id":"1007"}
Command executed: get_midi_clip_notes, result: {
  "status": "ok",
  "message": "MIDI clip notes",
  "clip_id": "1010",
  "track_id": "1007",
  "time_unit": "beats",
  "notes": []
}
VitHeadlessService: command reply (truncated): {
  "status": "ok",
  "message": "MIDI clip notes",
  "clip_id": "1010",
  "track_id": "1007",
  "time_unit": "beats",
  "notes": []
}
ZmqGateway: received command payload: {"clip_id":"1010","cmd":"add_midi_notes","command":"add_midi_notes","notes":[{"id":"note_4422","length":1.0,"pitch":72,"start":1.75,"state":"solid","velocity":100}],"time_unit":"beats","track_id":"1007","track_index":0}
ZmqGateway: dispatching payload to JUCE message thread.
VitHeadlessService: processing queued command on JUCE message thread: {"clip_id":"1010","cmd":"add_midi_notes","command":"add_midi_notes","notes":[{"id":"note_4422","length":1.0,"pitch":72,"start":1.75,"state":"solid","velocity":100}],"time_unit":"beats","track_id":"1007","track_index":0}
Command received: {"clip_id":"1010","cmd":"add_midi_notes","command":"add_midi_notes","notes":[{"id":"note_4422","length":1.0,"pitch":72,"start":1.75,"state":"solid","velocity":100}],"time_unit":"beats","track_id":"1007","track_index":0}
Command executed: add_midi_notes, result: {
  "status": "ok",
  "message": "MIDI notes added",
  "clip_id": "1010",
  "track_id": "1007",
  "added_count": 1
}
VitHeadlessService: command reply (truncated): {
  "status": "ok",
  "message": "MIDI notes added",
  "clip_id": "1010",
  "track_id": "1007",
  "added_count": 1
}
ZmqGateway: received command payload: {"clip_id":"1010","cmd":"add_midi_notes","command":"add_midi_notes","notes":[{"id":"note_4893","length":1.0,"pitch":66,"start":1.25,"state":"solid","velocity":100}],"time_unit":"beats","track_id":"1007","track_index":0}
ZmqGateway: dispatching payload to JUCE message thread.
VitHeadlessService: processing queued command on JUCE message thread: {"clip_id":"1010","cmd":"add_midi_notes","command":"add_midi_notes","notes":[{"id":"note_4893","length":1.0,"pitch":66,"start":1.25,"state":"solid","velocity":100}],"time_unit":"beats","track_id":"1007","track_index":0}
Command received: {"clip_id":"1010","cmd":"add_midi_notes","command":"add_midi_notes","notes":[{"id":"note_4893","length":1.0,"pitch":66,"start":1.25,"state":"solid","velocity":100}],"time_unit":"beats","track_id":"1007","track_index":0}
Command executed: add_midi_notes, result: {
  "status": "ok",
  "message": "MIDI notes added",
  "clip_id": "1010",
  "track_id": "1007",
  "added_count": 1
}
VitHeadlessService: command reply (truncated): {
  "status": "ok",
  "message": "MIDI notes added",
  "clip_id": "1010",
  "track_id": "1007",
  "added_count": 1
}
ZmqGateway: received command payload: {"clip_id":"1010","cmd":"get_midi_clip_data","command":"get_midi_clip_data","time_unit":"beats"}
ZmqGateway: dispatching payload to JUCE message thread.
VitHeadlessService: processing queued command on JUCE message thread: {"clip_id":"1010","cmd":"get_midi_clip_data","command":"get_midi_clip_data","time_unit":"beats"}
Command received: {"clip_id":"1010","cmd":"get_midi_clip_data","command":"get_midi_clip_data","time_unit":"beats"}
Command executed: get_midi_clip_data, result: {
  "status": "ok",
  "clip_id": "1010",
  "time_unit": "beats",
  "notes": [
    {
      "id": "note_4893",
      "start": 1.25,
      "length": 1.0,
      "pitch": 66,
      "velocity": 100
    },
    {
      "id": "note_4422",
      "start": 1.75,
      "length": 1.0,
      "pitch": 72,
      "velocity": 100
    }
  ]
}
VitHeadlessService: command reply (truncated): {
  "status": "ok",
  "clip_id": "1010",
  "time_unit": "beats",
  "notes": [
    {
      "id": "note_4893",
      "start": 1.25,
      "length": 1.0,
      "pitch": 66,
      "velocity": 100
    },
    {
  
ZmqGateway: received command payload: {"cmd":"get_recent_projects"}
ZmqGateway: dispatching payload to JUCE message thread.
VitHeadlessService: processing queued command on JUCE message thread: {"cmd":"get_recent_projects"}
Command received: {"cmd":"get_recent_projects"}
Command executed: get_recent_projects, result: {
  "status": "ok",
  "recent_projects": [
    "D:\\Godot\\project\\vit-daw-frontend\\4.4.3.vit",
    "D:\\Godot\\project\\vit-daw-frontend\\4.4.2.vit",
    "D:\\Godot\\project\\vit-daw-frontend\\4.4.1.vit",
    "D:\\Godot\\project\\vit-daw-frontend\\4.4.vit",
    "D:\\4.1.tracktionedit"
  ]
}
VitHeadlessService: command reply (truncated): {
  "status": "ok",
  "recent_projects": [
    "D:\\Godot\\project\\vit-daw-frontend\\4.4.3.vit",
    "D:\\Godot\\project\\vit-daw-frontend\\4.4.2.vit",
    "D:\\Godot\\project\\vit-daw-frontend\\4.4.1.vit",
    "D
ZmqGateway: received command payload: {"cmd":"new_project"}
ZmqGateway: dispatching payload to JUCE message thread.
VitHeadlessService: processing queued command on JUCE message thread: {"cmd":"new_project"}
Command received: {"cmd":"new_project"}
VitEngineDevice: audio IO ready for playback graph: "扬声器 (2- USB AUDIO  CODEC)" 48000.00 Hz, block 480 samples
Command executed: new_project, result: {
  "status": "ok",
  "message": "Blank project created"
}
VitHeadlessService: command reply (truncated): {
  "status": "ok",
  "message": "Blank project created"
}
ZmqGateway: received command payload: {"cmd":"ping"}
ZmqGateway: dispatching payload to JUCE message thread.
VitHeadlessService: processing queued command on JUCE message thread: {"cmd":"ping"}
Command received: {"cmd":"ping"}
CommandDispatcher: handled ping command.
Command executed: ping, result: {
  "status": "ok",
  "message": "pong"
}
VitHeadlessService: command reply (truncated): {
  "status": "ok",
  "message": "pong"
}
ZmqGateway: received command payload: {"cmd":"get_project_state"}
ZmqGateway: dispatching payload to JUCE message thread.
VitHeadlessService: processing queued command on JUCE message thread: {"cmd":"get_project_state"}
Command received: {"cmd":"get_project_state"}
Command executed: get_project_state, result: {
  "status": "ok",
  "project_path": "",
  "tracks": [
    {
      "track_id": "1002",
      "track_name": "Arranger",
      "track_type": "track",
      "is_audio_track": false,
      "is_audio": false,
      "plugins": [],
      "clips": []
    },
    {
      "track_id": "1003",
      "track_name": "Chord",
      "track_type": "track",
      "is_audio_track": false,
      "is_audio": false,
      "plugins": [],
      "clips": []
    },
    {
      "track_id": "1004",
      "track_name": "Marker",
      "track_type": "track",
      "is_audio_track": false,
      "is_audio": false,
      "plugins": [],
      "clips": []
    },
    {
      "track_id": "1005",
      "track_name": "Tempo",
      "track_type": "track",
      "is_audio_track": false,
      "is_audio": false,
      "plugins": [],
      "clips": []
    },
    {
      "track_id": "1006",
      "track_name": "Master",
      "track_type": "master",
      "is_audio_track": false,
      "is_audio": false,
      "plugins": [],
      "clips": []
    }
  ]
}
VitHeadlessService: command reply (truncated): {
  "status": "ok",
  "project_path": "",
  "tracks": [
    {
      "track_id": "1002",
      "track_name": "Arranger",
      "track_type": "track",
      "is_audio_track": false,
      "is_audio": false,
     
ZmqGateway: received command payload: {"cmd":"list_tracks"}
ZmqGateway: dispatching payload to JUCE message thread.
VitHeadlessService: processing queued command on JUCE message thread: {"cmd":"list_tracks"}
Command received: {"cmd":"list_tracks"}
Command executed: list_tracks, result: {
  "status": "ok",
  "message": "Track list fetched",
  "tracks": [
    {
      "track_id": "1002",
      "name": "Arranger",
      "track_type": "track",
      "is_audio": false,
      "is_audio_track": false,
      "vit_type": "",
      "vit_intent": "",
      "plugin_count": 0,
      "plugins": []
    },
    {
      "track_id": "1003",
      "name": "Chord",
      "track_type": "track",
      "is_audio": false,
      "is_audio_track": false,
      "vit_type": "",
      "vit_intent": "",
      "plugin_count": 0,
      "plugins": []
    },
    {
      "track_id": "1004",
      "name": "Marker",
      "track_type": "track",
      "is_audio": false,
      "is_audio_track": false,
      "vit_type": "",
      "vit_intent": "",
      "plugin_count": 0,
      "plugins": []
    },
    {
      "track_id": "1005",
      "name": "Tempo",
      "track_type": "track",
      "is_audio": false,
      "is_audio_track": false,
      "vit_type": "",
      "vit_intent": "",
      "plugin_count": 0,
      "plugins": []
    },
    {
      "track_id": "1006",
      "name": "Master",
      "track_type": "master",
      "is_audio": false,
      "is_audio_track": false,
      "vit_type": "",
      "vit_intent": "",
      "plugin_count": 0,
      "plugins": []
    }
  ]
}
VitHeadlessService: command reply (truncated): {
  "status": "ok",
  "message": "Track list fetched",
  "tracks": [
    {
      "track_id": "1002",
      "name": "Arranger",
      "track_type": "track",
      "is_audio": false,
      "is_audio_track": false,
ZmqGateway: received command payload: {"cmd":"list_tracks"}
ZmqGateway: dispatching payload to JUCE message thread.
VitHeadlessService: processing queued command on JUCE message thread: {"cmd":"list_tracks"}
Command received: {"cmd":"list_tracks"}
Command executed: list_tracks, result: {
  "status": "ok",
  "message": "Track list fetched",
  "tracks": [
    {
      "track_id": "1002",
      "name": "Arranger",
      "track_type": "track",
      "is_audio": false,
      "is_audio_track": false,
      "vit_type": "",
      "vit_intent": "",
      "plugin_count": 0,
      "plugins": []
    },
    {
      "track_id": "1003",
      "name": "Chord",
      "track_type": "track",
      "is_audio": false,
      "is_audio_track": false,
      "vit_type": "",
      "vit_intent": "",
      "plugin_count": 0,
      "plugins": []
    },
    {
      "track_id": "1004",
      "name": "Marker",
      "track_type": "track",
      "is_audio": false,
      "is_audio_track": false,
      "vit_type": "",
      "vit_intent": "",
      "plugin_count": 0,
      "plugins": []
    },
    {
      "track_id": "1005",
      "name": "Tempo",
      "track_type": "track",
      "is_audio": false,
      "is_audio_track": false,
      "vit_type": "",
      "vit_intent": "",
      "plugin_count": 0,
      "plugins": []
    },
    {
      "track_id": "1006",
      "name": "Master",
      "track_type": "master",
      "is_audio": false,
      "is_audio_track": false,
      "vit_type": "",
      "vit_intent": "",
      "plugin_count": 0,
      "plugins": []
    }
  ]
}
VitHeadlessService: command reply (truncated): {
  "status": "ok",
  "message": "Track list fetched",
  "tracks": [
    {
      "track_id": "1002",
      "name": "Arranger",
      "track_type": "track",
      "is_audio": false,
      "is_audio_track": false,
ZmqGateway: received command payload: {"cmd":"add_track","type":"hybrid"}
ZmqGateway: dispatching payload to JUCE message thread.
VitHeadlessService: processing queued command on JUCE message thread: {"cmd":"add_track","type":"hybrid"}
Command received: {"cmd":"add_track","type":"hybrid"}
VitHeadlessService: project saved to D:\Vit_DAW\VitApp\Workspace\default_project.xml
Command executed: add_track, result: {
  "status": "ok",
  "message": "Track added",
  "track_id": "1007",
  "track_name": "Track 1"
}
VitHeadlessService: command reply (truncated): {
  "status": "ok",
  "message": "Track added",
  "track_id": "1007",
  "track_name": "Track 1"
}
ZmqGateway: received command payload: {"cmd":"list_tracks"}
ZmqGateway: dispatching payload to JUCE message thread.
VitHeadlessService: processing queued command on JUCE message thread: {"cmd":"list_tracks"}
Command received: {"cmd":"list_tracks"}
Command executed: list_tracks, result: {
  "status": "ok",
  "message": "Track list fetched",
  "tracks": [
    {
      "track_id": "1002",
      "name": "Arranger",
      "track_type": "track",
      "is_audio": false,
      "is_audio_track": false,
      "vit_type": "",
      "vit_intent": "",
      "plugin_count": 0,
      "plugins": []
    },
    {
      "track_id": "1003",
      "name": "Chord",
      "track_type": "track",
      "is_audio": false,
      "is_audio_track": false,
      "vit_type": "",
      "vit_intent": "",
      "plugin_count": 0,
      "plugins": []
    },
    {
      "track_id": "1004",
      "name": "Marker",
      "track_type": "track",
      "is_audio": false,
      "is_audio_track": false,
      "vit_type": "",
      "vit_intent": "",
      "plugin_count": 0,
      "plugins": []
    },
    {
      "track_id": "1005",
      "name": "Tempo",
      "track_type": "track",
      "is_audio": false,
      "is_audio_track": false,
      "vit_type": "",
      "vit_intent": "",
      "plugin_count": 0,
      "plugins": []
    },
    {
      "track_id": "1006",
      "name": "Master",
      "track_type": "master",
      "is_audio": false,
      "is_audio_track": false,
      "vit_type": "",
      "vit_intent": "",
      "plugin_count": 0,
      "plugins": []
    },
    {
      "track_id": "1007",
      "name": "Track 1",
      "track_type": "hybrid",
      "is_audio": true,
      "is_audio_track": true,
      "vit_type": "",
      "vit_intent": "",
      "plugin_count": 2,
      "plugins": [
        {
          "name": "Volume & Pan Plugin",
          "type": "volume",
          "enabled": true
        },
        {
          "name": "Level Meter",
          "type": "level",
          "enabled": true
        }
      ]
    }
  ]
}
VitHeadlessService: command reply (truncated): {
  "status": "ok",
  "message": "Track list fetched",
  "tracks": [
    {
      "track_id": "1002",
      "name": "Arranger",
      "track_type": "track",
      "is_audio": false,
      "is_audio_track": false,
ZmqGateway: received command payload: {"cmd":"get_project_state"}
ZmqGateway: dispatching payload to JUCE message thread.
VitHeadlessService: processing queued command on JUCE message thread: {"cmd":"get_project_state"}
Command received: {"cmd":"get_project_state"}
Command executed: get_project_state, result: {
  "status": "ok",
  "project_path": "",
  "tracks": [
    {
      "track_id": "1002",
      "track_name": "Arranger",
      "track_type": "track",
      "is_audio_track": false,
      "is_audio": false,
      "plugins": [],
      "clips": []
    },
    {
      "track_id": "1003",
      "track_name": "Chord",
      "track_type": "track",
      "is_audio_track": false,
      "is_audio": false,
      "plugins": [],
      "clips": []
    },
    {
      "track_id": "1004",
      "track_name": "Marker",
      "track_type": "track",
      "is_audio_track": false,
      "is_audio": false,
      "plugins": [],
      "clips": []
    },
    {
      "track_id": "1005",
      "track_name": "Tempo",
      "track_type": "track",
      "is_audio_track": false,
      "is_audio": false,
      "plugins": [],
      "clips": []
    },
    {
      "track_id": "1006",
      "track_name": "Master",
      "track_type": "master",
      "is_audio_track": false,
      "is_audio": false,
      "plugins": [],
      "clips": []
    },
    {
      "track_id": "1007",
      "track_name": "Track 1",
      "track_type": "hybrid",
      "is_audio_track": true,
      "is_audio": true,
      "plugins": [
        {
          "id": "1008",
          "item_id": "1008",
          "name": "Volume & Pan Plugin",
          "type": "volume",
          "enabled": true
        },
        {
          "id": "1009",
          "item_id": "1009",
          "name": "Level Meter",
          "type": "level",
          "enabled": true
        }
      ],
      "clips": [],
      "output_to_device_resolved": true,
      "output_device_enabled": true,
      "output_device_id": "out_b7a4b4c1",
      "output_routing_name": "(default audio output)"
    }
  ]
}
VitHeadlessService: command reply (truncated): {
  "status": "ok",
  "project_path": "",
  "tracks": [
    {
      "track_id": "1002",
      "track_name": "Arranger",
      "track_type": "track",
      "is_audio_track": false,
      "is_audio": false,
     
ZmqGateway: received command payload: {"cmd":"list_tracks"}
ZmqGateway: dispatching payload to JUCE message thread.
VitHeadlessService: processing queued command on JUCE message thread: {"cmd":"list_tracks"}
Command received: {"cmd":"list_tracks"}
Command executed: list_tracks, result: {
  "status": "ok",
  "message": "Track list fetched",
  "tracks": [
    {
      "track_id": "1002",
      "name": "Arranger",
      "track_type": "track",
      "is_audio": false,
      "is_audio_track": false,
      "vit_type": "",
      "vit_intent": "",
      "plugin_count": 0,
      "plugins": []
    },
    {
      "track_id": "1003",
      "name": "Chord",
      "track_type": "track",
      "is_audio": false,
      "is_audio_track": false,
      "vit_type": "",
      "vit_intent": "",
      "plugin_count": 0,
      "plugins": []
    },
    {
      "track_id": "1004",
      "name": "Marker",
      "track_type": "track",
      "is_audio": false,
      "is_audio_track": false,
      "vit_type": "",
      "vit_intent": "",
      "plugin_count": 0,
      "plugins": []
    },
    {
      "track_id": "1005",
      "name": "Tempo",
      "track_type": "track",
      "is_audio": false,
      "is_audio_track": false,
      "vit_type": "",
      "vit_intent": "",
      "plugin_count": 0,
      "plugins": []
    },
    {
      "track_id": "1006",
      "name": "Master",
      "track_type": "master",
      "is_audio": false,
      "is_audio_track": false,
      "vit_type": "",
      "vit_intent": "",
      "plugin_count": 0,
      "plugins": []
    },
    {
      "track_id": "1007",
      "name": "Track 1",
      "track_type": "hybrid",
      "is_audio": true,
      "is_audio_track": true,
      "vit_type": "",
      "vit_intent": "",
      "plugin_count": 2,
      "plugins": [
        {
          "name": "Volume & Pan Plugin",
          "type": "volume",
          "enabled": true
        },
        {
          "name": "Level Meter",
          "type": "level",
          "enabled": true
        }
      ]
    }
  ]
}
VitHeadlessService: command reply (truncated): {
  "status": "ok",
  "message": "Track list fetched",
  "tracks": [
    {
      "track_id": "1002",
      "name": "Arranger",
      "track_type": "track",
      "is_audio": false,
      "is_audio_track": false,
ZmqGateway: received command payload: {"cmd":"insert_midi_clip","command":"insert_midi_clip","length":4.0,"start":0.0,"time_unit":"beats","track_id":"1007"}
ZmqGateway: dispatching payload to JUCE message thread.
VitHeadlessService: processing queued command on JUCE message thread: {"cmd":"insert_midi_clip","command":"insert_midi_clip","length":4.0,"start":0.0,"time_unit":"beats","track_id":"1007"}
Command received: {"cmd":"insert_midi_clip","command":"insert_midi_clip","length":4.0,"start":0.0,"time_unit":"beats","track_id":"1007"}
Command executed: insert_midi_clip, result: {
  "status": "ok",
  "message": "MIDI clip inserted",
  "clip_id": "1010",
  "track_id": "1007",
  "start_seconds": 0.0,
  "length_seconds": 2.0
}
VitHeadlessService: command reply (truncated): {
  "status": "ok",
  "message": "MIDI clip inserted",
  "clip_id": "1010",
  "track_id": "1007",
  "start_seconds": 0.0,
  "length_seconds": 2.0
}
ZmqGateway: received command payload: {"cmd":"get_project_state"}
ZmqGateway: dispatching payload to JUCE message thread.
VitHeadlessService: processing queued command on JUCE message thread: {"cmd":"get_project_state"}
Command received: {"cmd":"get_project_state"}
Command executed: get_project_state, result: {
  "status": "ok",
  "project_path": "",
  "tracks": [
    {
      "track_id": "1002",
      "track_name": "Arranger",
      "track_type": "track",
      "is_audio_track": false,
      "is_audio": false,
      "plugins": [],
      "clips": []
    },
    {
      "track_id": "1003",
      "track_name": "Chord",
      "track_type": "track",
      "is_audio_track": false,
      "is_audio": false,
      "plugins": [],
      "clips": []
    },
    {
      "track_id": "1004",
      "track_name": "Marker",
      "track_type": "track",
      "is_audio_track": false,
      "is_audio": false,
      "plugins": [],
      "clips": []
    },
    {
      "track_id": "1005",
      "track_name": "Tempo",
      "track_type": "track",
      "is_audio_track": false,
      "is_audio": false,
      "plugins": [],
      "clips": []
    },
    {
      "track_id": "1006",
      "track_name": "Master",
      "track_type": "master",
      "is_audio_track": false,
      "is_audio": false,
      "plugins": [],
      "clips": []
    },
    {
      "track_id": "1007",
      "track_name": "Track 1",
      "track_type": "hybrid",
      "is_audio_track": true,
      "is_audio": true,
      "plugins": [
        {
          "id": "1008",
          "item_id": "1008",
          "name": "Volume & Pan Plugin",
          "type": "volume",
          "enabled": true
        },
        {
          "id": "1009",
          "item_id": "1009",
          "name": "Level Meter",
          "type": "level",
          "enabled": true
        }
      ],
      "clips": [
        {
          "id": "1010",
          "name": "New MIDI Clip",
          "clip_type": "midi",
          "start_seconds": 0.0,
          "end_seconds": 2.0,
          "length_seconds": 2.0,
          "offset_in_source_seconds": 0.0
        }
      ],
      "output_to_device_resolved": true,
      "output_device_enabled": true,
      "output_device_id": "out_b7a4b4c1",
      "output_routing_name": "(default audio output)"
    }
  ]
}
VitHeadlessService: command reply (truncated): {
  "status": "ok",
  "project_path": "",
  "tracks": [
    {
      "track_id": "1002",
      "track_name": "Arranger",
      "track_type": "track",
      "is_audio_track": false,
      "is_audio": false,
     
ZmqGateway: received command payload: {"cmd":"list_tracks"}
ZmqGateway: dispatching payload to JUCE message thread.
VitHeadlessService: processing queued command on JUCE message thread: {"cmd":"list_tracks"}
Command received: {"cmd":"list_tracks"}
Command executed: list_tracks, result: {
  "status": "ok",
  "message": "Track list fetched",
  "tracks": [
    {
      "track_id": "1002",
      "name": "Arranger",
      "track_type": "track",
      "is_audio": false,
      "is_audio_track": false,
      "vit_type": "",
      "vit_intent": "",
      "plugin_count": 0,
      "plugins": []
    },
    {
      "track_id": "1003",
      "name": "Chord",
      "track_type": "track",
      "is_audio": false,
      "is_audio_track": false,
      "vit_type": "",
      "vit_intent": "",
      "plugin_count": 0,
      "plugins": []
    },
    {
      "track_id": "1004",
      "name": "Marker",
      "track_type": "track",
      "is_audio": false,
      "is_audio_track": false,
      "vit_type": "",
      "vit_intent": "",
      "plugin_count": 0,
      "plugins": []
    },
    {
      "track_id": "1005",
      "name": "Tempo",
      "track_type": "track",
      "is_audio": false,
      "is_audio_track": false,
      "vit_type": "",
      "vit_intent": "",
      "plugin_count": 0,
      "plugins": []
    },
    {
      "track_id": "1006",
      "name": "Master",
      "track_type": "master",
      "is_audio": false,
      "is_audio_track": false,
      "vit_type": "",
      "vit_intent": "",
      "plugin_count": 0,
      "plugins": []
    },
    {
      "track_id": "1007",
      "name": "Track 1",
      "track_type": "hybrid",
      "is_audio": true,
      "is_audio_track": true,
      "vit_type": "",
      "vit_intent": "",
      "plugin_count": 2,
      "plugins": [
        {
          "name": "Volume & Pan Plugin",
          "type": "volume",
          "enabled": true
        },
        {
          "name": "Level Meter",
          "type": "level",
          "enabled": true
        }
      ]
    }
  ]
}
VitHeadlessService: command reply (truncated): {
  "status": "ok",
  "message": "Track list fetched",
  "tracks": [
    {
      "track_id": "1002",
      "name": "Arranger",
      "track_type": "track",
      "is_audio": false,
      "is_audio_track": false,
ZmqGateway: received command payload: {"clip_id":"1010","cmd":"get_midi_clip_data","command":"get_midi_clip_data","time_unit":"beats"}
ZmqGateway: dispatching payload to JUCE message thread.
VitHeadlessService: processing queued command on JUCE message thread: {"clip_id":"1010","cmd":"get_midi_clip_data","command":"get_midi_clip_data","time_unit":"beats"}
Command received: {"clip_id":"1010","cmd":"get_midi_clip_data","command":"get_midi_clip_data","time_unit":"beats"}
Command executed: get_midi_clip_data, result: {
  "status": "ok",
  "clip_id": "1010",
  "time_unit": "beats",
  "notes": []
}
VitHeadlessService: command reply (truncated): {
  "status": "ok",
  "clip_id": "1010",
  "time_unit": "beats",
  "notes": []
}
ZmqGateway: received command payload: {"clip_id":"1010","cmd":"get_midi_clip_notes","command":"get_midi_clip_notes","time_unit":"beats","track_id":"1007"}
ZmqGateway: dispatching payload to JUCE message thread.
VitHeadlessService: processing queued command on JUCE message thread: {"clip_id":"1010","cmd":"get_midi_clip_notes","command":"get_midi_clip_notes","time_unit":"beats","track_id":"1007"}
Command received: {"clip_id":"1010","cmd":"get_midi_clip_notes","command":"get_midi_clip_notes","time_unit":"beats","track_id":"1007"}
Command executed: get_midi_clip_notes, result: {
  "status": "ok",
  "message": "MIDI clip notes",
  "clip_id": "1010",
  "track_id": "1007",
  "time_unit": "beats",
  "notes": []
}
VitHeadlessService: command reply (truncated): {
  "status": "ok",
  "message": "MIDI clip notes",
  "clip_id": "1010",
  "track_id": "1007",
  "time_unit": "beats",
  "notes": []
}
ZmqGateway: received command payload: {"clip_id":"1010","cmd":"add_midi_notes","command":"add_midi_notes","notes":[{"id":"note_6346","length":1.0,"pitch":69,"start":1.0,"state":"solid","velocity":100}],"time_unit":"beats","track_id":"1007","track_index":0}
ZmqGateway: dispatching payload to JUCE message thread.
VitHeadlessService: processing queued command on JUCE message thread: {"clip_id":"1010","cmd":"add_midi_notes","command":"add_midi_notes","notes":[{"id":"note_6346","length":1.0,"pitch":69,"start":1.0,"state":"solid","velocity":100}],"time_unit":"beats","track_id":"1007","track_index":0}
Command received: {"clip_id":"1010","cmd":"add_midi_notes","command":"add_midi_notes","notes":[{"id":"note_6346","length":1.0,"pitch":69,"start":1.0,"state":"solid","velocity":100}],"time_unit":"beats","track_id":"1007","track_index":0}
Command executed: add_midi_notes, result: {
  "status": "ok",
  "message": "MIDI notes added",
  "clip_id": "1010",
  "track_id": "1007",
  "added_count": 1
}
VitHeadlessService: command reply (truncated): {
  "status": "ok",
  "message": "MIDI notes added",
  "clip_id": "1010",
  "track_id": "1007",
  "added_count": 1
}
ZmqGateway: received command payload: {"clip_id":"1010","cmd":"add_midi_notes","command":"add_midi_notes","notes":[{"id":"note_7288","length":1.0,"pitch":63,"start":2.75,"state":"solid","velocity":100}],"time_unit":"beats","track_id":"1007","track_index":0}
ZmqGateway: dispatching payload to JUCE message thread.
VitHeadlessService: processing queued command on JUCE message thread: {"clip_id":"1010","cmd":"add_midi_notes","command":"add_midi_notes","notes":[{"id":"note_7288","length":1.0,"pitch":63,"start":2.75,"state":"solid","velocity":100}],"time_unit":"beats","track_id":"1007","track_index":0}
Command received: {"clip_id":"1010","cmd":"add_midi_notes","command":"add_midi_notes","notes":[{"id":"note_7288","length":1.0,"pitch":63,"start":2.75,"state":"solid","velocity":100}],"time_unit":"beats","track_id":"1007","track_index":0}
Command executed: add_midi_notes, result: {
  "status": "ok",
  "message": "MIDI notes added",
  "clip_id": "1010",
  "track_id": "1007",
  "added_count": 1
}
VitHeadlessService: command reply (truncated): {
  "status": "ok",
  "message": "MIDI notes added",
  "clip_id": "1010",
  "track_id": "1007",
  "added_count": 1
}
ZmqGateway: received command payload: {"clip_id":"1010","cmd":"add_midi_notes","command":"add_midi_notes","notes":[{"id":"note_8246","length":1.0,"pitch":66,"start":3.25,"state":"solid","velocity":100}],"time_unit":"beats","track_id":"1007","track_index":0}
ZmqGateway: dispatching payload to JUCE message thread.
VitHeadlessService: processing queued command on JUCE message thread: {"clip_id":"1010","cmd":"add_midi_notes","command":"add_midi_notes","notes":[{"id":"note_8246","length":1.0,"pitch":66,"start":3.25,"state":"solid","velocity":100}],"time_unit":"beats","track_id":"1007","track_index":0}
Command received: {"clip_id":"1010","cmd":"add_midi_notes","command":"add_midi_notes","notes":[{"id":"note_8246","length":1.0,"pitch":66,"start":3.25,"state":"solid","velocity":100}],"time_unit":"beats","track_id":"1007","track_index":0}
Command executed: add_midi_notes, result: {
  "status": "ok",
  "message": "MIDI notes added",
  "clip_id": "1010",
  "track_id": "1007",
  "added_count": 1
}
VitHeadlessService: command reply (truncated): {
  "status": "ok",
  "message": "MIDI notes added",
  "clip_id": "1010",
  "track_id": "1007",
  "added_count": 1
}
ZmqGateway: received command payload: {"clip_id":"1010","cmd":"add_midi_notes","command":"add_midi_notes","notes":[{"id":"note_9076","length":1.0,"pitch":62,"start":1.5,"state":"solid","velocity":100}],"time_unit":"beats","track_id":"1007","track_index":0}
ZmqGateway: dispatching payload to JUCE message thread.
VitHeadlessService: processing queued command on JUCE message thread: {"clip_id":"1010","cmd":"add_midi_notes","command":"add_midi_notes","notes":[{"id":"note_9076","length":1.0,"pitch":62,"start":1.5,"state":"solid","velocity":100}],"time_unit":"beats","track_id":"1007","track_index":0}
Command received: {"clip_id":"1010","cmd":"add_midi_notes","command":"add_midi_notes","notes":[{"id":"note_9076","length":1.0,"pitch":62,"start":1.5,"state":"solid","velocity":100}],"time_unit":"beats","track_id":"1007","track_index":0}
Command executed: add_midi_notes, result: {
  "status": "ok",
  "message": "MIDI notes added",
  "clip_id": "1010",
  "track_id": "1007",
  "added_count": 1
}
VitHeadlessService: command reply (truncated): {
  "status": "ok",
  "message": "MIDI notes added",
  "clip_id": "1010",
  "track_id": "1007",
  "added_count": 1
}
ZmqGateway: received command payload: {"clip_id":"1010","cmd":"get_midi_clip_data","command":"get_midi_clip_data","time_unit":"beats"}
ZmqGateway: dispatching payload to JUCE message thread.
VitHeadlessService: processing queued command on JUCE message thread: {"clip_id":"1010","cmd":"get_midi_clip_data","command":"get_midi_clip_data","time_unit":"beats"}
Command received: {"clip_id":"1010","cmd":"get_midi_clip_data","command":"get_midi_clip_data","time_unit":"beats"}
Command executed: get_midi_clip_data, result: {
  "status": "ok",
  "clip_id": "1010",
  "time_unit": "beats",
  "notes": [
    {
      "id": "note_6346",
      "start": 1.0,
      "length": 1.0,
      "pitch": 69,
      "velocity": 100
    },
    {
      "id": "note_9076",
      "start": 1.5,
      "length": 1.0,
      "pitch": 62,
      "velocity": 100
    },
    {
      "id": "note_7288",
      "start": 2.75,
      "length": 1.0,
      "pitch": 63,
      "velocity": 100
    },
    {
      "id": "note_8246",
      "start": 3.25,
      "length": 1.0,
      "pitch": 66,
      "velocity": 100
    }
  ]
}
VitHeadlessService: command reply (truncated): {
  "status": "ok",
  "clip_id": "1010",
  "time_unit": "beats",
  "notes": [
    {
      "id": "note_6346",
      "start": 1.0,
      "length": 1.0,
      "pitch": 69,
      "velocity": 100
    },
    {
   
ZmqGateway: received command payload: {"cmd":"get_recent_projects"}
ZmqGateway: dispatching payload to JUCE message thread.
VitHeadlessService: processing queued command on JUCE message thread: {"cmd":"get_recent_projects"}
Command received: {"cmd":"get_recent_projects"}
Command executed: get_recent_projects, result: {
  "status": "ok",
  "recent_projects": [
    "D:\\Godot\\project\\vit-daw-frontend\\4.4.3.vit",
    "D:\\Godot\\project\\vit-daw-frontend\\4.4.2.vit",
    "D:\\Godot\\project\\vit-daw-frontend\\4.4.1.vit",
    "D:\\Godot\\project\\vit-daw-frontend\\4.4.vit",
    "D:\\4.1.tracktionedit"
  ]
}
VitHeadlessService: command reply (truncated): {
  "status": "ok",
  "recent_projects": [
    "D:\\Godot\\project\\vit-daw-frontend\\4.4.3.vit",
    "D:\\Godot\\project\\vit-daw-frontend\\4.4.2.vit",
    "D:\\Godot\\project\\vit-daw-frontend\\4.4.1.vit",
    "D
ZmqGateway: received command payload: {"cmd":"new_project"}
ZmqGateway: dispatching payload to JUCE message thread.
VitHeadlessService: processing queued command on JUCE message thread: {"cmd":"new_project"}
Command received: {"cmd":"new_project"}
VitEngineDevice: audio IO ready for playback graph: "扬声器 (2- USB AUDIO  CODEC)" 48000.00 Hz, block 480 samples
Command executed: new_project, result: {
  "status": "ok",
  "message": "Blank project created"
}
VitHeadlessService: command reply (truncated): {
  "status": "ok",
  "message": "Blank project created"
}
ZmqGateway: received command payload: {"cmd":"ping"}
ZmqGateway: dispatching payload to JUCE message thread.
VitHeadlessService: processing queued command on JUCE message thread: {"cmd":"ping"}
Command received: {"cmd":"ping"}
CommandDispatcher: handled ping command.
Command executed: ping, result: {
  "status": "ok",
  "message": "pong"
}
VitHeadlessService: command reply (truncated): {
  "status": "ok",
  "message": "pong"
}
ZmqGateway: received command payload: {"cmd":"get_project_state"}
ZmqGateway: dispatching payload to JUCE message thread.
VitHeadlessService: processing queued command on JUCE message thread: {"cmd":"get_project_state"}
Command received: {"cmd":"get_project_state"}
Command executed: get_project_state, result: {
  "status": "ok",
  "project_path": "",
  "tracks": [
    {
      "track_id": "1002",
      "track_name": "Arranger",
      "track_type": "track",
      "is_audio_track": false,
      "is_audio": false,
      "plugins": [],
      "clips": []
    },
    {
      "track_id": "1003",
      "track_name": "Chord",
      "track_type": "track",
      "is_audio_track": false,
      "is_audio": false,
      "plugins": [],
      "clips": []
    },
    {
      "track_id": "1004",
      "track_name": "Marker",
      "track_type": "track",
      "is_audio_track": false,
      "is_audio": false,
      "plugins": [],
      "clips": []
    },
    {
      "track_id": "1005",
      "track_name": "Tempo",
      "track_type": "track",
      "is_audio_track": false,
      "is_audio": false,
      "plugins": [],
      "clips": []
    },
    {
      "track_id": "1006",
      "track_name": "Master",
      "track_type": "master",
      "is_audio_track": false,
      "is_audio": false,
      "plugins": [],
      "clips": []
    }
  ]
}
VitHeadlessService: command reply (truncated): {
  "status": "ok",
  "project_path": "",
  "tracks": [
    {
      "track_id": "1002",
      "track_name": "Arranger",
      "track_type": "track",
      "is_audio_track": false,
      "is_audio": false,
     
ZmqGateway: received command payload: {"cmd":"list_tracks"}
ZmqGateway: dispatching payload to JUCE message thread.
VitHeadlessService: processing queued command on JUCE message thread: {"cmd":"list_tracks"}
Command received: {"cmd":"list_tracks"}
Command executed: list_tracks, result: {
  "status": "ok",
  "message": "Track list fetched",
  "tracks": [
    {
      "track_id": "1002",
      "name": "Arranger",
      "track_type": "track",
      "is_audio": false,
      "is_audio_track": false,
      "vit_type": "",
      "vit_intent": "",
      "plugin_count": 0,
      "plugins": []
    },
    {
      "track_id": "1003",
      "name": "Chord",
      "track_type": "track",
      "is_audio": false,
      "is_audio_track": false,
      "vit_type": "",
      "vit_intent": "",
      "plugin_count": 0,
      "plugins": []
    },
    {
      "track_id": "1004",
      "name": "Marker",
      "track_type": "track",
      "is_audio": false,
      "is_audio_track": false,
      "vit_type": "",
      "vit_intent": "",
      "plugin_count": 0,
      "plugins": []
    },
    {
      "track_id": "1005",
      "name": "Tempo",
      "track_type": "track",
      "is_audio": false,
      "is_audio_track": false,
      "vit_type": "",
      "vit_intent": "",
      "plugin_count": 0,
      "plugins": []
    },
    {
      "track_id": "1006",
      "name": "Master",
      "track_type": "master",
      "is_audio": false,
      "is_audio_track": false,
      "vit_type": "",
      "vit_intent": "",
      "plugin_count": 0,
      "plugins": []
    }
  ]
}
VitHeadlessService: command reply (truncated): {
  "status": "ok",
  "message": "Track list fetched",
  "tracks": [
    {
      "track_id": "1002",
      "name": "Arranger",
      "track_type": "track",
      "is_audio": false,
      "is_audio_track": false,
ZmqGateway: received command payload: {"cmd":"list_tracks"}
ZmqGateway: dispatching payload to JUCE message thread.
VitHeadlessService: processing queued command on JUCE message thread: {"cmd":"list_tracks"}
Command received: {"cmd":"list_tracks"}
Command executed: list_tracks, result: {
  "status": "ok",
  "message": "Track list fetched",
  "tracks": [
    {
      "track_id": "1002",
      "name": "Arranger",
      "track_type": "track",
      "is_audio": false,
      "is_audio_track": false,
      "vit_type": "",
      "vit_intent": "",
      "plugin_count": 0,
      "plugins": []
    },
    {
      "track_id": "1003",
      "name": "Chord",
      "track_type": "track",
      "is_audio": false,
      "is_audio_track": false,
      "vit_type": "",
      "vit_intent": "",
      "plugin_count": 0,
      "plugins": []
    },
    {
      "track_id": "1004",
      "name": "Marker",
      "track_type": "track",
      "is_audio": false,
      "is_audio_track": false,
      "vit_type": "",
      "vit_intent": "",
      "plugin_count": 0,
      "plugins": []
    },
    {
      "track_id": "1005",
      "name": "Tempo",
      "track_type": "track",
      "is_audio": false,
      "is_audio_track": false,
      "vit_type": "",
      "vit_intent": "",
      "plugin_count": 0,
      "plugins": []
    },
    {
      "track_id": "1006",
      "name": "Master",
      "track_type": "master",
      "is_audio": false,
      "is_audio_track": false,
      "vit_type": "",
      "vit_intent": "",
      "plugin_count": 0,
      "plugins": []
    }
  ]
}
VitHeadlessService: command reply (truncated): {
  "status": "ok",
  "message": "Track list fetched",
  "tracks": [
    {
      "track_id": "1002",
      "name": "Arranger",
      "track_type": "track",
      "is_audio": false,
      "is_audio_track": false,
ZmqGateway: received command payload: {"cmd":"add_track","type":"hybrid"}
ZmqGateway: dispatching payload to JUCE message thread.
VitHeadlessService: processing queued command on JUCE message thread: {"cmd":"add_track","type":"hybrid"}
Command received: {"cmd":"add_track","type":"hybrid"}
VitHeadlessService: project saved to D:\Vit_DAW\VitApp\Workspace\default_project.xml
Command executed: add_track, result: {
  "status": "ok",
  "message": "Track added",
  "track_id": "1007",
  "track_name": "Track 1"
}
VitHeadlessService: command reply (truncated): {
  "status": "ok",
  "message": "Track added",
  "track_id": "1007",
  "track_name": "Track 1"
}
ZmqGateway: received command payload: {"cmd":"list_tracks"}
ZmqGateway: dispatching payload to JUCE message thread.
VitHeadlessService: processing queued command on JUCE message thread: {"cmd":"list_tracks"}
Command received: {"cmd":"list_tracks"}
Command executed: list_tracks, result: {
  "status": "ok",
  "message": "Track list fetched",
  "tracks": [
    {
      "track_id": "1002",
      "name": "Arranger",
      "track_type": "track",
      "is_audio": false,
      "is_audio_track": false,
      "vit_type": "",
      "vit_intent": "",
      "plugin_count": 0,
      "plugins": []
    },
    {
      "track_id": "1003",
      "name": "Chord",
      "track_type": "track",
      "is_audio": false,
      "is_audio_track": false,
      "vit_type": "",
      "vit_intent": "",
      "plugin_count": 0,
      "plugins": []
    },
    {
      "track_id": "1004",
      "name": "Marker",
      "track_type": "track",
      "is_audio": false,
      "is_audio_track": false,
      "vit_type": "",
      "vit_intent": "",
      "plugin_count": 0,
      "plugins": []
    },
    {
      "track_id": "1005",
      "name": "Tempo",
      "track_type": "track",
      "is_audio": false,
      "is_audio_track": false,
      "vit_type": "",
      "vit_intent": "",
      "plugin_count": 0,
      "plugins": []
    },
    {
      "track_id": "1006",
      "name": "Master",
      "track_type": "master",
      "is_audio": false,
      "is_audio_track": false,
      "vit_type": "",
      "vit_intent": "",
      "plugin_count": 0,
      "plugins": []
    },
    {
      "track_id": "1007",
      "name": "Track 1",
      "track_type": "hybrid",
      "is_audio": true,
      "is_audio_track": true,
      "vit_type": "",
      "vit_intent": "",
      "plugin_count": 2,
      "plugins": [
        {
          "name": "Volume & Pan Plugin",
          "type": "volume",
          "enabled": true
        },
        {
          "name": "Level Meter",
          "type": "level",
          "enabled": true
        }
      ]
    }
  ]
}
VitHeadlessService: command reply (truncated): {
  "status": "ok",
  "message": "Track list fetched",
  "tracks": [
    {
      "track_id": "1002",
      "name": "Arranger",
      "track_type": "track",
      "is_audio": false,
      "is_audio_track": false,
ZmqGateway: received command payload: {"cmd":"get_project_state"}
ZmqGateway: dispatching payload to JUCE message thread.
VitHeadlessService: processing queued command on JUCE message thread: {"cmd":"get_project_state"}
Command received: {"cmd":"get_project_state"}
Command executed: get_project_state, result: {
  "status": "ok",
  "project_path": "",
  "tracks": [
    {
      "track_id": "1002",
      "track_name": "Arranger",
      "track_type": "track",
      "is_audio_track": false,
      "is_audio": false,
      "plugins": [],
      "clips": []
    },
    {
      "track_id": "1003",
      "track_name": "Chord",
      "track_type": "track",
      "is_audio_track": false,
      "is_audio": false,
      "plugins": [],
      "clips": []
    },
    {
      "track_id": "1004",
      "track_name": "Marker",
      "track_type": "track",
      "is_audio_track": false,
      "is_audio": false,
      "plugins": [],
      "clips": []
    },
    {
      "track_id": "1005",
      "track_name": "Tempo",
      "track_type": "track",
      "is_audio_track": false,
      "is_audio": false,
      "plugins": [],
      "clips": []
    },
    {
      "track_id": "1006",
      "track_name": "Master",
      "track_type": "master",
      "is_audio_track": false,
      "is_audio": false,
      "plugins": [],
      "clips": []
    },
    {
      "track_id": "1007",
      "track_name": "Track 1",
      "track_type": "hybrid",
      "is_audio_track": true,
      "is_audio": true,
      "plugins": [
        {
          "id": "1008",
          "item_id": "1008",
          "name": "Volume & Pan Plugin",
          "type": "volume",
          "enabled": true
        },
        {
          "id": "1009",
          "item_id": "1009",
          "name": "Level Meter",
          "type": "level",
          "enabled": true
        }
      ],
      "clips": [],
      "output_to_device_resolved": true,
      "output_device_enabled": true,
      "output_device_id": "out_b7a4b4c1",
      "output_routing_name": "(default audio output)"
    }
  ]
}
VitHeadlessService: command reply (truncated): {
  "status": "ok",
  "project_path": "",
  "tracks": [
    {
      "track_id": "1002",
      "track_name": "Arranger",
      "track_type": "track",
      "is_audio_track": false,
      "is_audio": false,
     
ZmqGateway: received command payload: {"cmd":"list_tracks"}
ZmqGateway: dispatching payload to JUCE message thread.
VitHeadlessService: processing queued command on JUCE message thread: {"cmd":"list_tracks"}
Command received: {"cmd":"list_tracks"}
Command executed: list_tracks, result: {
  "status": "ok",
  "message": "Track list fetched",
  "tracks": [
    {
      "track_id": "1002",
      "name": "Arranger",
      "track_type": "track",
      "is_audio": false,
      "is_audio_track": false,
      "vit_type": "",
      "vit_intent": "",
      "plugin_count": 0,
      "plugins": []
    },
    {
      "track_id": "1003",
      "name": "Chord",
      "track_type": "track",
      "is_audio": false,
      "is_audio_track": false,
      "vit_type": "",
      "vit_intent": "",
      "plugin_count": 0,
      "plugins": []
    },
    {
      "track_id": "1004",
      "name": "Marker",
      "track_type": "track",
      "is_audio": false,
      "is_audio_track": false,
      "vit_type": "",
      "vit_intent": "",
      "plugin_count": 0,
      "plugins": []
    },
    {
      "track_id": "1005",
      "name": "Tempo",
      "track_type": "track",
      "is_audio": false,
      "is_audio_track": false,
      "vit_type": "",
      "vit_intent": "",
      "plugin_count": 0,
      "plugins": []
    },
    {
      "track_id": "1006",
      "name": "Master",
      "track_type": "master",
      "is_audio": false,
      "is_audio_track": false,
      "vit_type": "",
      "vit_intent": "",
      "plugin_count": 0,
      "plugins": []
    },
    {
      "track_id": "1007",
      "name": "Track 1",
      "track_type": "hybrid",
      "is_audio": true,
      "is_audio_track": true,
      "vit_type": "",
      "vit_intent": "",
      "plugin_count": 2,
      "plugins": [
        {
          "name": "Volume & Pan Plugin",
          "type": "volume",
          "enabled": true
        },
        {
          "name": "Level Meter",
          "type": "level",
          "enabled": true
        }
      ]
    }
  ]
}
VitHeadlessService: command reply (truncated): {
  "status": "ok",
  "message": "Track list fetched",
  "tracks": [
    {
      "track_id": "1002",
      "name": "Arranger",
      "track_type": "track",
      "is_audio": false,
      "is_audio_track": false,
ZmqGateway: received command payload: {"cmd":"insert_midi_clip","command":"insert_midi_clip","length":4.0,"start":0.0,"time_unit":"beats","track_id":"1007"}
ZmqGateway: dispatching payload to JUCE message thread.
VitHeadlessService: processing queued command on JUCE message thread: {"cmd":"insert_midi_clip","command":"insert_midi_clip","length":4.0,"start":0.0,"time_unit":"beats","track_id":"1007"}
Command received: {"cmd":"insert_midi_clip","command":"insert_midi_clip","length":4.0,"start":0.0,"time_unit":"beats","track_id":"1007"}
Command executed: insert_midi_clip, result: {
  "status": "ok",
  "message": "MIDI clip inserted",
  "clip_id": "1010",
  "track_id": "1007",
  "start_seconds": 0.0,
  "length_seconds": 2.0
}
VitHeadlessService: command reply (truncated): {
  "status": "ok",
  "message": "MIDI clip inserted",
  "clip_id": "1010",
  "track_id": "1007",
  "start_seconds": 0.0,
  "length_seconds": 2.0
}
ZmqGateway: received command payload: {"cmd":"get_project_state"}
ZmqGateway: dispatching payload to JUCE message thread.
VitHeadlessService: processing queued command on JUCE message thread: {"cmd":"get_project_state"}
Command received: {"cmd":"get_project_state"}
Command executed: get_project_state, result: {
  "status": "ok",
  "project_path": "",
  "tracks": [
    {
      "track_id": "1002",
      "track_name": "Arranger",
      "track_type": "track",
      "is_audio_track": false,
      "is_audio": false,
      "plugins": [],
      "clips": []
    },
    {
      "track_id": "1003",
      "track_name": "Chord",
      "track_type": "track",
      "is_audio_track": false,
      "is_audio": false,
      "plugins": [],
      "clips": []
    },
    {
      "track_id": "1004",
      "track_name": "Marker",
      "track_type": "track",
      "is_audio_track": false,
      "is_audio": false,
      "plugins": [],
      "clips": []
    },
    {
      "track_id": "1005",
      "track_name": "Tempo",
      "track_type": "track",
      "is_audio_track": false,
      "is_audio": false,
      "plugins": [],
      "clips": []
    },
    {
      "track_id": "1006",
      "track_name": "Master",
      "track_type": "master",
      "is_audio_track": false,
      "is_audio": false,
      "plugins": [],
      "clips": []
    },
    {
      "track_id": "1007",
      "track_name": "Track 1",
      "track_type": "hybrid",
      "is_audio_track": true,
      "is_audio": true,
      "plugins": [
        {
          "id": "1008",
          "item_id": "1008",
          "name": "Volume & Pan Plugin",
          "type": "volume",
          "enabled": true
        },
        {
          "id": "1009",
          "item_id": "1009",
          "name": "Level Meter",
          "type": "level",
          "enabled": true
        }
      ],
      "clips": [
        {
          "id": "1010",
          "name": "New MIDI Clip",
          "clip_type": "midi",
          "start_seconds": 0.0,
          "end_seconds": 2.0,
          "length_seconds": 2.0,
          "offset_in_source_seconds": 0.0
        }
      ],
      "output_to_device_resolved": true,
      "output_device_enabled": true,
      "output_device_id": "out_b7a4b4c1",
      "output_routing_name": "(default audio output)"
    }
  ]
}
VitHeadlessService: command reply (truncated): {
  "status": "ok",
  "project_path": "",
  "tracks": [
    {
      "track_id": "1002",
      "track_name": "Arranger",
      "track_type": "track",
      "is_audio_track": false,
      "is_audio": false,
     
ZmqGateway: received command payload: {"cmd":"list_tracks"}
ZmqGateway: dispatching payload to JUCE message thread.
VitHeadlessService: processing queued command on JUCE message thread: {"cmd":"list_tracks"}
Command received: {"cmd":"list_tracks"}
Command executed: list_tracks, result: {
  "status": "ok",
  "message": "Track list fetched",
  "tracks": [
    {
      "track_id": "1002",
      "name": "Arranger",
      "track_type": "track",
      "is_audio": false,
      "is_audio_track": false,
      "vit_type": "",
      "vit_intent": "",
      "plugin_count": 0,
      "plugins": []
    },
    {
      "track_id": "1003",
      "name": "Chord",
      "track_type": "track",
      "is_audio": false,
      "is_audio_track": false,
      "vit_type": "",
      "vit_intent": "",
      "plugin_count": 0,
      "plugins": []
    },
    {
      "track_id": "1004",
      "name": "Marker",
      "track_type": "track",
      "is_audio": false,
      "is_audio_track": false,
      "vit_type": "",
      "vit_intent": "",
      "plugin_count": 0,
      "plugins": []
    },
    {
      "track_id": "1005",
      "name": "Tempo",
      "track_type": "track",
      "is_audio": false,
      "is_audio_track": false,
      "vit_type": "",
      "vit_intent": "",
      "plugin_count": 0,
      "plugins": []
    },
    {
      "track_id": "1006",
      "name": "Master",
      "track_type": "master",
      "is_audio": false,
      "is_audio_track": false,
      "vit_type": "",
      "vit_intent": "",
      "plugin_count": 0,
      "plugins": []
    },
    {
      "track_id": "1007",
      "name": "Track 1",
      "track_type": "hybrid",
      "is_audio": true,
      "is_audio_track": true,
      "vit_type": "",
      "vit_intent": "",
      "plugin_count": 2,
      "plugins": [
        {
          "name": "Volume & Pan Plugin",
          "type": "volume",
          "enabled": true
        },
        {
          "name": "Level Meter",
          "type": "level",
          "enabled": true
        }
      ]
    }
  ]
}
VitHeadlessService: command reply (truncated): {
  "status": "ok",
  "message": "Track list fetched",
  "tracks": [
    {
      "track_id": "1002",
      "name": "Arranger",
      "track_type": "track",
      "is_audio": false,
      "is_audio_track": false,
ZmqGateway: received command payload: {"clip_id":"1010","cmd":"get_midi_clip_data","command":"get_midi_clip_data","time_unit":"beats"}
ZmqGateway: dispatching payload to JUCE message thread.
VitHeadlessService: processing queued command on JUCE message thread: {"clip_id":"1010","cmd":"get_midi_clip_data","command":"get_midi_clip_data","time_unit":"beats"}
Command received: {"clip_id":"1010","cmd":"get_midi_clip_data","command":"get_midi_clip_data","time_unit":"beats"}
Command executed: get_midi_clip_data, result: {
  "status": "ok",
  "clip_id": "1010",
  "time_unit": "beats",
  "notes": []
}
VitHeadlessService: command reply (truncated): {
  "status": "ok",
  "clip_id": "1010",
  "time_unit": "beats",
  "notes": []
}
ZmqGateway: received command payload: {"clip_id":"1010","cmd":"get_midi_clip_notes","command":"get_midi_clip_notes","time_unit":"beats","track_id":"1007"}
ZmqGateway: dispatching payload to JUCE message thread.
VitHeadlessService: processing queued command on JUCE message thread: {"clip_id":"1010","cmd":"get_midi_clip_notes","command":"get_midi_clip_notes","time_unit":"beats","track_id":"1007"}
Command received: {"clip_id":"1010","cmd":"get_midi_clip_notes","command":"get_midi_clip_notes","time_unit":"beats","track_id":"1007"}
Command executed: get_midi_clip_notes, result: {
  "status": "ok",
  "message": "MIDI clip notes",
  "clip_id": "1010",
  "track_id": "1007",
  "time_unit": "beats",
  "notes": []
}
VitHeadlessService: command reply (truncated): {
  "status": "ok",
  "message": "MIDI clip notes",
  "clip_id": "1010",
  "track_id": "1007",
  "time_unit": "beats",
  "notes": []
}
ZmqGateway: received command payload: {"clip_id":"1010","cmd":"add_midi_notes","command":"add_midi_notes","notes":[{"id":"note_4321","length":1.0,"pitch":74,"start":1.0,"state":"solid","velocity":100}],"time_unit":"beats","track_id":"1007","track_index":0}
ZmqGateway: dispatching payload to JUCE message thread.
VitHeadlessService: processing queued command on JUCE message thread: {"clip_id":"1010","cmd":"add_midi_notes","command":"add_midi_notes","notes":[{"id":"note_4321","length":1.0,"pitch":74,"start":1.0,"state":"solid","velocity":100}],"time_unit":"beats","track_id":"1007","track_index":0}
Command received: {"clip_id":"1010","cmd":"add_midi_notes","command":"add_midi_notes","notes":[{"id":"note_4321","length":1.0,"pitch":74,"start":1.0,"state":"solid","velocity":100}],"time_unit":"beats","track_id":"1007","track_index":0}
Command executed: add_midi_notes, result: {
  "status": "ok",
  "message": "MIDI notes added",
  "clip_id": "1010",
  "track_id": "1007",
  "added_count": 1
}
VitHeadlessService: command reply (truncated): {
  "status": "ok",
  "message": "MIDI notes added",
  "clip_id": "1010",
  "track_id": "1007",
  "added_count": 1
}
ZmqGateway: received command payload: {"clip_id":"1010","cmd":"add_midi_notes","command":"add_midi_notes","notes":[{"id":"note_4921","length":1.0,"pitch":68,"start":2.25,"state":"solid","velocity":100}],"time_unit":"beats","track_id":"1007","track_index":0}
ZmqGateway: dispatching payload to JUCE message thread.
VitHeadlessService: processing queued command on JUCE message thread: {"clip_id":"1010","cmd":"add_midi_notes","command":"add_midi_notes","notes":[{"id":"note_4921","length":1.0,"pitch":68,"start":2.25,"state":"solid","velocity":100}],"time_unit":"beats","track_id":"1007","track_index":0}
Command received: {"clip_id":"1010","cmd":"add_midi_notes","command":"add_midi_notes","notes":[{"id":"note_4921","length":1.0,"pitch":68,"start":2.25,"state":"solid","velocity":100}],"time_unit":"beats","track_id":"1007","track_index":0}
Command executed: add_midi_notes, result: {
  "status": "ok",
  "message": "MIDI notes added",
  "clip_id": "1010",
  "track_id": "1007",
  "added_count": 1
}
VitHeadlessService: command reply (truncated): {
  "status": "ok",
  "message": "MIDI notes added",
  "clip_id": "1010",
  "track_id": "1007",
  "added_count": 1
}
ZmqGateway: received command payload: {"clip_id":"1010","cmd":"add_midi_notes","command":"add_midi_notes","notes":[{"id":"note_5474","length":1.0,"pitch":65,"start":2.25,"state":"solid","velocity":100}],"time_unit":"beats","track_id":"1007","track_index":0}
ZmqGateway: dispatching payload to JUCE message thread.
VitHeadlessService: processing queued command on JUCE message thread: {"clip_id":"1010","cmd":"add_midi_notes","command":"add_midi_notes","notes":[{"id":"note_5474","length":1.0,"pitch":65,"start":2.25,"state":"solid","velocity":100}],"time_unit":"beats","track_id":"1007","track_index":0}
Command received: {"clip_id":"1010","cmd":"add_midi_notes","command":"add_midi_notes","notes":[{"id":"note_5474","length":1.0,"pitch":65,"start":2.25,"state":"solid","velocity":100}],"time_unit":"beats","track_id":"1007","track_index":0}
Command executed: add_midi_notes, result: {
  "status": "ok",
  "message": "MIDI notes added",
  "clip_id": "1010",
  "track_id": "1007",
  "added_count": 1
}
VitHeadlessService: command reply (truncated): {
  "status": "ok",
  "message": "MIDI notes added",
  "clip_id": "1010",
  "track_id": "1007",
  "added_count": 1
}
ZmqGateway: received command payload: {"clip_id":"1010","cmd":"get_midi_clip_data","command":"get_midi_clip_data","time_unit":"beats"}
ZmqGateway: dispatching payload to JUCE message thread.
VitHeadlessService: processing queued command on JUCE message thread: {"clip_id":"1010","cmd":"get_midi_clip_data","command":"get_midi_clip_data","time_unit":"beats"}
Command received: {"clip_id":"1010","cmd":"get_midi_clip_data","command":"get_midi_clip_data","time_unit":"beats"}
Command executed: get_midi_clip_data, result: {
  "status": "ok",
  "clip_id": "1010",
  "time_unit": "beats",
  "notes": [
    {
      "id": "note_4321",
      "start": 1.0,
      "length": 1.0,
      "pitch": 74,
      "velocity": 100
    },
    {
      "id": "note_4921",
      "start": 2.25,
      "length": 1.0,
      "pitch": 68,
      "velocity": 100
    },
    {
      "id": "note_5474",
      "start": 2.25,
      "length": 1.0,
      "pitch": 65,
      "velocity": 100
    }
  ]
}
VitHeadlessService: command reply (truncated): {
  "status": "ok",
  "clip_id": "1010",
  "time_unit": "beats",
  "notes": [
    {
      "id": "note_4321",
      "start": 1.0,
      "length": 1.0,
      "pitch": 74,
      "velocity": 100
    },
    {
   
ZmqGateway: received command payload: {"cmd":"get_recent_projects"}
ZmqGateway: dispatching payload to JUCE message thread.
VitHeadlessService: processing queued command on JUCE message thread: {"cmd":"get_recent_projects"}
Command received: {"cmd":"get_recent_projects"}
Command executed: get_recent_projects, result: {
  "status": "ok",
  "recent_projects": [
    "D:\\Godot\\project\\vit-daw-frontend\\4.4.3.vit",
    "D:\\Godot\\project\\vit-daw-frontend\\4.4.2.vit",
    "D:\\Godot\\project\\vit-daw-frontend\\4.4.1.vit",
    "D:\\Godot\\project\\vit-daw-frontend\\4.4.vit",
    "D:\\4.1.tracktionedit"
  ]
}
VitHeadlessService: command reply (truncated): {
  "status": "ok",
  "recent_projects": [
    "D:\\Godot\\project\\vit-daw-frontend\\4.4.3.vit",
    "D:\\Godot\\project\\vit-daw-frontend\\4.4.2.vit",
    "D:\\Godot\\project\\vit-daw-frontend\\4.4.1.vit",
    "D
ZmqGateway: received command payload: {"cmd":"new_project"}
ZmqGateway: dispatching payload to JUCE message thread.
VitHeadlessService: processing queued command on JUCE message thread: {"cmd":"new_project"}
Command received: {"cmd":"new_project"}
VitEngineDevice: audio IO ready for playback graph: "扬声器 (2- USB AUDIO  CODEC)" 48000.00 Hz, block 480 samples
Command executed: new_project, result: {
  "status": "ok",
  "message": "Blank project created"
}
VitHeadlessService: command reply (truncated): {
  "status": "ok",
  "message": "Blank project created"
}
ZmqGateway: received command payload: {"cmd":"ping"}
ZmqGateway: dispatching payload to JUCE message thread.
VitHeadlessService: processing queued command on JUCE message thread: {"cmd":"ping"}
Command received: {"cmd":"ping"}
CommandDispatcher: handled ping command.
Command executed: ping, result: {
  "status": "ok",
  "message": "pong"
}
VitHeadlessService: command reply (truncated): {
  "status": "ok",
  "message": "pong"
}
ZmqGateway: received command payload: {"cmd":"get_project_state"}
ZmqGateway: dispatching payload to JUCE message thread.
VitHeadlessService: processing queued command on JUCE message thread: {"cmd":"get_project_state"}
Command received: {"cmd":"get_project_state"}
Command executed: get_project_state, result: {
  "status": "ok",
  "project_path": "",
  "tracks": [
    {
      "track_id": "1002",
      "track_name": "Arranger",
      "track_type": "track",
      "is_audio_track": false,
      "is_audio": false,
      "plugins": [],
      "clips": []
    },
    {
      "track_id": "1003",
      "track_name": "Chord",
      "track_type": "track",
      "is_audio_track": false,
      "is_audio": false,
      "plugins": [],
      "clips": []
    },
    {
      "track_id": "1004",
      "track_name": "Marker",
      "track_type": "track",
      "is_audio_track": false,
      "is_audio": false,
      "plugins": [],
      "clips": []
    },
    {
      "track_id": "1005",
      "track_name": "Tempo",
      "track_type": "track",
      "is_audio_track": false,
      "is_audio": false,
      "plugins": [],
      "clips": []
    },
    {
      "track_id": "1006",
      "track_name": "Master",
      "track_type": "master",
      "is_audio_track": false,
      "is_audio": false,
      "plugins": [],
      "clips": []
    }
  ]
}
VitHeadlessService: command reply (truncated): {
  "status": "ok",
  "project_path": "",
  "tracks": [
    {
      "track_id": "1002",
      "track_name": "Arranger",
      "track_type": "track",
      "is_audio_track": false,
      "is_audio": false,
     
ZmqGateway: received command payload: {"cmd":"list_tracks"}
ZmqGateway: dispatching payload to JUCE message thread.
VitHeadlessService: processing queued command on JUCE message thread: {"cmd":"list_tracks"}
Command received: {"cmd":"list_tracks"}
Command executed: list_tracks, result: {
  "status": "ok",
  "message": "Track list fetched",
  "tracks": [
    {
      "track_id": "1002",
      "name": "Arranger",
      "track_type": "track",
      "is_audio": false,
      "is_audio_track": false,
      "vit_type": "",
      "vit_intent": "",
      "plugin_count": 0,
      "plugins": []
    },
    {
      "track_id": "1003",
      "name": "Chord",
      "track_type": "track",
      "is_audio": false,
      "is_audio_track": false,
      "vit_type": "",
      "vit_intent": "",
      "plugin_count": 0,
      "plugins": []
    },
    {
      "track_id": "1004",
      "name": "Marker",
      "track_type": "track",
      "is_audio": false,
      "is_audio_track": false,
      "vit_type": "",
      "vit_intent": "",
      "plugin_count": 0,
      "plugins": []
    },
    {
      "track_id": "1005",
      "name": "Tempo",
      "track_type": "track",
      "is_audio": false,
      "is_audio_track": false,
      "vit_type": "",
      "vit_intent": "",
      "plugin_count": 0,
      "plugins": []
    },
    {
      "track_id": "1006",
      "name": "Master",
      "track_type": "master",
      "is_audio": false,
      "is_audio_track": false,
      "vit_type": "",
      "vit_intent": "",
      "plugin_count": 0,
      "plugins": []
    }
  ]
}
VitHeadlessService: command reply (truncated): {
  "status": "ok",
  "message": "Track list fetched",
  "tracks": [
    {
      "track_id": "1002",
      "name": "Arranger",
      "track_type": "track",
      "is_audio": false,
      "is_audio_track": false,
ZmqGateway: received command payload: {"cmd":"list_tracks"}
ZmqGateway: dispatching payload to JUCE message thread.
VitHeadlessService: processing queued command on JUCE message thread: {"cmd":"list_tracks"}
Command received: {"cmd":"list_tracks"}
Command executed: list_tracks, result: {
  "status": "ok",
  "message": "Track list fetched",
  "tracks": [
    {
      "track_id": "1002",
      "name": "Arranger",
      "track_type": "track",
      "is_audio": false,
      "is_audio_track": false,
      "vit_type": "",
      "vit_intent": "",
      "plugin_count": 0,
      "plugins": []
    },
    {
      "track_id": "1003",
      "name": "Chord",
      "track_type": "track",
      "is_audio": false,
      "is_audio_track": false,
      "vit_type": "",
      "vit_intent": "",
      "plugin_count": 0,
      "plugins": []
    },
    {
      "track_id": "1004",
      "name": "Marker",
      "track_type": "track",
      "is_audio": false,
      "is_audio_track": false,
      "vit_type": "",
      "vit_intent": "",
      "plugin_count": 0,
      "plugins": []
    },
    {
      "track_id": "1005",
      "name": "Tempo",
      "track_type": "track",
      "is_audio": false,
      "is_audio_track": false,
      "vit_type": "",
      "vit_intent": "",
      "plugin_count": 0,
      "plugins": []
    },
    {
      "track_id": "1006",
      "name": "Master",
      "track_type": "master",
      "is_audio": false,
      "is_audio_track": false,
      "vit_type": "",
      "vit_intent": "",
      "plugin_count": 0,
      "plugins": []
    }
  ]
}
VitHeadlessService: command reply (truncated): {
  "status": "ok",
  "message": "Track list fetched",
  "tracks": [
    {
      "track_id": "1002",
      "name": "Arranger",
      "track_type": "track",
      "is_audio": false,
      "is_audio_track": false,
ZmqGateway: received command payload: {"cmd":"add_track","type":"hybrid"}
ZmqGateway: dispatching payload to JUCE message thread.
VitHeadlessService: processing queued command on JUCE message thread: {"cmd":"add_track","type":"hybrid"}
Command received: {"cmd":"add_track","type":"hybrid"}
VitHeadlessService: project saved to D:\Vit_DAW\VitApp\Workspace\default_project.xml
Command executed: add_track, result: {
  "status": "ok",
  "message": "Track added",
  "track_id": "1007",
  "track_name": "Track 1"
}
VitHeadlessService: command reply (truncated): {
  "status": "ok",
  "message": "Track added",
  "track_id": "1007",
  "track_name": "Track 1"
}
ZmqGateway: received command payload: {"cmd":"list_tracks"}
ZmqGateway: dispatching payload to JUCE message thread.
VitHeadlessService: processing queued command on JUCE message thread: {"cmd":"list_tracks"}
Command received: {"cmd":"list_tracks"}
Command executed: list_tracks, result: {
  "status": "ok",
  "message": "Track list fetched",
  "tracks": [
    {
      "track_id": "1002",
      "name": "Arranger",
      "track_type": "track",
      "is_audio": false,
      "is_audio_track": false,
      "vit_type": "",
      "vit_intent": "",
      "plugin_count": 0,
      "plugins": []
    },
    {
      "track_id": "1003",
      "name": "Chord",
      "track_type": "track",
      "is_audio": false,
      "is_audio_track": false,
      "vit_type": "",
      "vit_intent": "",
      "plugin_count": 0,
      "plugins": []
    },
    {
      "track_id": "1004",
      "name": "Marker",
      "track_type": "track",
      "is_audio": false,
      "is_audio_track": false,
      "vit_type": "",
      "vit_intent": "",
      "plugin_count": 0,
      "plugins": []
    },
    {
      "track_id": "1005",
      "name": "Tempo",
      "track_type": "track",
      "is_audio": false,
      "is_audio_track": false,
      "vit_type": "",
      "vit_intent": "",
      "plugin_count": 0,
      "plugins": []
    },
    {
      "track_id": "1006",
      "name": "Master",
      "track_type": "master",
      "is_audio": false,
      "is_audio_track": false,
      "vit_type": "",
      "vit_intent": "",
      "plugin_count": 0,
      "plugins": []
    },
    {
      "track_id": "1007",
      "name": "Track 1",
      "track_type": "hybrid",
      "is_audio": true,
      "is_audio_track": true,
      "vit_type": "",
      "vit_intent": "",
      "plugin_count": 2,
      "plugins": [
        {
          "name": "Volume & Pan Plugin",
          "type": "volume",
          "enabled": true
        },
        {
          "name": "Level Meter",
          "type": "level",
          "enabled": true
        }
      ]
    }
  ]
}
VitHeadlessService: command reply (truncated): {
  "status": "ok",
  "message": "Track list fetched",
  "tracks": [
    {
      "track_id": "1002",
      "name": "Arranger",
      "track_type": "track",
      "is_audio": false,
      "is_audio_track": false,
ZmqGateway: received command payload: {"cmd":"get_project_state"}
ZmqGateway: dispatching payload to JUCE message thread.
VitHeadlessService: processing queued command on JUCE message thread: {"cmd":"get_project_state"}
Command received: {"cmd":"get_project_state"}
Command executed: get_project_state, result: {
  "status": "ok",
  "project_path": "",
  "tracks": [
    {
      "track_id": "1002",
      "track_name": "Arranger",
      "track_type": "track",
      "is_audio_track": false,
      "is_audio": false,
      "plugins": [],
      "clips": []
    },
    {
      "track_id": "1003",
      "track_name": "Chord",
      "track_type": "track",
      "is_audio_track": false,
      "is_audio": false,
      "plugins": [],
      "clips": []
    },
    {
      "track_id": "1004",
      "track_name": "Marker",
      "track_type": "track",
      "is_audio_track": false,
      "is_audio": false,
      "plugins": [],
      "clips": []
    },
    {
      "track_id": "1005",
      "track_name": "Tempo",
      "track_type": "track",
      "is_audio_track": false,
      "is_audio": false,
      "plugins": [],
      "clips": []
    },
    {
      "track_id": "1006",
      "track_name": "Master",
      "track_type": "master",
      "is_audio_track": false,
      "is_audio": false,
      "plugins": [],
      "clips": []
    },
    {
      "track_id": "1007",
      "track_name": "Track 1",
      "track_type": "hybrid",
      "is_audio_track": true,
      "is_audio": true,
      "plugins": [
        {
          "id": "1008",
          "item_id": "1008",
          "name": "Volume & Pan Plugin",
          "type": "volume",
          "enabled": true
        },
        {
          "id": "1009",
          "item_id": "1009",
          "name": "Level Meter",
          "type": "level",
          "enabled": true
        }
      ],
      "clips": [],
      "output_to_device_resolved": true,
      "output_device_enabled": true,
      "output_device_id": "out_b7a4b4c1",
      "output_routing_name": "(default audio output)"
    }
  ]
}
VitHeadlessService: command reply (truncated): {
  "status": "ok",
  "project_path": "",
  "tracks": [
    {
      "track_id": "1002",
      "track_name": "Arranger",
      "track_type": "track",
      "is_audio_track": false,
      "is_audio": false,
     
ZmqGateway: received command payload: {"cmd":"list_tracks"}
ZmqGateway: dispatching payload to JUCE message thread.
VitHeadlessService: processing queued command on JUCE message thread: {"cmd":"list_tracks"}
Command received: {"cmd":"list_tracks"}
Command executed: list_tracks, result: {
  "status": "ok",
  "message": "Track list fetched",
  "tracks": [
    {
      "track_id": "1002",
      "name": "Arranger",
      "track_type": "track",
      "is_audio": false,
      "is_audio_track": false,
      "vit_type": "",
      "vit_intent": "",
      "plugin_count": 0,
      "plugins": []
    },
    {
      "track_id": "1003",
      "name": "Chord",
      "track_type": "track",
      "is_audio": false,
      "is_audio_track": false,
      "vit_type": "",
      "vit_intent": "",
      "plugin_count": 0,
      "plugins": []
    },
    {
      "track_id": "1004",
      "name": "Marker",
      "track_type": "track",
      "is_audio": false,
      "is_audio_track": false,
      "vit_type": "",
      "vit_intent": "",
      "plugin_count": 0,
      "plugins": []
    },
    {
      "track_id": "1005",
      "name": "Tempo",
      "track_type": "track",
      "is_audio": false,
      "is_audio_track": false,
      "vit_type": "",
      "vit_intent": "",
      "plugin_count": 0,
      "plugins": []
    },
    {
      "track_id": "1006",
      "name": "Master",
      "track_type": "master",
      "is_audio": false,
      "is_audio_track": false,
      "vit_type": "",
      "vit_intent": "",
      "plugin_count": 0,
      "plugins": []
    },
    {
      "track_id": "1007",
      "name": "Track 1",
      "track_type": "hybrid",
      "is_audio": true,
      "is_audio_track": true,
      "vit_type": "",
      "vit_intent": "",
      "plugin_count": 2,
      "plugins": [
        {
          "name": "Volume & Pan Plugin",
          "type": "volume",
          "enabled": true
        },
        {
          "name": "Level Meter",
          "type": "level",
          "enabled": true
        }
      ]
    }
  ]
}
VitHeadlessService: command reply (truncated): {
  "status": "ok",
  "message": "Track list fetched",
  "tracks": [
    {
      "track_id": "1002",
      "name": "Arranger",
      "track_type": "track",
      "is_audio": false,
      "is_audio_track": false,
ZmqGateway: received command payload: {"cmd":"insert_midi_clip","command":"insert_midi_clip","length":4.0,"start":0.0,"time_unit":"beats","track_id":"1007"}
ZmqGateway: dispatching payload to JUCE message thread.
VitHeadlessService: processing queued command on JUCE message thread: {"cmd":"insert_midi_clip","command":"insert_midi_clip","length":4.0,"start":0.0,"time_unit":"beats","track_id":"1007"}
Command received: {"cmd":"insert_midi_clip","command":"insert_midi_clip","length":4.0,"start":0.0,"time_unit":"beats","track_id":"1007"}
Command executed: insert_midi_clip, result: {
  "status": "ok",
  "message": "MIDI clip inserted",
  "clip_id": "1010",
  "track_id": "1007",
  "start_seconds": 0.0,
  "length_seconds": 2.0
}
VitHeadlessService: command reply (truncated): {
  "status": "ok",
  "message": "MIDI clip inserted",
  "clip_id": "1010",
  "track_id": "1007",
  "start_seconds": 0.0,
  "length_seconds": 2.0
}
ZmqGateway: received command payload: {"cmd":"get_project_state"}
ZmqGateway: dispatching payload to JUCE message thread.
VitHeadlessService: processing queued command on JUCE message thread: {"cmd":"get_project_state"}
Command received: {"cmd":"get_project_state"}
Command executed: get_project_state, result: {
  "status": "ok",
  "project_path": "",
  "tracks": [
    {
      "track_id": "1002",
      "track_name": "Arranger",
      "track_type": "track",
      "is_audio_track": false,
      "is_audio": false,
      "plugins": [],
      "clips": []
    },
    {
      "track_id": "1003",
      "track_name": "Chord",
      "track_type": "track",
      "is_audio_track": false,
      "is_audio": false,
      "plugins": [],
      "clips": []
    },
    {
      "track_id": "1004",
      "track_name": "Marker",
      "track_type": "track",
      "is_audio_track": false,
      "is_audio": false,
      "plugins": [],
      "clips": []
    },
    {
      "track_id": "1005",
      "track_name": "Tempo",
      "track_type": "track",
      "is_audio_track": false,
      "is_audio": false,
      "plugins": [],
      "clips": []
    },
    {
      "track_id": "1006",
      "track_name": "Master",
      "track_type": "master",
      "is_audio_track": false,
      "is_audio": false,
      "plugins": [],
      "clips": []
    },
    {
      "track_id": "1007",
      "track_name": "Track 1",
      "track_type": "hybrid",
      "is_audio_track": true,
      "is_audio": true,
      "plugins": [
        {
          "id": "1008",
          "item_id": "1008",
          "name": "Volume & Pan Plugin",
          "type": "volume",
          "enabled": true
        },
        {
          "id": "1009",
          "item_id": "1009",
          "name": "Level Meter",
          "type": "level",
          "enabled": true
        }
      ],
      "clips": [
        {
          "id": "1010",
          "name": "New MIDI Clip",
          "clip_type": "midi",
          "start_seconds": 0.0,
          "end_seconds": 2.0,
          "length_seconds": 2.0,
          "offset_in_source_seconds": 0.0
        }
      ],
      "output_to_device_resolved": true,
      "output_device_enabled": true,
      "output_device_id": "out_b7a4b4c1",
      "output_routing_name": "(default audio output)"
    }
  ]
}
VitHeadlessService: command reply (truncated): {
  "status": "ok",
  "project_path": "",
  "tracks": [
    {
      "track_id": "1002",
      "track_name": "Arranger",
      "track_type": "track",
      "is_audio_track": false,
      "is_audio": false,
     
ZmqGateway: received command payload: {"cmd":"list_tracks"}
ZmqGateway: dispatching payload to JUCE message thread.
VitHeadlessService: processing queued command on JUCE message thread: {"cmd":"list_tracks"}
Command received: {"cmd":"list_tracks"}
Command executed: list_tracks, result: {
  "status": "ok",
  "message": "Track list fetched",
  "tracks": [
    {
      "track_id": "1002",
      "name": "Arranger",
      "track_type": "track",
      "is_audio": false,
      "is_audio_track": false,
      "vit_type": "",
      "vit_intent": "",
      "plugin_count": 0,
      "plugins": []
    },
    {
      "track_id": "1003",
      "name": "Chord",
      "track_type": "track",
      "is_audio": false,
      "is_audio_track": false,
      "vit_type": "",
      "vit_intent": "",
      "plugin_count": 0,
      "plugins": []
    },
    {
      "track_id": "1004",
      "name": "Marker",
      "track_type": "track",
      "is_audio": false,
      "is_audio_track": false,
      "vit_type": "",
      "vit_intent": "",
      "plugin_count": 0,
      "plugins": []
    },
    {
      "track_id": "1005",
      "name": "Tempo",
      "track_type": "track",
      "is_audio": false,
      "is_audio_track": false,
      "vit_type": "",
      "vit_intent": "",
      "plugin_count": 0,
      "plugins": []
    },
    {
      "track_id": "1006",
      "name": "Master",
      "track_type": "master",
      "is_audio": false,
      "is_audio_track": false,
      "vit_type": "",
      "vit_intent": "",
      "plugin_count": 0,
      "plugins": []
    },
    {
      "track_id": "1007",
      "name": "Track 1",
      "track_type": "hybrid",
      "is_audio": true,
      "is_audio_track": true,
      "vit_type": "",
      "vit_intent": "",
      "plugin_count": 2,
      "plugins": [
        {
          "name": "Volume & Pan Plugin",
          "type": "volume",
          "enabled": true
        },
        {
          "name": "Level Meter",
          "type": "level",
          "enabled": true
        }
      ]
    }
  ]
}
VitHeadlessService: command reply (truncated): {
  "status": "ok",
  "message": "Track list fetched",
  "tracks": [
    {
      "track_id": "1002",
      "name": "Arranger",
      "track_type": "track",
      "is_audio": false,
      "is_audio_track": false,
ZmqGateway: received command payload: {"clip_id":"1010","cmd":"get_midi_clip_data","command":"get_midi_clip_data","time_unit":"beats"}
ZmqGateway: dispatching payload to JUCE message thread.
VitHeadlessService: processing queued command on JUCE message thread: {"clip_id":"1010","cmd":"get_midi_clip_data","command":"get_midi_clip_data","time_unit":"beats"}
Command received: {"clip_id":"1010","cmd":"get_midi_clip_data","command":"get_midi_clip_data","time_unit":"beats"}
Command executed: get_midi_clip_data, result: {
  "status": "ok",
  "clip_id": "1010",
  "time_unit": "beats",
  "notes": []
}
VitHeadlessService: command reply (truncated): {
  "status": "ok",
  "clip_id": "1010",
  "time_unit": "beats",
  "notes": []
}
ZmqGateway: received command payload: {"clip_id":"1010","cmd":"get_midi_clip_notes","command":"get_midi_clip_notes","time_unit":"beats","track_id":"1007"}
ZmqGateway: dispatching payload to JUCE message thread.
VitHeadlessService: processing queued command on JUCE message thread: {"clip_id":"1010","cmd":"get_midi_clip_notes","command":"get_midi_clip_notes","time_unit":"beats","track_id":"1007"}
Command received: {"clip_id":"1010","cmd":"get_midi_clip_notes","command":"get_midi_clip_notes","time_unit":"beats","track_id":"1007"}
Command executed: get_midi_clip_notes, result: {
  "status": "ok",
  "message": "MIDI clip notes",
  "clip_id": "1010",
  "track_id": "1007",
  "time_unit": "beats",
  "notes": []
}
VitHeadlessService: command reply (truncated): {
  "status": "ok",
  "message": "MIDI clip notes",
  "clip_id": "1010",
  "track_id": "1007",
  "time_unit": "beats",
  "notes": []
}
ZmqGateway: received command payload: {"clip_id":"1010","cmd":"trigger_note_on","command":"trigger_note_on","pitch":75,"track_id":"1007","track_index":0,"velocity":100}
ZmqGateway: dispatching payload to JUCE message thread.
VitHeadlessService: processing queued command on JUCE message thread: {"clip_id":"1010","cmd":"trigger_note_on","command":"trigger_note_on","pitch":75,"track_id":"1007","track_index":0,"velocity":100}
Command received: {"clip_id":"1010","cmd":"trigger_note_on","command":"trigger_note_on","pitch":75,"track_id":"1007","track_index":0,"velocity":100}
VitHeadlessService: command reply (truncated): {
  "status": "error",
  "message": "Unknown command: trigger_note_on"
}
ZmqGateway: received command payload: {"clip_id":"1010","cmd":"trigger_note_off","command":"trigger_note_off","pitch":75,"track_id":"1007","track_index":0}
ZmqGateway: dispatching payload to JUCE message thread.
VitHeadlessService: processing queued command on JUCE message thread: {"clip_id":"1010","cmd":"trigger_note_off","command":"trigger_note_off","pitch":75,"track_id":"1007","track_index":0}
Command received: {"clip_id":"1010","cmd":"trigger_note_off","command":"trigger_note_off","pitch":75,"track_id":"1007","track_index":0}
VitHeadlessService: command reply (truncated): {
  "status": "error",
  "message": "Unknown command: trigger_note_off"
}
ZmqGateway: received command payload: {"clip_id":"1010","cmd":"add_midi_notes","command":"add_midi_notes","notes":[{"id":"note_4718","length":1.0,"pitch":74,"start":1.25,"state":"solid","velocity":100}],"time_unit":"beats","track_id":"1007","track_index":0}
ZmqGateway: dispatching payload to JUCE message thread.
VitHeadlessService: processing queued command on JUCE message thread: {"clip_id":"1010","cmd":"add_midi_notes","command":"add_midi_notes","notes":[{"id":"note_4718","length":1.0,"pitch":74,"start":1.25,"state":"solid","velocity":100}],"time_unit":"beats","track_id":"1007","track_index":0}
Command received: {"clip_id":"1010","cmd":"add_midi_notes","command":"add_midi_notes","notes":[{"id":"note_4718","length":1.0,"pitch":74,"start":1.25,"state":"solid","velocity":100}],"time_unit":"beats","track_id":"1007","track_index":0}
Command executed: add_midi_notes, result: {
  "status": "ok",
  "message": "MIDI notes added",
  "clip_id": "1010",
  "track_id": "1007",
  "added_count": 1
}
VitHeadlessService: command reply (truncated): {
  "status": "ok",
  "message": "MIDI notes added",
  "clip_id": "1010",
  "track_id": "1007",
  "added_count": 1
}
ZmqGateway: received command payload: {"clip_id":"1010","cmd":"add_midi_notes","command":"add_midi_notes","notes":[{"id":"note_5206","length":1.0,"pitch":68,"start":1.5,"state":"solid","velocity":100}],"time_unit":"beats","track_id":"1007","track_index":0}
ZmqGateway: dispatching payload to JUCE message thread.
VitHeadlessService: processing queued command on JUCE message thread: {"clip_id":"1010","cmd":"add_midi_notes","command":"add_midi_notes","notes":[{"id":"note_5206","length":1.0,"pitch":68,"start":1.5,"state":"solid","velocity":100}],"time_unit":"beats","track_id":"1007","track_index":0}
Command received: {"clip_id":"1010","cmd":"add_midi_notes","command":"add_midi_notes","notes":[{"id":"note_5206","length":1.0,"pitch":68,"start":1.5,"state":"solid","velocity":100}],"time_unit":"beats","track_id":"1007","track_index":0}
Command executed: add_midi_notes, result: {
  "status": "ok",
  "message": "MIDI notes added",
  "clip_id": "1010",
  "track_id": "1007",
  "added_count": 1
}
VitHeadlessService: command reply (truncated): {
  "status": "ok",
  "message": "MIDI notes added",
  "clip_id": "1010",
  "track_id": "1007",
  "added_count": 1
}
ZmqGateway: received command payload: {"clip_id":"1010","cmd":"add_midi_notes","command":"add_midi_notes","notes":[{"id":"note_5683","length":1.0,"pitch":72,"start":2.0,"state":"solid","velocity":100}],"time_unit":"beats","track_id":"1007","track_index":0}
ZmqGateway: dispatching payload to JUCE message thread.
VitHeadlessService: processing queued command on JUCE message thread: {"clip_id":"1010","cmd":"add_midi_notes","command":"add_midi_notes","notes":[{"id":"note_5683","length":1.0,"pitch":72,"start":2.0,"state":"solid","velocity":100}],"time_unit":"beats","track_id":"1007","track_index":0}
Command received: {"clip_id":"1010","cmd":"add_midi_notes","command":"add_midi_notes","notes":[{"id":"note_5683","length":1.0,"pitch":72,"start":2.0,"state":"solid","velocity":100}],"time_unit":"beats","track_id":"1007","track_index":0}
Command executed: add_midi_notes, result: {
  "status": "ok",
  "message": "MIDI notes added",
  "clip_id": "1010",
  "track_id": "1007",
  "added_count": 1
}
VitHeadlessService: command reply (truncated): {
  "status": "ok",
  "message": "MIDI notes added",
  "clip_id": "1010",
  "track_id": "1007",
  "added_count": 1
}
ZmqGateway: received command payload: {"clip_id":"1010","cmd":"add_midi_notes","command":"add_midi_notes","notes":[{"id":"note_6112","length":1.0,"pitch":58,"start":2.5,"state":"solid","velocity":100}],"time_unit":"beats","track_id":"1007","track_index":0}
ZmqGateway: dispatching payload to JUCE message thread.
VitHeadlessService: processing queued command on JUCE message thread: {"clip_id":"1010","cmd":"add_midi_notes","command":"add_midi_notes","notes":[{"id":"note_6112","length":1.0,"pitch":58,"start":2.5,"state":"solid","velocity":100}],"time_unit":"beats","track_id":"1007","track_index":0}
Command received: {"clip_id":"1010","cmd":"add_midi_notes","command":"add_midi_notes","notes":[{"id":"note_6112","length":1.0,"pitch":58,"start":2.5,"state":"solid","velocity":100}],"time_unit":"beats","track_id":"1007","track_index":0}
Command executed: add_midi_notes, result: {
  "status": "ok",
  "message": "MIDI notes added",
  "clip_id": "1010",
  "track_id": "1007",
  "added_count": 1
}
VitHeadlessService: command reply (truncated): {
  "status": "ok",
  "message": "MIDI notes added",
  "clip_id": "1010",
  "track_id": "1007",
  "added_count": 1
}
ZmqGateway: received command payload: {"clip_id":"1010","cmd":"add_midi_notes","command":"add_midi_notes","notes":[{"id":"note_6618","length":1.0,"pitch":63,"start":2.25,"state":"solid","velocity":100}],"time_unit":"beats","track_id":"1007","track_index":0}
ZmqGateway: dispatching payload to JUCE message thread.
VitHeadlessService: processing queued command on JUCE message thread: {"clip_id":"1010","cmd":"add_midi_notes","command":"add_midi_notes","notes":[{"id":"note_6618","length":1.0,"pitch":63,"start":2.25,"state":"solid","velocity":100}],"time_unit":"beats","track_id":"1007","track_index":0}
Command received: {"clip_id":"1010","cmd":"add_midi_notes","command":"add_midi_notes","notes":[{"id":"note_6618","length":1.0,"pitch":63,"start":2.25,"state":"solid","velocity":100}],"time_unit":"beats","track_id":"1007","track_index":0}
Command executed: add_midi_notes, result: {
  "status": "ok",
  "message": "MIDI notes added",
  "clip_id": "1010",
  "track_id": "1007",
  "added_count": 1
}
VitHeadlessService: command reply (truncated): {
  "status": "ok",
  "message": "MIDI notes added",
  "clip_id": "1010",
  "track_id": "1007",
  "added_count": 1
}
ZmqGateway: received command payload: {"cmd":"get_recent_projects"}
ZmqGateway: dispatching payload to JUCE message thread.
VitHeadlessService: processing queued command on JUCE message thread: {"cmd":"get_recent_projects"}
Command received: {"cmd":"get_recent_projects"}
Command executed: get_recent_projects, result: {
  "status": "ok",
  "recent_projects": [
    "D:\\Godot\\project\\vit-daw-frontend\\4.4.3.vit",
    "D:\\Godot\\project\\vit-daw-frontend\\4.4.2.vit",
    "D:\\Godot\\project\\vit-daw-frontend\\4.4.1.vit",
    "D:\\Godot\\project\\vit-daw-frontend\\4.4.vit",
    "D:\\4.1.tracktionedit"
  ]
}
VitHeadlessService: command reply (truncated): {
  "status": "ok",
  "recent_projects": [
    "D:\\Godot\\project\\vit-daw-frontend\\4.4.3.vit",
    "D:\\Godot\\project\\vit-daw-frontend\\4.4.2.vit",
    "D:\\Godot\\project\\vit-daw-frontend\\4.4.1.vit",
    "D
ZmqGateway: received command payload: {"cmd":"new_project"}
ZmqGateway: dispatching payload to JUCE message thread.
VitHeadlessService: processing queued command on JUCE message thread: {"cmd":"new_project"}
Command received: {"cmd":"new_project"}
VitEngineDevice: audio IO ready for playback graph: "扬声器 (2- USB AUDIO  CODEC)" 48000.00 Hz, block 480 samples
Command executed: new_project, result: {
  "status": "ok",
  "message": "Blank project created"
}
VitHeadlessService: command reply (truncated): {
  "status": "ok",
  "message": "Blank project created"
}
ZmqGateway: received command payload: {"cmd":"ping"}
ZmqGateway: dispatching payload to JUCE message thread.
VitHeadlessService: processing queued command on JUCE message thread: {"cmd":"ping"}
Command received: {"cmd":"ping"}
CommandDispatcher: handled ping command.
Command executed: ping, result: {
  "status": "ok",
  "message": "pong"
}
VitHeadlessService: command reply (truncated): {
  "status": "ok",
  "message": "pong"
}
ZmqGateway: received command payload: {"cmd":"get_project_state"}
ZmqGateway: dispatching payload to JUCE message thread.
VitHeadlessService: processing queued command on JUCE message thread: {"cmd":"get_project_state"}
Command received: {"cmd":"get_project_state"}
Command executed: get_project_state, result: {
  "status": "ok",
  "project_path": "",
  "tracks": [
    {
      "track_id": "1002",
      "track_name": "Arranger",
      "track_type": "track",
      "is_audio_track": false,
      "is_audio": false,
      "plugins": [],
      "clips": []
    },
    {
      "track_id": "1003",
      "track_name": "Chord",
      "track_type": "track",
      "is_audio_track": false,
      "is_audio": false,
      "plugins": [],
      "clips": []
    },
    {
      "track_id": "1004",
      "track_name": "Marker",
      "track_type": "track",
      "is_audio_track": false,
      "is_audio": false,
      "plugins": [],
      "clips": []
    },
    {
      "track_id": "1005",
      "track_name": "Tempo",
      "track_type": "track",
      "is_audio_track": false,
      "is_audio": false,
      "plugins": [],
      "clips": []
    },
    {
      "track_id": "1006",
      "track_name": "Master",
      "track_type": "master",
      "is_audio_track": false,
      "is_audio": false,
      "plugins": [],
      "clips": []
    }
  ]
}
VitHeadlessService: command reply (truncated): {
  "status": "ok",
  "project_path": "",
  "tracks": [
    {
      "track_id": "1002",
      "track_name": "Arranger",
      "track_type": "track",
      "is_audio_track": false,
      "is_audio": false,
     
ZmqGateway: received command payload: {"cmd":"list_tracks"}
ZmqGateway: dispatching payload to JUCE message thread.
VitHeadlessService: processing queued command on JUCE message thread: {"cmd":"list_tracks"}
Command received: {"cmd":"list_tracks"}
Command executed: list_tracks, result: {
  "status": "ok",
  "message": "Track list fetched",
  "tracks": [
    {
      "track_id": "1002",
      "name": "Arranger",
      "track_type": "track",
      "is_audio": false,
      "is_audio_track": false,
      "vit_type": "",
      "vit_intent": "",
      "plugin_count": 0,
      "plugins": []
    },
    {
      "track_id": "1003",
      "name": "Chord",
      "track_type": "track",
      "is_audio": false,
      "is_audio_track": false,
      "vit_type": "",
      "vit_intent": "",
      "plugin_count": 0,
      "plugins": []
    },
    {
      "track_id": "1004",
      "name": "Marker",
      "track_type": "track",
      "is_audio": false,
      "is_audio_track": false,
      "vit_type": "",
      "vit_intent": "",
      "plugin_count": 0,
      "plugins": []
    },
    {
      "track_id": "1005",
      "name": "Tempo",
      "track_type": "track",
      "is_audio": false,
      "is_audio_track": false,
      "vit_type": "",
      "vit_intent": "",
      "plugin_count": 0,
      "plugins": []
    },
    {
      "track_id": "1006",
      "name": "Master",
      "track_type": "master",
      "is_audio": false,
      "is_audio_track": false,
      "vit_type": "",
      "vit_intent": "",
      "plugin_count": 0,
      "plugins": []
    }
  ]
}
VitHeadlessService: command reply (truncated): {
  "status": "ok",
  "message": "Track list fetched",
  "tracks": [
    {
      "track_id": "1002",
      "name": "Arranger",
      "track_type": "track",
      "is_audio": false,
      "is_audio_track": false,
ZmqGateway: received command payload: {"cmd":"list_tracks"}
ZmqGateway: dispatching payload to JUCE message thread.
VitHeadlessService: processing queued command on JUCE message thread: {"cmd":"list_tracks"}
Command received: {"cmd":"list_tracks"}
Command executed: list_tracks, result: {
  "status": "ok",
  "message": "Track list fetched",
  "tracks": [
    {
      "track_id": "1002",
      "name": "Arranger",
      "track_type": "track",
      "is_audio": false,
      "is_audio_track": false,
      "vit_type": "",
      "vit_intent": "",
      "plugin_count": 0,
      "plugins": []
    },
    {
      "track_id": "1003",
      "name": "Chord",
      "track_type": "track",
      "is_audio": false,
      "is_audio_track": false,
      "vit_type": "",
      "vit_intent": "",
      "plugin_count": 0,
      "plugins": []
    },
    {
      "track_id": "1004",
      "name": "Marker",
      "track_type": "track",
      "is_audio": false,
      "is_audio_track": false,
      "vit_type": "",
      "vit_intent": "",
      "plugin_count": 0,
      "plugins": []
    },
    {
      "track_id": "1005",
      "name": "Tempo",
      "track_type": "track",
      "is_audio": false,
      "is_audio_track": false,
      "vit_type": "",
      "vit_intent": "",
      "plugin_count": 0,
      "plugins": []
    },
    {
      "track_id": "1006",
      "name": "Master",
      "track_type": "master",
      "is_audio": false,
      "is_audio_track": false,
      "vit_type": "",
      "vit_intent": "",
      "plugin_count": 0,
      "plugins": []
    }
  ]
}
VitHeadlessService: command reply (truncated): {
  "status": "ok",
  "message": "Track list fetched",
  "tracks": [
    {
      "track_id": "1002",
      "name": "Arranger",
      "track_type": "track",
      "is_audio": false,
      "is_audio_track": false,
ZmqGateway: received command payload: {"cmd":"add_track","type":"hybrid"}
ZmqGateway: dispatching payload to JUCE message thread.
VitHeadlessService: processing queued command on JUCE message thread: {"cmd":"add_track","type":"hybrid"}
Command received: {"cmd":"add_track","type":"hybrid"}
VitHeadlessService: project saved to D:\Vit_DAW\VitApp\Workspace\default_project.xml
Command executed: add_track, result: {
  "status": "ok",
  "message": "Track added",
  "track_id": "1007",
  "track_name": "Track 1"
}
VitHeadlessService: command reply (truncated): {
  "status": "ok",
  "message": "Track added",
  "track_id": "1007",
  "track_name": "Track 1"
}
ZmqGateway: received command payload: {"cmd":"list_tracks"}
ZmqGateway: dispatching payload to JUCE message thread.
VitHeadlessService: processing queued command on JUCE message thread: {"cmd":"list_tracks"}
Command received: {"cmd":"list_tracks"}
Command executed: list_tracks, result: {
  "status": "ok",
  "message": "Track list fetched",
  "tracks": [
    {
      "track_id": "1002",
      "name": "Arranger",
      "track_type": "track",
      "is_audio": false,
      "is_audio_track": false,
      "vit_type": "",
      "vit_intent": "",
      "plugin_count": 0,
      "plugins": []
    },
    {
      "track_id": "1003",
      "name": "Chord",
      "track_type": "track",
      "is_audio": false,
      "is_audio_track": false,
      "vit_type": "",
      "vit_intent": "",
      "plugin_count": 0,
      "plugins": []
    },
    {
      "track_id": "1004",
      "name": "Marker",
      "track_type": "track",
      "is_audio": false,
      "is_audio_track": false,
      "vit_type": "",
      "vit_intent": "",
      "plugin_count": 0,
      "plugins": []
    },
    {
      "track_id": "1005",
      "name": "Tempo",
      "track_type": "track",
      "is_audio": false,
      "is_audio_track": false,
      "vit_type": "",
      "vit_intent": "",
      "plugin_count": 0,
      "plugins": []
    },
    {
      "track_id": "1006",
      "name": "Master",
      "track_type": "master",
      "is_audio": false,
      "is_audio_track": false,
      "vit_type": "",
      "vit_intent": "",
      "plugin_count": 0,
      "plugins": []
    },
    {
      "track_id": "1007",
      "name": "Track 1",
      "track_type": "hybrid",
      "is_audio": true,
      "is_audio_track": true,
      "vit_type": "",
      "vit_intent": "",
      "plugin_count": 2,
      "plugins": [
        {
          "name": "Volume & Pan Plugin",
          "type": "volume",
          "enabled": true
        },
        {
          "name": "Level Meter",
          "type": "level",
          "enabled": true
        }
      ]
    }
  ]
}
VitHeadlessService: command reply (truncated): {
  "status": "ok",
  "message": "Track list fetched",
  "tracks": [
    {
      "track_id": "1002",
      "name": "Arranger",
      "track_type": "track",
      "is_audio": false,
      "is_audio_track": false,
ZmqGateway: received command payload: {"cmd":"get_project_state"}
ZmqGateway: dispatching payload to JUCE message thread.
VitHeadlessService: processing queued command on JUCE message thread: {"cmd":"get_project_state"}
Command received: {"cmd":"get_project_state"}
Command executed: get_project_state, result: {
  "status": "ok",
  "project_path": "",
  "tracks": [
    {
      "track_id": "1002",
      "track_name": "Arranger",
      "track_type": "track",
      "is_audio_track": false,
      "is_audio": false,
      "plugins": [],
      "clips": []
    },
    {
      "track_id": "1003",
      "track_name": "Chord",
      "track_type": "track",
      "is_audio_track": false,
      "is_audio": false,
      "plugins": [],
      "clips": []
    },
    {
      "track_id": "1004",
      "track_name": "Marker",
      "track_type": "track",
      "is_audio_track": false,
      "is_audio": false,
      "plugins": [],
      "clips": []
    },
    {
      "track_id": "1005",
      "track_name": "Tempo",
      "track_type": "track",
      "is_audio_track": false,
      "is_audio": false,
      "plugins": [],
      "clips": []
    },
    {
      "track_id": "1006",
      "track_name": "Master",
      "track_type": "master",
      "is_audio_track": false,
      "is_audio": false,
      "plugins": [],
      "clips": []
    },
    {
      "track_id": "1007",
      "track_name": "Track 1",
      "track_type": "hybrid",
      "is_audio_track": true,
      "is_audio": true,
      "plugins": [
        {
          "id": "1008",
          "item_id": "1008",
          "name": "Volume & Pan Plugin",
          "type": "volume",
          "enabled": true
        },
        {
          "id": "1009",
          "item_id": "1009",
          "name": "Level Meter",
          "type": "level",
          "enabled": true
        }
      ],
      "clips": [],
      "output_to_device_resolved": true,
      "output_device_enabled": true,
      "output_device_id": "out_b7a4b4c1",
      "output_routing_name": "(default audio output)"
    }
  ]
}
VitHeadlessService: command reply (truncated): {
  "status": "ok",
  "project_path": "",
  "tracks": [
    {
      "track_id": "1002",
      "track_name": "Arranger",
      "track_type": "track",
      "is_audio_track": false,
      "is_audio": false,
     
ZmqGateway: received command payload: {"cmd":"list_tracks"}
ZmqGateway: dispatching payload to JUCE message thread.
VitHeadlessService: processing queued command on JUCE message thread: {"cmd":"list_tracks"}
Command received: {"cmd":"list_tracks"}
Command executed: list_tracks, result: {
  "status": "ok",
  "message": "Track list fetched",
  "tracks": [
    {
      "track_id": "1002",
      "name": "Arranger",
      "track_type": "track",
      "is_audio": false,
      "is_audio_track": false,
      "vit_type": "",
      "vit_intent": "",
      "plugin_count": 0,
      "plugins": []
    },
    {
      "track_id": "1003",
      "name": "Chord",
      "track_type": "track",
      "is_audio": false,
      "is_audio_track": false,
      "vit_type": "",
      "vit_intent": "",
      "plugin_count": 0,
      "plugins": []
    },
    {
      "track_id": "1004",
      "name": "Marker",
      "track_type": "track",
      "is_audio": false,
      "is_audio_track": false,
      "vit_type": "",
      "vit_intent": "",
      "plugin_count": 0,
      "plugins": []
    },
    {
      "track_id": "1005",
      "name": "Tempo",
      "track_type": "track",
      "is_audio": false,
      "is_audio_track": false,
      "vit_type": "",
      "vit_intent": "",
      "plugin_count": 0,
      "plugins": []
    },
    {
      "track_id": "1006",
      "name": "Master",
      "track_type": "master",
      "is_audio": false,
      "is_audio_track": false,
      "vit_type": "",
      "vit_intent": "",
      "plugin_count": 0,
      "plugins": []
    },
    {
      "track_id": "1007",
      "name": "Track 1",
      "track_type": "hybrid",
      "is_audio": true,
      "is_audio_track": true,
      "vit_type": "",
      "vit_intent": "",
      "plugin_count": 2,
      "plugins": [
        {
          "name": "Volume & Pan Plugin",
          "type": "volume",
          "enabled": true
        },
        {
          "name": "Level Meter",
          "type": "level",
          "enabled": true
        }
      ]
    }
  ]
}
VitHeadlessService: command reply (truncated): {
  "status": "ok",
  "message": "Track list fetched",
  "tracks": [
    {
      "track_id": "1002",
      "name": "Arranger",
      "track_type": "track",
      "is_audio": false,
      "is_audio_track": false,
ZmqGateway: received command payload: {"cmd":"insert_midi_clip","command":"insert_midi_clip","length":4.0,"start":0.0,"time_unit":"beats","track_id":"1007"}
ZmqGateway: dispatching payload to JUCE message thread.
VitHeadlessService: processing queued command on JUCE message thread: {"cmd":"insert_midi_clip","command":"insert_midi_clip","length":4.0,"start":0.0,"time_unit":"beats","track_id":"1007"}
Command received: {"cmd":"insert_midi_clip","command":"insert_midi_clip","length":4.0,"start":0.0,"time_unit":"beats","track_id":"1007"}
Command executed: insert_midi_clip, result: {
  "status": "ok",
  "message": "MIDI clip inserted",
  "clip_id": "1010",
  "track_id": "1007",
  "start_seconds": 0.0,
  "length_seconds": 2.0
}
VitHeadlessService: command reply (truncated): {
  "status": "ok",
  "message": "MIDI clip inserted",
  "clip_id": "1010",
  "track_id": "1007",
  "start_seconds": 0.0,
  "length_seconds": 2.0
}
ZmqGateway: received command payload: {"cmd":"get_project_state"}
ZmqGateway: dispatching payload to JUCE message thread.
VitHeadlessService: processing queued command on JUCE message thread: {"cmd":"get_project_state"}
Command received: {"cmd":"get_project_state"}
Command executed: get_project_state, result: {
  "status": "ok",
  "project_path": "",
  "tracks": [
    {
      "track_id": "1002",
      "track_name": "Arranger",
      "track_type": "track",
      "is_audio_track": false,
      "is_audio": false,
      "plugins": [],
      "clips": []
    },
    {
      "track_id": "1003",
      "track_name": "Chord",
      "track_type": "track",
      "is_audio_track": false,
      "is_audio": false,
      "plugins": [],
      "clips": []
    },
    {
      "track_id": "1004",
      "track_name": "Marker",
      "track_type": "track",
      "is_audio_track": false,
      "is_audio": false,
      "plugins": [],
      "clips": []
    },
    {
      "track_id": "1005",
      "track_name": "Tempo",
      "track_type": "track",
      "is_audio_track": false,
      "is_audio": false,
      "plugins": [],
      "clips": []
    },
    {
      "track_id": "1006",
      "track_name": "Master",
      "track_type": "master",
      "is_audio_track": false,
      "is_audio": false,
      "plugins": [],
      "clips": []
    },
    {
      "track_id": "1007",
      "track_name": "Track 1",
      "track_type": "hybrid",
      "is_audio_track": true,
      "is_audio": true,
      "plugins": [
        {
          "id": "1008",
          "item_id": "1008",
          "name": "Volume & Pan Plugin",
          "type": "volume",
          "enabled": true
        },
        {
          "id": "1009",
          "item_id": "1009",
          "name": "Level Meter",
          "type": "level",
          "enabled": true
        }
      ],
      "clips": [
        {
          "id": "1010",
          "name": "New MIDI Clip",
          "clip_type": "midi",
          "start_seconds": 0.0,
          "end_seconds": 2.0,
          "length_seconds": 2.0,
          "offset_in_source_seconds": 0.0
        }
      ],
      "output_to_device_resolved": true,
      "output_device_enabled": true,
      "output_device_id": "out_b7a4b4c1",
      "output_routing_name": "(default audio output)"
    }
  ]
}
VitHeadlessService: command reply (truncated): {
  "status": "ok",
  "project_path": "",
  "tracks": [
    {
      "track_id": "1002",
      "track_name": "Arranger",
      "track_type": "track",
      "is_audio_track": false,
      "is_audio": false,
     
ZmqGateway: received command payload: {"cmd":"list_tracks"}
ZmqGateway: dispatching payload to JUCE message thread.
VitHeadlessService: processing queued command on JUCE message thread: {"cmd":"list_tracks"}
Command received: {"cmd":"list_tracks"}
Command executed: list_tracks, result: {
  "status": "ok",
  "message": "Track list fetched",
  "tracks": [
    {
      "track_id": "1002",
      "name": "Arranger",
      "track_type": "track",
      "is_audio": false,
      "is_audio_track": false,
      "vit_type": "",
      "vit_intent": "",
      "plugin_count": 0,
      "plugins": []
    },
    {
      "track_id": "1003",
      "name": "Chord",
      "track_type": "track",
      "is_audio": false,
      "is_audio_track": false,
      "vit_type": "",
      "vit_intent": "",
      "plugin_count": 0,
      "plugins": []
    },
    {
      "track_id": "1004",
      "name": "Marker",
      "track_type": "track",
      "is_audio": false,
      "is_audio_track": false,
      "vit_type": "",
      "vit_intent": "",
      "plugin_count": 0,
      "plugins": []
    },
    {
      "track_id": "1005",
      "name": "Tempo",
      "track_type": "track",
      "is_audio": false,
      "is_audio_track": false,
      "vit_type": "",
      "vit_intent": "",
      "plugin_count": 0,
      "plugins": []
    },
    {
      "track_id": "1006",
      "name": "Master",
      "track_type": "master",
      "is_audio": false,
      "is_audio_track": false,
      "vit_type": "",
      "vit_intent": "",
      "plugin_count": 0,
      "plugins": []
    },
    {
      "track_id": "1007",
      "name": "Track 1",
      "track_type": "hybrid",
      "is_audio": true,
      "is_audio_track": true,
      "vit_type": "",
      "vit_intent": "",
      "plugin_count": 2,
      "plugins": [
        {
          "name": "Volume & Pan Plugin",
          "type": "volume",
          "enabled": true
        },
        {
          "name": "Level Meter",
          "type": "level",
          "enabled": true
        }
      ]
    }
  ]
}
VitHeadlessService: command reply (truncated): {
  "status": "ok",
  "message": "Track list fetched",
  "tracks": [
    {
      "track_id": "1002",
      "name": "Arranger",
      "track_type": "track",
      "is_audio": false,
      "is_audio_track": false,
ZmqGateway: received command payload: {"clip_id":"1010","cmd":"get_midi_clip_data","command":"get_midi_clip_data","time_unit":"beats"}
ZmqGateway: dispatching payload to JUCE message thread.
VitHeadlessService: processing queued command on JUCE message thread: {"clip_id":"1010","cmd":"get_midi_clip_data","command":"get_midi_clip_data","time_unit":"beats"}
Command received: {"clip_id":"1010","cmd":"get_midi_clip_data","command":"get_midi_clip_data","time_unit":"beats"}
Command executed: get_midi_clip_data, result: {
  "status": "ok",
  "clip_id": "1010",
  "time_unit": "beats",
  "notes": []
}
VitHeadlessService: command reply (truncated): {
  "status": "ok",
  "clip_id": "1010",
  "time_unit": "beats",
  "notes": []
}
ZmqGateway: received command payload: {"clip_id":"1010","cmd":"get_midi_clip_notes","command":"get_midi_clip_notes","time_unit":"beats","track_id":"1007"}
ZmqGateway: dispatching payload to JUCE message thread.
VitHeadlessService: processing queued command on JUCE message thread: {"clip_id":"1010","cmd":"get_midi_clip_notes","command":"get_midi_clip_notes","time_unit":"beats","track_id":"1007"}
Command received: {"clip_id":"1010","cmd":"get_midi_clip_notes","command":"get_midi_clip_notes","time_unit":"beats","track_id":"1007"}
Command executed: get_midi_clip_notes, result: {
  "status": "ok",
  "message": "MIDI clip notes",
  "clip_id": "1010",
  "track_id": "1007",
  "time_unit": "beats",
  "notes": []
}
VitHeadlessService: command reply (truncated): {
  "status": "ok",
  "message": "MIDI clip notes",
  "clip_id": "1010",
  "track_id": "1007",
  "time_unit": "beats",
  "notes": []
}
ZmqGateway: received command payload: {"clip_id":"1010","cmd":"add_midi_notes","command":"add_midi_notes","notes":[{"id":"note_5740","length":1.0,"pitch":70,"start":2.0,"state":"solid","velocity":100}],"time_unit":"beats","track_id":"1007","track_index":0}
ZmqGateway: dispatching payload to JUCE message thread.
VitHeadlessService: processing queued command on JUCE message thread: {"clip_id":"1010","cmd":"add_midi_notes","command":"add_midi_notes","notes":[{"id":"note_5740","length":1.0,"pitch":70,"start":2.0,"state":"solid","velocity":100}],"time_unit":"beats","track_id":"1007","track_index":0}
Command received: {"clip_id":"1010","cmd":"add_midi_notes","command":"add_midi_notes","notes":[{"id":"note_5740","length":1.0,"pitch":70,"start":2.0,"state":"solid","velocity":100}],"time_unit":"beats","track_id":"1007","track_index":0}
Command executed: add_midi_notes, result: {
  "status": "ok",
  "message": "MIDI notes added",
  "clip_id": "1010",
  "track_id": "1007",
  "added_count": 1
}
VitHeadlessService: command reply (truncated): {
  "status": "ok",
  "message": "MIDI notes added",
  "clip_id": "1010",
  "track_id": "1007",
  "added_count": 1
}
ZmqGateway: received command payload: {"clip_id":"1010","cmd":"add_midi_notes","command":"add_midi_notes","notes":[{"id":"note_6216","length":1.0,"pitch":64,"start":2.25,"state":"solid","velocity":100}],"time_unit":"beats","track_id":"1007","track_index":0}
ZmqGateway: dispatching payload to JUCE message thread.
VitHeadlessService: processing queued command on JUCE message thread: {"clip_id":"1010","cmd":"add_midi_notes","command":"add_midi_notes","notes":[{"id":"note_6216","length":1.0,"pitch":64,"start":2.25,"state":"solid","velocity":100}],"time_unit":"beats","track_id":"1007","track_index":0}
Command received: {"clip_id":"1010","cmd":"add_midi_notes","command":"add_midi_notes","notes":[{"id":"note_6216","length":1.0,"pitch":64,"start":2.25,"state":"solid","velocity":100}],"time_unit":"beats","track_id":"1007","track_index":0}
Command executed: add_midi_notes, result: {
  "status": "ok",
  "message": "MIDI notes added",
  "clip_id": "1010",
  "track_id": "1007",
  "added_count": 1
}
VitHeadlessService: command reply (truncated): {
  "status": "ok",
  "message": "MIDI notes added",
  "clip_id": "1010",
  "track_id": "1007",
  "added_count": 1
}
ZmqGateway: received command payload: {"clip_id":"1010","cmd":"add_midi_notes","command":"add_midi_notes","notes":[{"id":"note_6657","length":1.0,"pitch":63,"start":0.75,"state":"solid","velocity":100}],"time_unit":"beats","track_id":"1007","track_index":0}
ZmqGateway: dispatching payload to JUCE message thread.
VitHeadlessService: processing queued command on JUCE message thread: {"clip_id":"1010","cmd":"add_midi_notes","command":"add_midi_notes","notes":[{"id":"note_6657","length":1.0,"pitch":63,"start":0.75,"state":"solid","velocity":100}],"time_unit":"beats","track_id":"1007","track_index":0}
Command received: {"clip_id":"1010","cmd":"add_midi_notes","command":"add_midi_notes","notes":[{"id":"note_6657","length":1.0,"pitch":63,"start":0.75,"state":"solid","velocity":100}],"time_unit":"beats","track_id":"1007","track_index":0}
Command executed: add_midi_notes, result: {
  "status": "ok",
  "message": "MIDI notes added",
  "clip_id": "1010",
  "track_id": "1007",
  "added_count": 1
}
VitHeadlessService: command reply (truncated): {
  "status": "ok",
  "message": "MIDI notes added",
  "clip_id": "1010",
  "track_id": "1007",
  "added_count": 1
}
ZmqGateway: received command payload: {"clip_id":"1010","cmd":"move_clip","new_start":7.62616729736328,"new_start_seconds":3.81308364868164,"overlap_mode":"trim","source_track_id":"1007","target_track_id":"1007","time_unit":"beats"}
ZmqGateway: dispatching payload to JUCE message thread.
VitHeadlessService: processing queued command on JUCE message thread: {"clip_id":"1010","cmd":"move_clip","new_start":7.62616729736328,"new_start_seconds":3.81308364868164,"overlap_mode":"trim","source_track_id":"1007","target_track_id":"1007","time_unit":"beats"}
Command received: {"clip_id":"1010","cmd":"move_clip","new_start":7.62616729736328,"new_start_seconds":3.81308364868164,"overlap_mode":"trim","source_track_id":"1007","target_track_id":"1007","time_unit":"beats"}
Command executed: move_clip, result: {
  "status": "ok",
  "message": "Clip moved",
  "clip_id": "1010",
  "source_track_id": "1007",
  "target_track_id": "1007",
  "affected_track_id": "1007",
  "new_start_seconds": 3.81308364868164,
  "overlap_mode": "trim",
  "created_clip_ids": [],
  "removed_clip_ids": [],
  "affected_clip_ids": []
}
VitHeadlessService: command reply (truncated): {
  "status": "ok",
  "message": "Clip moved",
  "clip_id": "1010",
  "source_track_id": "1007",
  "target_track_id": "1007",
  "affected_track_id": "1007",
  "new_start_seconds": 3.81308364868164,
  "overlap_mod
ZmqGateway: received command payload: {"cmd":"get_project_state"}
ZmqGateway: dispatching payload to JUCE message thread.
VitHeadlessService: processing queued command on JUCE message thread: {"cmd":"get_project_state"}
Command received: {"cmd":"get_project_state"}
Command executed: get_project_state, result: {
  "status": "ok",
  "project_path": "",
  "tracks": [
    {
      "track_id": "1002",
      "track_name": "Arranger",
      "track_type": "track",
      "is_audio_track": false,
      "is_audio": false,
      "plugins": [],
      "clips": []
    },
    {
      "track_id": "1003",
      "track_name": "Chord",
      "track_type": "track",
      "is_audio_track": false,
      "is_audio": false,
      "plugins": [],
      "clips": []
    },
    {
      "track_id": "1004",
      "track_name": "Marker",
      "track_type": "track",
      "is_audio_track": false,
      "is_audio": false,
      "plugins": [],
      "clips": []
    },
    {
      "track_id": "1005",
      "track_name": "Tempo",
      "track_type": "track",
      "is_audio_track": false,
      "is_audio": false,
      "plugins": [],
      "clips": []
    },
    {
      "track_id": "1006",
      "track_name": "Master",
      "track_type": "master",
      "is_audio_track": false,
      "is_audio": false,
      "plugins": [],
      "clips": []
    },
    {
      "track_id": "1007",
      "track_name": "Track 1",
      "track_type": "hybrid",
      "is_audio_track": true,
      "is_audio": true,
      "plugins": [
        {
          "id": "1008",
          "item_id": "1008",
          "name": "Volume & Pan Plugin",
          "type": "volume",
          "enabled": true
        },
        {
          "id": "1009",
          "item_id": "1009",
          "name": "Level Meter",
          "type": "level",
          "enabled": true
        }
      ],
      "clips": [
        {
          "id": "1010",
          "name": "New MIDI Clip",
          "clip_type": "midi",
          "start_seconds": 3.81308364868164,
          "end_seconds": 5.813083648681641,
          "length_seconds": 2.0,
          "offset_in_source_seconds": 0.0
        }
      ],
      "output_to_device_resolved": true,
      "output_device_enabled": true,
      "output_device_id": "out_b7a4b4c1",
      "output_routing_name": "(default audio output)"
    }
  ]
}
VitHeadlessService: command reply (truncated): {
  "status": "ok",
  "project_path": "",
  "tracks": [
    {
      "track_id": "1002",
      "track_name": "Arranger",
      "track_type": "track",
      "is_audio_track": false,
      "is_audio": false,
     
ZmqGateway: received command payload: {"cmd":"list_tracks"}
ZmqGateway: dispatching payload to JUCE message thread.
VitHeadlessService: processing queued command on JUCE message thread: {"cmd":"list_tracks"}
Command received: {"cmd":"list_tracks"}
Command executed: list_tracks, result: {
  "status": "ok",
  "message": "Track list fetched",
  "tracks": [
    {
      "track_id": "1002",
      "name": "Arranger",
      "track_type": "track",
      "is_audio": false,
      "is_audio_track": false,
      "vit_type": "",
      "vit_intent": "",
      "plugin_count": 0,
      "plugins": []
    },
    {
      "track_id": "1003",
      "name": "Chord",
      "track_type": "track",
      "is_audio": false,
      "is_audio_track": false,
      "vit_type": "",
      "vit_intent": "",
      "plugin_count": 0,
      "plugins": []
    },
    {
      "track_id": "1004",
      "name": "Marker",
      "track_type": "track",
      "is_audio": false,
      "is_audio_track": false,
      "vit_type": "",
      "vit_intent": "",
      "plugin_count": 0,
      "plugins": []
    },
    {
      "track_id": "1005",
      "name": "Tempo",
      "track_type": "track",
      "is_audio": false,
      "is_audio_track": false,
      "vit_type": "",
      "vit_intent": "",
      "plugin_count": 0,
      "plugins": []
    },
    {
      "track_id": "1006",
      "name": "Master",
      "track_type": "master",
      "is_audio": false,
      "is_audio_track": false,
      "vit_type": "",
      "vit_intent": "",
      "plugin_count": 0,
      "plugins": []
    },
    {
      "track_id": "1007",
      "name": "Track 1",
      "track_type": "hybrid",
      "is_audio": true,
      "is_audio_track": true,
      "vit_type": "",
      "vit_intent": "",
      "plugin_count": 2,
      "plugins": [
        {
          "name": "Volume & Pan Plugin",
          "type": "volume",
          "enabled": true
        },
        {
          "name": "Level Meter",
          "type": "level",
          "enabled": true
        }
      ]
    }
  ]
}
VitHeadlessService: command reply (truncated): {
  "status": "ok",
  "message": "Track list fetched",
  "tracks": [
    {
      "track_id": "1002",
      "name": "Arranger",
      "track_type": "track",
      "is_audio": false,
      "is_audio_track": false,
ZmqGateway: received command payload: {"clip_id":"1010","cmd":"move_clip","new_start":0.0,"new_start_seconds":0.0,"overlap_mode":"trim","source_track_id":"1007","target_track_id":"1007","time_unit":"beats"}
ZmqGateway: dispatching payload to JUCE message thread.
VitHeadlessService: processing queued command on JUCE message thread: {"clip_id":"1010","cmd":"move_clip","new_start":0.0,"new_start_seconds":0.0,"overlap_mode":"trim","source_track_id":"1007","target_track_id":"1007","time_unit":"beats"}
Command received: {"clip_id":"1010","cmd":"move_clip","new_start":0.0,"new_start_seconds":0.0,"overlap_mode":"trim","source_track_id":"1007","target_track_id":"1007","time_unit":"beats"}
Command executed: move_clip, result: {
  "status": "ok",
  "message": "Clip moved",
  "clip_id": "1010",
  "source_track_id": "1007",
  "target_track_id": "1007",
  "affected_track_id": "1007",
  "new_start_seconds": 0.0,
  "overlap_mode": "trim",
  "created_clip_ids": [],
  "removed_clip_ids": [],
  "affected_clip_ids": []
}
VitHeadlessService: command reply (truncated): {
  "status": "ok",
  "message": "Clip moved",
  "clip_id": "1010",
  "source_track_id": "1007",
  "target_track_id": "1007",
  "affected_track_id": "1007",
  "new_start_seconds": 0.0,
  "overlap_mode": "trim",

ZmqGateway: received command payload: {"cmd":"get_project_state"}
ZmqGateway: dispatching payload to JUCE message thread.
VitHeadlessService: processing queued command on JUCE message thread: {"cmd":"get_project_state"}
Command received: {"cmd":"get_project_state"}
Command executed: get_project_state, result: {
  "status": "ok",
  "project_path": "",
  "tracks": [
    {
      "track_id": "1002",
      "track_name": "Arranger",
      "track_type": "track",
      "is_audio_track": false,
      "is_audio": false,
      "plugins": [],
      "clips": []
    },
    {
      "track_id": "1003",
      "track_name": "Chord",
      "track_type": "track",
      "is_audio_track": false,
      "is_audio": false,
      "plugins": [],
      "clips": []
    },
    {
      "track_id": "1004",
      "track_name": "Marker",
      "track_type": "track",
      "is_audio_track": false,
      "is_audio": false,
      "plugins": [],
      "clips": []
    },
    {
      "track_id": "1005",
      "track_name": "Tempo",
      "track_type": "track",
      "is_audio_track": false,
      "is_audio": false,
      "plugins": [],
      "clips": []
    },
    {
      "track_id": "1006",
      "track_name": "Master",
      "track_type": "master",
      "is_audio_track": false,
      "is_audio": false,
      "plugins": [],
      "clips": []
    },
    {
      "track_id": "1007",
      "track_name": "Track 1",
      "track_type": "hybrid",
      "is_audio_track": true,
      "is_audio": true,
      "plugins": [
        {
          "id": "1008",
          "item_id": "1008",
          "name": "Volume & Pan Plugin",
          "type": "volume",
          "enabled": true
        },
        {
          "id": "1009",
          "item_id": "1009",
          "name": "Level Meter",
          "type": "level",
          "enabled": true
        }
      ],
      "clips": [
        {
          "id": "1010",
          "name": "New MIDI Clip",
          "clip_type": "midi",
          "start_seconds": 0.0,
          "end_seconds": 2.0,
          "length_seconds": 2.0,
          "offset_in_source_seconds": 0.0
        }
      ],
      "output_to_device_resolved": true,
      "output_device_enabled": true,
      "output_device_id": "out_b7a4b4c1",
      "output_routing_name": "(default audio output)"
    }
  ]
}
VitHeadlessService: command reply (truncated): {
  "status": "ok",
  "project_path": "",
  "tracks": [
    {
      "track_id": "1002",
      "track_name": "Arranger",
      "track_type": "track",
      "is_audio_track": false,
      "is_audio": false,
     
ZmqGateway: received command payload: {"cmd":"list_tracks"}
ZmqGateway: dispatching payload to JUCE message thread.
VitHeadlessService: processing queued command on JUCE message thread: {"cmd":"list_tracks"}
Command received: {"cmd":"list_tracks"}
Command executed: list_tracks, result: {
  "status": "ok",
  "message": "Track list fetched",
  "tracks": [
    {
      "track_id": "1002",
      "name": "Arranger",
      "track_type": "track",
      "is_audio": false,
      "is_audio_track": false,
      "vit_type": "",
      "vit_intent": "",
      "plugin_count": 0,
      "plugins": []
    },
    {
      "track_id": "1003",
      "name": "Chord",
      "track_type": "track",
      "is_audio": false,
      "is_audio_track": false,
      "vit_type": "",
      "vit_intent": "",
      "plugin_count": 0,
      "plugins": []
    },
    {
      "track_id": "1004",
      "name": "Marker",
      "track_type": "track",
      "is_audio": false,
      "is_audio_track": false,
      "vit_type": "",
      "vit_intent": "",
      "plugin_count": 0,
      "plugins": []
    },
    {
      "track_id": "1005",
      "name": "Tempo",
      "track_type": "track",
      "is_audio": false,
      "is_audio_track": false,
      "vit_type": "",
      "vit_intent": "",
      "plugin_count": 0,
      "plugins": []
    },
    {
      "track_id": "1006",
      "name": "Master",
      "track_type": "master",
      "is_audio": false,
      "is_audio_track": false,
      "vit_type": "",
      "vit_intent": "",
      "plugin_count": 0,
      "plugins": []
    },
    {
      "track_id": "1007",
      "name": "Track 1",
      "track_type": "hybrid",
      "is_audio": true,
      "is_audio_track": true,
      "vit_type": "",
      "vit_intent": "",
      "plugin_count": 2,
      "plugins": [
        {
          "name": "Volume & Pan Plugin",
          "type": "volume",
          "enabled": true
        },
        {
          "name": "Level Meter",
          "type": "level",
          "enabled": true
        }
      ]
    }
  ]
}
VitHeadlessService: command reply (truncated): {
  "status": "ok",
  "message": "Track list fetched",
  "tracks": [
    {
      "track_id": "1002",
      "name": "Arranger",
      "track_type": "track",
      "is_audio": false,
      "is_audio_track": false,
ZmqGateway: received command payload: {"cmd":"get_recent_projects"}
ZmqGateway: dispatching payload to JUCE message thread.
VitHeadlessService: processing queued command on JUCE message thread: {"cmd":"get_recent_projects"}
Command received: {"cmd":"get_recent_projects"}
Command executed: get_recent_projects, result: {
  "status": "ok",
  "recent_projects": [
    "D:\\Godot\\project\\vit-daw-frontend\\4.4.3.vit",
    "D:\\Godot\\project\\vit-daw-frontend\\4.4.2.vit",
    "D:\\Godot\\project\\vit-daw-frontend\\4.4.1.vit",
    "D:\\Godot\\project\\vit-daw-frontend\\4.4.vit",
    "D:\\4.1.tracktionedit"
  ]
}
VitHeadlessService: command reply (truncated): {
  "status": "ok",
  "recent_projects": [
    "D:\\Godot\\project\\vit-daw-frontend\\4.4.3.vit",
    "D:\\Godot\\project\\vit-daw-frontend\\4.4.2.vit",
    "D:\\Godot\\project\\vit-daw-frontend\\4.4.1.vit",
    "D
ZmqGateway: received command payload: {"cmd":"new_project"}
ZmqGateway: dispatching payload to JUCE message thread.
VitHeadlessService: processing queued command on JUCE message thread: {"cmd":"new_project"}
Command received: {"cmd":"new_project"}
VitEngineDevice: audio IO ready for playback graph: "扬声器 (2- USB AUDIO  CODEC)" 48000.00 Hz, block 480 samples
Command executed: new_project, result: {
  "status": "ok",
  "message": "Blank project created"
}
VitHeadlessService: command reply (truncated): {
  "status": "ok",
  "message": "Blank project created"
}
ZmqGateway: received command payload: {"cmd":"ping"}
ZmqGateway: dispatching payload to JUCE message thread.
VitHeadlessService: processing queued command on JUCE message thread: {"cmd":"ping"}
Command received: {"cmd":"ping"}
CommandDispatcher: handled ping command.
Command executed: ping, result: {
  "status": "ok",
  "message": "pong"
}
VitHeadlessService: command reply (truncated): {
  "status": "ok",
  "message": "pong"
}
ZmqGateway: received command payload: {"cmd":"get_project_state"}
ZmqGateway: dispatching payload to JUCE message thread.
VitHeadlessService: processing queued command on JUCE message thread: {"cmd":"get_project_state"}
Command received: {"cmd":"get_project_state"}
Command executed: get_project_state, result: {
  "status": "ok",
  "project_path": "",
  "tracks": [
    {
      "track_id": "1002",
      "track_name": "Arranger",
      "track_type": "track",
      "is_audio_track": false,
      "is_audio": false,
      "plugins": [],
      "clips": []
    },
    {
      "track_id": "1003",
      "track_name": "Chord",
      "track_type": "track",
      "is_audio_track": false,
      "is_audio": false,
      "plugins": [],
      "clips": []
    },
    {
      "track_id": "1004",
      "track_name": "Marker",
      "track_type": "track",
      "is_audio_track": false,
      "is_audio": false,
      "plugins": [],
      "clips": []
    },
    {
      "track_id": "1005",
      "track_name": "Tempo",
      "track_type": "track",
      "is_audio_track": false,
      "is_audio": false,
      "plugins": [],
      "clips": []
    },
    {
      "track_id": "1006",
      "track_name": "Master",
      "track_type": "master",
      "is_audio_track": false,
      "is_audio": false,
      "plugins": [],
      "clips": []
    }
  ]
}
VitHeadlessService: command reply (truncated): {
  "status": "ok",
  "project_path": "",
  "tracks": [
    {
      "track_id": "1002",
      "track_name": "Arranger",
      "track_type": "track",
      "is_audio_track": false,
      "is_audio": false,
     
ZmqGateway: received command payload: {"cmd":"list_tracks"}
ZmqGateway: dispatching payload to JUCE message thread.
VitHeadlessService: processing queued command on JUCE message thread: {"cmd":"list_tracks"}
Command received: {"cmd":"list_tracks"}
Command executed: list_tracks, result: {
  "status": "ok",
  "message": "Track list fetched",
  "tracks": [
    {
      "track_id": "1002",
      "name": "Arranger",
      "track_type": "track",
      "is_audio": false,
      "is_audio_track": false,
      "vit_type": "",
      "vit_intent": "",
      "plugin_count": 0,
      "plugins": []
    },
    {
      "track_id": "1003",
      "name": "Chord",
      "track_type": "track",
      "is_audio": false,
      "is_audio_track": false,
      "vit_type": "",
      "vit_intent": "",
      "plugin_count": 0,
      "plugins": []
    },
    {
      "track_id": "1004",
      "name": "Marker",
      "track_type": "track",
      "is_audio": false,
      "is_audio_track": false,
      "vit_type": "",
      "vit_intent": "",
      "plugin_count": 0,
      "plugins": []
    },
    {
      "track_id": "1005",
      "name": "Tempo",
      "track_type": "track",
      "is_audio": false,
      "is_audio_track": false,
      "vit_type": "",
      "vit_intent": "",
      "plugin_count": 0,
      "plugins": []
    },
    {
      "track_id": "1006",
      "name": "Master",
      "track_type": "master",
      "is_audio": false,
      "is_audio_track": false,
      "vit_type": "",
      "vit_intent": "",
      "plugin_count": 0,
      "plugins": []
    }
  ]
}
VitHeadlessService: command reply (truncated): {
  "status": "ok",
  "message": "Track list fetched",
  "tracks": [
    {
      "track_id": "1002",
      "name": "Arranger",
      "track_type": "track",
      "is_audio": false,
      "is_audio_track": false,
ZmqGateway: received command payload: {"cmd":"list_tracks"}
ZmqGateway: dispatching payload to JUCE message thread.
VitHeadlessService: processing queued command on JUCE message thread: {"cmd":"list_tracks"}
Command received: {"cmd":"list_tracks"}
Command executed: list_tracks, result: {
  "status": "ok",
  "message": "Track list fetched",
  "tracks": [
    {
      "track_id": "1002",
      "name": "Arranger",
      "track_type": "track",
      "is_audio": false,
      "is_audio_track": false,
      "vit_type": "",
      "vit_intent": "",
      "plugin_count": 0,
      "plugins": []
    },
    {
      "track_id": "1003",
      "name": "Chord",
      "track_type": "track",
      "is_audio": false,
      "is_audio_track": false,
      "vit_type": "",
      "vit_intent": "",
      "plugin_count": 0,
      "plugins": []
    },
    {
      "track_id": "1004",
      "name": "Marker",
      "track_type": "track",
      "is_audio": false,
      "is_audio_track": false,
      "vit_type": "",
      "vit_intent": "",
      "plugin_count": 0,
      "plugins": []
    },
    {
      "track_id": "1005",
      "name": "Tempo",
      "track_type": "track",
      "is_audio": false,
      "is_audio_track": false,
      "vit_type": "",
      "vit_intent": "",
      "plugin_count": 0,
      "plugins": []
    },
    {
      "track_id": "1006",
      "name": "Master",
      "track_type": "master",
      "is_audio": false,
      "is_audio_track": false,
      "vit_type": "",
      "vit_intent": "",
      "plugin_count": 0,
      "plugins": []
    }
  ]
}
VitHeadlessService: command reply (truncated): {
  "status": "ok",
  "message": "Track list fetched",
  "tracks": [
    {
      "track_id": "1002",
      "name": "Arranger",
      "track_type": "track",
      "is_audio": false,
      "is_audio_track": false,
ZmqGateway: received command payload: {"cmd":"add_track","type":"hybrid"}
ZmqGateway: dispatching payload to JUCE message thread.
VitHeadlessService: processing queued command on JUCE message thread: {"cmd":"add_track","type":"hybrid"}
Command received: {"cmd":"add_track","type":"hybrid"}
VitHeadlessService: project saved to D:\Vit_DAW\VitApp\Workspace\default_project.xml
Command executed: add_track, result: {
  "status": "ok",
  "message": "Track added",
  "track_id": "1007",
  "track_name": "Track 1"
}
VitHeadlessService: command reply (truncated): {
  "status": "ok",
  "message": "Track added",
  "track_id": "1007",
  "track_name": "Track 1"
}
ZmqGateway: received command payload: {"cmd":"list_tracks"}
ZmqGateway: dispatching payload to JUCE message thread.
VitHeadlessService: processing queued command on JUCE message thread: {"cmd":"list_tracks"}
Command received: {"cmd":"list_tracks"}
Command executed: list_tracks, result: {
  "status": "ok",
  "message": "Track list fetched",
  "tracks": [
    {
      "track_id": "1002",
      "name": "Arranger",
      "track_type": "track",
      "is_audio": false,
      "is_audio_track": false,
      "vit_type": "",
      "vit_intent": "",
      "plugin_count": 0,
      "plugins": []
    },
    {
      "track_id": "1003",
      "name": "Chord",
      "track_type": "track",
      "is_audio": false,
      "is_audio_track": false,
      "vit_type": "",
      "vit_intent": "",
      "plugin_count": 0,
      "plugins": []
    },
    {
      "track_id": "1004",
      "name": "Marker",
      "track_type": "track",
      "is_audio": false,
      "is_audio_track": false,
      "vit_type": "",
      "vit_intent": "",
      "plugin_count": 0,
      "plugins": []
    },
    {
      "track_id": "1005",
      "name": "Tempo",
      "track_type": "track",
      "is_audio": false,
      "is_audio_track": false,
      "vit_type": "",
      "vit_intent": "",
      "plugin_count": 0,
      "plugins": []
    },
    {
      "track_id": "1006",
      "name": "Master",
      "track_type": "master",
      "is_audio": false,
      "is_audio_track": false,
      "vit_type": "",
      "vit_intent": "",
      "plugin_count": 0,
      "plugins": []
    },
    {
      "track_id": "1007",
      "name": "Track 1",
      "track_type": "hybrid",
      "is_audio": true,
      "is_audio_track": true,
      "vit_type": "",
      "vit_intent": "",
      "plugin_count": 2,
      "plugins": [
        {
          "name": "Volume & Pan Plugin",
          "type": "volume",
          "enabled": true
        },
        {
          "name": "Level Meter",
          "type": "level",
          "enabled": true
        }
      ]
    }
  ]
}
VitHeadlessService: command reply (truncated): {
  "status": "ok",
  "message": "Track list fetched",
  "tracks": [
    {
      "track_id": "1002",
      "name": "Arranger",
      "track_type": "track",
      "is_audio": false,
      "is_audio_track": false,
ZmqGateway: received command payload: {"cmd":"get_project_state"}
ZmqGateway: dispatching payload to JUCE message thread.
VitHeadlessService: processing queued command on JUCE message thread: {"cmd":"get_project_state"}
Command received: {"cmd":"get_project_state"}
Command executed: get_project_state, result: {
  "status": "ok",
  "project_path": "",
  "tracks": [
    {
      "track_id": "1002",
      "track_name": "Arranger",
      "track_type": "track",
      "is_audio_track": false,
      "is_audio": false,
      "plugins": [],
      "clips": []
    },
    {
      "track_id": "1003",
      "track_name": "Chord",
      "track_type": "track",
      "is_audio_track": false,
      "is_audio": false,
      "plugins": [],
      "clips": []
    },
    {
      "track_id": "1004",
      "track_name": "Marker",
      "track_type": "track",
      "is_audio_track": false,
      "is_audio": false,
      "plugins": [],
      "clips": []
    },
    {
      "track_id": "1005",
      "track_name": "Tempo",
      "track_type": "track",
      "is_audio_track": false,
      "is_audio": false,
      "plugins": [],
      "clips": []
    },
    {
      "track_id": "1006",
      "track_name": "Master",
      "track_type": "master",
      "is_audio_track": false,
      "is_audio": false,
      "plugins": [],
      "clips": []
    },
    {
      "track_id": "1007",
      "track_name": "Track 1",
      "track_type": "hybrid",
      "is_audio_track": true,
      "is_audio": true,
      "plugins": [
        {
          "id": "1008",
          "item_id": "1008",
          "name": "Volume & Pan Plugin",
          "type": "volume",
          "enabled": true
        },
        {
          "id": "1009",
          "item_id": "1009",
          "name": "Level Meter",
          "type": "level",
          "enabled": true
        }
      ],
      "clips": [],
      "output_to_device_resolved": true,
      "output_device_enabled": true,
      "output_device_id": "out_b7a4b4c1",
      "output_routing_name": "(default audio output)"
    }
  ]
}
VitHeadlessService: command reply (truncated): {
  "status": "ok",
  "project_path": "",
  "tracks": [
    {
      "track_id": "1002",
      "track_name": "Arranger",
      "track_type": "track",
      "is_audio_track": false,
      "is_audio": false,
     
ZmqGateway: received command payload: {"cmd":"list_tracks"}
ZmqGateway: dispatching payload to JUCE message thread.
VitHeadlessService: processing queued command on JUCE message thread: {"cmd":"list_tracks"}
Command received: {"cmd":"list_tracks"}
Command executed: list_tracks, result: {
  "status": "ok",
  "message": "Track list fetched",
  "tracks": [
    {
      "track_id": "1002",
      "name": "Arranger",
      "track_type": "track",
      "is_audio": false,
      "is_audio_track": false,
      "vit_type": "",
      "vit_intent": "",
      "plugin_count": 0,
      "plugins": []
    },
    {
      "track_id": "1003",
      "name": "Chord",
      "track_type": "track",
      "is_audio": false,
      "is_audio_track": false,
      "vit_type": "",
      "vit_intent": "",
      "plugin_count": 0,
      "plugins": []
    },
    {
      "track_id": "1004",
      "name": "Marker",
      "track_type": "track",
      "is_audio": false,
      "is_audio_track": false,
      "vit_type": "",
      "vit_intent": "",
      "plugin_count": 0,
      "plugins": []
    },
    {
      "track_id": "1005",
      "name": "Tempo",
      "track_type": "track",
      "is_audio": false,
      "is_audio_track": false,
      "vit_type": "",
      "vit_intent": "",
      "plugin_count": 0,
      "plugins": []
    },
    {
      "track_id": "1006",
      "name": "Master",
      "track_type": "master",
      "is_audio": false,
      "is_audio_track": false,
      "vit_type": "",
      "vit_intent": "",
      "plugin_count": 0,
      "plugins": []
    },
    {
      "track_id": "1007",
      "name": "Track 1",
      "track_type": "hybrid",
      "is_audio": true,
      "is_audio_track": true,
      "vit_type": "",
      "vit_intent": "",
      "plugin_count": 2,
      "plugins": [
        {
          "name": "Volume & Pan Plugin",
          "type": "volume",
          "enabled": true
        },
        {
          "name": "Level Meter",
          "type": "level",
          "enabled": true
        }
      ]
    }
  ]
}
VitHeadlessService: command reply (truncated): {
  "status": "ok",
  "message": "Track list fetched",
  "tracks": [
    {
      "track_id": "1002",
      "name": "Arranger",
      "track_type": "track",
      "is_audio": false,
      "is_audio_track": false,
ZmqGateway: received command payload: {"cmd":"insert_midi_clip","command":"insert_midi_clip","length":4.0,"start":0.0,"time_unit":"beats","track_id":"1007"}
ZmqGateway: dispatching payload to JUCE message thread.
VitHeadlessService: processing queued command on JUCE message thread: {"cmd":"insert_midi_clip","command":"insert_midi_clip","length":4.0,"start":0.0,"time_unit":"beats","track_id":"1007"}
Command received: {"cmd":"insert_midi_clip","command":"insert_midi_clip","length":4.0,"start":0.0,"time_unit":"beats","track_id":"1007"}
Command executed: insert_midi_clip, result: {
  "status": "ok",
  "message": "MIDI clip inserted",
  "clip_id": "1010",
  "track_id": "1007",
  "start_seconds": 0.0,
  "length_seconds": 2.0
}
VitHeadlessService: command reply (truncated): {
  "status": "ok",
  "message": "MIDI clip inserted",
  "clip_id": "1010",
  "track_id": "1007",
  "start_seconds": 0.0,
  "length_seconds": 2.0
}
ZmqGateway: received command payload: {"cmd":"get_project_state"}
ZmqGateway: dispatching payload to JUCE message thread.
VitHeadlessService: processing queued command on JUCE message thread: {"cmd":"get_project_state"}
Command received: {"cmd":"get_project_state"}
Command executed: get_project_state, result: {
  "status": "ok",
  "project_path": "",
  "tracks": [
    {
      "track_id": "1002",
      "track_name": "Arranger",
      "track_type": "track",
      "is_audio_track": false,
      "is_audio": false,
      "plugins": [],
      "clips": []
    },
    {
      "track_id": "1003",
      "track_name": "Chord",
      "track_type": "track",
      "is_audio_track": false,
      "is_audio": false,
      "plugins": [],
      "clips": []
    },
    {
      "track_id": "1004",
      "track_name": "Marker",
      "track_type": "track",
      "is_audio_track": false,
      "is_audio": false,
      "plugins": [],
      "clips": []
    },
    {
      "track_id": "1005",
      "track_name": "Tempo",
      "track_type": "track",
      "is_audio_track": false,
      "is_audio": false,
      "plugins": [],
      "clips": []
    },
    {
      "track_id": "1006",
      "track_name": "Master",
      "track_type": "master",
      "is_audio_track": false,
      "is_audio": false,
      "plugins": [],
      "clips": []
    },
    {
      "track_id": "1007",
      "track_name": "Track 1",
      "track_type": "hybrid",
      "is_audio_track": true,
      "is_audio": true,
      "plugins": [
        {
          "id": "1008",
          "item_id": "1008",
          "name": "Volume & Pan Plugin",
          "type": "volume",
          "enabled": true
        },
        {
          "id": "1009",
          "item_id": "1009",
          "name": "Level Meter",
          "type": "level",
          "enabled": true
        }
      ],
      "clips": [
        {
          "id": "1010",
          "name": "New MIDI Clip",
          "clip_type": "midi",
          "start_seconds": 0.0,
          "end_seconds": 2.0,
          "length_seconds": 2.0,
          "offset_in_source_seconds": 0.0
        }
      ],
      "output_to_device_resolved": true,
      "output_device_enabled": true,
      "output_device_id": "out_b7a4b4c1",
      "output_routing_name": "(default audio output)"
    }
  ]
}
VitHeadlessService: command reply (truncated): {
  "status": "ok",
  "project_path": "",
  "tracks": [
    {
      "track_id": "1002",
      "track_name": "Arranger",
      "track_type": "track",
      "is_audio_track": false,
      "is_audio": false,
     
ZmqGateway: received command payload: {"cmd":"list_tracks"}
ZmqGateway: dispatching payload to JUCE message thread.
VitHeadlessService: processing queued command on JUCE message thread: {"cmd":"list_tracks"}
Command received: {"cmd":"list_tracks"}
Command executed: list_tracks, result: {
  "status": "ok",
  "message": "Track list fetched",
  "tracks": [
    {
      "track_id": "1002",
      "name": "Arranger",
      "track_type": "track",
      "is_audio": false,
      "is_audio_track": false,
      "vit_type": "",
      "vit_intent": "",
      "plugin_count": 0,
      "plugins": []
    },
    {
      "track_id": "1003",
      "name": "Chord",
      "track_type": "track",
      "is_audio": false,
      "is_audio_track": false,
      "vit_type": "",
      "vit_intent": "",
      "plugin_count": 0,
      "plugins": []
    },
    {
      "track_id": "1004",
      "name": "Marker",
      "track_type": "track",
      "is_audio": false,
      "is_audio_track": false,
      "vit_type": "",
      "vit_intent": "",
      "plugin_count": 0,
      "plugins": []
    },
    {
      "track_id": "1005",
      "name": "Tempo",
      "track_type": "track",
      "is_audio": false,
      "is_audio_track": false,
      "vit_type": "",
      "vit_intent": "",
      "plugin_count": 0,
      "plugins": []
    },
    {
      "track_id": "1006",
      "name": "Master",
      "track_type": "master",
      "is_audio": false,
      "is_audio_track": false,
      "vit_type": "",
      "vit_intent": "",
      "plugin_count": 0,
      "plugins": []
    },
    {
      "track_id": "1007",
      "name": "Track 1",
      "track_type": "hybrid",
      "is_audio": true,
      "is_audio_track": true,
      "vit_type": "",
      "vit_intent": "",
      "plugin_count": 2,
      "plugins": [
        {
          "name": "Volume & Pan Plugin",
          "type": "volume",
          "enabled": true
        },
        {
          "name": "Level Meter",
          "type": "level",
          "enabled": true
        }
      ]
    }
  ]
}
VitHeadlessService: command reply (truncated): {
  "status": "ok",
  "message": "Track list fetched",
  "tracks": [
    {
      "track_id": "1002",
      "name": "Arranger",
      "track_type": "track",
      "is_audio": false,
      "is_audio_track": false,
ZmqGateway: received command payload: {"clip_id":"1010","cmd":"get_midi_clip_data","command":"get_midi_clip_data","time_unit":"beats"}
ZmqGateway: dispatching payload to JUCE message thread.
VitHeadlessService: processing queued command on JUCE message thread: {"clip_id":"1010","cmd":"get_midi_clip_data","command":"get_midi_clip_data","time_unit":"beats"}
Command received: {"clip_id":"1010","cmd":"get_midi_clip_data","command":"get_midi_clip_data","time_unit":"beats"}
Command executed: get_midi_clip_data, result: {
  "status": "ok",
  "clip_id": "1010",
  "time_unit": "beats",
  "notes": []
}
VitHeadlessService: command reply (truncated): {
  "status": "ok",
  "clip_id": "1010",
  "time_unit": "beats",
  "notes": []
}
ZmqGateway: received command payload: {"clip_id":"1010","cmd":"get_midi_clip_notes","command":"get_midi_clip_notes","time_unit":"beats","track_id":"1007"}
ZmqGateway: dispatching payload to JUCE message thread.
VitHeadlessService: processing queued command on JUCE message thread: {"clip_id":"1010","cmd":"get_midi_clip_notes","command":"get_midi_clip_notes","time_unit":"beats","track_id":"1007"}
Command received: {"clip_id":"1010","cmd":"get_midi_clip_notes","command":"get_midi_clip_notes","time_unit":"beats","track_id":"1007"}
Command executed: get_midi_clip_notes, result: {
  "status": "ok",
  "message": "MIDI clip notes",
  "clip_id": "1010",
  "track_id": "1007",
  "time_unit": "beats",
  "notes": []
}
VitHeadlessService: command reply (truncated): {
  "status": "ok",
  "message": "MIDI clip notes",
  "clip_id": "1010",
  "track_id": "1007",
  "time_unit": "beats",
  "notes": []
}
ZmqGateway: received command payload: {"clip_id":"1010","cmd":"add_midi_notes","command":"add_midi_notes","notes":[{"id":"note_63472","length":1.0,"pitch":70,"start":0.5,"state":"solid","velocity":100}],"time_unit":"beats","track_id":"1007","track_index":0}
ZmqGateway: dispatching payload to JUCE message thread.
VitHeadlessService: processing queued command on JUCE message thread: {"clip_id":"1010","cmd":"add_midi_notes","command":"add_midi_notes","notes":[{"id":"note_63472","length":1.0,"pitch":70,"start":0.5,"state":"solid","velocity":100}],"time_unit":"beats","track_id":"1007","track_index":0}
Command received: {"clip_id":"1010","cmd":"add_midi_notes","command":"add_midi_notes","notes":[{"id":"note_63472","length":1.0,"pitch":70,"start":0.5,"state":"solid","velocity":100}],"time_unit":"beats","track_id":"1007","track_index":0}
Command executed: add_midi_notes, result: {
  "status": "ok",
  "message": "MIDI notes added",
  "clip_id": "1010",
  "track_id": "1007",
  "added_count": 1
}
VitHeadlessService: command reply (truncated): {
  "status": "ok",
  "message": "MIDI notes added",
  "clip_id": "1010",
  "track_id": "1007",
  "added_count": 1
}
ZmqGateway: received command payload: {"clip_id":"1010","cmd":"add_midi_notes","command":"add_midi_notes","notes":[{"id":"note_63942","length":1.0,"pitch":65,"start":1.75,"state":"solid","velocity":100}],"time_unit":"beats","track_id":"1007","track_index":0}
ZmqGateway: dispatching payload to JUCE message thread.
VitHeadlessService: processing queued command on JUCE message thread: {"clip_id":"1010","cmd":"add_midi_notes","command":"add_midi_notes","notes":[{"id":"note_63942","length":1.0,"pitch":65,"start":1.75,"state":"solid","velocity":100}],"time_unit":"beats","track_id":"1007","track_index":0}
Command received: {"clip_id":"1010","cmd":"add_midi_notes","command":"add_midi_notes","notes":[{"id":"note_63942","length":1.0,"pitch":65,"start":1.75,"state":"solid","velocity":100}],"time_unit":"beats","track_id":"1007","track_index":0}
Command executed: add_midi_notes, result: {
  "status": "ok",
  "message": "MIDI notes added",
  "clip_id": "1010",
  "track_id": "1007",
  "added_count": 1
}
VitHeadlessService: command reply (truncated): {
  "status": "ok",
  "message": "MIDI notes added",
  "clip_id": "1010",
  "track_id": "1007",
  "added_count": 1
}
ZmqGateway: received command payload: {"clip_id":"1010","cmd":"add_midi_notes","command":"add_midi_notes","notes":[{"id":"note_64366","length":1.0,"pitch":70,"start":2.5,"state":"solid","velocity":100}],"time_unit":"beats","track_id":"1007","track_index":0}
ZmqGateway: dispatching payload to JUCE message thread.
VitHeadlessService: processing queued command on JUCE message thread: {"clip_id":"1010","cmd":"add_midi_notes","command":"add_midi_notes","notes":[{"id":"note_64366","length":1.0,"pitch":70,"start":2.5,"state":"solid","velocity":100}],"time_unit":"beats","track_id":"1007","track_index":0}
Command received: {"clip_id":"1010","cmd":"add_midi_notes","command":"add_midi_notes","notes":[{"id":"note_64366","length":1.0,"pitch":70,"start":2.5,"state":"solid","velocity":100}],"time_unit":"beats","track_id":"1007","track_index":0}
Command executed: add_midi_notes, result: {
  "status": "ok",
  "message": "MIDI notes added",
  "clip_id": "1010",
  "track_id": "1007",
  "added_count": 1
}
VitHeadlessService: command reply (truncated): {
  "status": "ok",
  "message": "MIDI notes added",
  "clip_id": "1010",
  "track_id": "1007",
  "added_count": 1
}
ZmqGateway: received command payload: {"clip_id":"1010","cmd":"move_clip","new_start":7.85046577453613,"new_start_seconds":3.92523288726807,"overlap_mode":"trim","source_track_id":"1007","target_track_id":"1007","time_unit":"beats"}
ZmqGateway: dispatching payload to JUCE message thread.
VitHeadlessService: processing queued command on JUCE message thread: {"clip_id":"1010","cmd":"move_clip","new_start":7.85046577453613,"new_start_seconds":3.92523288726807,"overlap_mode":"trim","source_track_id":"1007","target_track_id":"1007","time_unit":"beats"}
Command received: {"clip_id":"1010","cmd":"move_clip","new_start":7.85046577453613,"new_start_seconds":3.92523288726807,"overlap_mode":"trim","source_track_id":"1007","target_track_id":"1007","time_unit":"beats"}
Command executed: move_clip, result: {
  "status": "ok",
  "message": "Clip moved",
  "clip_id": "1010",
  "source_track_id": "1007",
  "target_track_id": "1007",
  "affected_track_id": "1007",
  "new_start_seconds": 3.925232887268065,
  "overlap_mode": "trim",
  "created_clip_ids": [],
  "removed_clip_ids": [],
  "affected_clip_ids": []
}
VitHeadlessService: command reply (truncated): {
  "status": "ok",
  "message": "Clip moved",
  "clip_id": "1010",
  "source_track_id": "1007",
  "target_track_id": "1007",
  "affected_track_id": "1007",
  "new_start_seconds": 3.925232887268065,
  "overlap_mo
ZmqGateway: received command payload: {"cmd":"get_project_state"}
ZmqGateway: dispatching payload to JUCE message thread.
VitHeadlessService: processing queued command on JUCE message thread: {"cmd":"get_project_state"}
Command received: {"cmd":"get_project_state"}
Command executed: get_project_state, result: {
  "status": "ok",
  "project_path": "",
  "tracks": [
    {
      "track_id": "1002",
      "track_name": "Arranger",
      "track_type": "track",
      "is_audio_track": false,
      "is_audio": false,
      "plugins": [],
      "clips": []
    },
    {
      "track_id": "1003",
      "track_name": "Chord",
      "track_type": "track",
      "is_audio_track": false,
      "is_audio": false,
      "plugins": [],
      "clips": []
    },
    {
      "track_id": "1004",
      "track_name": "Marker",
      "track_type": "track",
      "is_audio_track": false,
      "is_audio": false,
      "plugins": [],
      "clips": []
    },
    {
      "track_id": "1005",
      "track_name": "Tempo",
      "track_type": "track",
      "is_audio_track": false,
      "is_audio": false,
      "plugins": [],
      "clips": []
    },
    {
      "track_id": "1006",
      "track_name": "Master",
      "track_type": "master",
      "is_audio_track": false,
      "is_audio": false,
      "plugins": [],
      "clips": []
    },
    {
      "track_id": "1007",
      "track_name": "Track 1",
      "track_type": "hybrid",
      "is_audio_track": true,
      "is_audio": true,
      "plugins": [
        {
          "id": "1008",
          "item_id": "1008",
          "name": "Volume & Pan Plugin",
          "type": "volume",
          "enabled": true
        },
        {
          "id": "1009",
          "item_id": "1009",
          "name": "Level Meter",
          "type": "level",
          "enabled": true
        }
      ],
      "clips": [
        {
          "id": "1010",
          "name": "New MIDI Clip",
          "clip_type": "midi",
          "start_seconds": 3.925232887268065,
          "end_seconds": 5.925232887268065,
          "length_seconds": 2.0,
          "offset_in_source_seconds": 0.0
        }
      ],
      "output_to_device_resolved": true,
      "output_device_enabled": true,
      "output_device_id": "out_b7a4b4c1",
      "output_routing_name": "(default audio output)"
    }
  ]
}
VitHeadlessService: command reply (truncated): {
  "status": "ok",
  "project_path": "",
  "tracks": [
    {
      "track_id": "1002",
      "track_name": "Arranger",
      "track_type": "track",
      "is_audio_track": false,
      "is_audio": false,
     
ZmqGateway: received command payload: {"cmd":"list_tracks"}
ZmqGateway: dispatching payload to JUCE message thread.
VitHeadlessService: processing queued command on JUCE message thread: {"cmd":"list_tracks"}
Command received: {"cmd":"list_tracks"}
Command executed: list_tracks, result: {
  "status": "ok",
  "message": "Track list fetched",
  "tracks": [
    {
      "track_id": "1002",
      "name": "Arranger",
      "track_type": "track",
      "is_audio": false,
      "is_audio_track": false,
      "vit_type": "",
      "vit_intent": "",
      "plugin_count": 0,
      "plugins": []
    },
    {
      "track_id": "1003",
      "name": "Chord",
      "track_type": "track",
      "is_audio": false,
      "is_audio_track": false,
      "vit_type": "",
      "vit_intent": "",
      "plugin_count": 0,
      "plugins": []
    },
    {
      "track_id": "1004",
      "name": "Marker",
      "track_type": "track",
      "is_audio": false,
      "is_audio_track": false,
      "vit_type": "",
      "vit_intent": "",
      "plugin_count": 0,
      "plugins": []
    },
    {
      "track_id": "1005",
      "name": "Tempo",
      "track_type": "track",
      "is_audio": false,
      "is_audio_track": false,
      "vit_type": "",
      "vit_intent": "",
      "plugin_count": 0,
      "plugins": []
    },
    {
      "track_id": "1006",
      "name": "Master",
      "track_type": "master",
      "is_audio": false,
      "is_audio_track": false,
      "vit_type": "",
      "vit_intent": "",
      "plugin_count": 0,
      "plugins": []
    },
    {
      "track_id": "1007",
      "name": "Track 1",
      "track_type": "hybrid",
      "is_audio": true,
      "is_audio_track": true,
      "vit_type": "",
      "vit_intent": "",
      "plugin_count": 2,
      "plugins": [
        {
          "name": "Volume & Pan Plugin",
          "type": "volume",
          "enabled": true
        },
        {
          "name": "Level Meter",
          "type": "level",
          "enabled": true
        }
      ]
    }
  ]
}
VitHeadlessService: command reply (truncated): {
  "status": "ok",
  "message": "Track list fetched",
  "tracks": [
    {
      "track_id": "1002",
      "name": "Arranger",
      "track_type": "track",
      "is_audio": false,
      "is_audio_track": false,
ZmqGateway: received command payload: {"clip_id":"1010","cmd":"move_clip","new_start":0.504673004150388,"new_start_seconds":0.252336502075194,"overlap_mode":"trim","source_track_id":"1007","target_track_id":"1007","time_unit":"beats"}
ZmqGateway: dispatching payload to JUCE message thread.
VitHeadlessService: processing queued command on JUCE message thread: {"clip_id":"1010","cmd":"move_clip","new_start":0.504673004150388,"new_start_seconds":0.252336502075194,"overlap_mode":"trim","source_track_id":"1007","target_track_id":"1007","time_unit":"beats"}
Command received: {"clip_id":"1010","cmd":"move_clip","new_start":0.504673004150388,"new_start_seconds":0.252336502075194,"overlap_mode":"trim","source_track_id":"1007","target_track_id":"1007","time_unit":"beats"}
Command executed: move_clip, result: {
  "status": "ok",
  "message": "Clip moved",
  "clip_id": "1010",
  "source_track_id": "1007",
  "target_track_id": "1007",
  "affected_track_id": "1007",
  "new_start_seconds": 0.252336502075194,
  "overlap_mode": "trim",
  "created_clip_ids": [],
  "removed_clip_ids": [],
  "affected_clip_ids": []
}
VitHeadlessService: command reply (truncated): {
  "status": "ok",
  "message": "Clip moved",
  "clip_id": "1010",
  "source_track_id": "1007",
  "target_track_id": "1007",
  "affected_track_id": "1007",
  "new_start_seconds": 0.252336502075194,
  "overlap_mo
ZmqGateway: received command payload: {"cmd":"get_project_state"}
ZmqGateway: dispatching payload to JUCE message thread.
VitHeadlessService: processing queued command on JUCE message thread: {"cmd":"get_project_state"}
Command received: {"cmd":"get_project_state"}
Command executed: get_project_state, result: {
  "status": "ok",
  "project_path": "",
  "tracks": [
    {
      "track_id": "1002",
      "track_name": "Arranger",
      "track_type": "track",
      "is_audio_track": false,
      "is_audio": false,
      "plugins": [],
      "clips": []
    },
    {
      "track_id": "1003",
      "track_name": "Chord",
      "track_type": "track",
      "is_audio_track": false,
      "is_audio": false,
      "plugins": [],
      "clips": []
    },
    {
      "track_id": "1004",
      "track_name": "Marker",
      "track_type": "track",
      "is_audio_track": false,
      "is_audio": false,
      "plugins": [],
      "clips": []
    },
    {
      "track_id": "1005",
      "track_name": "Tempo",
      "track_type": "track",
      "is_audio_track": false,
      "is_audio": false,
      "plugins": [],
      "clips": []
    },
    {
      "track_id": "1006",
      "track_name": "Master",
      "track_type": "master",
      "is_audio_track": false,
      "is_audio": false,
      "plugins": [],
      "clips": []
    },
    {
      "track_id": "1007",
      "track_name": "Track 1",
      "track_type": "hybrid",
      "is_audio_track": true,
      "is_audio": true,
      "plugins": [
        {
          "id": "1008",
          "item_id": "1008",
          "name": "Volume & Pan Plugin",
          "type": "volume",
          "enabled": true
        },
        {
          "id": "1009",
          "item_id": "1009",
          "name": "Level Meter",
          "type": "level",
          "enabled": true
        }
      ],
      "clips": [
        {
          "id": "1010",
          "name": "New MIDI Clip",
          "clip_type": "midi",
          "start_seconds": 0.252336502075194,
          "end_seconds": 2.252336502075194,
          "length_seconds": 2.0,
          "offset_in_source_seconds": 0.0
        }
      ],
      "output_to_device_resolved": true,
      "output_device_enabled": true,
      "output_device_id": "out_b7a4b4c1",
      "output_routing_name": "(default audio output)"
    }
  ]
}
VitHeadlessService: command reply (truncated): {
  "status": "ok",
  "project_path": "",
  "tracks": [
    {
      "track_id": "1002",
      "track_name": "Arranger",
      "track_type": "track",
      "is_audio_track": false,
      "is_audio": false,
     
ZmqGateway: received command payload: {"cmd":"list_tracks"}
ZmqGateway: dispatching payload to JUCE message thread.
VitHeadlessService: processing queued command on JUCE message thread: {"cmd":"list_tracks"}
Command received: {"cmd":"list_tracks"}
Command executed: list_tracks, result: {
  "status": "ok",
  "message": "Track list fetched",
  "tracks": [
    {
      "track_id": "1002",
      "name": "Arranger",
      "track_type": "track",
      "is_audio": false,
      "is_audio_track": false,
      "vit_type": "",
      "vit_intent": "",
      "plugin_count": 0,
      "plugins": []
    },
    {
      "track_id": "1003",
      "name": "Chord",
      "track_type": "track",
      "is_audio": false,
      "is_audio_track": false,
      "vit_type": "",
      "vit_intent": "",
      "plugin_count": 0,
      "plugins": []
    },
    {
      "track_id": "1004",
      "name": "Marker",
      "track_type": "track",
      "is_audio": false,
      "is_audio_track": false,
      "vit_type": "",
      "vit_intent": "",
      "plugin_count": 0,
      "plugins": []
    },
    {
      "track_id": "1005",
      "name": "Tempo",
      "track_type": "track",
      "is_audio": false,
      "is_audio_track": false,
      "vit_type": "",
      "vit_intent": "",
      "plugin_count": 0,
      "plugins": []
    },
    {
      "track_id": "1006",
      "name": "Master",
      "track_type": "master",
      "is_audio": false,
      "is_audio_track": false,
      "vit_type": "",
      "vit_intent": "",
      "plugin_count": 0,
      "plugins": []
    },
    {
      "track_id": "1007",
      "name": "Track 1",
      "track_type": "hybrid",
      "is_audio": true,
      "is_audio_track": true,
      "vit_type": "",
      "vit_intent": "",
      "plugin_count": 2,
      "plugins": [
        {
          "name": "Volume & Pan Plugin",
          "type": "volume",
          "enabled": true
        },
        {
          "name": "Level Meter",
          "type": "level",
          "enabled": true
        }
      ]
    }
  ]
}
VitHeadlessService: command reply (truncated): {
  "status": "ok",
  "message": "Track list fetched",
  "tracks": [
    {
      "track_id": "1002",
      "name": "Arranger",
      "track_type": "track",
      "is_audio": false,
      "is_audio_track": false,
ZmqGateway: received command payload: {"clip_id":"1010","cmd":"move_clip","new_start":0.0,"new_start_seconds":0.0,"overlap_mode":"trim","source_track_id":"1007","target_track_id":"1007","time_unit":"beats"}
ZmqGateway: dispatching payload to JUCE message thread.
VitHeadlessService: processing queued command on JUCE message thread: {"clip_id":"1010","cmd":"move_clip","new_start":0.0,"new_start_seconds":0.0,"overlap_mode":"trim","source_track_id":"1007","target_track_id":"1007","time_unit":"beats"}
Command received: {"clip_id":"1010","cmd":"move_clip","new_start":0.0,"new_start_seconds":0.0,"overlap_mode":"trim","source_track_id":"1007","target_track_id":"1007","time_unit":"beats"}
Command executed: move_clip, result: {
  "status": "ok",
  "message": "Clip moved",
  "clip_id": "1010",
  "source_track_id": "1007",
  "target_track_id": "1007",
  "affected_track_id": "1007",
  "new_start_seconds": 0.0,
  "overlap_mode": "trim",
  "created_clip_ids": [],
  "removed_clip_ids": [],
  "affected_clip_ids": []
}
VitHeadlessService: command reply (truncated): {
  "status": "ok",
  "message": "Clip moved",
  "clip_id": "1010",
  "source_track_id": "1007",
  "target_track_id": "1007",
  "affected_track_id": "1007",
  "new_start_seconds": 0.0,
  "overlap_mode": "trim",

ZmqGateway: received command payload: {"cmd":"get_project_state"}
ZmqGateway: dispatching payload to JUCE message thread.
VitHeadlessService: processing queued command on JUCE message thread: {"cmd":"get_project_state"}
Command received: {"cmd":"get_project_state"}
Command executed: get_project_state, result: {
  "status": "ok",
  "project_path": "",
  "tracks": [
    {
      "track_id": "1002",
      "track_name": "Arranger",
      "track_type": "track",
      "is_audio_track": false,
      "is_audio": false,
      "plugins": [],
      "clips": []
    },
    {
      "track_id": "1003",
      "track_name": "Chord",
      "track_type": "track",
      "is_audio_track": false,
      "is_audio": false,
      "plugins": [],
      "clips": []
    },
    {
      "track_id": "1004",
      "track_name": "Marker",
      "track_type": "track",
      "is_audio_track": false,
      "is_audio": false,
      "plugins": [],
      "clips": []
    },
    {
      "track_id": "1005",
      "track_name": "Tempo",
      "track_type": "track",
      "is_audio_track": false,
      "is_audio": false,
      "plugins": [],
      "clips": []
    },
    {
      "track_id": "1006",
      "track_name": "Master",
      "track_type": "master",
      "is_audio_track": false,
      "is_audio": false,
      "plugins": [],
      "clips": []
    },
    {
      "track_id": "1007",
      "track_name": "Track 1",
      "track_type": "hybrid",
      "is_audio_track": true,
      "is_audio": true,
      "plugins": [
        {
          "id": "1008",
          "item_id": "1008",
          "name": "Volume & Pan Plugin",
          "type": "volume",
          "enabled": true
        },
        {
          "id": "1009",
          "item_id": "1009",
          "name": "Level Meter",
          "type": "level",
          "enabled": true
        }
      ],
      "clips": [
        {
          "id": "1010",
          "name": "New MIDI Clip",
          "clip_type": "midi",
          "start_seconds": 0.0,
          "end_seconds": 2.0,
          "length_seconds": 2.0,
          "offset_in_source_seconds": 0.0
        }
      ],
      "output_to_device_resolved": true,
      "output_device_enabled": true,
      "output_device_id": "out_b7a4b4c1",
      "output_routing_name": "(default audio output)"
    }
  ]
}
VitHeadlessService: command reply (truncated): {
  "status": "ok",
  "project_path": "",
  "tracks": [
    {
      "track_id": "1002",
      "track_name": "Arranger",
      "track_type": "track",
      "is_audio_track": false,
      "is_audio": false,
     
ZmqGateway: received command payload: {"cmd":"list_tracks"}
ZmqGateway: dispatching payload to JUCE message thread.
VitHeadlessService: processing queued command on JUCE message thread: {"cmd":"list_tracks"}
Command received: {"cmd":"list_tracks"}
Command executed: list_tracks, result: {
  "status": "ok",
  "message": "Track list fetched",
  "tracks": [
    {
      "track_id": "1002",
      "name": "Arranger",
      "track_type": "track",
      "is_audio": false,
      "is_audio_track": false,
      "vit_type": "",
      "vit_intent": "",
      "plugin_count": 0,
      "plugins": []
    },
    {
      "track_id": "1003",
      "name": "Chord",
      "track_type": "track",
      "is_audio": false,
      "is_audio_track": false,
      "vit_type": "",
      "vit_intent": "",
      "plugin_count": 0,
      "plugins": []
    },
    {
      "track_id": "1004",
      "name": "Marker",
      "track_type": "track",
      "is_audio": false,
      "is_audio_track": false,
      "vit_type": "",
      "vit_intent": "",
      "plugin_count": 0,
      "plugins": []
    },
    {
      "track_id": "1005",
      "name": "Tempo",
      "track_type": "track",
      "is_audio": false,
      "is_audio_track": false,
      "vit_type": "",
      "vit_intent": "",
      "plugin_count": 0,
      "plugins": []
    },
    {
      "track_id": "1006",
      "name": "Master",
      "track_type": "master",
      "is_audio": false,
      "is_audio_track": false,
      "vit_type": "",
      "vit_intent": "",
      "plugin_count": 0,
      "plugins": []
    },
    {
      "track_id": "1007",
      "name": "Track 1",
      "track_type": "hybrid",
      "is_audio": true,
      "is_audio_track": true,
      "vit_type": "",
      "vit_intent": "",
      "plugin_count": 2,
      "plugins": [
        {
          "name": "Volume & Pan Plugin",
          "type": "volume",
          "enabled": true
        },
        {
          "name": "Level Meter",
          "type": "level",
          "enabled": true
        }
      ]
    }
  ]
}
VitHeadlessService: command reply (truncated): {
  "status": "ok",
  "message": "Track list fetched",
  "tracks": [
    {
      "track_id": "1002",
      "name": "Arranger",
      "track_type": "track",
      "is_audio": false,
      "is_audio_track": false,
ZmqGateway: received command payload: {"clip_id":"1010","cmd":"move_clip","new_start":5.77570152282715,"new_start_seconds":2.88785076141357,"overlap_mode":"trim","source_track_id":"1007","target_track_id":"1007","time_unit":"beats"}
ZmqGateway: dispatching payload to JUCE message thread.
VitHeadlessService: processing queued command on JUCE message thread: {"clip_id":"1010","cmd":"move_clip","new_start":5.77570152282715,"new_start_seconds":2.88785076141357,"overlap_mode":"trim","source_track_id":"1007","target_track_id":"1007","time_unit":"beats"}
Command received: {"clip_id":"1010","cmd":"move_clip","new_start":5.77570152282715,"new_start_seconds":2.88785076141357,"overlap_mode":"trim","source_track_id":"1007","target_track_id":"1007","time_unit":"beats"}
Command executed: move_clip, result: {
  "status": "ok",
  "message": "Clip moved",
  "clip_id": "1010",
  "source_track_id": "1007",
  "target_track_id": "1007",
  "affected_track_id": "1007",
  "new_start_seconds": 2.887850761413575,
  "overlap_mode": "trim",
  "created_clip_ids": [],
  "removed_clip_ids": [],
  "affected_clip_ids": []
}
VitHeadlessService: command reply (truncated): {
  "status": "ok",
  "message": "Clip moved",
  "clip_id": "1010",
  "source_track_id": "1007",
  "target_track_id": "1007",
  "affected_track_id": "1007",
  "new_start_seconds": 2.887850761413575,
  "overlap_mo
ZmqGateway: received command payload: {"cmd":"get_project_state"}
ZmqGateway: dispatching payload to JUCE message thread.
VitHeadlessService: processing queued command on JUCE message thread: {"cmd":"get_project_state"}
Command received: {"cmd":"get_project_state"}
Command executed: get_project_state, result: {
  "status": "ok",
  "project_path": "",
  "tracks": [
    {
      "track_id": "1002",
      "track_name": "Arranger",
      "track_type": "track",
      "is_audio_track": false,
      "is_audio": false,
      "plugins": [],
      "clips": []
    },
    {
      "track_id": "1003",
      "track_name": "Chord",
      "track_type": "track",
      "is_audio_track": false,
      "is_audio": false,
      "plugins": [],
      "clips": []
    },
    {
      "track_id": "1004",
      "track_name": "Marker",
      "track_type": "track",
      "is_audio_track": false,
      "is_audio": false,
      "plugins": [],
      "clips": []
    },
    {
      "track_id": "1005",
      "track_name": "Tempo",
      "track_type": "track",
      "is_audio_track": false,
      "is_audio": false,
      "plugins": [],
      "clips": []
    },
    {
      "track_id": "1006",
      "track_name": "Master",
      "track_type": "master",
      "is_audio_track": false,
      "is_audio": false,
      "plugins": [],
      "clips": []
    },
    {
      "track_id": "1007",
      "track_name": "Track 1",
      "track_type": "hybrid",
      "is_audio_track": true,
      "is_audio": true,
      "plugins": [
        {
          "id": "1008",
          "item_id": "1008",
          "name": "Volume & Pan Plugin",
          "type": "volume",
          "enabled": true
        },
        {
          "id": "1009",
          "item_id": "1009",
          "name": "Level Meter",
          "type": "level",
          "enabled": true
        }
      ],
      "clips": [
        {
          "id": "1010",
          "name": "New MIDI Clip",
          "clip_type": "midi",
          "start_seconds": 2.887850761413575,
          "end_seconds": 4.887850761413574,
          "length_seconds": 1.999999999999999,
          "offset_in_source_seconds": 0.0
        }
      ],
      "output_to_device_resolved": true,
      "output_device_enabled": true,
      "output_device_id": "out_b7a4b4c1",
      "output_routing_name": "(default audio output)"
    }
  ]
}
VitHeadlessService: command reply (truncated): {
  "status": "ok",
  "project_path": "",
  "tracks": [
    {
      "track_id": "1002",
      "track_name": "Arranger",
      "track_type": "track",
      "is_audio_track": false,
      "is_audio": false,
     
ZmqGateway: received command payload: {"cmd":"list_tracks"}
ZmqGateway: dispatching payload to JUCE message thread.
VitHeadlessService: processing queued command on JUCE message thread: {"cmd":"list_tracks"}
Command received: {"cmd":"list_tracks"}
Command executed: list_tracks, result: {
  "status": "ok",
  "message": "Track list fetched",
  "tracks": [
    {
      "track_id": "1002",
      "name": "Arranger",
      "track_type": "track",
      "is_audio": false,
      "is_audio_track": false,
      "vit_type": "",
      "vit_intent": "",
      "plugin_count": 0,
      "plugins": []
    },
    {
      "track_id": "1003",
      "name": "Chord",
      "track_type": "track",
      "is_audio": false,
      "is_audio_track": false,
      "vit_type": "",
      "vit_intent": "",
      "plugin_count": 0,
      "plugins": []
    },
    {
      "track_id": "1004",
      "name": "Marker",
      "track_type": "track",
      "is_audio": false,
      "is_audio_track": false,
      "vit_type": "",
      "vit_intent": "",
      "plugin_count": 0,
      "plugins": []
    },
    {
      "track_id": "1005",
      "name": "Tempo",
      "track_type": "track",
      "is_audio": false,
      "is_audio_track": false,
      "vit_type": "",
      "vit_intent": "",
      "plugin_count": 0,
      "plugins": []
    },
    {
      "track_id": "1006",
      "name": "Master",
      "track_type": "master",
      "is_audio": false,
      "is_audio_track": false,
      "vit_type": "",
      "vit_intent": "",
      "plugin_count": 0,
      "plugins": []
    },
    {
      "track_id": "1007",
      "name": "Track 1",
      "track_type": "hybrid",
      "is_audio": true,
      "is_audio_track": true,
      "vit_type": "",
      "vit_intent": "",
      "plugin_count": 2,
      "plugins": [
        {
          "name": "Volume & Pan Plugin",
          "type": "volume",
          "enabled": true
        },
        {
          "name": "Level Meter",
          "type": "level",
          "enabled": true
        }
      ]
    }
  ]
}
VitHeadlessService: command reply (truncated): {
  "status": "ok",
  "message": "Track list fetched",
  "tracks": [
    {
      "track_id": "1002",
      "name": "Arranger",
      "track_type": "track",
      "is_audio": false,
      "is_audio_track": false,
ZmqGateway: received command payload: {"clip_id":"1010","cmd":"move_clip","new_start":9.95327186584473,"new_start_seconds":4.97663593292236,"overlap_mode":"trim","source_track_id":"1007","target_track_id":"1007","time_unit":"beats"}
ZmqGateway: dispatching payload to JUCE message thread.
VitHeadlessService: processing queued command on JUCE message thread: {"clip_id":"1010","cmd":"move_clip","new_start":9.95327186584473,"new_start_seconds":4.97663593292236,"overlap_mode":"trim","source_track_id":"1007","target_track_id":"1007","time_unit":"beats"}
Command received: {"clip_id":"1010","cmd":"move_clip","new_start":9.95327186584473,"new_start_seconds":4.97663593292236,"overlap_mode":"trim","source_track_id":"1007","target_track_id":"1007","time_unit":"beats"}
Command executed: move_clip, result: {
  "status": "ok",
  "message": "Clip moved",
  "clip_id": "1010",
  "source_track_id": "1007",
  "target_track_id": "1007",
  "affected_track_id": "1007",
  "new_start_seconds": 4.976635932922365,
  "overlap_mode": "trim",
  "created_clip_ids": [],
  "removed_clip_ids": [],
  "affected_clip_ids": []
}
VitHeadlessService: command reply (truncated): {
  "status": "ok",
  "message": "Clip moved",
  "clip_id": "1010",
  "source_track_id": "1007",
  "target_track_id": "1007",
  "affected_track_id": "1007",
  "new_start_seconds": 4.976635932922365,
  "overlap_mo
ZmqGateway: received command payload: {"cmd":"get_project_state"}
ZmqGateway: dispatching payload to JUCE message thread.
VitHeadlessService: processing queued command on JUCE message thread: {"cmd":"get_project_state"}
Command received: {"cmd":"get_project_state"}
Command executed: get_project_state, result: {
  "status": "ok",
  "project_path": "",
  "tracks": [
    {
      "track_id": "1002",
      "track_name": "Arranger",
      "track_type": "track",
      "is_audio_track": false,
      "is_audio": false,
      "plugins": [],
      "clips": []
    },
    {
      "track_id": "1003",
      "track_name": "Chord",
      "track_type": "track",
      "is_audio_track": false,
      "is_audio": false,
      "plugins": [],
      "clips": []
    },
    {
      "track_id": "1004",
      "track_name": "Marker",
      "track_type": "track",
      "is_audio_track": false,
      "is_audio": false,
      "plugins": [],
      "clips": []
    },
    {
      "track_id": "1005",
      "track_name": "Tempo",
      "track_type": "track",
      "is_audio_track": false,
      "is_audio": false,
      "plugins": [],
      "clips": []
    },
    {
      "track_id": "1006",
      "track_name": "Master",
      "track_type": "master",
      "is_audio_track": false,
      "is_audio": false,
      "plugins": [],
      "clips": []
    },
    {
      "track_id": "1007",
      "track_name": "Track 1",
      "track_type": "hybrid",
      "is_audio_track": true,
      "is_audio": true,
      "plugins": [
        {
          "id": "1008",
          "item_id": "1008",
          "name": "Volume & Pan Plugin",
          "type": "volume",
          "enabled": true
        },
        {
          "id": "1009",
          "item_id": "1009",
          "name": "Level Meter",
          "type": "level",
          "enabled": true
        }
      ],
      "clips": [
        {
          "id": "1010",
          "name": "New MIDI Clip",
          "clip_type": "midi",
          "start_seconds": 4.976635932922365,
          "end_seconds": 6.976635932922364,
          "length_seconds": 1.999999999999999,
          "offset_in_source_seconds": 0.0
        }
      ],
      "output_to_device_resolved": true,
      "output_device_enabled": true,
      "output_device_id": "out_b7a4b4c1",
      "output_routing_name": "(default audio output)"
    }
  ]
}
VitHeadlessService: command reply (truncated): {
  "status": "ok",
  "project_path": "",
  "tracks": [
    {
      "track_id": "1002",
      "track_name": "Arranger",
      "track_type": "track",
      "is_audio_track": false,
      "is_audio": false,
     
ZmqGateway: received command payload: {"cmd":"list_tracks"}
ZmqGateway: dispatching payload to JUCE message thread.
VitHeadlessService: processing queued command on JUCE message thread: {"cmd":"list_tracks"}
Command received: {"cmd":"list_tracks"}
Command executed: list_tracks, result: {
  "status": "ok",
  "message": "Track list fetched",
  "tracks": [
    {
      "track_id": "1002",
      "name": "Arranger",
      "track_type": "track",
      "is_audio": false,
      "is_audio_track": false,
      "vit_type": "",
      "vit_intent": "",
      "plugin_count": 0,
      "plugins": []
    },
    {
      "track_id": "1003",
      "name": "Chord",
      "track_type": "track",
      "is_audio": false,
      "is_audio_track": false,
      "vit_type": "",
      "vit_intent": "",
      "plugin_count": 0,
      "plugins": []
    },
    {
      "track_id": "1004",
      "name": "Marker",
      "track_type": "track",
      "is_audio": false,
      "is_audio_track": false,
      "vit_type": "",
      "vit_intent": "",
      "plugin_count": 0,
      "plugins": []
    },
    {
      "track_id": "1005",
      "name": "Tempo",
      "track_type": "track",
      "is_audio": false,
      "is_audio_track": false,
      "vit_type": "",
      "vit_intent": "",
      "plugin_count": 0,
      "plugins": []
    },
    {
      "track_id": "1006",
      "name": "Master",
      "track_type": "master",
      "is_audio": false,
      "is_audio_track": false,
      "vit_type": "",
      "vit_intent": "",
      "plugin_count": 0,
      "plugins": []
    },
    {
      "track_id": "1007",
      "name": "Track 1",
      "track_type": "hybrid",
      "is_audio": true,
      "is_audio_track": true,
      "vit_type": "",
      "vit_intent": "",
      "plugin_count": 2,
      "plugins": [
        {
          "name": "Volume & Pan Plugin",
          "type": "volume",
          "enabled": true
        },
        {
          "name": "Level Meter",
          "type": "level",
          "enabled": true
        }
      ]
    }
  ]
}
VitHeadlessService: command reply (truncated): {
  "status": "ok",
  "message": "Track list fetched",
  "tracks": [
    {
      "track_id": "1002",
      "name": "Arranger",
      "track_type": "track",
      "is_audio": false,
      "is_audio_track": false,
ZmqGateway: received command payload: {"clip_id":"1010","cmd":"move_clip","new_start":0.0,"new_start_seconds":0.0,"overlap_mode":"trim","source_track_id":"1007","target_track_id":"1007","time_unit":"beats"}
ZmqGateway: dispatching payload to JUCE message thread.
VitHeadlessService: processing queued command on JUCE message thread: {"clip_id":"1010","cmd":"move_clip","new_start":0.0,"new_start_seconds":0.0,"overlap_mode":"trim","source_track_id":"1007","target_track_id":"1007","time_unit":"beats"}
Command received: {"clip_id":"1010","cmd":"move_clip","new_start":0.0,"new_start_seconds":0.0,"overlap_mode":"trim","source_track_id":"1007","target_track_id":"1007","time_unit":"beats"}
Command executed: move_clip, result: {
  "status": "ok",
  "message": "Clip moved",
  "clip_id": "1010",
  "source_track_id": "1007",
  "target_track_id": "1007",
  "affected_track_id": "1007",
  "new_start_seconds": 0.0,
  "overlap_mode": "trim",
  "created_clip_ids": [],
  "removed_clip_ids": [],
  "affected_clip_ids": []
}
VitHeadlessService: command reply (truncated): {
  "status": "ok",
  "message": "Clip moved",
  "clip_id": "1010",
  "source_track_id": "1007",
  "target_track_id": "1007",
  "affected_track_id": "1007",
  "new_start_seconds": 0.0,
  "overlap_mode": "trim",

ZmqGateway: received command payload: {"cmd":"get_project_state"}
ZmqGateway: dispatching payload to JUCE message thread.
VitHeadlessService: processing queued command on JUCE message thread: {"cmd":"get_project_state"}
Command received: {"cmd":"get_project_state"}
Command executed: get_project_state, result: {
  "status": "ok",
  "project_path": "",
  "tracks": [
    {
      "track_id": "1002",
      "track_name": "Arranger",
      "track_type": "track",
      "is_audio_track": false,
      "is_audio": false,
      "plugins": [],
      "clips": []
    },
    {
      "track_id": "1003",
      "track_name": "Chord",
      "track_type": "track",
      "is_audio_track": false,
      "is_audio": false,
      "plugins": [],
      "clips": []
    },
    {
      "track_id": "1004",
      "track_name": "Marker",
      "track_type": "track",
      "is_audio_track": false,
      "is_audio": false,
      "plugins": [],
      "clips": []
    },
    {
      "track_id": "1005",
      "track_name": "Tempo",
      "track_type": "track",
      "is_audio_track": false,
      "is_audio": false,
      "plugins": [],
      "clips": []
    },
    {
      "track_id": "1006",
      "track_name": "Master",
      "track_type": "master",
      "is_audio_track": false,
      "is_audio": false,
      "plugins": [],
      "clips": []
    },
    {
      "track_id": "1007",
      "track_name": "Track 1",
      "track_type": "hybrid",
      "is_audio_track": true,
      "is_audio": true,
      "plugins": [
        {
          "id": "1008",
          "item_id": "1008",
          "name": "Volume & Pan Plugin",
          "type": "volume",
          "enabled": true
        },
        {
          "id": "1009",
          "item_id": "1009",
          "name": "Level Meter",
          "type": "level",
          "enabled": true
        }
      ],
      "clips": [
        {
          "id": "1010",
          "name": "New MIDI Clip",
          "clip_type": "midi",
          "start_seconds": 0.0,
          "end_seconds": 1.999999999999999,
          "length_seconds": 1.999999999999999,
          "offset_in_source_seconds": 0.0
        }
      ],
      "output_to_device_resolved": true,
      "output_device_enabled": true,
      "output_device_id": "out_b7a4b4c1",
      "output_routing_name": "(default audio output)"
    }
  ]
}
VitHeadlessService: command reply (truncated): {
  "status": "ok",
  "project_path": "",
  "tracks": [
    {
      "track_id": "1002",
      "track_name": "Arranger",
      "track_type": "track",
      "is_audio_track": false,
      "is_audio": false,
     
ZmqGateway: received command payload: {"cmd":"list_tracks"}
ZmqGateway: dispatching payload to JUCE message thread.
VitHeadlessService: processing queued command on JUCE message thread: {"cmd":"list_tracks"}
Command received: {"cmd":"list_tracks"}
Command executed: list_tracks, result: {
  "status": "ok",
  "message": "Track list fetched",
  "tracks": [
    {
      "track_id": "1002",
      "name": "Arranger",
      "track_type": "track",
      "is_audio": false,
      "is_audio_track": false,
      "vit_type": "",
      "vit_intent": "",
      "plugin_count": 0,
      "plugins": []
    },
    {
      "track_id": "1003",
      "name": "Chord",
      "track_type": "track",
      "is_audio": false,
      "is_audio_track": false,
      "vit_type": "",
      "vit_intent": "",
      "plugin_count": 0,
      "plugins": []
    },
    {
      "track_id": "1004",
      "name": "Marker",
      "track_type": "track",
      "is_audio": false,
      "is_audio_track": false,
      "vit_type": "",
      "vit_intent": "",
      "plugin_count": 0,
      "plugins": []
    },
    {
      "track_id": "1005",
      "name": "Tempo",
      "track_type": "track",
      "is_audio": false,
      "is_audio_track": false,
      "vit_type": "",
      "vit_intent": "",
      "plugin_count": 0,
      "plugins": []
    },
    {
      "track_id": "1006",
      "name": "Master",
      "track_type": "master",
      "is_audio": false,
      "is_audio_track": false,
      "vit_type": "",
      "vit_intent": "",
      "plugin_count": 0,
      "plugins": []
    },
    {
      "track_id": "1007",
      "name": "Track 1",
      "track_type": "hybrid",
      "is_audio": true,
      "is_audio_track": true,
      "vit_type": "",
      "vit_intent": "",
      "plugin_count": 2,
      "plugins": [
        {
          "name": "Volume & Pan Plugin",
          "type": "volume",
          "enabled": true
        },
        {
          "name": "Level Meter",
          "type": "level",
          "enabled": true
        }
      ]
    }
  ]
}
VitHeadlessService: command reply (truncated): {
  "status": "ok",
  "message": "Track list fetched",
  "tracks": [
    {
      "track_id": "1002",
      "name": "Arranger",
      "track_type": "track",
      "is_audio": false,
      "is_audio_track": false,
ZmqGateway: received command payload: {"cmd":"get_recent_projects"}
ZmqGateway: dispatching payload to JUCE message thread.
VitHeadlessService: processing queued command on JUCE message thread: {"cmd":"get_recent_projects"}
Command received: {"cmd":"get_recent_projects"}
Command executed: get_recent_projects, result: {
  "status": "ok",
  "recent_projects": [
    "D:\\Godot\\project\\vit-daw-frontend\\4.4.3.vit",
    "D:\\Godot\\project\\vit-daw-frontend\\4.4.2.vit",
    "D:\\Godot\\project\\vit-daw-frontend\\4.4.1.vit",
    "D:\\Godot\\project\\vit-daw-frontend\\4.4.vit",
    "D:\\4.1.tracktionedit"
  ]
}
VitHeadlessService: command reply (truncated): {
  "status": "ok",
  "recent_projects": [
    "D:\\Godot\\project\\vit-daw-frontend\\4.4.3.vit",
    "D:\\Godot\\project\\vit-daw-frontend\\4.4.2.vit",
    "D:\\Godot\\project\\vit-daw-frontend\\4.4.1.vit",
    "D
ZmqGateway: received command payload: {"cmd":"new_project"}
ZmqGateway: dispatching payload to JUCE message thread.
VitHeadlessService: processing queued command on JUCE message thread: {"cmd":"new_project"}
Command received: {"cmd":"new_project"}
VitEngineDevice: audio IO ready for playback graph: "扬声器 (2- USB AUDIO  CODEC)" 48000.00 Hz, block 480 samples
Command executed: new_project, result: {
  "status": "ok",
  "message": "Blank project created"
}
VitHeadlessService: command reply (truncated): {
  "status": "ok",
  "message": "Blank project created"
}
ZmqGateway: received command payload: {"cmd":"ping"}
ZmqGateway: dispatching payload to JUCE message thread.
VitHeadlessService: processing queued command on JUCE message thread: {"cmd":"ping"}
Command received: {"cmd":"ping"}
CommandDispatcher: handled ping command.
Command executed: ping, result: {
  "status": "ok",
  "message": "pong"
}
VitHeadlessService: command reply (truncated): {
  "status": "ok",
  "message": "pong"
}
ZmqGateway: received command payload: {"cmd":"get_project_state"}
ZmqGateway: dispatching payload to JUCE message thread.
VitHeadlessService: processing queued command on JUCE message thread: {"cmd":"get_project_state"}
Command received: {"cmd":"get_project_state"}
Command executed: get_project_state, result: {
  "status": "ok",
  "project_path": "",
  "tracks": [
    {
      "track_id": "1002",
      "track_name": "Arranger",
      "track_type": "track",
      "is_audio_track": false,
      "is_audio": false,
      "plugins": [],
      "clips": []
    },
    {
      "track_id": "1003",
      "track_name": "Chord",
      "track_type": "track",
      "is_audio_track": false,
      "is_audio": false,
      "plugins": [],
      "clips": []
    },
    {
      "track_id": "1004",
      "track_name": "Marker",
      "track_type": "track",
      "is_audio_track": false,
      "is_audio": false,
      "plugins": [],
      "clips": []
    },
    {
      "track_id": "1005",
      "track_name": "Tempo",
      "track_type": "track",
      "is_audio_track": false,
      "is_audio": false,
      "plugins": [],
      "clips": []
    },
    {
      "track_id": "1006",
      "track_name": "Master",
      "track_type": "master",
      "is_audio_track": false,
      "is_audio": false,
      "plugins": [],
      "clips": []
    }
  ]
}
VitHeadlessService: command reply (truncated): {
  "status": "ok",
  "project_path": "",
  "tracks": [
    {
      "track_id": "1002",
      "track_name": "Arranger",
      "track_type": "track",
      "is_audio_track": false,
      "is_audio": false,
     
ZmqGateway: received command payload: {"cmd":"list_tracks"}
ZmqGateway: dispatching payload to JUCE message thread.
VitHeadlessService: processing queued command on JUCE message thread: {"cmd":"list_tracks"}
Command received: {"cmd":"list_tracks"}
Command executed: list_tracks, result: {
  "status": "ok",
  "message": "Track list fetched",
  "tracks": [
    {
      "track_id": "1002",
      "name": "Arranger",
      "track_type": "track",
      "is_audio": false,
      "is_audio_track": false,
      "vit_type": "",
      "vit_intent": "",
      "plugin_count": 0,
      "plugins": []
    },
    {
      "track_id": "1003",
      "name": "Chord",
      "track_type": "track",
      "is_audio": false,
      "is_audio_track": false,
      "vit_type": "",
      "vit_intent": "",
      "plugin_count": 0,
      "plugins": []
    },
    {
      "track_id": "1004",
      "name": "Marker",
      "track_type": "track",
      "is_audio": false,
      "is_audio_track": false,
      "vit_type": "",
      "vit_intent": "",
      "plugin_count": 0,
      "plugins": []
    },
    {
      "track_id": "1005",
      "name": "Tempo",
      "track_type": "track",
      "is_audio": false,
      "is_audio_track": false,
      "vit_type": "",
      "vit_intent": "",
      "plugin_count": 0,
      "plugins": []
    },
    {
      "track_id": "1006",
      "name": "Master",
      "track_type": "master",
      "is_audio": false,
      "is_audio_track": false,
      "vit_type": "",
      "vit_intent": "",
      "plugin_count": 0,
      "plugins": []
    }
  ]
}
VitHeadlessService: command reply (truncated): {
  "status": "ok",
  "message": "Track list fetched",
  "tracks": [
    {
      "track_id": "1002",
      "name": "Arranger",
      "track_type": "track",
      "is_audio": false,
      "is_audio_track": false,
ZmqGateway: received command payload: {"cmd":"list_tracks"}
ZmqGateway: dispatching payload to JUCE message thread.
VitHeadlessService: processing queued command on JUCE message thread: {"cmd":"list_tracks"}
Command received: {"cmd":"list_tracks"}
Command executed: list_tracks, result: {
  "status": "ok",
  "message": "Track list fetched",
  "tracks": [
    {
      "track_id": "1002",
      "name": "Arranger",
      "track_type": "track",
      "is_audio": false,
      "is_audio_track": false,
      "vit_type": "",
      "vit_intent": "",
      "plugin_count": 0,
      "plugins": []
    },
    {
      "track_id": "1003",
      "name": "Chord",
      "track_type": "track",
      "is_audio": false,
      "is_audio_track": false,
      "vit_type": "",
      "vit_intent": "",
      "plugin_count": 0,
      "plugins": []
    },
    {
      "track_id": "1004",
      "name": "Marker",
      "track_type": "track",
      "is_audio": false,
      "is_audio_track": false,
      "vit_type": "",
      "vit_intent": "",
      "plugin_count": 0,
      "plugins": []
    },
    {
      "track_id": "1005",
      "name": "Tempo",
      "track_type": "track",
      "is_audio": false,
      "is_audio_track": false,
      "vit_type": "",
      "vit_intent": "",
      "plugin_count": 0,
      "plugins": []
    },
    {
      "track_id": "1006",
      "name": "Master",
      "track_type": "master",
      "is_audio": false,
      "is_audio_track": false,
      "vit_type": "",
      "vit_intent": "",
      "plugin_count": 0,
      "plugins": []
    }
  ]
}
VitHeadlessService: command reply (truncated): {
  "status": "ok",
  "message": "Track list fetched",
  "tracks": [
    {
      "track_id": "1002",
      "name": "Arranger",
      "track_type": "track",
      "is_audio": false,
      "is_audio_track": false,
